municipio;latitude;longitude;hospital_estadual;hospital_federal;hospital_municipal;hospital_particular;clinica_estadual;clinica_federal;clinica_municipal;clinica_particular;consultorio_total;pronto_atendimento_total;unidade_movel_total;baixissima vulnerabilidade_n_pessoas;muito baixa vulnerabilidade_n_pessoas;baixa vulnerabilidade_n_pessoas;media vulnerabilidade_n_pessoas;alta vulnerabilidade_n_pessoas;muito alta vulnerabilidade_n_pessoas;vigilancia em saude;consultas / atendimentos / acompanhamentos;diagnostico em vigilancia epidemiologica e ambiental;diagnostico em laboratorio clinico;coleta de material;tratamentos clinicos (outras especialidades);diagnostico por ultrasonografia;diagnostico por radiologia;fisioterapia;tratamentos odontologicos;diagnostico por teste rapido;terapias especializadas;diagnostico por tomografia;diagnostico por ressonancia magnetica;pequenas cirurgias e cirurgias de pele, tecido subcutaneo e mucosa;diagnostico por endoscopia;metodos diagnosticos em especialidades;diagnostico por anatomia patologica e citopatologia;bucomaxilofacial;diagnostico por radiologia intervencionista;anestesiologia;hemoterapia;diagnostico e procedimentos especiais em hemoterapia;diagnostico por medicina nuclear in vivo;tratamento em oncologia;tratamento em nefrologia;componente especializado da assitencia farmaceutica;orteses, proteses e materiais especiais nao relacionados ao ato cirurgico;autorizacao / regulacao;acoes coletivas / individuais em saude;acoes relacionadas ao estabelecimento;tratamento de lesoes, envenenamentos e outros, decorrentes de causas externas;cirurgia do aparelho circulatorio;cirurgia do sistema nervoso central e periferico;parto e nascimento;medicamentos de ambito hospitalar e urgencia;cirurgia do aparelho digestivo, orgaos anexos e parede abdominal;cirurgia do sistema osteomuscular;cirurgia obstetrica;cirurgia toracica;cirurgia em oncologia;acoes relacionadas ao atendimento;cirurgia do aparelho geniturinario;cirurgia reparadora;cirurgia das vias aereas superiores, da face, da cabeca e do pescoco;cirurgia de mama;orteses, proteses e materiais especiais relacionados ao ato cirurgico;acompanhamento e intercorrencias no pre e pos-transplante;cirurgia do aparelho da visao;cirurgia de glandulas endocrinas;cirurgia em nefrologia;outras cirurgias;coleta e exames para fins de doacao de orgaos, tecidos e celulas e de transplante;acoes relacionadas a doacao de orgaos e tecidos para transplante;processamento de tecidos para transplante;transplante de orgaos, tecidos e celulas;avaliacao de morte encefalica;populacao;receita_anual;ids;categoria;cluster
ADAMANTINA;-21,682;-51,0737;0;0;0;2;0;0;3;18;131;0;3;99;20816;4015;5683;3181;0;7;23844;75;22707;0;144;506;1854;2349;0;466;22;286;0;164;0;438;0;0;0;8;528;606;0;0;937;0;26;128590;0;0;6;0;0;3;106;41;33;30;4;0;996;4;0;2;0;49;0;0;0;4;0;0;0;0;0;0;35153;268875962.04;0.872;Estruturado;0
ADOLFO;-21,2325;-49,6451;0;0;0;0;0;0;1;0;1;0;0;0;278;0;2010;1909;0;36;8730;0;0;713;0;0;7;321;200;557;2;0;0;2;0;72;0;49;0;0;0;0;0;0;0;0;10;0;3348;0;0;0;0;0;0;0;0;0;0;0;0;0;0;0;0;0;0;0;0;0;0;0;0;0;0;0;3545;44259588.55;0.671;Moderado;0
AGUAI;-22,0572;-46,9735;0;0;1;0;0;0;1;3;47;1;1;0;13200;1669;11783;5356;0;115;25434;0;13372;195;0;502;359;1176;768;1026;0;0;0;249;0;192;0;149;0;0;0;0;0;0;0;0;0;0;9278;0;0;0;0;0;0;0;0;0;0;0;0;0;0;0;0;0;0;0;0;0;0;0;0;0;0;0;36981;163002453.98;0.645;Moderado;0
AGUAS DA PRATA;-21,9319;-46,7176;0;0;0;0;0;0;0;1;1;0;0;0;5756;0;1465;0;0;1129;4131;0;2623;29;0;0;441;0;0;166;0;0;0;0;0;0;0;0;0;0;0;0;0;0;0;0;0;0;1103;0;0;0;0;0;0;0;0;0;0;0;0;0;0;0;0;0;0;0;0;0;0;0;0;0;0;0;8262;49185192.57;0.599;Moderado;0
AGUAS DE LINDOIA;-22,4733;-46,6314;0;0;0;1;0;0;0;7;34;0;0;152;9144;1521;5300;1394;0;0;3388;0;0;0;1;0;983;192;0;0;0;0;0;0;0;151;0;0;0;0;0;0;0;0;0;0;0;0;0;0;0;0;0;1;0;6;4;6;0;0;265;0;0;0;0;7;0;0;0;0;3;0;0;0;0;0;18908;132786516.59;0.431;Em risco;3
AGUAS DE SANTA BARBARA;-22,8812;-49,2421;0;0;0;0;0;0;0;0;5;0;0;0;4207;1450;1139;228;0;0;2718;0;3639;0;0;0;0;0;0;382;0;0;0;0;0;0;0;0;0;0;0;0;0;0;0;0;0;0;0;0;0;0;0;0;0;0;0;0;0;0;0;0;0;0;0;0;0;0;0;0;0;0;0;0;0;0;6142;58294833.6;0.627;Moderado;0
AGUAS DE SAO PEDRO;-22,5977;-47,8734;0;0;0;0;0;0;0;0;2;1;0;0;2185;594;0;0;0;0;3212;0;3390;95;0;31;293;241;94;122;0;0;0;0;0;0;0;13;0;0;0;0;0;0;0;0;0;0;73;0;0;0;0;0;0;0;0;0;0;0;0;0;0;0;0;0;0;0;0;0;0;0;0;0;0;0;3588;44629425.44;0.807;Estruturado;0
AGUDOS;-22,4694;-48,9863;0;0;0;1;0;0;2;2;25;1;1;247;18140;2892;4767;11067;0;193;52595;0;4117;213;16;150;1754;622;722;1802;228;0;0;72;0;325;0;89;0;0;0;0;0;0;0;0;0;0;6220;0;0;2;1;7;0;33;21;15;0;0;0;13;1;1;0;8;0;0;0;0;0;0;0;0;0;0;37582;224804259.92;0.637;Moderado;0
ALAMBARI;-23,5503;-47,898;0;0;0;0;0;0;0;1;2;0;1;0;2421;0;1666;1656;0;466;8142;0;2624;582;0;0;12;214;820;443;0;0;0;3;0;29;0;52;0;0;0;0;0;0;0;0;20;0;3629;0;0;0;0;0;0;0;0;0;0;0;0;0;0;0;0;0;0;0;0;0;0;0;0;0;0;0;6231;41409300.99;0.631;Moderado;0
ALFREDO MARCONDES;-21,9527;-51,414;0;0;0;0;0;0;0;0;2;0;0;0;1148;0;2027;1074;0;81;4770;0;0;189;0;0;0;337;366;134;0;0;0;16;0;23;0;43;0;0;0;0;0;0;0;0;20;0;7600;0;0;0;0;0;0;0;0;0;0;0;0;0;0;0;0;0;0;0;0;0;0;0;0;0;0;0;4201;34058191.48;0.615;Moderado;0
ALTAIR;-20,5242;-49,0571;0;0;0;0;0;0;1;0;1;0;1;530;527;0;1605;642;0;0;4284;0;0;212;0;0;10;583;257;580;0;0;0;0;0;0;0;48;0;0;0;0;0;0;0;0;20;0;314;0;0;0;0;0;0;0;0;0;0;0;0;0;0;0;0;0;0;0;0;0;0;0;0;0;0;0;4211;37448931.16;0.719;Estruturado;0
ALTINOPOLIS;-21,0214;-47,3712;0;0;0;1;0;0;3;6;27;0;1;0;4599;0;8448;3676;0;151;25730;0;9820;905;0;118;852;632;638;1176;0;0;0;52;0;183;0;64;0;0;0;0;0;0;0;0;11;8600;5369;0;13;0;0;0;4;0;0;0;0;0;82;0;0;0;0;0;0;0;0;0;0;0;0;0;0;0;16221;110758436.62;0.751;Estruturado;0
ALTO ALEGRE;-21,5811;-50,168;0;0;1;0;0;0;1;0;2;0;0;0;844;410;1304;1096;0;131;1419;0;3654;0;0;0;1126;282;0;0;0;0;0;0;0;0;0;0;0;0;0;0;0;0;0;0;0;0;297;0;0;0;0;0;0;0;0;0;0;0;0;0;0;0;0;0;0;0;0;0;0;0;0;0;0;0;4078;38234150.79;0.795;Estruturado;0
ALUMINIO;-23,5306;-47,2546;0;0;0;0;0;0;1;6;5;1;0;199;12790;1681;2186;0;0;865;5402;0;6893;0;35;0;684;0;0;280;0;0;0;21;0;84;0;0;0;0;0;0;0;0;0;0;0;0;0;0;0;0;0;0;0;0;0;0;0;0;0;0;0;0;0;0;0;0;0;0;0;0;0;0;0;0;18903;140303772.35;0.546;Em risco;0
ALVARES FLORENCE;-20,3203;-49,9141;0;0;0;0;0;0;1;0;1;0;0;0;1969;0;1627;301;0;51;195;0;0;18;0;0;0;766;0;0;0;0;0;91;0;29;0;0;0;0;0;0;0;0;0;0;0;5090;0;0;0;0;0;0;0;0;0;0;0;0;0;0;0;0;0;0;0;0;0;0;0;0;0;0;0;0;3616;36436673.99;0.516;Em risco;0
ALVARES MACHADO;-22,0764;-51,4722;0;0;0;1;0;0;2;3;5;0;0;870;10397;1248;5435;8989;0;77;8715;0;500;0;1;0;108;1559;648;0;0;0;0;13;0;56;0;110;0;0;0;0;0;0;0;0;16;0;3899;0;0;0;0;0;0;0;0;0;0;0;0;0;0;0;0;0;0;0;0;0;0;0;0;0;0;0;25078;117339917.67;0.346;Crítico;3
ALVARO DE CARVALHO;-22,0841;-49,719;0;0;0;0;0;0;0;0;0;0;0;0;0;0;1704;1307;0;0;1564;0;0;183;0;0;0;345;0;90;0;0;0;0;0;0;0;0;0;0;0;0;0;0;0;0;0;0;0;0;0;0;0;0;0;0;0;0;0;0;0;0;0;0;0;0;0;0;0;0;0;0;0;0;0;0;5320;34876537.62;0.307;Crítico;3
ALVINLANDIA;-22,4435;-49,7623;0;0;0;0;0;0;0;0;0;0;0;0;0;0;2539;228;0;11;923;0;0;78;0;0;0;24;53;22;0;0;0;0;0;17;0;40;0;0;0;0;0;0;0;0;6;0;544;0;0;0;0;0;0;0;0;0;0;0;0;0;0;0;0;0;0;0;0;0;0;0;0;0;0;0;3251;27864581.03;0.351;Crítico;3
AMERICANA;-22,7374;-47,3331;0;0;1;5;0;0;4;46;968;3;1;16824;172302;30053;6753;9557;481;632;75861;0;108651;6701;215;2378;6840;6996;2571;1948;937;414;171;364;319;2892;387;211;0;0;23;42;37;0;953;0;68;0;6144;0;9;0;2;49;29;43;62;80;7;0;2229;45;0;2;2;43;0;0;0;4;11;0;0;0;0;0;244370;1250310717.77;0.734;Estruturado;1
AMERICO BRASILIENSE;-21,7288;-48,1147;2;0;0;0;0;0;2;3;11;1;2;0;7022;2112;14758;8868;0;108;23103;0;3700;4132;0;392;350;316;465;2410;0;0;0;15;0;200;0;103;0;0;0;0;0;0;0;0;25;0;118;0;0;0;0;0;0;0;0;0;0;0;138;0;0;0;0;0;0;0;0;0;0;0;0;0;0;0;41545;170812707.64;0.431;Em risco;3
AMERICO DE CAMPOS;-20,2985;-49,7359;0;0;0;0;0;0;1;1;3;0;0;0;3750;0;623;1495;0;70;238;0;1813;0;0;0;0;28;1;14;0;0;0;0;0;58;0;2;0;0;0;0;0;0;0;0;7;0;0;0;0;0;0;0;0;0;0;0;0;0;0;0;0;0;0;0;0;0;0;0;0;0;0;0;0;0;5993;43060157.29;0.391;Crítico;3
AMPARO;-22,7088;-46,772;0;0;0;3;1;0;6;18;223;2;2;1508;40931;8588;4105;10970;359;8154;19156;0;60972;28;5;100;1076;2718;938;71;158;290;0;84;29;2107;0;4;0;1;0;0;0;0;1399;0;194;0;160;0;4;0;0;7;3;24;28;47;4;0;1098;6;0;1;0;35;0;0;0;0;3;0;0;0;0;0;73145;484412905.75;0.835;Estruturado;0
ANALANDIA;-22,1289;-47,6619;0;0;0;0;0;0;0;0;3;0;0;0;3885;0;236;352;0;20;5224;0;1819;33;0;0;253;75;367;844;0;0;0;10;0;0;0;24;0;0;0;0;0;0;0;0;0;0;282;0;0;0;0;0;0;0;0;0;0;0;0;0;0;0;0;0;0;0;0;0;0;0;0;0;0;0;5115;48193368.16;0.697;Estruturado;0
ANDRADINA;-20,8948;-51,3786;0;0;0;2;1;0;6;11;258;2;22;609;31310;3364;11671;10572;0;223;38821;0;501;1377;56;10;1035;1454;243;2194;0;0;0;64;0;330;0;23;0;0;0;0;0;0;0;0;0;0;3496;0;0;0;0;0;0;0;0;0;0;0;0;0;0;0;0;0;0;0;0;0;0;0;0;0;0;0;57245;282771653.95;0.662;Moderado;0
ANGATUBA;-23,4917;-48,4139;0;0;0;0;0;0;0;0;0;0;0;0;10341;1885;7650;3661;0;46;15198;0;14425;2;0;95;1066;724;0;307;0;0;0;60;35;146;0;0;0;0;0;0;0;0;0;0;0;0;557;0;6;0;0;7;0;8;0;11;0;0;737;5;0;0;0;0;0;0;0;0;0;0;0;0;0;0;25724;142864479.21;0.559;Em risco;0
ANHEMBI;-22,793;-48,1336;0;0;0;0;0;0;0;0;0;0;0;0;709;144;1335;2852;0;18;8472;0;0;435;0;26;3;793;275;750;0;0;0;62;0;63;0;38;0;0;0;0;0;0;0;0;0;0;2542;0;0;0;0;0;0;0;0;0;0;0;0;0;0;0;0;0;0;0;0;0;0;0;0;0;0;0;6911;58027521.76;0.602;Moderado;0
ANHUMAS;-22,2934;-51,3895;0;0;0;0;0;0;0;0;0;0;0;0;1851;0;1465;306;0;254;9;0;1556;0;0;0;0;746;0;0;0;0;0;0;0;0;0;0;0;0;0;0;0;0;0;0;0;4390;43;0;0;0;0;0;0;0;0;0;0;0;0;0;0;0;0;0;0;0;0;0;0;0;0;0;0;0;4172;37103371.19;0.516;Em risco;0
APARECIDA;-22,8495;-45,2325;0;0;0;0;0;0;0;0;0;0;0;0;18165;1005;8566;4222;0;0;17123;0;3621;0;17;10;1474;271;320;0;0;0;0;127;0;265;0;36;0;10;0;0;0;0;0;0;28;0;148;0;0;0;0;0;0;0;0;0;0;0;0;0;0;0;0;0;0;0;0;0;0;0;0;0;0;0;36211;192157021.86;0.37;Crítico;3
APARECIDA D'OESTE;-20,4487;-50,8835;0;0;0;0;0;0;0;0;0;0;0;0;455;0;2572;899;0;33;4355;0;0;169;0;0;23;341;273;212;0;0;0;32;0;35;0;40;0;0;0;0;0;0;0;0;0;3600;4437;0;0;0;0;0;0;0;0;0;0;0;6;0;0;0;0;0;0;0;0;0;0;0;0;0;0;0;4122;38318237.91;0.602;Moderado;0
APIAI;-24,5108;-48,8443;0;0;0;1;0;0;5;0;26;0;1;0;4816;2674;8552;7769;0;42;6228;0;10250;0;30;0;1084;385;257;131;0;0;0;58;0;316;0;31;0;0;0;0;0;0;0;0;0;0;33;0;1;0;1;9;16;7;4;12;0;0;393;3;0;2;0;0;0;0;0;0;0;0;0;0;0;0;24081;125819289.35;0.472;Em risco;3
ARACARIGUAMA;-23,4366;-47,0608;0;0;0;0;0;0;2;2;11;1;2;81;4149;4163;2719;9923;0;68;62464;4;20225;2830;0;74;2788;1158;0;2615;0;0;0;40;0;740;0;0;0;0;0;0;0;0;0;0;0;0;2930;0;0;0;0;0;0;0;0;0;0;0;0;0;0;0;0;0;0;0;0;0;0;0;0;0;0;0;23343;205066287.8;0.674;Moderado;0
ARACATUBA;-21,2076;-50,4401;0;0;0;4;5;0;7;52;497;2;6;14191;102317;29932;17871;34305;0;1258;72440;0;69012;500;55;49;8304;356;3099;1975;0;117;117;209;3;3922;2229;694;0;0;0;0;171;0;0;0;3085;143610;4761;0;0;0;0;0;0;0;0;0;0;0;0;0;0;0;0;0;0;0;0;0;0;0;0;0;0;0;199210;904958913.44;0.662;Moderado;1
ARACOIABA DA SERRA;-23,5029;-47,6166;0;0;0;8;0;0;2;5;9;1;0;2179;18798;3030;6176;1404;0;85;21541;0;14059;0;38;286;995;918;4;723;0;0;0;36;0;65;0;4;0;0;0;0;0;0;0;0;0;0;44;0;0;0;0;0;0;0;0;0;0;0;0;0;0;0;0;0;0;0;0;0;0;0;0;0;0;0;35389;181891652.14;0.617;Moderado;0
ARAMINA;-20,0882;-47,7873;0;0;0;0;0;0;0;0;6;0;0;0;3302;0;1703;0;0;0;0;0;0;0;0;0;0;0;0;0;0;0;0;0;0;0;0;0;0;0;0;0;0;0;0;0;13;0;932;0;0;0;0;0;0;0;0;0;0;0;0;0;0;0;0;0;0;0;0;0;0;0;0;0;0;0;5689;40446647.02;0.331;Crítico;3
ARANDU;-23,1386;-49,0487;0;0;1;0;0;0;0;0;2;0;0;0;700;941;3174;1632;0;35;1434;0;0;114;0;0;0;0;13;84;0;0;0;6;0;0;0;23;0;0;0;0;0;0;0;0;0;0;570;0;0;0;0;0;0;0;0;0;0;0;0;0;0;0;0;0;0;0;0;0;0;0;0;0;0;0;6373;64342929.79;0.392;Crítico;3
ARAPEI;-22,6717;-44,4441;0;0;0;0;0;0;0;0;0;0;0;0;245;0;2005;0;0;6;2991;0;0;68;0;0;0;218;187;98;0;0;0;0;0;48;0;5;0;0;0;0;0;0;0;0;22;24060;11;0;0;0;0;0;0;0;0;0;0;0;0;0;0;0;0;0;0;0;0;0;0;0;0;0;0;0;2452;41153493.43;0.665;Moderado;0
ARARAQUARA;-21,7845;-48,178;0;0;2;7;1;0;12;83;725;4;16;16029;128749;40454;19914;33884;0;2135;144218;0;75566;2115;761;1484;6430;9293;2588;3161;30;400;267;620;264;16121;3384;383;0;1;61;0;137;869;2965;0;604;0;14297;0;14;101;11;50;160;111;103;71;37;63;3225;47;0;19;2;790;0;30;0;0;14;4;6;0;5;4;240542;1347668243.75;0.777;Estruturado;1
ARARAS;-22,3572;-47,3842;0;0;0;4;0;0;3;32;258;1;5;5860;69435;14998;24464;13974;0;404;76183;0;44354;1971;31;600;5442;0;2879;1958;5;703;0;332;80;1367;42;434;0;0;45;35;1;360;1238;0;0;0;18852;0;3;30;4;30;8;95;52;56;20;8;1895;44;1;14;1;221;0;0;0;3;9;0;0;0;0;0;136739;892991479.22;0.702;Estruturado;0
ARCO-IRIS;-21,7728;-50,466;0;0;0;0;0;0;0;0;0;0;0;0;0;0;1426;0;0;6;874;0;0;71;0;0;0;0;0;30;0;0;0;0;0;0;0;0;0;0;0;0;0;0;0;0;0;0;477;0;0;0;0;0;0;0;0;0;0;0;0;0;0;0;0;0;0;0;0;0;0;0;0;0;0;0;1755;27342465.06;0.513;Em risco;0
AREALVA;-22,031;-48,9135;0;0;0;1;0;0;0;1;0;0;1;0;4578;0;1916;1331;0;40;9711;0;40;181;103;352;104;312;340;276;0;0;0;0;0;3150;0;29;0;0;0;0;0;0;0;0;14;0;416;0;0;0;0;0;0;0;0;3;0;0;0;0;0;0;0;0;0;0;0;0;0;0;0;0;0;0;8665;52969754.3;0.632;Moderado;0
AREIAS;-22,5786;-44,6992;0;0;0;0;0;0;0;0;0;0;0;0;389;0;1926;1090;0;24;3642;0;0;1138;0;67;0;148;117;97;0;0;0;36;0;16;0;3;0;0;0;0;0;0;0;0;18;5590;38;0;0;0;0;0;0;0;0;0;0;0;0;0;0;0;0;0;0;0;0;0;0;0;0;0;0;0;3906;48300831.74;0.642;Moderado;0
AREIOPOLIS;-22,6672;-48,6681;0;0;0;0;0;0;1;1;5;0;1;0;2144;0;3805;3791;0;37;3880;0;0;0;0;61;215;0;0;70;0;0;0;2;0;0;0;0;0;0;0;0;0;0;0;0;43;400;208;0;0;0;0;0;0;0;0;0;0;0;0;0;0;0;0;0;0;0;0;0;0;0;0;0;0;0;11186;52486238.59;0.305;Crítico;3
ARIRANHA;-21,1872;-48,7904;0;0;0;0;0;0;1;0;6;1;0;0;3413;0;3863;0;0;24;9454;0;424;0;1;6;263;283;260;446;0;0;0;0;0;113;0;7;0;0;0;0;0;0;0;0;36;0;52;0;0;0;0;0;0;0;0;0;0;0;0;0;0;0;0;0;0;0;0;0;0;0;0;0;0;0;9851;66940281.46;0.648;Moderado;0
ARTUR NOGUEIRA;-22,5727;-47,1727;0;0;1;0;0;0;2;8;62;0;1;1655;21880;3188;7329;16891;0;0;15811;0;10826;1614;0;0;1405;472;783;1201;0;0;0;0;0;270;0;131;0;0;0;0;0;0;0;0;0;0;9299;0;0;0;0;0;0;0;0;0;0;0;0;0;0;0;0;0;0;0;0;0;0;0;0;0;0;0;56247;273728602.6;0.457;Em risco;3
ARUJA;-23,3965;-46,32;0;0;1;0;0;0;3;23;39;3;1;7766;34177;9320;9484;23388;1368;4003;58240;0;38660;54;0;987;4074;5540;97;4757;1;137;0;74;0;1013;613;43;0;0;5;0;0;0;0;0;0;0;7426;0;5;0;0;30;0;0;0;39;0;0;2;4;0;0;0;0;0;0;0;0;0;0;0;0;0;0;92453;528443048.9;0.638;Moderado;0
ASPASIA;-20,16;-50,728;0;0;0;0;0;0;0;0;0;0;0;0;210;0;1562;0;0;22;0;0;0;0;0;0;0;0;0;0;0;0;0;0;0;0;0;0;0;0;0;0;0;0;0;0;0;0;0;0;0;0;0;0;0;0;0;0;0;0;0;0;0;0;0;0;0;0;0;0;0;0;0;0;0;0;1815;24259866.39;0.26;Crítico;3
ASSIS;-22,66;-50,4183;1;0;0;9;1;0;13;27;425;2;2;3879;56870;15013;12201;11174;0;224;54406;0;42965;3623;143;356;4473;269;396;705;0;0;0;144;123;3053;267;34;0;2;3;3;0;0;1578;0;19;0;6953;0;3;37;5;16;17;44;153;32;143;0;828;53;7;5;1;120;0;0;0;0;13;0;0;0;0;0;105768;583846663.32;0.785;Estruturado;0
ATIBAIA;-23,1171;-46,5563;0;0;0;6;1;0;5;62;309;1;4;14891;86409;12458;17459;18511;5278;6716;42028;0;52862;76;8;704;4373;1470;307;541;1;92;0;47;63;782;28;208;0;0;15;0;0;0;0;0;51;103500;404;0;8;0;0;23;0;31;57;21;1;0;528;48;0;0;0;0;0;0;0;0;0;0;0;0;0;0;145378;1020275552.15;0.683;Estruturado;1
AURIFLAMA;-20,6836;-50,5572;0;0;0;1;0;0;1;1;19;0;0;0;4748;393;7053;1362;0;62;22560;0;2914;0;0;207;508;398;487;598;0;0;0;39;0;146;0;51;0;0;0;0;0;0;0;0;0;69530;4281;0;0;0;0;1;0;23;0;6;0;0;137;30;0;0;2;2;0;0;0;0;0;0;0;0;0;0;15316;81465067.88;0.661;Moderado;0
AVAI;-22,1514;-49,3356;0;0;0;0;0;0;0;0;0;0;0;0;530;549;1882;820;0;0;1624;0;0;0;0;0;0;0;0;49;0;0;0;0;0;0;0;0;0;0;0;0;0;0;0;0;0;0;670;0;0;0;0;0;0;0;0;0;0;0;0;0;0;0;0;0;0;0;0;0;0;0;0;0;0;0;5467;45749943.24;0.352;Crítico;3
AVANHANDAVA;-21,4584;-49,9509;0;0;0;0;0;0;1;1;4;0;0;0;2149;401;2711;4471;0;0;5357;0;3;242;0;168;0;340;0;414;0;0;0;18;0;83;0;0;0;0;0;0;0;0;0;0;30;15060;101;0;0;0;0;0;0;0;0;0;0;0;0;0;0;0;0;0;0;0;0;0;0;0;0;0;0;0;14063;71836245.12;0.426;Em risco;3
AVARE;-23,1067;-48,9251;0;0;0;1;1;0;6;9;255;1;2;2971;43781;12207;11828;18847;84;507;34348;0;37344;2608;13;245;3196;3025;64;177;108;186;28;128;0;608;0;4;0;0;21;21;0;54;1693;0;0;0;76;0;13;4;21;45;3;81;184;30;7;2;1723;26;6;1;0;190;0;0;0;3;38;0;0;0;0;0;91792;493529160.09;0.633;Moderado;0
BADY BASSITT;-20,9197;-49,4385;0;0;0;0;0;0;1;2;8;1;0;687;19473;5250;0;1617;0;281;21581;87;15735;0;0;1;608;642;16;560;96;0;0;15;0;221;0;8;0;0;0;0;0;0;0;0;32;0;9170;0;0;0;0;0;0;0;0;0;0;0;0;0;0;0;0;0;0;0;0;0;0;0;0;0;0;0;18013;131320423.74;0.667;Moderado;0
BALBINOS;-21,8963;-49,3619;0;0;0;0;0;0;0;0;0;0;0;0;1188;0;0;170;0;35;0;0;0;0;0;0;0;0;0;0;0;0;0;0;0;0;0;0;0;0;0;0;0;0;0;0;0;0;698;0;0;0;0;0;0;0;0;0;0;0;0;0;0;0;0;0;0;0;0;0;0;0;0;0;0;0;6127;25763162.54;0.233;Crítico;3
BALSAMO;-20,7348;-49,5865;0;0;0;0;0;0;0;0;1;0;0;0;4977;0;4034;506;0;43;917;0;0;0;0;0;0;0;456;0;0;0;0;2;0;0;0;14;0;0;0;0;0;0;0;0;0;0;163;0;0;0;0;0;0;0;0;0;0;0;0;0;0;0;0;0;0;0;0;0;0;0;0;0;0;0;9209;52666268.07;0.227;Crítico;3
BANANAL;-22,6819;-44,3281;0;0;0;0;0;0;2;1;2;0;1;0;5035;0;3598;314;850;30;4634;0;1834;0;0;71;450;388;40;266;0;0;0;110;0;68;0;33;0;0;0;0;0;0;0;0;0;23770;19;0;0;0;0;0;0;0;0;0;0;0;0;0;0;0;0;0;0;0;0;0;0;0;0;0;0;0;11039;60460258.65;0.634;Moderado;0
BARAO DE ANTONINA;-23,6284;-49,5634;0;0;0;0;0;0;0;0;0;0;0;0;0;277;805;2137;0;0;0;0;0;0;0;0;0;0;0;0;0;0;0;0;0;0;0;0;0;0;0;0;0;0;0;0;0;0;0;0;0;0;0;0;0;0;0;0;0;0;0;0;0;0;0;0;0;0;0;0;0;0;0;0;0;0;3525;34552852.07;0.188;Crítico;3
BARBOSA;-21,2657;-49,9518;0;0;0;0;0;0;0;0;0;0;0;0;0;0;1266;4176;0;38;8653;0;0;297;0;0;0;731;177;387;0;0;0;19;0;40;0;26;0;0;0;0;0;0;0;0;0;20080;9109;0;0;0;0;0;0;0;0;0;0;0;0;0;0;0;0;0;0;0;0;0;0;0;0;0;0;0;7532;42129253.6;0.537;Em risco;0
BARIRI;-22,073;-48,7438;0;0;0;1;0;0;3;4;66;0;0;0;16125;2471;7610;5062;0;110;24287;0;8317;208;46;144;1779;1090;1132;2414;1;0;0;6;0;357;0;212;0;0;0;0;0;0;0;0;34;40000;13800;0;8;0;0;1;0;24;3;9;1;0;597;6;0;0;0;0;0;0;0;0;0;0;0;0;0;0;35844;167483775.31;0.69;Estruturado;0
BARRA BONITA;-22,4909;-48,5583;0;0;0;1;0;0;1;6;78;0;0;413;23713;925;7037;1873;0;0;17241;0;1025;112;0;253;946;1279;1353;1152;0;76;37;151;45;583;0;144;0;0;0;0;0;0;0;0;36;0;2562;0;3;0;0;5;19;19;17;15;0;0;428;1;0;0;0;24;0;0;1;0;2;0;0;0;0;0;36125;215774920.36;0.575;Em risco;0
BARRA DO CHAPEU;-24,4722;-49,0238;0;0;0;0;0;0;0;0;0;1;0;0;0;0;1227;3850;0;76;0;0;0;0;0;0;0;136;0;0;0;0;0;0;0;0;0;0;0;0;0;0;0;0;0;0;0;0;0;0;0;0;0;0;0;0;0;0;0;0;0;0;0;0;0;0;0;0;0;0;0;0;0;0;0;0;5794;40993678.54;0.196;Crítico;3
BARRA DO TURVO;-24,759;-48,5013;0;0;0;0;0;0;0;0;0;1;1;0;0;0;2683;2553;0;49;4851;0;2687;381;0;0;344;0;0;330;0;0;0;18;0;49;0;0;0;0;0;0;0;0;0;0;0;0;0;0;0;0;0;0;0;0;0;0;0;0;0;0;0;0;0;0;0;0;0;0;0;0;0;0;0;0;7606;57293332.18;0.565;Em risco;0
BARRETOS;-20,5531;-48,5698;1;0;0;5;2;0;6;34;243;2;5;3877;61406;32172;7104;17362;0;0;109685;2;58404;1051;128;1497;4891;1265;2838;6073;445;765;1;427;42;686;40;704;0;0;1;23;0;0;2238;0;59;0;43705;0;15;48;4;25;48;48;106;55;13;0;1281;27;1;6;0;306;0;0;0;4;15;0;0;0;0;0;123546;1056811696.42;0.8;Estruturado;0
BARRINHA;-21,1864;-48,1636;0;0;0;0;0;0;5;5;21;1;1;0;4034;1104;13519;13123;0;0;10961;0;32;19;0;7;257;506;345;1013;0;0;0;36;0;0;0;98;0;0;0;0;0;0;0;0;0;0;1718;0;0;0;0;0;0;0;0;0;0;0;0;0;0;0;0;0;0;0;0;0;0;0;0;0;0;0;33537;141876465.5;0.31;Crítico;3
BARUERI;-23,5057;-46,879;1;0;2;6;0;0;8;106;520;7;1;53858;113228;72392;26383;41330;8717;952;466404;0;436033;35238;568;29914;25317;4560;8148;17115;922;3455;1147;912;2666;22745;3246;886;0;120;15;251;14;0;2934;0;55;340;24322;0;15;23;28;177;212;304;145;165;43;0;6119;282;7;47;16;117;0;145;10;0;26;0;16;0;0;0;279704;4995284576.35;0.844;Estruturado;2
BASTOS;-21,921;-50,7357;0;0;0;1;0;0;4;8;14;1;0;0;8277;1815;5488;5695;0;97;11514;0;4861;0;0;0;992;1095;624;192;1;0;0;32;0;80;0;149;0;0;0;0;0;0;0;0;21;10650;5615;0;1;0;0;0;0;12;0;0;0;0;105;8;0;0;0;0;0;0;0;0;0;0;0;0;0;0;20952;122271329.14;0.684;Estruturado;0
BATATAIS;-20,8929;-47,5921;0;0;0;1;0;0;4;6;276;2;2;707;36464;1335;11419;7798;0;303;52659;0;42457;1809;47;970;2757;386;490;1836;0;100;0;115;0;2326;0;126;0;0;0;0;0;0;1491;0;0;0;17136;0;11;0;0;4;70;34;47;35;7;0;734;13;2;2;0;70;0;102;0;3;0;0;0;0;0;0;63438;290644356.09;0.807;Estruturado;0
BAURU;-22,3246;-49,0871;7;0;0;7;2;0;13;79;799;5;12;31390;187380;75047;18276;51690;6043;102783;231829;0;178305;2883;15;570;6878;1472;1642;7682;6;19;113;179;0;1411;0;536;0;0;0;0;0;0;0;0;811;20810;26809;1;0;0;0;0;0;0;0;0;0;0;0;0;0;0;0;0;0;0;0;0;0;0;0;0;0;0;381706;1921513738.0;0.729;Estruturado;1
BEBEDOURO;-20,9491;-48,4791;1;0;1;6;0;0;5;60;269;1;1;1727;46410;7851;7668;12188;0;0;27412;0;42714;980;0;181;817;711;0;608;0;0;0;83;19;1156;106;0;0;0;0;0;0;0;0;0;0;0;7885;0;0;1;0;20;4;59;9;56;2;0;338;25;0;0;0;11;0;0;0;0;1;0;0;0;0;0;77612;431640887.55;0.759;Estruturado;0
BENTO DE ABREU;-21,2686;-50,814;0;0;0;0;0;0;0;0;0;0;0;0;702;431;773;500;0;0;0;0;0;0;0;0;0;0;0;0;0;0;0;0;0;0;0;0;0;0;0;0;0;0;0;0;0;0;0;0;0;0;0;0;0;0;0;0;0;0;0;0;0;0;0;0;0;0;0;0;0;0;0;0;0;0;3028;36204909.29;0.266;Crítico;3
BERNARDINO DE CAMPOS;-23,0164;-49,4679;0;0;0;1;0;0;2;1;7;0;1;0;4683;1060;1109;3679;0;30;5636;0;992;0;10;0;622;242;0;2;0;0;0;25;0;127;0;0;0;0;0;0;0;0;0;0;36;0;0;0;0;0;0;0;0;0;0;0;0;0;64;0;0;0;0;0;0;0;0;0;0;0;0;0;0;0;11168;67332336.41;0.478;Em risco;3
BERTIOGA;-23,8486;-46,1396;0;0;1;0;0;0;5;11;33;0;5;466;17707;13588;2925;9748;15994;149;93979;3;45086;3368;11;1527;3616;1590;1442;3484;84;74;26;419;18;1206;224;288;0;0;0;0;0;0;0;0;0;0;31120;0;3;0;0;38;0;8;22;36;0;0;319;19;0;0;1;0;0;19;0;0;0;0;0;0;0;0;66154;898939140.12;0.726;Estruturado;0
BILAC;-21,404;-50,4746;0;0;0;1;0;0;0;0;6;0;0;0;3729;785;1024;1696;0;0;9342;0;351;47;0;0;206;160;560;322;0;0;0;1;0;22;0;42;0;0;0;0;0;0;0;0;18;32750;4620;0;0;0;0;0;0;0;0;0;0;0;0;0;0;0;0;0;0;0;0;0;0;0;0;0;0;0;8197;57049211.67;0.665;Moderado;0
BIRIGUI;-21,291;-50,3432;0;0;0;2;1;0;6;35;226;1;0;4431;57115;12557;27889;16271;0;136;106402;0;25228;681;67;1135;4578;805;2023;8631;419;988;54;522;104;1553;20;391;0;0;0;0;0;0;0;0;85;0;27103;0;13;0;0;30;4;28;79;27;6;0;1436;21;0;3;0;72;0;0;0;0;13;0;0;0;0;0;126094;595359314.4;0.697;Estruturado;0
BIRITIBA MIRIM;-23,5698;-46,0407;0;0;0;0;0;0;0;0;0;0;0;0;7209;678;13036;5261;2176;0;0;0;0;0;0;0;0;0;0;0;0;0;0;0;0;0;0;0;0;0;0;0;0;0;0;0;0;0;0;0;0;0;0;0;0;0;0;0;0;0;0;0;0;0;0;0;0;0;0;0;0;0;0;0;0;0;33265;151853748.8;0.128;Crítico;3
BOA ESPERANCA DO SUL;-21,9918;-48,3906;0;0;0;1;0;0;1;0;7;0;1;0;2517;657;4766;4901;0;0;4041;0;138;0;0;0;0;0;0;200;0;0;0;12;0;90;0;0;0;0;0;0;0;0;0;0;0;0;0;0;0;0;0;0;0;0;0;0;0;0;24;0;0;0;0;0;0;0;0;0;0;0;0;0;0;0;15111;93554127.29;0.307;Crítico;3
BOCAINA;-22,1365;-48,523;0;0;0;1;0;0;1;2;15;0;0;0;3537;1303;4024;2041;0;0;9167;0;0;374;0;63;153;333;483;95;0;0;0;52;0;50;0;35;0;0;0;0;0;0;0;0;0;28870;5260;0;0;0;0;0;0;0;0;0;0;0;31;0;0;0;0;0;0;0;0;0;0;0;0;0;0;0;12571;71591081.16;0.681;Estruturado;0
BOFETE;-23,1055;-48,2582;0;0;0;0;0;0;0;1;2;1;1;0;2323;322;3576;3824;0;21;6218;0;0;29;120;350;0;0;0;176;0;0;0;156;0;88;0;0;0;0;0;0;0;0;0;0;0;0;28;0;0;0;0;0;0;0;0;0;0;0;0;0;0;0;0;0;0;0;0;0;0;0;0;0;0;0;12107;71544204.06;0.377;Crítico;3
BOITUVA;-23,2855;-47,6786;0;0;0;1;0;0;2;19;92;1;2;4031;28498;9385;6421;11778;0;289;58022;0;23268;998;0;882;1497;3163;458;2354;0;220;36;146;59;645;0;85;0;0;0;0;0;0;0;0;141;25000;2935;0;4;2;0;23;21;15;0;28;1;0;382;18;0;0;0;2;0;0;0;0;0;0;0;0;0;0;63310;370077019.38;0.708;Estruturado;0
BOM JESUS DOS PERDOES;-23,1356;-46,4675;0;0;0;0;0;0;0;1;12;0;1;162;7674;2982;3212;7073;0;0;13686;0;2500;316;0;1;1157;899;0;231;0;0;0;9;0;131;0;0;0;0;0;0;0;0;0;0;0;0;0;0;0;0;0;0;0;0;0;0;0;0;33;0;0;0;0;0;0;0;0;0;0;0;0;0;0;0;26506;152759369.65;0.419;Em risco;3
BOM SUCESSO DE ITARARE;-24,3155;-49,1451;0;0;0;0;0;0;0;0;0;0;1;0;0;319;1217;1989;0;20;154;0;0;0;0;0;0;0;0;0;0;0;0;0;0;0;0;0;0;0;0;0;0;0;0;0;16;0;27;0;0;0;0;0;0;0;0;0;0;0;0;0;0;0;0;0;0;0;0;0;0;0;0;0;0;0;4013;30698098.66;0.209;Crítico;3
BORA;-22,2696;-50,5409;0;0;0;0;0;0;0;0;0;0;0;0;0;0;442;296;0;0;0;0;0;0;0;0;0;0;0;0;0;0;0;0;0;0;0;0;0;0;0;0;0;0;0;0;0;0;0;0;0;0;0;0;0;0;0;0;0;0;0;0;0;0;0;0;0;0;0;0;0;0;0;0;0;0;839;22960849.95;0.244;Crítico;3
BORACEIA;-22,1926;-48,7808;0;0;0;0;0;0;0;0;1;1;0;0;1319;625;1940;790;0;9;5529;0;0;145;0;0;1;119;169;141;0;0;0;0;0;0;0;21;0;0;0;0;0;0;0;0;4;10000;2236;0;0;0;0;0;0;0;0;0;0;0;0;0;0;0;0;0;0;0;0;0;0;0;0;0;0;0;4913;41026111.62;0.668;Moderado;0
BORBOREMA;-21,6214;-49,0741;0;0;0;1;0;0;1;7;18;1;0;411;5917;862;4356;2324;0;168;10587;0;2574;22;0;239;487;1055;47;355;0;0;0;39;0;104;0;20;0;0;0;0;0;0;0;0;23;0;837;0;1;0;0;0;3;7;0;10;0;0;132;1;0;0;0;2;0;0;0;0;0;0;0;0;0;0;16278;90664851.58;0.623;Moderado;0
BOREBI;-22,5728;-48,9707;0;0;0;0;0;0;1;0;0;0;0;0;1541;0;510;512;0;0;1893;0;0;108;0;0;9;236;456;84;1;0;0;0;0;11;0;34;0;0;0;0;0;0;0;0;8;840;746;0;0;0;0;0;0;0;0;0;0;0;0;0;0;0;0;0;0;0;0;0;0;0;0;0;0;0;2713;40460809.85;0.761;Estruturado;0
BOTUCATU;-22,8837;-48,4437;1;0;1;3;4;0;3;34;717;0;3;4493;70545;35308;10893;21560;543;249;69447;0;54;9656;151;336;1037;2373;5002;8186;506;0;0;89;107;1271;0;646;0;0;0;0;0;0;0;0;2;0;43065;0;0;0;0;0;0;0;0;0;0;0;0;0;0;0;0;0;0;0;0;0;0;0;0;0;0;0;149718;724770160.1;0.696;Estruturado;0
BRAGANCA PAULISTA;-22,9527;-46,5419;0;0;0;7;0;0;7;94;349;3;7;10844;81470;41425;13321;26675;212;456;112036;0;87524;2734;334;2407;6927;419;843;6163;14;804;0;445;372;2165;0;298;0;3;0;0;0;0;0;0;0;0;242;0;9;11;0;26;24;61;73;63;10;0;1083;44;0;1;0;137;0;98;0;0;5;0;0;0;0;0;172346;891398394.3;0.755;Estruturado;1
BRAUNA;-21,499;-50,3175;0;0;0;0;0;0;0;0;0;0;0;0;869;0;1901;2429;0;14;5389;0;0;151;0;0;0;0;535;182;0;0;0;1;0;0;0;65;0;0;0;0;0;0;0;0;0;0;2573;0;0;0;0;0;0;0;0;0;0;0;0;0;0;0;0;0;0;0;0;0;0;0;0;0;0;0;5795;38226530.43;0.557;Em risco;0
BREJO ALEGRE;-21,1651;-50,1861;0;0;0;0;0;0;0;0;0;0;0;0;908;0;1622;0;0;0;3453;0;0;89;0;0;2;396;156;165;1;0;0;1;0;0;0;17;0;0;0;0;0;0;0;0;0;0;389;0;0;0;0;0;0;0;0;0;0;0;0;0;0;0;0;0;0;0;0;0;0;0;0;0;0;0;2911;32386700.66;0.658;Moderado;0
BRODOWSKI;-20,9845;-47,6572;0;0;0;0;0;0;3;2;39;1;1;0;13656;2979;2257;6265;0;0;30547;0;12658;1085;0;0;430;699;541;1056;1;0;0;9;0;83;0;100;0;0;0;0;0;0;0;0;0;0;16448;0;0;0;0;0;0;0;0;0;0;0;0;0;0;0;0;0;0;0;0;0;0;0;0;0;0;0;25605;155532101.21;0.709;Estruturado;0
BROTAS;-22,2795;-48,1251;0;0;0;1;0;0;0;1;65;0;0;0;12658;4210;2187;4129;0;153;17806;0;1438;687;12;0;636;129;641;1882;0;0;0;45;0;384;0;76;0;0;0;0;0;0;0;0;0;0;2375;0;1;0;0;4;0;0;13;7;0;0;301;0;1;0;0;7;0;0;0;0;0;0;0;0;0;0;24862;170597226.57;0.682;Estruturado;0
BURI;-23,7977;-48,5958;0;0;0;0;0;0;2;1;2;1;0;355;2117;2063;2640;12703;0;9;7891;0;6530;155;0;0;563;523;0;336;0;0;0;113;0;95;0;0;0;0;0;0;0;0;0;0;0;23340;1281;0;0;0;0;0;0;0;0;0;0;0;0;0;0;0;0;0;0;0;0;0;0;0;0;0;0;0;20050;133849464.61;0.517;Em risco;0
BURITAMA;-21,0661;-50,1475;0;0;0;1;0;0;3;4;19;0;0;0;7565;554;5748;3101;0;960;23316;0;3886;221;2365;286;581;544;485;794;52;0;0;4;0;519;0;99;0;0;0;0;0;0;0;0;14;55970;9032;0;1;0;0;6;0;0;0;4;0;0;139;0;0;0;0;0;0;0;0;0;0;0;0;0;0;0;17414;122228053.37;0.719;Estruturado;0
BURITIZAL;-20,1911;-47,7096;0;0;0;0;0;0;0;0;4;0;0;0;2993;0;686;585;0;11;4684;0;0;73;0;0;4;269;210;150;0;0;0;0;0;4;0;12;0;0;0;0;0;0;0;0;15;0;45;0;0;0;0;0;0;0;0;0;0;0;0;0;0;0;0;0;0;0;0;0;0;0;0;0;0;0;4547;48343345.7;0.68;Moderado;0
CABRALIA PAULISTA;-22,4576;-49,3393;0;0;0;0;0;0;1;0;0;0;0;0;1382;0;1189;1687;0;13;8896;0;0;251;0;0;0;208;446;597;0;0;0;0;0;0;0;89;0;0;0;0;0;0;0;0;0;0;4363;0;0;0;0;0;0;0;0;0;0;0;0;0;0;0;0;0;0;0;0;0;0;0;0;0;0;0;4222;37512066.92;0.645;Moderado;0
CABREUVA;-23,3053;-47,1362;0;0;0;2;0;0;5;10;8;1;0;392;14130;12979;4902;13075;950;38;61620;0;26929;1846;333;595;3059;621;1256;3106;80;0;0;144;0;602;0;187;0;0;0;0;0;0;0;0;0;0;5658;0;0;0;0;0;0;0;0;0;0;0;0;0;0;0;0;0;0;0;0;0;0;0;0;0;0;0;51130;396769332.71;0.662;Moderado;0
CACAPAVA;-23,0992;-45,7076;0;0;0;4;0;0;5;20;287;1;3;3233;55843;8723;13767;12905;343;228;32462;47;62310;41;19;565;3124;591;2558;985;2;109;7;2458;34;810;612;284;0;0;14;22;0;0;0;0;0;25380;16283;0;5;4;2;10;0;34;20;12;56;0;1152;18;0;0;0;36;0;0;0;4;4;0;0;0;0;0;95752;429975172.63;0.763;Estruturado;0
CACHOEIRA PAULISTA;-22,6665;-45,0154;0;0;0;1;0;0;3;10;40;0;0;1447;16054;2775;8297;2471;0;0;12471;0;11475;0;0;0;1126;583;480;510;0;0;0;13;0;297;0;45;0;0;3;0;0;0;0;0;0;0;73;0;0;0;0;0;0;0;0;0;0;0;23;0;0;0;0;0;0;0;0;0;0;0;0;0;0;0;33827;128673823.13;0.509;Em risco;0
CACONDE;-21,528;-46,6437;0;0;0;1;0;0;2;5;23;0;0;0;7841;223;6138;2430;0;99;8037;1;4482;188;7;133;30;467;644;651;0;0;0;24;0;45;0;122;0;0;0;0;0;0;0;0;42;3710;3692;0;0;0;0;0;0;0;0;0;0;0;0;0;0;0;0;0;0;0;0;0;0;0;0;0;0;0;19031;88990955.81;0.585;Em risco;0
CAFELANDIA;-21,8031;-49,6092;0;0;0;1;0;0;0;3;30;0;0;533;7413;614;4698;2822;0;0;19902;0;956;613;520;10;392;330;300;439;0;0;0;31;0;811;0;78;0;0;0;0;0;0;0;0;0;0;9275;0;1;0;0;0;0;0;1;6;0;0;112;0;0;0;0;0;0;0;0;0;0;0;0;0;0;0;17917;107562396.02;0.701;Estruturado;0
CAIABU;-22,0127;-51,2394;0;0;0;0;0;0;1;0;0;0;0;0;664;0;2564;291;0;4;0;0;0;0;0;0;0;408;0;0;0;0;0;0;0;0;0;0;0;0;0;0;0;0;0;0;25;0;0;0;0;0;0;0;0;0;0;0;0;0;0;0;0;0;0;0;0;0;0;0;0;0;0;0;0;0;4195;36114581.67;0.287;Crítico;3
CAIEIRAS;-23,3607;-46,7397;1;0;0;2;0;0;4;27;42;2;0;3827;52632;21514;1979;7675;6832;493;76374;0;56764;1048;34;641;950;1216;0;3310;0;0;0;29;0;799;0;0;0;0;0;0;0;0;0;0;0;0;0;0;1;0;0;0;0;0;0;0;0;0;0;0;0;0;0;0;0;0;0;0;0;0;0;0;0;0;104044;503213777.57;0.631;Moderado;0
CAIUA;-21,8322;-51,9969;0;0;0;0;0;0;0;0;0;0;0;0;493;0;3106;708;0;8;3490;0;0;509;0;0;1;162;96;301;0;0;0;6;0;0;0;31;0;0;0;0;0;0;0;0;0;0;2729;0;0;0;0;0;0;0;0;0;0;0;0;0;0;0;0;0;0;0;0;0;0;0;0;0;0;0;6017;50933695.65;0.576;Em risco;0
CAJAMAR;-23,355;-46,8781;0;0;1;1;0;0;2;26;61;1;0;1944;28920;23650;5475;20748;10708;202;80385;0;57498;0;0;2307;5167;5756;0;1575;0;219;0;58;234;4216;2;0;0;0;0;0;0;0;0;0;0;0;5707;0;3;0;0;24;0;0;0;33;0;0;0;46;0;0;0;0;0;0;0;0;0;0;0;0;0;0;79034;1037751955.71;0.731;Estruturado;0
CAJATI;-24,7324;-48,1223;0;0;0;0;0;0;3;6;14;1;1;0;4876;1076;8496;13840;0;402;21228;0;6909;652;0;341;740;922;110;2115;0;0;0;47;0;179;0;0;0;0;0;0;0;0;0;0;20;0;446;0;0;0;0;0;0;0;0;0;0;0;0;0;0;0;0;0;0;0;0;0;0;0;0;0;0;0;28441;186687754.53;0.554;Em risco;0
CAJOBI;-20,8773;-48,8063;0;0;0;1;0;0;0;1;2;0;1;0;5088;138;2872;843;0;0;3971;0;0;259;0;0;294;350;0;170;0;0;0;32;0;84;0;0;0;0;0;0;0;0;0;0;0;0;0;0;0;0;0;0;0;2;0;2;0;0;28;2;0;1;0;0;0;0;0;0;0;0;0;0;0;0;10649;59080134.8;0.377;Crítico;3
CAJURU;-21,2749;-47,303;0;0;0;1;0;0;4;12;47;1;3;0;11390;400;6589;5070;0;0;11519;8;10675;11;38;135;831;324;893;562;0;41;0;299;25;808;0;40;0;0;0;0;0;0;0;0;24;0;300;0;11;0;2;2;0;12;8;22;0;0;611;15;0;0;0;4;0;0;0;0;2;0;0;0;0;0;26613;118783518.18;0.644;Moderado;0
CAMPINA DO MONTE ALEGRE;-23,5895;-48,4758;0;0;0;0;0;0;0;0;0;0;0;0;1606;866;1200;2023;0;17;2533;0;0;0;0;0;49;112;0;0;0;0;0;0;0;90;0;0;0;0;0;0;0;0;0;0;0;0;0;0;0;0;0;0;0;0;0;0;0;0;0;0;0;0;0;0;0;0;0;0;0;0;0;0;0;0;6088;39264947.0;0.301;Crítico;3
CAMPINAS;-22,9053;-47,0659;1;0;2;34;1;0;22;331;2447;5;21;164725;527920;148728;66893;81633;139454;839;321999;110;611016;17096;727;10640;31727;4178;601;13947;351;3636;860;1990;1179;27498;2123;195;8;53;111;0;369;2141;3377;0;565;0;757;0;48;184;54;232;766;439;432;356;110;103;16623;355;25;130;34;1568;0;75;3;25;77;0;0;0;1;0;1223237;8143599534.7;0.618;Moderado;2
CAMPO LIMPO PAULISTA;-23,2078;-46,7889;0;0;1;0;0;0;4;16;16;0;0;955;37150;8741;6635;18946;2983;97;86063;819;31827;20493;183;464;3382;4810;21;2151;0;464;0;841;61;705;6;141;0;109;0;0;0;0;2237;0;0;0;2289;0;34;22;0;30;70;2;0;54;16;0;896;3;0;0;0;1;0;0;0;2;0;0;0;0;0;0;86407;355791075.03;0.575;Em risco;0
CAMPOS DO JORDAO;-22,7296;-45,5833;0;0;1;1;0;0;3;8;57;0;4;140;18710;5540;5633;4934;9061;164;35326;0;17363;1695;58;360;1811;251;1118;2478;0;0;0;15;0;315;0;115;0;0;0;0;0;0;0;0;0;0;5389;0;6;0;0;13;0;8;0;38;0;0;426;14;0;0;0;0;0;0;0;0;0;0;0;0;0;0;52713;333121885.67;0.655;Moderado;0
CAMPOS NOVOS PAULISTA;-22,602;-49,9987;0;0;0;0;0;0;1;0;0;0;0;0;1682;0;1092;2090;0;3;9700;0;0;349;0;0;0;407;220;445;0;0;0;1;0;0;0;25;0;0;0;0;0;0;0;0;42;10390;2923;0;0;0;0;0;0;0;0;0;0;0;0;0;0;0;0;0;0;0;0;0;0;0;0;0;0;0;5028;45418109.52;0.643;Moderado;0
CANANEIA;-25,0144;-47,9341;0;0;0;0;0;0;0;1;4;0;0;0;4153;1403;3464;2246;0;0;5125;0;0;76;0;0;514;190;0;165;0;0;0;1;0;83;0;0;0;0;0;0;0;0;0;0;0;0;0;0;0;0;0;0;0;0;0;0;0;0;0;0;0;0;0;0;0;0;0;0;0;0;0;0;0;0;12542;96109218.42;0.375;Crítico;3
CANAS;-22,7003;-45,0521;0;0;0;0;0;0;0;0;0;0;0;0;1298;267;1015;2125;0;0;288;0;0;0;0;0;0;2;70;0;0;0;0;0;0;0;0;46;0;0;0;0;0;0;0;0;0;0;36;0;0;0;0;0;0;0;0;0;0;0;0;0;0;0;0;0;0;0;0;0;0;0;0;0;0;0;5268;36612147.6;0.196;Crítico;3
CANDIDO MOTA;-22,7471;-50,3873;0;0;0;1;0;0;2;4;57;0;0;0;16340;349;7936;4391;0;142;23003;0;19533;0;41;120;926;2456;0;777;11;0;0;105;95;1049;9;0;0;0;0;0;0;0;0;0;62;0;4370;0;6;3;0;4;0;43;11;11;0;0;396;77;0;2;1;7;0;0;0;0;4;0;0;0;0;0;31410;200088163.74;0.723;Estruturado;0
CANDIDO RODRIGUES;-21,3275;-48,6327;0;0;0;0;0;0;0;0;0;0;0;0;1441;0;1435;0;0;4;120;0;0;0;0;27;0;0;55;0;0;0;0;0;0;0;0;0;0;0;0;0;0;0;0;0;0;0;0;0;0;0;0;0;0;0;0;0;0;0;0;0;0;0;0;0;0;0;0;0;0;0;0;0;0;0;2805;33885142.01;0.287;Crítico;3
CANITAR;-23,004;-49,7839;0;0;0;0;0;0;0;0;0;0;0;0;0;772;2970;2328;0;76;147;0;559;0;0;0;8;310;63;0;0;0;0;0;0;0;0;8;0;0;0;0;0;0;0;0;1;0;81;0;0;0;0;0;0;0;0;0;0;0;0;0;0;0;0;0;0;0;0;0;0;0;0;0;0;0;5365;37553465.39;0.195;Crítico;3
CAPAO BONITO;-24,0113;-48,3482;0;0;0;1;0;0;6;6;27;0;1;0;13888;2086;14003;15880;0;0;18144;0;18001;97;19;223;1886;602;367;443;68;0;0;115;33;594;0;147;0;0;0;0;0;0;0;0;0;0;7100;0;3;0;0;21;4;8;2;27;1;0;654;20;0;0;0;0;0;0;0;0;0;0;0;0;0;0;47098;237788073.91;0.502;Em risco;0
CAPELA DO ALTO;-23,4685;-47,7388;0;0;0;0;0;0;2;2;5;1;0;0;4220;2584;4958;8709;0;43;19508;0;0;1449;0;0;1184;165;241;585;0;0;0;11;0;68;0;42;0;0;0;0;0;0;0;0;4;0;198;0;0;0;0;0;0;0;0;0;0;0;0;0;0;0;0;0;0;0;0;0;0;0;0;0;0;0;21257;110803622.29;0.492;Em risco;3
CAPIVARI;-22,9951;-47,5071;0;0;0;2;0;0;3;11;96;1;0;164;21992;14611;4841;7187;756;229;29688;0;19235;1825;34;390;1127;717;2142;1423;0;130;0;59;48;853;49;361;0;0;11;0;0;0;0;0;53;0;7391;0;6;2;0;18;7;14;16;30;26;0;554;16;3;1;1;18;0;0;0;3;3;0;0;0;0;0;56973;350874073.27;0.68;Moderado;0
CARAGUATATUBA;-23,6125;-45,4125;2;0;0;4;0;0;9;48;122;3;7;3097;59191;15331;11756;37165;5201;667;93479;44;131218;501;235;3222;8580;3341;883;5513;204;1344;209;2374;1;7730;947;151;0;41;130;224;0;0;2817;0;137;0;7786;69;22;12;1;45;51;49;59;104;9;0;1450;53;2;2;4;78;0;8;0;0;17;0;0;0;0;0;125194;1273022737.0;0.756;Estruturado;1
CARAPICUIBA;-23,5235;-46,8407;1;0;0;1;1;0;4;33;73;2;9;8107;168368;63807;30826;54262;59707;535;99327;0;66;3401;0;0;13900;0;710;4662;0;0;0;176;0;696;0;381;0;0;0;0;0;0;0;0;0;0;7361;0;7;0;0;0;0;0;0;0;0;0;174;0;0;0;0;0;0;0;0;0;0;0;0;0;0;0;405375;933328581.05;0.24;Crítico;1
CARDOSO;-20,08;-49,9183;0;0;0;1;0;0;0;0;10;0;1;0;3437;664;5315;1841;0;15;0;0;71;0;0;0;0;0;0;0;0;0;0;0;0;0;0;0;0;0;0;0;0;0;0;0;0;0;0;0;0;0;0;0;0;0;0;0;0;0;0;0;0;0;0;0;0;0;0;0;0;0;0;0;0;0;12371;84399653.32;0.256;Crítico;3
CASA BRANCA;-21,7708;-47,0852;1;0;0;1;2;0;1;7;63;1;0;0;13860;3653;4625;3947;0;96;11211;0;9097;37;82;0;1254;257;16;272;0;0;0;68;0;265;7;0;0;0;0;0;0;0;0;0;16;0;20;0;1;0;0;0;0;21;18;0;0;0;69;9;0;0;0;4;0;16;0;0;0;0;0;0;0;0;30655;174654224.69;0.592;Moderado;0
CASSIA DOS COQUEIROS;-21,2801;-47,1643;0;0;0;0;0;0;1;0;0;0;0;0;714;0;1790;284;0;0;37;0;0;0;0;0;0;0;0;0;0;0;0;0;0;0;0;0;0;0;0;0;0;0;0;0;0;0;0;0;0;0;0;0;0;0;0;0;0;0;0;0;0;0;0;0;0;0;0;0;0;0;0;0;0;0;2488;31262251.57;0.327;Crítico;3
CASTILHO;-20,8689;-51,4884;0;0;0;1;0;0;0;4;21;0;0;0;7019;1111;6670;4825;0;17;24544;0;1558;780;11;0;436;867;308;1119;0;0;0;50;0;82;0;186;0;0;0;0;0;0;0;0;0;0;6719;0;0;0;0;0;0;0;0;0;0;0;125;0;0;0;0;0;0;0;0;0;0;0;0;0;0;0;21521;170771715.22;0.684;Estruturado;0
CATANDUVA;-21,1314;-48,977;0;0;0;12;1;0;6;265;289;1;4;3699;71141;10641;14643;14237;0;887;96231;0;4794;5817;706;1;1813;1604;5511;5657;1;0;0;123;0;2009;0;439;0;0;0;0;0;0;0;0;260;79350;20381;0;0;0;0;0;0;0;0;0;0;0;0;0;0;0;0;0;0;0;0;0;0;0;0;0;0;0;123114;736040803.25;0.843;Estruturado;0
CATIGUA;-21,0519;-49,0616;0;0;0;0;0;0;1;0;7;0;1;0;3282;743;920;1881;0;18;30;0;0;0;0;0;0;684;0;0;0;0;0;0;0;0;0;0;0;0;0;0;0;0;0;0;0;0;0;0;0;0;0;0;0;0;0;0;0;0;0;0;0;0;0;0;0;0;0;0;0;0;0;0;0;0;7905;39502050.36;0.27;Crítico;3
CEDRAL;-20,9009;-49,2664;0;0;0;0;0;0;1;3;7;0;1;0;7777;2662;502;1303;0;56;10538;0;3189;587;0;0;338;461;0;185;0;0;0;0;0;0;0;0;0;0;0;0;0;0;0;0;0;0;480;0;0;0;0;0;0;0;0;0;0;0;0;0;0;0;0;0;0;0;0;0;0;0;0;0;0;0;9452;75149599.16;0.718;Estruturado;0
CERQUEIRA CESAR;-23,038;-49,1655;0;0;0;1;0;0;0;2;16;0;1;0;8406;1071;2887;7555;0;30;532;0;0;0;0;0;0;0;17;244;0;0;0;0;0;0;0;2;0;0;0;0;0;0;0;0;0;0;9;0;7;0;0;4;0;4;0;11;0;0;233;2;0;0;1;0;0;0;0;0;0;0;0;0;0;0;20391;128994944.43;0.249;Crítico;3
CERQUILHO;-23,1665;-47,7459;0;0;0;1;0;0;5;17;114;0;0;224;29597;6052;3915;4508;0;410;53402;0;19839;1163;50;146;1916;650;1326;1489;0;0;0;80;0;382;0;84;0;0;6;0;0;0;0;0;35;200;3680;0;0;0;0;0;4;0;0;0;0;0;126;0;0;0;0;0;0;0;0;0;0;0;0;0;0;0;50631;279996153.11;0.771;Estruturado;0
CESARIO LANGE;-23,226;-47,9545;0;0;0;1;0;0;3;1;9;0;0;0;7779;261;2544;6767;0;110;6098;0;3513;0;6;379;775;0;0;0;0;8;24;16;71;63;0;0;0;0;0;0;0;0;0;0;0;0;0;0;1;0;0;0;0;5;0;0;0;0;84;0;0;0;0;0;0;0;0;0;0;0;0;0;0;0;18595;103030496.67;0.404;Em risco;3
CHARQUEADA;-22,5096;-47,7755;0;0;0;2;0;0;1;3;8;0;0;0;8909;1381;1507;3073;0;0;15853;20;135;346;0;0;295;847;433;529;0;0;0;70;0;78;0;54;0;0;0;0;0;0;0;0;0;11660;5508;0;0;0;0;0;0;0;0;0;0;0;17;0;0;0;0;0;0;0;0;0;0;0;0;0;0;0;17539;94926581.4;0.652;Moderado;0
CLEMENTINA;-21,5604;-50,4525;0;0;0;1;0;0;0;0;5;0;0;0;788;0;1078;4851;0;141;0;0;0;0;0;0;0;0;0;0;0;0;0;0;0;0;0;0;0;0;0;0;0;0;0;0;0;0;1672;0;0;0;0;0;0;0;0;0;0;0;0;0;0;0;0;0;0;0;0;0;0;0;0;0;0;0;8894;42965744.86;0.233;Crítico;3
COLINA;-20,7114;-48,5387;0;0;0;1;0;0;1;1;34;1;1;0;11732;0;4070;2642;0;104;15381;0;10904;161;10;335;987;0;464;385;0;0;0;18;0;282;0;102;0;0;0;0;0;0;0;0;0;0;4745;0;1;0;0;3;0;6;7;8;0;0;316;3;0;0;0;2;0;0;0;0;1;0;0;0;0;0;18601;146898745.93;0.765;Estruturado;0
COLOMBIA;-20,1768;-48,6865;0;0;0;0;0;0;0;1;3;0;1;0;671;311;3069;2123;0;49;4020;0;2781;25;2;31;79;132;92;151;0;0;0;13;0;36;0;15;0;0;0;0;0;0;0;0;51;0;3448;0;0;0;0;0;0;0;0;0;0;0;0;0;0;0;0;0;0;0;0;0;0;0;0;0;0;0;6223;79027745.45;0.692;Estruturado;0
CONCHAL;-22,3375;-47,1729;0;0;0;1;0;0;1;2;19;0;2;560;6175;2370;5170;13645;0;340;13925;0;18222;1;14;0;1027;109;0;295;0;106;0;219;0;181;0;0;0;4;0;0;0;0;0;0;0;23900;825;0;2;0;0;18;0;20;11;5;0;0;154;1;0;0;0;12;0;0;0;0;0;0;0;0;0;0;28491;179451758.01;0.616;Moderado;0
CONCHAS;-23,0154;-48,0134;0;0;1;0;0;0;1;1;23;0;0;0;7681;898;2634;3747;0;14;17901;0;6480;0;0;134;909;0;101;265;0;0;0;71;0;175;0;76;0;0;0;0;0;0;0;0;0;0;1318;0;1;0;0;0;0;0;0;0;0;0;59;0;0;0;0;0;0;0;0;0;0;0;0;0;0;0;18138;95312170.9;0.678;Moderado;0
CORDEIROPOLIS;-22,4778;-47,4519;0;0;0;0;0;0;3;7;30;1;1;0;9139;9301;151;4874;272;28;19375;0;14142;2193;0;297;1125;1264;621;329;0;0;0;0;0;317;0;22;0;0;0;0;0;0;0;0;20;0;204;0;0;0;0;0;0;0;0;0;0;0;0;0;0;0;0;0;0;0;0;0;0;0;0;0;0;0;25116;262278746.25;0.781;Estruturado;0
COROADOS;-21,3521;-50,2859;0;0;0;0;0;0;0;0;0;0;0;0;2143;479;1754;942;0;7;8913;0;0;55;0;0;0;338;65;414;0;0;0;1;0;0;0;21;0;0;0;0;0;0;0;0;36;0;2394;0;0;0;0;0;0;0;0;0;0;0;0;0;0;0;0;0;0;0;0;0;0;0;0;0;0;0;6197;42936757.01;0.598;Moderado;0
CORONEL MACEDO;-23,6261;-49,31;0;0;0;0;0;0;0;0;0;0;0;306;537;0;2218;1219;0;11;0;0;471;0;0;0;0;0;0;0;0;0;0;0;0;0;0;0;0;0;0;0;0;0;0;0;0;0;0;0;0;0;0;0;0;0;0;0;0;0;0;0;0;0;0;0;0;0;0;0;0;0;0;0;0;0;4591;44903792.73;0.246;Crítico;3
CORUMBATAI;-22,2213;-47,6215;0;0;0;0;0;0;0;0;1;0;1;0;2453;0;906;655;0;18;4925;0;0;55;0;54;15;148;110;209;0;0;2;2;0;7;0;15;0;0;0;0;0;0;0;0;0;13020;883;0;0;0;0;0;0;0;0;0;0;0;0;0;0;0;0;0;0;0;0;0;0;0;0;0;0;0;4072;44617830.54;0.698;Estruturado;0
COSMOPOLIS;-22,6419;-47,1926;0;0;0;1;0;0;4;14;38;0;0;117;37050;5742;5658;8539;1567;75;11183;0;32294;84;165;763;2086;893;95;158;78;106;0;1;85;1017;0;31;0;0;0;0;0;0;0;0;0;49290;4765;0;0;0;1;9;0;2;19;15;0;0;167;2;0;0;0;0;0;0;0;0;1;0;0;0;0;0;74662;300638673.02;0.5;Em risco;0
COSMORAMA;-20,4755;-49,7827;0;0;0;0;0;0;1;0;1;0;0;0;3480;0;1113;4037;0;115;0;0;2911;0;0;0;0;3;0;0;0;0;0;0;0;0;0;0;0;0;0;0;0;0;0;0;0;0;1;0;0;0;0;0;0;0;0;0;0;0;0;0;0;0;0;0;0;0;0;0;0;0;0;0;0;0;7289;58163695.81;0.32;Crítico;3
COTIA;-23,6022;-46,919;1;0;0;4;0;0;8;36;187;4;5;32516;97082;50117;22172;57502;10749;199;175131;0;21;15224;42;637;8210;3799;698;9292;3;0;0;458;87;1195;0;122;0;0;0;0;0;0;0;0;0;0;9646;0;0;0;0;0;0;0;0;0;0;0;0;0;0;0;0;0;0;0;0;0;0;0;0;0;0;0;257882;1519537125.24;0.496;Em risco;1
CRAVINHOS;-21,338;-47,7324;0;0;0;1;0;0;6;2;62;1;1;1223;11509;3240;5662;11074;0;0;18505;0;4323;4332;0;0;3183;288;649;310;0;0;0;35;0;576;0;132;0;0;0;0;0;0;0;0;0;0;1183;0;3;0;0;0;0;0;0;0;0;0;74;0;0;0;0;0;0;0;0;0;0;0;0;0;0;0;35858;230497878.51;0.598;Moderado;0
CRISTAIS PAULISTA;-20,4036;-47,4209;0;0;0;0;0;0;1;0;6;0;0;0;5060;0;1440;2439;0;57;3568;0;2157;6;0;0;236;270;0;24;0;0;0;0;0;0;0;0;0;0;0;0;0;0;0;0;24;0;40;0;0;0;0;0;0;0;0;0;0;0;0;0;0;0;0;0;0;0;0;0;0;0;0;0;0;0;8803;50613021.73;0.441;Em risco;3
CRUZALIA;-22,7373;-50,7909;0;0;0;0;0;0;0;0;0;0;0;0;1039;0;911;0;0;1273;5214;0;0;3;0;0;0;44;126;157;0;0;0;2;0;1;0;4;0;0;0;0;0;0;0;0;0;11640;2646;0;0;0;0;0;0;0;0;0;0;0;0;0;0;0;0;0;0;0;0;0;0;0;0;0;0;0;2021;31594867.66;0.69;Estruturado;0
CRUZEIRO;-22,5728;-44,969;0;0;0;3;0;0;9;67;202;0;4;1271;57441;5344;4193;4693;1106;525;26223;0;51967;146;42;344;2277;793;226;506;0;461;0;176;0;468;2;52;0;4;7;14;0;0;808;0;12;180360;201;0;11;2;0;30;108;60;28;45;9;0;2910;7;0;0;2;91;0;0;0;1;7;0;4;0;0;2;82895;348234809.27;0.806;Estruturado;0
CUBATAO;-23,8911;-46,424;0;0;1;0;0;0;7;13;110;4;3;0;39276;9492;15936;10333;36426;106;89844;0;65069;420;0;1862;5559;6288;964;1972;0;571;0;54;104;1302;545;289;0;107;244;316;0;0;0;0;0;0;2893;0;11;5;51;48;26;54;164;40;8;0;2119;76;1;3;0;108;0;0;0;7;20;0;0;0;0;0;132521;1821345436.07;0.724;Estruturado;1
CUNHA;-23,0731;-44,9576;0;0;0;1;0;0;1;2;7;0;1;456;5143;311;10801;5005;0;293;11600;116;4567;65;36;67;769;290;613;853;0;0;0;84;0;173;4;123;0;0;0;0;0;0;0;0;10;0;7462;0;3;2;0;2;0;12;0;9;0;0;243;9;0;0;0;0;0;0;0;0;0;0;0;0;0;0;21373;110053177.56;0.545;Em risco;0
DESCALVADO;-21,9002;-47,6181;0;0;0;1;0;0;3;5;106;2;0;708;19144;4557;4158;2824;0;218;24155;0;11998;373;7;483;1486;506;2103;440;11;0;0;227;0;352;0;98;0;24;0;0;0;0;0;0;238;35650;2737;0;3;9;4;1;18;9;16;15;0;0;115;10;0;1;0;15;0;0;0;0;3;0;0;0;0;0;34097;192378008.27;0.814;Estruturado;0
DIADEMA;-23,6813;-46,6205;1;0;2;2;1;0;2;51;101;5;12;5597;165494;44270;37449;50356;87310;512;137140;0;195485;3610;197;1133;10388;8236;122;4788;76;218;0;249;166;9179;1795;11;0;1;0;0;0;0;0;0;19;0;3519;0;8;0;0;29;282;56;35;41;13;0;2415;47;0;0;2;17;0;0;0;12;2;0;0;0;0;0;429550;1792355229.07;0.405;Em risco;1
DIRCE REIS;-20,4642;-50,6073;0;0;0;0;0;0;0;0;0;0;0;0;145;176;1117;0;0;4;0;0;0;0;0;0;0;0;0;0;0;0;0;0;0;0;0;0;0;0;0;0;0;0;0;0;0;0;0;0;0;0;0;0;0;0;0;0;0;0;0;0;0;0;0;0;0;0;0;0;0;0;0;0;0;0;1805;28156638.48;0.281;Crítico;3
DIVINOLANDIA;-21,6637;-46,7361;0;0;0;1;0;0;0;8;3;0;2;0;5914;791;3878;304;0;0;47;0;0;0;0;0;0;0;0;0;0;0;0;0;0;0;0;0;0;0;0;0;0;0;0;0;37;0;0;0;0;0;0;0;0;0;0;0;0;0;0;0;0;0;0;0;0;0;0;0;0;0;0;0;0;0;11027;73054337.77;0.32;Crítico;3
DOBRADA;-21,5155;-48,3935;0;0;0;0;0;0;0;3;3;0;0;0;3861;441;2293;2068;0;0;1250;0;0;0;0;0;0;0;0;14;0;0;0;0;0;35;0;0;0;0;0;0;0;0;0;0;0;0;0;0;0;0;0;0;0;0;0;0;0;0;0;0;0;0;0;0;0;0;0;0;0;0;0;0;0;0;9088;39921959.38;0.223;Crítico;3
DOIS CORREGOS;-22,3673;-48,3819;0;0;0;1;0;0;1;5;30;0;0;0;5078;2489;3519;12354;0;484;27720;0;2153;189;2;0;703;392;602;1113;52;0;0;86;0;63;0;78;0;0;0;0;0;0;0;0;20;0;16618;0;0;0;0;5;0;2;4;5;0;0;508;0;0;0;0;1;0;0;0;0;0;0;0;0;0;0;27704;141117485.72;0.626;Moderado;0
DOLCINOPOLIS;-20,124;-50,5149;0;0;0;0;0;0;0;0;0;0;0;0;253;0;1583;161;0;4;219;0;0;0;0;0;0;160;117;0;0;0;0;0;0;0;0;55;0;0;0;0;0;0;0;0;0;0;63;0;0;0;0;0;0;0;0;0;0;0;0;0;0;0;0;0;0;0;0;0;0;0;0;0;0;0;2108;25779353.06;0.319;Crítico;3
DOURADO;-22,1044;-48,3178;0;0;1;0;0;0;0;3;7;1;0;0;4212;506;1143;2142;0;39;6391;0;0;45;0;0;0;0;93;616;0;0;0;18;0;0;0;40;0;0;0;0;0;0;0;0;0;0;1803;0;0;0;0;0;0;0;0;0;0;0;0;0;0;0;0;0;0;0;0;0;0;0;0;0;0;0;8883;60903634.5;0.65;Moderado;0
DRACENA;-21,4843;-51,535;0;0;0;1;1;0;1;20;216;2;0;623;24960;5007;7557;5673;0;299;32367;0;27346;769;171;898;2163;1571;0;884;0;205;12;364;0;253;782;0;0;0;484;511;0;0;1272;0;0;53790;7789;0;3;0;0;1;7;19;27;31;10;0;1012;1;1;0;0;42;0;0;0;7;0;0;0;0;0;0;47287;217963417.7;0.807;Estruturado;0
DUARTINA;-22,4146;-49,4084;0;0;0;1;0;0;0;1;36;0;1;0;3897;1182;4290;2639;0;101;25558;74;1372;601;11;89;355;757;389;740;0;0;0;167;0;76;0;13;0;178;0;0;0;0;0;0;257;0;11021;0;11;0;0;0;0;0;1;2;0;0;183;4;0;0;0;0;0;0;0;0;0;0;0;0;0;0;12421;72959769.66;0.755;Estruturado;0
DUMONT;-21,2324;-47,9756;0;0;0;0;0;0;0;0;1;0;1;0;2852;3211;671;2633;0;0;1177;0;0;8;0;47;207;524;255;79;0;0;0;18;0;76;0;26;0;0;0;0;0;0;0;0;18;0;82;0;0;0;0;0;0;0;0;0;0;0;0;0;0;0;0;0;0;0;0;0;0;0;0;0;0;0;10174;56368459.63;0.247;Crítico;3
ECHAPORA;-22,4326;-50,2038;0;0;0;0;0;0;0;0;1;1;0;0;1526;1194;2156;996;0;0;3244;0;0;0;0;43;1;420;0;216;0;0;0;0;0;0;0;0;0;0;0;0;0;0;0;0;0;0;314;0;0;0;0;0;0;0;0;0;0;0;0;0;0;0;0;0;0;0;0;0;0;0;0;0;0;0;6026;39482163.14;0.428;Em risco;3
ELDORADO;-24,5281;-48,1141;0;0;0;0;0;0;1;0;1;1;0;630;1606;788;5190;2695;0;0;3689;0;6788;0;64;142;258;0;0;0;0;0;0;0;0;50;0;0;0;0;0;0;0;0;0;0;0;0;10;0;0;0;0;0;0;0;0;0;0;0;0;0;0;0;0;0;0;0;0;0;0;0;0;0;0;0;15592;83890657.4;0.414;Em risco;3
ELIAS FAUSTO;-23,0428;-47,3682;0;0;0;0;0;0;1;2;5;1;0;0;3127;3037;644;10654;0;0;15804;4;10527;147;0;171;1043;439;607;800;0;0;0;4;0;19;0;81;0;0;0;0;0;0;0;0;28;0;5840;0;0;0;0;0;0;0;0;0;0;0;0;0;0;0;0;0;0;0;0;0;0;0;0;0;0;0;18095;111739224.36;0.593;Moderado;0
ELISIARIO;-21,1678;-49,1146;0;0;0;0;0;0;0;0;1;0;1;0;432;572;1605;529;0;150;24;0;0;0;0;0;0;0;0;0;0;0;0;0;0;0;0;0;0;0;0;0;0;0;0;0;20;5270;1;0;0;0;0;0;0;0;0;0;0;0;0;0;0;0;0;0;0;0;0;0;0;0;0;0;0;0;3742;28137417.15;0.383;Crítico;3
EMBAUBA;-20,9796;-48,8325;0;0;0;0;0;0;0;0;1;0;0;0;461;0;1862;0;0;24;5321;0;0;60;0;0;0;84;218;100;0;0;0;6;0;0;0;16;0;0;0;0;0;0;0;0;12;0;88;0;0;0;0;0;0;0;0;0;0;0;0;0;0;0;0;0;0;0;0;0;0;0;0;0;0;0;2446;27190092.95;0.664;Moderado;0
EMBU DAS ARTES;-23,6437;-46,8579;0;0;2;1;0;0;7;7;139;1;4;2054;53604;16701;50693;71003;52590;347;150210;0;983;4529;151;3979;8210;45;1368;3602;0;34;0;116;0;706;0;348;0;0;0;0;0;0;1968;0;0;0;892;0;9;0;0;20;15;0;0;29;0;0;204;103;0;0;0;0;0;0;0;0;0;0;0;0;0;0;279264;1181330078.02;0.316;Crítico;1
EMBU-GUACU;-23,8297;-46,8136;0;0;0;0;0;0;4;8;10;1;3;2657;16697;8027;16720;20238;819;305;39533;0;0;5744;0;150;2231;200;6;2054;0;0;0;49;0;949;0;6;0;0;0;0;0;0;0;0;0;0;2;0;31;0;0;0;0;0;0;0;0;0;0;4;0;0;0;0;0;0;0;0;0;0;0;0;0;0;70402;239596086.37;0.364;Crítico;3
EMILIANOPOLIS;-21,8314;-51,4832;0;0;0;0;0;0;0;0;1;0;0;0;0;0;1577;1212;0;34;125;0;0;0;0;0;0;208;23;0;0;0;0;0;0;4;0;0;0;0;0;0;0;0;0;0;24;0;0;0;0;0;0;0;0;0;0;0;0;0;0;0;0;0;0;0;0;0;0;0;0;0;0;0;0;0;3238;29529843.13;0.241;Crítico;3
ENGENHEIRO COELHO;-22,4836;-47,211;0;0;0;0;0;0;1;4;32;1;0;933;3302;3319;676;10517;0;0;14751;0;0;165;0;179;673;0;0;259;0;0;0;35;16;154;0;0;0;0;0;0;0;0;0;0;0;0;694;0;0;0;0;0;0;0;0;0;0;0;0;0;0;0;0;0;0;0;0;0;0;0;0;0;0;0;21712;107959192.68;0.477;Em risco;3
ESPIRITO SANTO DO PINHAL;-22,1909;-46,7477;0;0;0;3;0;0;1;26;134;0;1;0;24166;1436;12109;1824;0;376;32726;0;13549;1232;71;150;1620;1589;1182;3179;90;145;1;222;0;639;0;189;0;0;8;0;0;0;0;0;33;0;11291;0;4;0;0;4;2;28;21;20;3;0;845;25;0;0;0;31;0;0;0;0;0;0;0;0;0;0;44607;189433446.8;0.793;Estruturado;0
ESPIRITO SANTO DO TURVO;-22,6925;-49,4341;0;0;0;0;0;0;0;0;0;0;0;0;0;0;1202;2858;0;70;7925;0;0;609;0;0;0;183;53;986;0;0;0;0;0;62;0;29;0;0;0;0;0;0;0;0;25;0;1697;0;0;0;0;0;0;0;0;0;0;0;0;0;0;0;0;0;0;0;0;0;0;0;0;0;0;0;4926;37229170.69;0.563;Em risco;0
ESTRELA D'OESTE;-20,2875;-50,4049;0;0;0;0;0;0;0;0;0;0;0;0;6393;0;1035;1790;0;53;4580;0;2862;2;0;0;375;305;0;12;0;0;0;35;0;172;1;0;0;0;0;0;0;0;0;0;0;0;67;0;0;0;0;0;1;0;0;3;0;0;66;1;0;0;0;0;0;0;0;0;0;0;0;0;0;0;8420;79988495.78;0.539;Em risco;0
ESTRELA DO NORTE;-22,4859;-51,6632;0;0;0;0;0;0;0;0;0;0;0;0;271;164;1768;319;0;23;0;0;0;0;0;0;0;192;0;0;0;0;0;0;0;0;0;0;0;0;0;0;0;0;0;0;0;0;0;0;0;0;0;0;0;0;0;0;0;0;0;0;0;0;0;0;0;0;0;0;0;0;0;0;0;0;2774;31298528.06;0.256;Crítico;3
EUCLIDES DA CUNHA PAULISTA;-22,5545;-52,5928;0;0;0;0;0;0;1;1;6;0;0;0;0;0;4676;3243;0;30;12048;0;3666;9;0;18;0;279;0;0;0;0;0;0;0;83;0;0;0;0;0;0;0;0;0;0;0;10380;2306;0;0;0;0;0;0;0;0;0;0;0;0;0;0;0;0;0;0;0;0;0;0;0;0;0;0;0;9280;52993916.69;0.605;Moderado;0
FARTURA;-23,3916;-49,5124;0;0;0;1;0;0;0;3;22;0;1;0;6296;1201;3930;4599;0;174;4446;0;344;23;121;0;681;140;0;75;0;0;0;32;0;104;0;0;0;0;0;0;0;0;0;0;0;0;32;0;1;0;0;15;0;2;1;8;0;0;204;3;0;0;0;0;0;0;0;0;0;0;0;0;0;0;16102;93826150.93;0.385;Crítico;3
FERNANDOPOLIS;-20,2806;-50,2471;0;0;0;3;2;0;5;166;276;1;4;1786;40242;7000;13595;8086;0;426;27208;1;25882;1377;0;905;3728;271;1920;563;0;0;0;258;0;727;0;579;0;0;0;0;0;0;0;0;557;39760;8772;0;0;0;0;0;0;0;0;0;0;0;0;0;0;0;0;0;0;0;0;0;0;0;0;0;0;0;69680;381894416.77;0.793;Estruturado;0
FERNANDO PRESTES;-21,2661;-48,6874;0;0;0;0;0;0;1;0;3;0;0;0;2834;0;2857;0;0;52;310;0;1826;0;0;0;0;0;0;11;0;0;0;0;0;28;0;0;0;0;0;0;0;0;0;0;15;14030;0;0;0;0;0;0;0;0;0;0;0;0;0;0;0;0;0;0;0;0;0;0;0;0;0;0;0;0;5805;46561133.42;0.623;Moderado;0
FERNAO;-22,3607;-49,5187;0;0;0;0;0;0;0;0;0;0;0;0;337;0;848;470;0;0;0;0;0;0;0;0;0;51;8;0;0;0;0;0;0;0;0;0;0;0;0;0;0;0;0;0;4;0;7;0;0;0;0;0;0;0;0;0;0;0;0;0;0;0;0;0;0;0;0;0;0;0;0;0;0;0;1739;31349123.22;0.264;Crítico;3
FERRAZ DE VASCONCELOS;-23,5411;-46,371;1;0;0;0;0;0;8;5;26;0;4;0;48891;18097;42686;37628;29794;1885;20400;0;72901;1583;0;757;1215;2319;1139;1168;440;0;0;21;0;572;0;744;0;0;0;0;0;0;0;0;26;0;11891;0;0;0;0;0;0;0;0;0;0;0;0;0;0;0;0;0;0;0;0;0;0;0;0;0;0;0;198661;627961167.01;0.297;Crítico;3
FLORA RICA;-21,6727;-51,3821;0;0;0;0;0;0;1;0;0;0;0;0;139;0;1216;0;0;36;1910;0;0;132;0;0;0;114;37;121;0;0;0;0;0;0;0;3;0;0;0;0;0;0;0;0;0;4000;293;0;0;0;0;0;0;0;0;0;0;0;0;0;0;0;0;0;0;0;0;0;0;0;0;0;0;0;1397;25421633.06;0.807;Estruturado;0
FLOREAL;-20,6752;-50,1513;0;0;0;0;0;0;0;0;1;0;0;0;1510;0;1208;0;0;55;85;0;0;0;0;0;0;455;123;0;0;0;0;0;0;0;0;5;0;0;0;0;0;0;0;0;0;0;28;0;0;0;0;0;0;0;0;0;0;0;0;0;0;0;0;0;0;0;0;0;0;0;0;0;0;0;2884;35229454.68;0.365;Crítico;3
FLORIDA PAULISTA;-21,6127;-51,1724;0;0;0;1;0;0;0;0;6;0;0;0;4252;0;4732;1927;0;0;7452;0;0;238;0;0;0;216;250;267;0;0;0;0;0;17;0;28;0;0;0;0;0;0;0;0;17;0;8974;0;0;0;0;0;0;0;0;0;0;0;0;0;0;0;0;0;0;0;0;0;0;0;0;0;0;0;14936;61562231.85;0.534;Em risco;0
FLORINEA;-22,868;-50,6814;0;0;0;0;0;0;1;0;0;0;0;0;494;0;1534;492;0;0;0;0;0;0;0;0;0;0;0;0;0;0;0;0;0;0;0;0;0;0;0;0;0;0;0;0;0;0;0;0;0;0;0;0;0;0;0;0;0;0;0;0;0;0;0;0;0;0;0;0;0;0;0;0;0;0;2631;41017952.74;0.336;Crítico;3
FRANCA;-20,5352;-47,4039;0;0;0;4;1;0;7;68;350;4;7;11015;185614;74339;38205;40100;0;4;338221;0;125487;24102;372;4596;14383;101;2485;14341;0;0;94;1253;161;15402;1434;556;0;25;0;0;43;0;1614;0;148;120180;18291;0;0;0;0;0;0;0;0;0;0;0;0;0;0;0;0;0;0;0;0;0;0;0;0;0;0;0;358539;1186686999.48;0.628;Moderado;1
FRANCISCO MORATO;-23,2792;-46,7448;1;0;0;1;0;0;2;6;46;1;1;520;12511;11680;24604;92055;22498;51;91264;254;60281;347;91;627;5745;468;1184;3866;0;0;0;127;0;918;11;65;0;0;0;0;0;0;1813;0;0;0;1897;0;17;0;0;54;16;0;1;45;0;0;947;25;0;0;0;0;0;0;0;0;0;0;0;0;0;0;179372;585008620.92;0.357;Crítico;3
FRANCO DA ROCHA;-23,3229;-46,729;2;0;0;1;1;0;6;9;57;1;0;1035;33747;27822;13726;47694;14236;777;94414;2;76955;48;0;1704;5816;3038;436;4598;0;0;0;34;0;574;14;65;0;0;0;0;0;0;2713;0;0;0;2233;0;0;0;0;0;0;0;0;0;0;0;0;0;0;0;0;0;0;0;0;0;0;0;0;0;0;0;158438;669251818.11;0.503;Em risco;0
GABRIEL MONTEIRO;-21,5294;-50,5573;0;0;0;0;0;0;1;0;0;0;0;0;622;0;1362;617;0;22;0;0;0;0;0;0;0;0;0;0;0;0;0;0;0;0;0;0;0;0;0;0;0;0;0;0;0;0;0;0;0;0;0;0;0;0;0;0;0;0;0;0;0;0;0;0;0;0;0;0;0;0;0;0;0;0;2776;31514413.98;0.312;Crítico;3
GALIA;-22,2918;-49,5504;0;0;0;1;0;0;0;0;5;0;0;0;1713;0;2957;1391;0;0;7925;0;2866;31;0;0;280;202;400;329;0;0;0;34;0;96;0;47;0;0;0;0;0;0;0;0;21;25900;4109;0;0;0;0;0;0;0;0;0;0;0;1;0;0;0;0;0;0;0;0;0;0;0;0;0;0;0;6419;42840056.8;0.645;Moderado;0
GARCA;-22,2125;-49,6546;0;0;0;3;0;0;4;4;45;1;1;318;19251;4889;9927;6814;0;84;57890;0;10522;805;101;17;2723;1286;2368;3670;1;0;0;145;9;1545;24;526;0;0;0;0;0;0;0;0;94;0;10866;0;3;0;1;11;3;23;14;33;0;0;655;34;0;0;0;4;0;0;0;1;1;0;0;0;0;0;44429;254215138.07;0.679;Moderado;0
GASTAO VIDIGAL;-20,7948;-50,1912;0;0;0;0;0;0;0;0;0;0;0;0;0;0;2574;517;0;44;47;0;537;0;0;0;0;0;382;0;0;0;0;0;0;0;0;41;0;0;0;0;0;0;0;0;0;0;0;0;0;0;0;0;0;0;0;0;0;0;0;0;0;0;0;0;0;0;0;0;0;0;0;0;0;0;4911;34174558.3;0.255;Crítico;3
GAVIAO PEIXOTO;-21,8367;-48,4957;0;0;0;0;0;0;0;0;1;1;0;0;801;0;1333;2529;0;71;4866;0;139;0;0;7;205;200;0;116;0;0;0;7;0;14;0;0;0;0;0;0;0;0;0;0;0;0;0;0;0;0;0;0;0;0;0;0;0;0;0;0;0;0;0;0;0;0;0;0;0;0;0;0;0;0;4841;92188654.58;0.62;Moderado;0
GENERAL SALGADO;-20,6485;-50,364;0;0;0;1;0;0;1;2;8;1;0;0;5875;105;4048;165;0;55;3796;0;2321;19;0;57;284;255;461;0;0;0;0;21;0;89;0;101;0;0;0;0;0;0;0;0;27;0;110;0;0;0;0;0;0;0;0;0;0;0;41;0;0;0;0;0;0;0;0;0;0;0;0;0;0;0;10855;73628950.64;0.533;Em risco;0
GETULINA;-21,7961;-49,9312;0;0;0;1;0;0;0;0;11;0;0;0;2328;170;3506;2673;0;33;18395;0;103;316;0;0;231;100;368;1015;0;0;0;22;0;65;0;59;0;0;0;0;0;0;0;0;18;0;8915;0;3;0;0;0;0;0;0;0;0;0;0;0;0;0;0;0;0;0;0;0;0;0;0;0;0;0;11485;64527662.73;0.635;Moderado;0
GLICERIO;-21,3812;-50,2123;0;0;0;0;0;0;0;0;0;0;0;0;1600;0;1461;928;0;613;5841;0;0;414;0;0;0;318;0;490;0;0;0;61;0;14;0;0;0;0;0;0;0;0;0;0;0;9310;2586;0;0;0;0;0;0;0;0;0;0;0;0;0;0;0;0;0;0;0;0;0;0;0;0;0;0;0;4842;42870251.26;0.625;Moderado;0
GUAICARA;-21,6195;-49,8013;0;0;0;0;0;0;1;0;7;0;0;0;2170;778;3122;4873;0;44;10014;0;0;291;0;155;55;253;302;813;0;0;0;10;0;48;0;53;0;0;0;0;0;0;0;0;23;0;6226;0;0;0;0;0;0;0;0;0;0;0;0;0;0;0;0;0;0;0;0;0;0;0;0;0;0;0;12416;62987061.56;0.58;Em risco;0
GUAIMBE;-21,9091;-49,8986;0;0;0;0;0;0;0;0;0;1;0;0;244;0;2326;2877;0;33;1656;0;0;0;0;0;182;476;0;0;0;0;0;0;0;15;0;0;0;0;0;0;0;0;0;0;20;0;2469;0;0;0;0;0;0;0;0;0;0;0;0;0;0;0;0;0;0;0;0;0;0;0;0;0;0;0;5806;45048919.46;0.429;Em risco;3
GUAIRA;-20,3196;-48,312;0;0;0;1;0;0;2;10;68;0;1;0;20948;5945;4336;7555;0;174;52446;0;19948;1388;22;898;2029;853;1267;2399;2;359;0;97;20;705;0;301;0;76;0;0;0;0;0;0;47;37440;24883;0;2;13;2;0;2;17;37;18;4;0;385;10;0;0;0;30;0;0;0;0;0;0;0;0;0;0;41283;321541945.29;0.748;Estruturado;0
GUAPIACU;-20,7959;-49,2172;0;0;0;0;0;0;0;2;7;1;0;396;6917;2950;4644;6479;0;160;29977;0;7759;470;0;338;649;1535;1919;1545;0;0;0;69;0;208;0;194;0;0;0;0;0;0;0;0;35;1730;19488;0;0;0;0;0;0;0;0;0;0;0;0;0;0;0;0;0;0;0;0;0;0;0;0;0;0;0;22087;131136945.26;0.599;Moderado;0
GUAPIARA;-24,1892;-48,5295;0;0;1;0;0;0;1;1;1;0;1;0;985;501;9493;5912;0;3886;1728;415;4379;0;0;114;376;248;0;0;39;0;0;27;0;94;0;0;0;0;0;0;0;0;0;0;0;0;0;0;1;0;0;10;0;1;0;9;0;0;81;0;0;0;0;0;0;0;0;0;0;0;0;0;0;0;16896;89109601.0;0.355;Crítico;3
GUARA;-20,4302;-47,8236;0;0;0;1;0;0;2;2;41;1;0;0;5679;622;6076;5902;0;39;15110;0;2139;298;8;75;1608;226;837;693;18;0;0;13;0;284;0;177;0;0;0;0;0;0;0;0;45;0;4806;0;2;0;0;0;0;1;1;11;0;0;36;2;0;0;0;0;0;0;0;0;0;0;0;0;0;0;21394;116371599.99;0.666;Moderado;0
GUARACAI;-21,0292;-51,2119;0;0;0;1;0;0;0;1;6;0;0;0;3691;0;2597;806;0;2435;8856;0;0;45;0;0;0;30;283;477;0;0;0;26;0;0;0;6;0;0;0;0;0;0;0;0;0;0;1834;0;1;0;0;0;0;0;0;0;0;0;23;0;0;0;0;0;0;0;0;0;0;0;0;0;0;0;8258;53315384.26;0.67;Moderado;0
GUARACI;-20,4977;-48,9391;0;0;0;0;0;0;1;0;7;1;1;0;3633;134;2294;3892;0;7;12048;0;3767;3413;0;131;585;290;244;1261;31;0;0;48;0;3040;0;24;0;0;0;0;0;0;0;0;0;0;16837;0;0;0;0;0;0;0;0;0;0;0;0;0;0;0;0;0;0;0;0;0;0;0;0;0;0;0;11382;105227554.45;0.701;Estruturado;0
GUARANI D'OESTE;-20,0746;-50,3411;0;0;0;0;0;0;0;0;0;0;0;0;471;0;1241;0;0;18;587;0;0;0;0;0;0;628;0;0;1;0;0;47;0;17;0;0;0;0;0;0;0;0;0;0;0;30460;0;0;0;0;0;0;0;0;0;0;0;0;0;0;0;0;0;0;0;0;0;0;0;0;0;0;0;0;1996;26517488.22;0.676;Moderado;0
GUARANTA;-21,8942;-49,5914;0;0;0;0;0;0;0;0;0;1;0;0;1203;0;1897;2904;0;32;3289;0;0;206;0;0;0;35;83;378;0;0;0;8;0;0;0;0;0;0;0;0;0;0;0;0;0;0;2267;0;0;0;0;0;0;0;0;0;0;0;0;0;0;0;0;0;0;0;0;0;0;0;0;0;0;0;6685;45554291.56;0.463;Em risco;3
GUARARAPES;-21,2544;-50,6453;0;0;0;1;0;0;0;4;58;0;0;0;14004;435;10743;5081;0;113;31324;0;3872;175;0;72;1280;792;1322;1257;0;0;0;73;111;517;0;169;0;0;0;0;0;0;0;0;245;18610;5345;0;1;0;1;10;1;21;7;1;0;0;228;16;0;0;0;2;0;0;0;0;0;0;0;0;0;0;33257;171178224.25;0.672;Moderado;0
GUARAREMA;-23,4112;-46,0369;0;0;0;1;0;0;1;4;7;0;1;972;12901;838;11639;4182;0;190;23117;0;14874;1077;30;502;2211;3008;762;1906;0;0;0;57;12;1346;578;130;0;0;0;0;0;0;0;0;0;0;1096;0;3;0;0;3;3;0;0;21;0;0;114;12;0;0;0;0;0;0;0;0;0;0;0;0;0;0;30465;342635309.24;0.693;Estruturado;0
GUARATINGUETA;-22,8075;-45,1938;0;1;0;5;0;0;4;37;308;1;5;5072;75600;7096;11346;15248;732;288;18841;0;37468;101;1;742;238;157;1050;517;196;177;60;342;35;806;327;286;0;0;0;0;12;335;1352;0;0;59940;818;0;10;12;3;23;176;53;48;65;12;29;1823;27;16;0;1;52;0;0;0;9;10;0;0;0;0;0;123192;517877631.25;0.553;Em risco;0
GUAREI;-23,3714;-48,1837;0;0;0;0;0;0;0;0;1;1;1;0;3273;665;2891;5353;0;16;16904;0;6196;5427;0;105;380;612;841;1038;0;0;0;128;0;139;0;152;0;0;0;0;0;0;0;0;0;0;10312;0;0;0;0;0;0;0;0;0;0;0;0;0;0;0;0;0;0;0;0;0;0;0;0;0;0;0;19244;80368851.94;0.558;Em risco;0
GUARIBA;-21,3594;-48,2316;0;0;0;1;0;0;4;10;33;0;1;0;15114;2360;5983;13246;0;353;27151;0;12253;53;7;467;1973;1148;2283;635;0;51;3;64;56;608;100;350;0;0;3;3;0;0;0;0;78;24880;14533;0;0;0;1;12;2;8;6;18;3;0;299;16;0;0;0;1;0;0;0;0;0;0;0;0;0;0;40857;186905094.36;0.629;Moderado;0
GUARUJA;-23,9888;-46,258;1;0;1;5;0;0;11;72;235;7;14;6654;106676;29605;18643;15382;105123;18;266005;0;157344;6199;1843;2127;12707;3677;1698;9214;38;1410;78;771;244;4032;2531;155;0;21;756;804;0;548;1708;0;93;0;975;0;18;4;9;95;200;126;102;108;31;18;3289;67;1;4;0;183;0;6;0;8;3;5;3;0;0;1;324977;2181142690.8;0.65;Moderado;1
GUARULHOS;-23,4538;-46,5333;2;0;3;13;3;0;18;305;412;10;25;60089;471657;156157;121205;255335;213993;20512;467320;750;446266;13993;438;6585;25884;1949;3422;16081;381;1797;510;1850;378;6969;4291;907;0;189;8;36;0;0;8305;0;336;2460;2073;0;47;85;22;347;317;201;258;265;22;0;6558;143;14;50;19;600;0;0;0;32;14;0;0;0;0;0;1404694;6192621072.57;0.385;Crítico;2
GUATAPARA;-21,4944;-48,0356;0;0;0;0;0;0;1;0;1;1;1;0;2035;0;1964;3180;0;7;0;0;0;0;0;0;0;0;0;0;0;0;0;0;0;0;0;0;0;0;0;0;0;0;0;0;6;20;0;0;0;0;0;0;0;0;0;0;0;0;0;0;0;0;0;0;0;0;0;0;0;0;0;0;0;0;7760;55090888.3;0.252;Crítico;3
GUZOLANDIA;-20,6467;-50,6645;0;0;0;0;0;0;0;0;0;0;0;0;699;0;1166;2088;0;42;5798;0;0;13;0;0;3;0;153;335;0;0;0;0;0;0;0;29;0;0;0;0;0;0;0;0;0;0;1455;0;0;0;0;0;0;0;0;0;0;0;0;0;0;0;0;0;0;0;0;0;0;0;0;0;0;0;5346;34744577.33;0.571;Em risco;0
HERCULANDIA;-22,0038;-50,3907;0;0;0;1;0;0;1;0;5;1;0;0;3132;475;1752;3319;0;0;0;0;0;0;0;0;0;0;0;0;0;0;0;0;0;0;0;0;0;0;0;0;0;0;0;0;40;0;2099;0;0;0;0;0;0;0;0;0;0;0;0;0;0;0;0;0;0;0;0;0;0;0;0;0;0;0;9649;55988653.2;0.318;Crítico;3
HOLAMBRA;-22,6405;-47,0487;0;0;0;0;0;0;1;3;27;0;0;2305;6199;1038;1632;3737;0;95;14302;0;0;241;0;1;576;0;91;450;0;0;0;0;0;1;0;15;0;0;0;0;0;0;0;0;0;0;1583;0;0;0;0;0;0;0;0;0;0;0;0;0;0;0;0;0;0;0;0;0;0;0;0;0;0;0;15605;141468595.12;0.702;Estruturado;0
HORTOLANDIA;-22,8529;-47,2143;0;0;1;1;0;0;7;50;109;3;11;7634;101001;50871;29071;38637;4072;155;167669;1;90527;2841;18;2291;9821;1303;1489;5437;3;53;103;1433;269;1757;105;93;0;205;8;0;0;0;1990;0;0;0;5661;0;18;0;0;82;204;50;86;97;4;0;408;5;1;1;0;131;0;0;0;6;5;0;0;0;0;0;237570;1473980308.95;0.619;Moderado;1
IACANGA;-21,8896;-49,031;0;0;0;1;0;0;0;2;9;0;1;0;5451;1122;1815;1826;0;103;3661;0;492;0;0;0;111;0;16;0;0;0;0;1;0;0;0;0;0;0;0;0;0;0;0;0;20;0;1153;0;0;0;0;0;0;0;0;7;0;0;0;0;0;0;0;0;0;0;0;0;0;0;0;0;0;0;12002;81485255.13;0.43;Em risco;3
IACRI;-21,8572;-50,6932;0;0;0;0;0;0;0;0;0;1;0;0;1339;176;2712;1413;0;0;8267;0;0;377;0;0;18;228;290;479;0;0;0;0;0;5;0;46;0;0;0;0;0;0;0;0;12;0;4212;0;0;0;0;0;0;0;0;0;0;0;0;0;0;0;0;0;0;0;0;0;0;0;0;0;0;0;6269;40986258.2;0.61;Moderado;0
IARAS;-22,8682;-49,1634;0;0;0;0;0;0;0;0;0;0;0;0;570;800;1112;2499;0;0;753;0;0;0;0;0;0;0;0;0;0;0;0;0;0;0;0;0;0;0;0;0;0;0;0;0;0;0;0;0;0;0;0;0;0;0;0;0;0;0;0;0;0;0;0;0;0;0;0;0;0;0;0;0;0;0;9786;49029807.2;0.191;Crítico;3
IBATE;-21,9584;-47,9882;0;0;1;0;0;0;1;3;36;0;0;0;7891;3686;8577;11646;0;0;26038;0;9346;119;17;341;419;751;493;1204;39;0;0;18;0;253;0;62;0;0;0;0;0;0;0;0;0;0;3460;0;0;2;0;4;1;13;0;20;1;0;121;5;0;0;0;5;0;0;0;0;0;0;0;0;0;0;35830;158908121.27;0.548;Em risco;0
IBIRA;-21,083;-49,2448;0;0;0;1;0;0;1;0;10;0;1;0;5497;882;2127;2807;0;69;5599;0;4128;0;0;340;692;0;0;93;0;0;0;1;0;13;0;0;0;0;0;0;0;0;0;0;24;0;1;0;0;0;0;0;0;0;0;0;0;0;131;0;0;0;0;0;0;0;0;0;0;0;0;0;0;0;12639;67876149.68;0.512;Em risco;0
IBIRAREMA;-22,8185;-50,0739;0;0;0;0;0;0;0;0;0;0;0;342;2246;0;1429;1912;268;90;18529;0;4399;40;0;108;437;265;900;959;0;0;0;50;0;44;0;44;0;0;0;0;0;0;0;0;20;10220;6821;0;0;0;0;0;0;0;0;0;0;0;0;0;0;0;0;0;0;0;0;0;0;0;0;0;0;0;7926;49138465.09;0.58;Em risco;0
IBITINGA;-21,7562;-48,8319;0;0;0;2;0;0;3;15;129;2;1;275;22920;5824;11525;18727;0;396;46137;0;8662;2809;4;168;2635;1606;0;4766;2;91;22;147;0;869;0;0;0;37;3;0;0;0;0;0;65;0;12685;0;11;0;4;10;22;18;74;28;5;0;789;29;1;2;2;95;0;0;0;5;7;0;0;0;0;0;61150;271812624.47;0.68;Moderado;0
IBIUNA;-23,6596;-47,223;0;0;1;2;0;0;3;8;19;0;1;951;15013;3808;28591;22241;1251;0;164383;0;0;286;978;0;4304;0;0;6004;400;0;0;89;0;1063;0;0;0;0;0;0;0;0;0;0;0;0;15;0;0;0;0;20;0;62;0;47;0;0;0;40;0;0;0;0;0;0;0;0;0;0;0;0;0;0;80062;329202884.37;0.552;Em risco;0
ICEM;-20,3391;-49,1915;0;0;0;0;0;0;0;5;6;0;1;0;2457;0;2250;2044;0;19;6141;0;704;1;0;0;6;146;132;242;0;0;0;15;0;49;0;8;0;0;0;0;0;0;0;0;0;10410;6;0;0;0;0;0;0;0;0;0;0;0;0;0;0;0;0;0;0;0;0;0;0;0;0;0;0;0;8363;75672044.05;0.711;Estruturado;0
IEPE;-22,6602;-51,0779;0;0;1;0;0;0;1;1;6;0;0;0;2239;1266;441;3046;0;83;6057;0;2517;0;12;100;463;0;0;147;13;0;0;31;0;126;0;0;0;0;0;0;0;0;0;0;0;0;3487;0;2;0;0;0;0;0;0;4;0;0;204;4;0;0;0;0;0;0;0;0;0;0;0;0;0;0;8228;65333681.35;0.729;Estruturado;0
IGARACU DO TIETE;-22,509;-48,5597;0;0;0;0;0;0;2;1;9;1;0;0;5584;2665;10810;3733;0;47;8942;0;8332;73;0;275;121;1430;1290;480;0;0;0;0;0;91;0;113;0;0;0;0;0;0;0;0;42;24950;8918;0;0;0;0;0;0;0;0;0;0;0;0;0;0;0;0;0;0;0;0;0;0;0;0;0;0;0;24821;106571678.98;0.575;Em risco;0
IGARAPAVA;-20,0407;-47,7466;0;0;1;0;0;0;3;5;51;0;0;0;10952;323;8054;6746;0;183;25897;0;9998;104;0;204;780;461;629;624;0;378;61;50;9;100;0;145;0;4;1;1;0;0;0;0;20;0;9822;0;2;0;0;1;0;30;26;12;1;0;378;0;0;0;0;7;0;0;0;0;1;0;0;0;0;0;30791;179784584.27;0.713;Estruturado;0
IGARATA;-23,2037;-46,157;0;0;0;0;0;0;0;1;1;0;1;0;3698;1094;3718;1528;0;56;5516;0;0;52;0;0;0;0;0;459;0;0;0;0;0;0;0;0;0;0;0;0;0;0;0;0;0;29970;3;0;0;0;0;0;0;0;0;0;0;0;0;0;0;0;0;0;0;0;0;0;0;0;0;0;0;0;9631;78608138.44;0.63;Moderado;0
IGUAPE;-24,699;-47,5537;0;0;0;0;0;0;2;5;8;1;0;0;10293;0;15149;1723;0;63;11298;0;0;1256;0;0;1704;0;0;749;0;0;0;52;0;142;0;0;0;0;0;0;0;0;0;0;0;0;393;0;0;0;0;0;0;0;0;0;0;0;0;0;0;0;0;0;0;0;0;0;0;0;0;0;0;0;31117;190427652.34;0.38;Crítico;3
ILHABELA;-23,7785;-45,3552;0;0;1;0;0;0;4;4;8;0;2;429;15082;8454;319;2482;6829;388;39338;0;39522;123;1;908;2406;754;211;165;267;581;0;229;3;597;197;48;0;7;6;0;0;0;0;0;15;57830;18696;0;3;6;1;35;62;82;77;72;6;0;1665;69;1;6;1;0;0;0;0;0;3;0;0;0;0;0;36194;1226191375.82;0.737;Estruturado;0
ILHA COMPRIDA;-24,7307;-47,5383;0;0;0;0;0;0;0;1;1;1;0;0;7747;512;3732;941;0;229;13732;450;12244;0;0;0;1386;0;0;719;0;0;0;7;0;135;0;0;0;0;0;0;0;0;0;0;0;0;491;0;0;0;0;0;0;0;0;0;0;0;0;0;0;0;0;0;0;0;0;0;0;0;0;0;0;0;11552;145104590.03;0.705;Estruturado;0
ILHA SOLTEIRA;-20,4326;-51,3426;0;0;0;1;0;0;4;16;94;0;0;1695;17187;2542;2817;1077;0;56;21010;0;0;238;0;0;6;0;255;999;143;0;0;1;0;0;0;97;0;0;0;0;0;0;0;0;0;0;8695;0;0;0;0;0;0;0;0;0;0;0;0;0;0;0;0;0;0;0;0;0;0;0;0;0;0;0;26886;234624967.18;0.875;Estruturado;0
INDAIATUBA;-23,0816;-47,2101;0;0;1;5;0;0;7;69;273;2;4;45853;132729;41337;14866;19041;0;4457;162243;0;208058;4466;55;4517;11092;1474;1337;4140;775;461;328;533;145;7213;734;72;0;7;52;86;0;0;1435;0;341;0;9325;0;30;32;29;87;204;178;123;71;33;0;2120;123;4;7;6;319;0;51;4;0;7;0;0;0;0;0;260690;2044078766.81;0.735;Estruturado;1
INDIANA;-22,1738;-51,2555;0;0;0;0;0;0;1;0;3;0;0;0;2401;175;2350;151;0;22;0;0;814;0;0;0;0;448;0;0;0;0;0;0;0;0;0;0;0;0;0;0;0;0;0;0;0;0;0;0;0;0;0;0;0;0;0;0;0;0;0;0;0;0;0;0;0;0;0;0;0;0;0;0;0;0;4873;30201679.8;0.331;Crítico;3
INDIAPORA;-19,979;-50,2909;0;0;0;1;0;0;0;1;2;0;0;0;1182;0;2335;452;0;20;2061;0;2305;0;2;0;158;549;0;0;0;0;0;4;0;44;0;0;0;0;0;0;0;0;0;0;52;16870;27;0;0;0;0;0;0;9;1;0;0;0;38;0;0;0;0;0;0;0;0;0;0;0;0;0;0;0;3876;39699413.85;0.727;Estruturado;0
INUBIA PAULISTA;-21,7695;-50,9633;0;0;0;0;0;0;0;0;0;0;0;0;107;0;3303;0;0;0;3202;0;0;234;0;28;7;88;446;238;0;0;0;1;0;15;0;21;0;0;0;0;0;0;0;0;11;0;4553;0;0;0;0;0;0;0;0;0;0;0;0;0;0;0;0;0;0;0;0;0;0;0;0;0;0;0;4045;28897317.36;0.585;Em risco;0
IPAUSSU;-23,0575;-49,6279;0;0;0;1;0;0;0;1;7;0;1;0;5284;706;4720;2660;0;0;8013;0;484;154;27;0;524;230;733;113;0;0;0;12;0;68;0;78;0;0;0;0;0;0;0;0;40;0;1694;0;0;0;0;6;0;5;0;4;0;0;105;0;0;0;0;0;0;0;0;0;0;0;0;0;0;0;15165;95283179.1;0.47;Em risco;3
IPERO;-23,3513;-47,6927;0;0;0;0;0;0;1;1;14;2;1;0;13412;3070;2039;14671;0;126;25241;0;3502;1368;0;130;979;0;0;0;0;0;0;0;0;0;0;0;0;0;0;0;0;0;0;0;0;0;0;0;0;0;0;0;0;0;0;0;0;0;0;0;0;0;0;0;0;0;0;0;0;0;0;0;0;0;38771;161563227.31;0.406;Em risco;3
IPEUNA;-22,4355;-47,7151;0;0;0;0;0;0;1;0;0;0;1;0;2135;1445;1200;1992;0;0;4475;0;0;171;0;40;247;0;0;585;0;0;0;0;0;81;0;0;0;0;0;0;0;0;0;0;0;0;1057;0;0;0;0;0;0;0;0;0;0;0;0;0;0;0;0;0;0;0;0;0;0;0;0;0;0;0;7824;53642413.15;0.479;Em risco;3
IPIGUA;-20,6557;-49,3842;0;0;0;0;0;0;1;0;0;0;0;0;2283;0;3372;894;0;50;0;0;0;0;0;0;0;0;0;0;0;0;0;0;0;0;0;0;0;0;0;0;0;0;0;0;0;0;0;0;0;0;0;0;0;0;0;0;0;0;0;0;0;0;0;0;0;0;0;0;0;0;0;0;0;0;5557;39686427.5;0.21;Crítico;3
IPORANGA;-24,5847;-48,5971;0;0;0;0;0;0;0;0;0;1;1;0;969;0;1529;258;0;0;741;0;0;0;0;72;0;0;0;48;0;0;0;24;0;18;0;0;0;0;0;0;0;0;0;0;0;0;0;0;0;0;0;0;0;0;0;0;0;0;0;0;0;0;0;0;0;0;0;0;0;0;0;0;0;0;4180;40050682.68;0.402;Crítico;3
IPUA;-20,4438;-48,0129;0;0;0;1;0;0;1;0;51;1;0;0;6815;0;4336;2929;0;0;5706;19;1058;20;4;0;328;0;81;157;0;0;0;52;0;76;8;35;0;0;0;0;0;0;0;0;0;0;122;0;1;0;0;0;0;5;0;3;0;0;75;7;1;1;0;0;0;0;0;0;0;0;0;0;0;0;16794;101936054.09;0.53;Em risco;0
IRACEMAPOLIS;-22,5832;-47,523;0;0;0;0;0;0;2;3;12;1;0;376;14025;3724;2012;1625;0;0;15267;0;0;211;20;0;55;0;791;1274;0;0;0;2;0;88;0;126;0;0;0;0;0;0;0;0;0;4000;9416;0;0;0;0;0;0;0;0;0;0;0;0;0;0;0;0;0;0;0;0;0;0;0;0;0;0;0;24982;141433360.31;0.618;Moderado;0
IRAPUA;-21,2768;-49,4164;0;0;0;0;0;0;0;0;4;0;1;0;1476;0;3784;1574;0;34;17252;0;1;499;0;0;0;690;230;1017;0;0;0;2;0;44;0;70;0;0;0;0;0;0;0;0;0;37810;6597;0;0;0;0;0;0;0;0;0;0;0;0;0;0;0;0;0;0;0;0;0;0;0;0;0;0;0;8101;43164475.9;0.591;Em risco;0
IRAPURU;-21,5684;-51,3472;0;0;0;0;0;0;0;0;1;1;0;0;1591;0;3545;451;0;31;6101;0;0;1529;1;0;0;0;143;228;0;0;0;1;0;10;0;17;0;0;0;0;0;0;0;0;0;0;3981;0;0;0;0;0;0;0;0;0;0;0;0;0;0;0;0;0;0;0;0;0;0;0;0;0;0;0;8356;36928788.38;0.587;Em risco;0
ITABERA;-23,8638;-49,14;0;0;1;0;0;0;2;2;2;0;0;0;2215;2879;3456;7810;0;22;19960;0;2277;87;0;235;416;105;151;711;0;0;0;15;0;216;0;61;0;0;0;0;0;0;0;0;0;0;2744;0;0;0;0;1;1;3;0;14;0;0;95;6;0;0;0;0;0;0;0;0;0;0;0;0;0;0;17405;113425831.63;0.619;Moderado;0
ITAI;-23,4213;-49,092;0;0;0;1;0;0;2;2;3;0;1;152;6514;2355;2901;11706;0;0;9078;0;430;47;0;0;672;548;0;114;0;0;0;0;0;71;0;0;0;0;0;0;0;0;0;0;0;0;0;0;0;0;0;0;0;0;0;0;0;0;3;0;0;0;0;0;0;0;0;0;0;0;0;0;0;0;27632;191169562.85;0.33;Crítico;3
ITAJOBI;-21,3123;-49,0629;0;0;0;1;0;0;1;3;15;1;0;0;6163;3950;3716;2906;0;200;28019;0;1450;705;3;97;832;1799;949;889;200;0;0;56;0;180;0;107;0;0;0;0;0;0;0;0;24;0;9055;0;0;0;0;0;0;0;0;0;0;0;108;0;0;0;0;0;0;0;0;0;0;0;0;0;0;0;15331;119584249.37;0.712;Estruturado;0
ITAJU;-21,9857;-48,8116;0;0;0;0;0;0;0;0;0;0;0;0;1067;467;684;1267;0;17;7301;0;0;405;0;0;2;0;228;442;0;0;0;0;0;0;0;32;0;0;0;0;0;0;0;0;53;0;4614;0;0;0;0;0;0;0;0;0;0;0;0;0;0;0;0;0;0;0;0;0;0;0;0;0;0;0;3937;35780706.34;0.617;Moderado;0
ITANHAEM;-24,1736;-46,788;0;0;1;2;0;0;7;17;34;1;7;570;49902;6016;26356;27518;554;122;86829;0;48263;2879;112;915;3147;470;369;4689;0;7;0;68;38;923;567;13;0;0;0;0;0;0;0;0;0;84210;7049;0;0;0;0;0;0;0;0;0;0;0;0;0;0;0;0;0;0;0;0;0;0;0;0;0;0;0;104351;639427019.89;0.629;Moderado;0
ITAOCA;-24,6393;-48,8413;0;0;0;0;0;0;0;0;0;0;1;0;0;412;2144;660;0;7;98;0;0;0;0;9;0;122;24;23;0;0;0;0;0;18;0;0;0;0;0;0;0;0;0;0;0;0;0;0;0;0;0;0;0;0;0;0;0;0;0;0;0;0;0;0;0;0;0;0;0;0;0;0;0;0;3332;1361518.11;0.154;Crítico;3
ITAPECERICA DA SERRA;-23,7161;-46,8572;0;0;1;3;0;0;2;21;36;2;2;1409;37264;15758;44986;42332;13642;181;116082;0;9714;7164;0;26;2436;667;525;1284;0;0;0;202;30;1600;0;146;0;0;0;0;0;0;2567;0;0;0;280;0;0;0;0;74;0;0;0;25;0;0;204;7;0;0;0;0;0;0;0;0;0;0;0;0;0;0;179574;688092231.32;0.375;Crítico;3
ITAPETININGA;-23,5886;-48,0483;0;0;0;2;0;0;1;11;360;0;10;3337;74740;26621;20523;28017;0;806;46457;0;59765;11;130;1314;6617;3;342;14;70;1052;0;571;120;1496;1518;72;0;151;55;154;0;0;0;0;52;0;62;0;21;0;0;72;125;40;112;64;3;0;2628;35;0;0;0;120;0;0;0;14;15;0;0;0;0;0;167106;759251314.59;0.512;Em risco;1
ITAPEVA;-23,9788;-48,8764;0;0;1;2;0;0;1;5;257;1;2;1626;29076;9894;19321;27923;0;515;73037;3;39359;4626;90;1069;4100;985;1641;1868;81;370;57;105;205;1209;1724;422;0;0;941;530;0;407;2462;0;0;0;19821;0;5;3;8;102;13;98;132;54;24;45;3250;44;2;6;13;207;0;0;0;1;2;10;5;0;0;2;95241;536284840.44;0.729;Estruturado;0
ITAPEVI;-23,5488;-46,9327;0;0;1;2;0;0;1;6;58;6;8;2863;46859;36206;26267;105351;13820;328;127240;0;84527;5818;688;1180;18081;1016;79;7496;25;0;0;500;0;745;0;126;0;40;0;0;0;0;0;0;0;0;1439;0;0;0;0;0;0;0;0;0;0;0;0;0;0;0;0;0;0;0;0;0;0;0;0;0;0;0;244131;1208954426.81;0.434;Em risco;1
ITAPIRA;-22,4357;-46,8224;0;0;1;3;0;0;6;12;125;0;2;1058;43295;4439;13429;8457;0;0;60164;13;36934;289;155;775;2971;2230;2864;1934;0;299;0;1017;100;3398;2;473;0;0;59;28;0;0;0;0;61;43290;6991;0;8;40;5;6;92;38;62;27;15;0;1401;28;0;0;1;49;0;0;0;8;6;0;0;0;0;0;75683;487708229.45;0.738;Estruturado;0
ITAPIRAPUA PAULISTA;-24,572;-49,1661;0;0;0;0;0;0;1;0;0;0;1;0;0;0;1342;2963;0;44;1066;0;0;0;0;15;0;150;88;140;0;0;0;11;0;21;0;0;0;0;0;0;0;0;0;0;43;0;0;0;0;0;0;0;0;0;0;0;0;0;0;0;0;0;0;0;0;0;0;0;0;0;0;0;0;0;4294;34848198.39;0.313;Crítico;3
ITAPOLIS;-21,5942;-48,8149;0;0;0;1;0;0;3;9;81;0;1;0;19478;2844;8680;7534;0;352;38214;0;5820;1054;0;611;1545;1173;879;1704;65;120;0;88;0;544;0;128;0;24;0;0;0;0;0;0;37;35010;5040;0;6;11;0;4;70;18;9;19;0;0;597;14;0;0;0;23;0;0;0;3;3;0;0;0;0;0;43536;214951404.86;0.702;Estruturado;0
ITAPORANGA;-23,7043;-49,4819;0;0;0;1;0;0;2;2;6;0;1;0;3753;710;5487;3825;0;55;5667;0;0;169;0;0;0;0;13;247;0;0;0;0;0;0;0;9;0;0;0;0;0;0;0;0;0;0;225;0;1;0;0;6;0;6;7;12;0;0;140;8;0;0;0;0;0;0;0;0;1;0;0;0;0;0;15197;75887846.66;0.345;Crítico;3
ITAPUI;-22,2324;-48,7197;0;0;1;0;0;0;1;1;2;1;1;0;3797;0;3907;5401;0;539;324456;0;4576;726;0;252;932;521;291;1697;71;0;0;9;0;143;0;75;0;0;0;0;0;0;0;0;0;31340;1214;0;0;0;0;0;0;0;0;0;0;0;0;0;0;0;0;0;0;0;0;0;0;0;0;0;0;0;14297;88466295.58;0.64;Moderado;0
ITAPURA;-20,6419;-51,5063;0;0;0;0;0;0;0;0;0;0;0;0;0;879;1133;1851;0;77;198;0;0;0;0;50;40;48;0;1;0;0;0;0;0;0;0;0;0;0;0;0;0;0;0;0;58;56780;132;0;0;0;0;0;0;0;0;0;0;0;0;0;0;0;0;0;0;0;0;0;0;0;0;0;0;0;4994;46528402.54;0.612;Moderado;0
ITAQUAQUECETUBA;-23,4835;-46,3457;0;0;1;0;0;0;4;18;50;5;7;297;83949;34428;73998;83599;90935;279;267965;8;10565;3014;28;357;3969;13720;25;11705;1;0;0;328;36;557;0;2;0;0;0;0;0;0;0;0;0;0;10067;0;0;0;0;0;0;0;0;0;0;0;0;0;0;0;0;0;0;0;0;0;0;0;0;0;0;0;379082;1207081838.37;0.34;Crítico;1
ITARARE;-24,1085;-49,3352;0;0;0;1;0;0;4;5;55;0;1;220;15966;4440;9164;13253;0;0;12833;0;8311;82;84;246;1416;0;0;72;0;21;0;159;32;422;0;0;0;0;0;0;0;0;0;0;0;0;0;0;34;0;0;10;116;17;13;25;5;0;649;7;0;0;0;31;0;0;0;0;1;0;0;0;0;0;50778;205152935.89;0.363;Crítico;3
ITARIRI;-24,2834;-47,1736;0;0;0;0;0;0;0;0;1;1;0;0;3762;739;5486;4990;0;0;0;0;0;0;0;0;0;0;0;0;0;0;0;0;0;0;0;0;0;0;0;0;0;0;0;0;0;0;0;0;0;0;0;0;0;0;0;0;0;0;0;0;0;0;0;0;0;0;0;0;0;0;0;0;0;0;17754;79133687.38;0.143;Crítico;3
ITATIBA;-23,0035;-46,8464;0;0;0;3;0;0;7;42;137;2;2;9646;60878;20692;4867;23768;0;591;91814;0;43864;2124;164;2375;4983;2367;5876;6440;3;281;60;255;191;3014;149;478;0;17;0;0;15;0;987;0;43;17420;30074;0;6;0;2;47;69;40;68;46;3;0;776;54;0;13;6;44;0;0;0;1;13;0;0;0;0;0;124254;677626910.44;0.691;Estruturado;0
ITATINGA;-23,1047;-48,6157;0;0;0;1;0;0;0;0;16;0;0;0;5791;1546;4374;5413;0;62;4053;0;3724;0;0;201;676;0;1;0;0;0;0;58;0;327;0;0;0;0;0;0;0;0;0;0;2;22040;0;0;0;0;0;0;0;0;0;0;0;0;0;0;0;0;0;0;0;0;0;0;0;0;0;0;0;0;21139;112308675.94;0.432;Em risco;3
ITIRAPINA;-22,2562;-47,8166;0;0;1;0;0;0;1;0;17;0;1;0;7051;2028;691;2180;708;9;26404;0;5;321;2;0;799;304;107;1428;0;0;0;118;0;224;0;34;0;0;0;0;0;0;0;0;0;23660;10462;0;0;0;0;0;0;0;0;0;0;0;28;0;0;0;0;0;0;0;0;0;0;0;0;0;0;0;18610;134859655.96;0.713;Estruturado;0
ITIRAPUA;-20,6416;-47,2194;0;0;0;0;0;0;2;0;0;0;0;0;803;0;3592;1361;0;29;0;0;0;0;0;0;0;0;0;0;0;0;0;0;0;0;0;0;0;0;0;0;0;0;0;0;15;10410;0;0;0;0;0;0;0;0;0;0;0;0;0;0;0;0;0;0;0;0;0;0;0;0;0;0;0;0;6587;32641764.02;0.334;Crítico;3
ITOBI;-21,7309;-46,9743;0;0;0;0;0;0;0;1;2;0;0;0;3016;392;1432;3025;0;0;8266;0;0;0;0;25;0;102;86;193;0;0;0;0;0;0;0;15;0;0;0;0;0;0;0;0;0;0;705;0;0;0;0;0;0;0;0;0;0;0;0;0;0;0;0;0;0;0;0;0;0;0;0;0;0;0;7862;34895786.92;0.488;Em risco;3
ITU;-23,2544;-47,2927;0;0;1;2;0;0;1;16;214;3;2;10112;83082;23072;18494;28130;3226;988;97563;0;74475;1583;37;2565;6194;2609;883;3059;182;1177;0;438;357;2146;1032;200;0;159;0;0;0;0;0;0;108;43700;16619;0;11;24;15;82;163;63;144;91;10;0;2858;81;0;4;0;272;0;0;0;6;14;0;0;0;0;0;177150;1209104445.11;0.683;Estruturado;1
ITUPEVA;-23,1526;-47,0593;0;0;1;1;0;0;6;15;41;0;1;7465;21783;17034;2131;21100;0;377;75331;370;42953;4295;124;634;2507;2325;2223;1056;73;447;34;41;58;711;0;287;0;0;0;0;0;0;0;0;7;0;7262;0;0;0;0;11;0;0;0;24;0;0;120;0;0;0;0;0;0;0;0;0;0;0;0;0;0;0;64330;570427639.54;0.703;Estruturado;0
ITUVERAVA;-20,3355;-47,7902;0;0;0;2;0;0;1;2;203;0;2;1955;16741;638;9985;7811;0;0;12920;1;18631;45;20;268;2004;1179;1237;169;51;512;18;9;63;62;0;202;0;0;0;0;0;0;1296;0;62;0;1490;0;20;7;0;7;0;43;15;18;6;0;732;36;0;14;0;48;0;0;0;10;2;0;0;0;0;0;42259;252911599.23;0.718;Estruturado;0
JABORANDI;-20,6884;-48,4112;0;0;1;0;0;0;1;0;5;0;1;0;2406;0;3449;0;0;248;11752;0;2021;229;0;0;0;435;0;221;0;0;0;60;0;60;0;0;0;0;0;0;0;0;0;0;0;0;1264;0;0;0;0;0;0;0;0;0;0;0;18;0;0;0;0;0;0;0;0;0;0;0;0;0;0;0;6963;54893398.89;0.764;Estruturado;0
JABOTICABAL;-21,252;-48,3252;0;0;0;2;0;0;5;28;180;3;4;4125;37775;7718;9497;11763;0;297;46076;3;37796;1651;938;868;671;777;2656;928;0;157;0;664;35;1186;303;206;0;1;0;0;0;0;1762;0;0;0;25564;0;5;0;0;18;10;19;34;13;6;0;677;10;0;6;0;32;0;0;0;0;1;0;0;0;0;0;78029;479743095.57;0.789;Estruturado;0
JACAREI;-23,2983;-45,9658;0;0;0;6;0;0;3;55;394;4;4;12644;136385;29290;23837;29158;6365;1252;100696;0;135332;2025;1118;3064;7088;8682;1208;4085;2;567;268;271;396;4384;1383;159;0;177;686;1091;29;703;1881;0;15;0;25139;0;29;30;10;78;154;214;91;76;24;67;3030;105;0;11;13;148;0;1;0;5;8;0;0;0;0;0;237119;1442704827.86;0.706;Estruturado;1
JACI;-20,8805;-49,5797;0;0;0;1;0;0;0;2;0;0;0;0;569;3729;1370;1746;0;11;87;0;0;0;0;75;0;0;93;0;0;0;0;0;0;0;0;42;0;0;0;0;0;0;0;0;0;0;1052;0;0;0;0;0;0;0;0;0;0;0;0;0;0;0;0;0;0;0;0;0;0;0;0;0;0;0;7322;51758652.37;0.282;Crítico;3
JACUPIRANGA;-24,6963;-48,0064;0;0;0;0;0;0;1;0;9;1;0;0;6945;191;4884;3714;0;0;15146;0;8764;0;7;108;457;1105;0;601;0;0;0;21;0;208;0;0;0;0;0;0;0;0;0;0;0;0;642;0;0;0;0;0;0;0;0;0;0;0;0;0;0;0;0;0;0;0;0;0;0;0;0;0;0;0;17911;92114638.34;0.609;Moderado;0
JAGUARIUNA;-22,7037;-46,9851;0;0;1;1;0;0;6;32;60;1;4;2867;25921;21601;1611;6528;0;157;41131;1;40667;1008;205;2058;4643;2759;351;9347;0;660;117;210;178;2309;151;19;0;0;4;0;0;0;0;0;24;0;284;0;5;4;1;24;34;35;21;64;3;0;746;28;0;3;0;16;0;0;0;7;1;0;0;0;0;0;59921;709396458.11;0.825;Estruturado;0
JALES;-20,2672;-50,5494;0;0;0;2;0;0;1;6;160;1;3;343;28454;3853;10184;5731;0;277;32388;0;5504;1;0;0;1701;484;220;991;0;0;0;179;0;408;0;48;0;0;0;0;0;0;0;0;21;0;265;0;0;0;0;0;0;0;0;0;0;0;0;0;0;0;0;0;0;0;0;0;0;0;0;0;0;0;49291;257826660.14;0.647;Moderado;0
JAMBEIRO;-23,2522;-45,6942;0;0;0;0;0;0;1;1;2;0;1;408;2564;0;1920;1228;0;30;1519;0;0;0;0;0;0;0;0;0;0;0;0;0;0;0;0;0;0;0;0;0;0;0;0;0;0;0;0;0;0;0;0;0;0;0;0;0;0;0;0;0;0;0;0;0;0;0;0;0;0;0;0;0;0;0;6828;57112868.24;0.367;Crítico;3
JANDIRA;-23,5275;-46,9023;0;0;0;1;0;0;5;19;26;1;4;6947;31856;35113;6177;32847;4963;103;63272;0;50941;78;0;191;2440;1380;688;2347;0;0;0;273;0;708;0;48;0;0;0;0;0;0;0;0;7;0;988;0;0;0;0;0;0;0;0;0;0;0;0;0;0;0;0;0;0;0;0;0;0;0;0;0;0;0;127734;519594344.79;0.452;Em risco;3
JARDINOPOLIS;-21,0176;-47,7606;0;0;0;0;0;0;4;9;42;1;1;521;21191;8011;4588;8626;0;235;26715;0;0;521;0;0;16;451;1533;2949;0;0;0;77;0;233;0;220;0;0;0;0;0;0;0;0;20;0;32179;0;0;0;0;0;0;0;0;0;0;0;0;0;0;0;0;0;0;0;0;0;0;0;0;0;0;0;45544;240210808.17;0.662;Moderado;0
JARINU;-23,1039;-46,728;0;0;0;1;0;0;2;3;12;0;1;320;11916;4450;4476;14297;0;0;21388;0;16349;0;0;0;885;954;0;34;0;0;0;1;0;225;0;0;0;0;0;0;0;0;0;0;0;0;0;0;0;0;0;0;0;0;0;0;0;0;64;0;0;0;0;0;0;0;0;0;0;0;0;0;0;0;31173;211176622.82;0.57;Em risco;0
JAU;-22,2936;-48,5592;0;0;0;4;0;0;10;116;332;2;4;2183;77911;15869;13365;22680;0;159;79753;0;36702;369;388;740;5719;2233;619;1055;156;1113;0;17;29;2385;69;210;0;0;0;34;0;0;2052;0;993;0;7078;0;6;9;12;38;11;82;125;107;25;0;3789;67;1;6;2;192;0;0;0;18;27;0;9;0;0;1;153463;624674947.45;0.654;Moderado;0
JERIQUARA;-20,3116;-47,5918;0;0;0;0;0;0;0;0;0;0;0;0;1664;0;1663;454;0;0;2025;0;0;224;0;0;0;85;0;100;0;0;0;5;0;0;0;0;0;0;0;0;0;0;0;0;0;0;0;0;0;0;0;0;0;0;0;0;0;0;0;0;0;0;0;0;0;0;0;0;0;0;0;0;0;0;3143;35647611.31;0.455;Em risco;3
JOANOPOLIS;-22,927;-46,2741;0;0;0;1;0;0;0;0;14;0;1;0;5946;774;2735;2879;0;78;13837;0;0;152;0;106;363;0;534;366;0;0;0;0;0;96;0;87;0;0;0;0;0;0;0;0;0;0;1351;0;0;0;0;0;0;0;0;0;0;0;97;0;0;0;0;0;0;0;0;0;0;0;0;0;0;0;13453;73895504.79;0.624;Moderado;0
JOAO RAMALHO;-22,2473;-50,7694;0;0;0;0;0;0;0;0;1;0;0;0;1155;0;3007;0;0;110;276;0;1496;0;0;0;0;181;0;0;0;0;0;0;0;0;0;0;0;0;0;0;0;0;0;0;0;0;0;0;0;0;0;0;0;0;0;0;0;0;0;0;0;0;0;0;0;0;0;0;0;0;0;0;0;0;4577;42430188.32;0.372;Crítico;3
JOSE BONIFACIO;-21,0551;-49,6892;0;0;0;1;0;0;2;4;63;0;1;0;11276;9202;3322;12614;0;161;28990;0;3906;150;0;171;11;1361;1252;1273;118;0;0;0;0;9;0;202;0;0;0;0;0;0;0;0;88;0;6739;0;0;0;0;0;0;0;0;0;0;0;0;0;0;0;0;0;0;0;0;0;0;0;0;0;0;0;37707;203840572.22;0.613;Moderado;0
JULIO MESQUITA;-22,0112;-49,7873;0;0;0;0;0;0;0;1;0;0;0;0;0;0;618;3482;0;0;166;0;0;25;0;0;0;191;0;0;0;0;0;0;0;0;0;0;0;0;0;0;0;0;0;0;0;0;0;0;0;0;0;0;0;0;0;0;0;0;0;0;0;0;0;0;0;0;0;0;0;0;0;0;0;0;4824;39292610.42;0.201;Crítico;3
JUMIRIM;-23,0884;-47,7868;0;0;0;0;0;0;0;0;2;0;0;0;1921;0;130;660;0;40;319;0;1799;0;0;0;0;0;0;0;0;0;0;0;0;14;0;0;0;0;0;0;0;0;0;0;0;18500;471;0;0;0;0;0;0;0;0;0;0;0;0;0;0;0;0;0;0;0;0;0;0;0;0;0;0;0;3467;40554333.39;0.712;Estruturado;0
JUNDIAI;-23,1852;-46,8974;0;0;1;11;0;0;14;291;1623;7;7;71373;245216;65079;8270;28423;17917;1545;283685;7;163768;18023;1985;7907;20357;4875;7951;7066;762;2156;529;523;662;26613;2864;1630;0;16;130;85;169;1879;0;0;1171;0;7946;0;32;83;54;153;794;184;289;163;56;67;4032;197;0;22;29;847;0;27;1;8;19;14;34;0;0;8;426935;3664002453.68;0.894;Estruturado;2
JUNQUEIROPOLIS;-21,5103;-51,4342;0;0;0;2;0;0;1;0;15;1;0;0;9603;469;4042;4372;0;26;12285;367;4738;6081;90;0;836;1478;538;411;326;0;0;39;0;691;0;18;0;0;0;0;0;0;0;0;78;45320;448;0;1;0;0;3;0;18;4;15;0;0;337;4;0;0;0;4;0;0;0;0;1;0;0;0;0;0;20978;115147216.56;0.648;Moderado;0
JUQUIA;-24,3101;-47,6426;0;0;0;0;0;0;0;0;2;1;0;0;4098;562;10164;2167;0;194;11722;0;7740;2515;0;171;692;523;194;632;0;0;0;38;0;273;0;0;0;0;0;0;0;0;0;0;55;0;0;0;0;0;0;0;0;0;0;0;0;0;0;0;0;0;0;0;0;0;0;0;0;0;0;0;0;0;18627;96305786.11;0.548;Em risco;0
JUQUITIBA;-23,9244;-47,0653;0;0;0;0;0;0;1;0;3;0;2;0;883;1722;10445;13146;0;240;18084;0;0;1047;0;130;1292;309;0;279;0;0;0;5;0;279;0;0;0;0;0;0;0;0;0;0;0;0;0;0;0;0;0;0;0;0;0;0;0;0;0;0;0;0;0;0;0;0;0;0;0;0;0;0;0;0;31844;141324028.5;0.318;Crítico;3
LAGOINHA;-23,0846;-45,1944;0;0;0;0;0;0;0;1;1;0;1;0;1287;0;2309;1293;0;11;1408;0;0;20;0;0;0;0;0;5;0;0;0;4;0;10;0;0;0;0;0;0;0;0;0;0;0;0;0;0;0;0;0;0;0;0;0;0;0;0;0;0;0;0;0;0;0;0;0;0;0;0;0;0;0;0;4882;39059483.4;0.326;Crítico;3
LARANJAL PAULISTA;-23,0506;-47,8375;0;0;0;1;0;0;2;3;75;0;0;783;12599;5824;1399;5300;0;0;25631;8;8509;332;8;198;1170;754;430;1267;54;0;0;200;10;297;0;126;0;0;28;0;0;0;0;0;0;1760;770;0;0;8;0;13;4;15;0;11;0;0;373;7;0;0;0;6;0;0;0;0;0;0;0;0;0;0;29047;161122522.89;0.753;Estruturado;0
LAVINIA;-21,1639;-51,0412;0;0;0;0;0;0;0;0;0;0;0;0;2278;0;1669;600;0;0;4552;0;10;77;0;0;0;0;96;1585;0;0;0;0;0;0;0;21;0;0;0;0;0;0;0;0;0;13740;5378;0;0;0;0;0;0;0;0;0;0;0;0;0;0;0;0;0;0;0;0;0;0;0;0;0;0;0;12581;60322095.42;0.592;Moderado;0
LAVRINHAS;-22,57;-44,9024;0;0;0;0;0;0;1;0;1;0;0;0;2193;812;3342;654;0;8;59;0;0;0;0;40;115;73;0;0;0;0;0;53;0;17;0;0;0;0;0;0;0;0;0;0;0;7900;0;0;0;0;0;0;0;0;0;0;0;0;0;0;0;0;0;0;0;0;0;0;0;0;0;0;0;0;7361;44122973.4;0.316;Crítico;3
LEME;-22,1809;-47,3841;0;0;0;2;0;0;7;22;173;2;1;3103;36490;6523;21704;29606;0;499;97340;0;43430;3896;3;1344;6017;1877;5633;8259;160;231;0;1127;0;1797;105;715;0;0;4;0;0;0;1586;0;159;0;24414;0;7;5;5;16;61;27;39;52;8;0;1092;67;0;2;1;51;0;0;0;2;9;0;0;0;0;0;105273;556675528.29;0.687;Estruturado;0
LENCOIS PAULISTA;-22,6027;-48,8037;0;0;0;2;0;0;3;18;251;1;3;2235;42649;7249;9694;4223;0;453;80062;0;34244;5431;878;983;1333;9352;1696;7547;40;364;130;175;166;775;40;160;0;103;0;0;0;0;0;0;0;0;50666;0;2;3;0;8;29;60;49;35;4;0;765;24;3;6;0;50;0;0;0;4;0;0;0;0;0;0;69533;479806570.68;0.864;Estruturado;0
LIMEIRA;-22,566;-47,397;0;0;0;4;0;0;6;54;849;1;4;15957;153609;44905;39317;34046;0;0;116966;1539;124077;1706;529;3336;11236;6462;4100;1358;0;997;181;136;340;4176;1788;819;0;2;1539;1602;22;741;1820;0;229;0;3735;0;7;74;57;63;25;103;188;118;36;51;4783;125;13;31;4;609;0;30;0;0;26;0;0;0;0;0;310783;1600219728.68;0.641;Moderado;1
LINDOIA;-22,5226;-46,65;0;0;0;0;0;0;2;0;8;0;1;0;3218;1641;832;1164;0;0;1514;0;38462;21;0;1712;391;550;1406;0;0;0;0;129;145;2323;0;139;0;0;0;0;0;0;0;0;72;0;54;0;0;0;0;0;0;0;0;0;0;0;0;0;0;0;0;0;0;0;0;0;0;0;0;0;0;0;8201;57691678.84;0.728;Estruturado;0
LINS;-21,6718;-49,7526;0;0;1;3;0;0;6;29;510;0;1;2837;42004;11633;7973;8978;0;276;16508;0;16544;51;0;299;2871;0;199;356;0;50;8;160;0;448;0;93;0;0;0;0;0;0;0;0;20;0;302;0;6;0;6;23;17;26;28;59;7;0;2113;9;1;0;0;102;0;0;0;0;9;0;0;0;0;0;78978;356636120.39;0.567;Em risco;0
LORENA;-22,7334;-45,1197;0;0;0;3;0;0;5;24;254;0;2;648;53574;5847;12681;10358;1025;61;26766;0;29549;417;26;1044;3412;183;3004;3;0;561;54;268;5;3575;308;457;0;0;0;0;0;0;0;0;37;0;706;0;8;1;0;35;9;41;17;120;4;0;1634;3;0;2;0;18;0;0;0;0;6;0;0;0;0;0;89532;376917089.79;0.592;Moderado;0
LOURDES;-20,966;-50,2263;0;0;0;0;0;0;0;0;0;0;0;0;0;0;1635;192;0;0;8079;0;20;258;0;0;0;0;257;57;17;0;0;0;0;0;0;23;0;0;0;0;0;0;0;0;0;0;2908;0;0;0;0;0;0;0;0;0;0;0;0;0;0;0;0;0;0;0;0;0;0;0;0;0;0;0;2311;27744251.99;0.649;Moderado;0
LOUVEIRA;-23,0856;-46,9484;0;0;1;1;0;0;3;11;23;0;0;3741;15033;9714;2167;20494;246;658;30575;0;32857;759;181;1662;2668;2439;30;295;10;370;54;341;93;2520;54;1;0;0;0;0;22;0;0;0;11;0;0;0;1;3;0;16;24;25;5;17;6;0;510;27;6;9;1;4;0;5;0;0;0;0;0;0;0;0;51007;689155575.56;0.73;Estruturado;0
LUCELIA;-21,7182;-51,0215;0;0;0;1;0;0;0;1;27;0;0;0;7171;622;3008;6371;0;0;15531;0;6294;358;2;0;580;1554;479;964;0;0;0;37;0;93;0;88;0;0;0;0;0;0;0;0;22;0;10382;0;0;0;0;0;2;0;0;0;0;0;109;0;0;0;0;0;0;0;0;0;0;0;0;0;0;0;22022;90926780.52;0.613;Moderado;0
LUCIANOPOLIS;-22,4294;-49,522;0;0;0;0;0;0;0;0;0;0;0;0;550;0;1656;160;0;0;3699;0;0;154;0;0;0;0;243;123;0;0;0;1;0;0;0;22;0;0;0;0;0;0;0;0;76;0;935;0;0;0;0;0;0;0;0;0;0;0;0;0;0;0;0;0;0;0;0;0;0;0;0;0;0;0;2412;27759902.3;0.642;Moderado;0
LUIS ANTONIO;-21,55;-47,7801;0;0;0;0;0;0;0;0;0;0;0;0;3806;0;3005;5296;0;0;11849;0;4893;305;0;0;570;0;221;1100;0;0;0;88;0;0;0;70;0;0;0;0;0;0;0;0;0;0;102;0;0;0;0;0;0;0;0;0;0;0;0;0;0;0;0;0;0;0;0;0;0;0;0;0;0;0;15628;126178670.04;0.565;Em risco;0
LUIZIANIA;-21,6737;-50,3294;0;0;0;0;0;0;0;1;3;0;0;0;310;340;3022;903;0;3;5366;0;0;53;0;0;0;56;193;250;0;0;0;7;0;21;0;19;0;0;0;0;0;0;0;0;0;0;2520;0;0;0;0;0;0;0;0;0;0;0;0;0;0;0;0;0;0;0;0;0;0;0;0;0;0;0;5918;36921096.74;0.616;Moderado;0
LUPERCIO;-22,4146;-49,818;0;0;0;0;0;0;0;0;0;0;0;0;230;0;3370;159;0;2;0;0;1989;0;0;0;0;0;0;0;0;0;0;0;0;0;0;0;0;0;0;0;0;0;0;0;0;0;0;0;0;0;0;0;0;0;0;0;0;0;0;0;0;0;0;0;0;0;0;0;0;0;0;0;0;0;4608;31267186.21;0.31;Crítico;3
LUTECIA;-22,3384;-50,394;0;0;0;0;0;0;0;0;1;0;0;0;214;103;704;1407;0;0;1090;6;3277;0;0;0;0;0;0;0;0;0;0;0;0;0;0;0;0;0;0;0;0;0;0;0;0;0;0;0;0;0;0;0;0;0;0;0;0;0;0;0;0;0;0;0;0;0;0;0;0;0;0;0;0;0;2623;35011807.46;0.655;Moderado;0
MACATUBA;-22,5002;-48,7102;0;0;0;1;0;0;4;13;18;0;0;0;7856;2855;3109;2737;0;105;18287;0;5237;454;0;68;782;958;943;693;0;0;0;15;0;169;0;216;0;0;0;0;0;0;0;0;17;0;5586;0;9;0;0;0;0;0;0;3;0;0;0;0;0;0;0;0;0;0;0;0;0;0;0;0;0;0;17263;127275511.45;0.793;Estruturado;0
MACAUBAL;-20,8022;-49,9687;0;0;0;1;0;0;1;0;5;0;0;0;2214;321;2698;2068;0;42;2420;0;205;23;0;0;0;350;0;0;0;0;0;4;0;48;0;0;0;0;0;0;0;0;0;0;0;0;0;0;0;0;0;0;0;0;0;0;0;0;0;0;0;0;0;0;0;0;0;0;0;0;0;0;0;0;8174;49090294.7;0.355;Crítico;3
MACEDONIA;-20,1444;-50,1973;0;0;0;0;0;0;0;0;2;0;0;0;1136;0;2212;579;0;6;912;0;0;231;0;0;0;68;43;1;0;0;0;16;0;49;0;0;0;0;0;0;0;0;0;0;0;0;1818;0;0;0;0;0;0;0;0;0;0;0;0;0;0;0;0;0;0;0;0;0;0;0;0;0;0;0;3686;35180699.04;0.483;Em risco;3
MAGDA;-20,6445;-50,2305;0;0;0;0;0;0;1;0;1;0;0;0;1154;187;1822;0;0;2;383;0;1277;0;0;0;0;357;0;0;0;0;0;0;0;0;0;0;0;0;0;0;0;0;0;0;20;0;0;0;0;0;0;0;0;0;0;0;0;0;0;0;0;0;0;0;0;0;0;0;0;0;0;0;0;0;3086;37758368.18;0.536;Em risco;0
MAIRINQUE;-23,5398;-47,185;0;0;0;0;0;0;3;12;40;1;1;160;28364;3046;6691;9135;492;0;12899;0;0;185;0;249;1130;338;379;365;0;0;0;23;0;220;0;95;0;0;0;0;0;0;0;0;0;0;95;0;0;0;0;0;0;0;0;0;0;0;0;0;0;0;0;0;0;0;0;0;0;0;0;0;0;0;47723;236805225.56;0.345;Crítico;3
MAIRIPORA;-23,3171;-46,5897;0;0;1;1;0;0;5;8;8;1;0;5040;36945;11048;12002;19550;3391;195;51480;0;47511;522;104;342;7065;598;1033;2134;0;0;0;259;0;517;6;249;0;0;0;0;0;0;0;0;30;0;3183;0;0;0;0;0;20;0;30;0;0;0;475;0;0;0;0;0;0;0;0;0;5;0;0;0;0;0;103645;519617024.61;0.527;Em risco;0
MANDURI;-23,0056;-49,3202;0;0;0;0;0;0;0;0;0;0;0;0;5365;664;1303;2301;0;263;4767;0;4462;0;0;0;0;189;0;65;0;0;0;0;0;0;0;0;0;0;0;0;0;0;0;0;0;0;0;0;0;0;0;0;0;0;0;0;0;0;0;0;0;0;0;0;0;0;0;0;0;0;0;0;0;0;9972;57072407.46;0.468;Em risco;3
MARABA PAULISTA;-22,1068;-51,9617;0;0;0;0;0;0;0;0;0;0;0;0;97;0;3399;0;0;7;0;0;0;0;0;0;0;0;0;0;0;0;0;0;0;0;0;0;0;0;0;0;0;0;0;0;0;0;1395;0;0;0;0;0;0;0;0;0;0;0;0;0;0;0;0;0;0;0;0;0;0;0;0;0;0;0;6039;40658912.45;0.276;Crítico;3
MARACAI;-22,6149;-50,6713;0;0;0;1;0;0;0;2;3;0;0;0;6152;0;4441;1773;0;9117;12939;0;467;145;4;0;3;580;667;227;0;0;0;7;0;75;0;82;0;0;1;0;0;0;0;0;25;0;6106;0;0;0;0;0;0;18;0;5;0;0;99;8;0;0;0;0;0;0;0;0;0;0;0;0;0;0;14069;93236570.46;0.633;Moderado;0
MARAPOAMA;-21,2587;-49,13;0;0;0;0;0;0;1;0;0;0;0;0;1621;354;1007;250;0;14;5813;0;0;204;0;0;2;568;269;173;0;0;0;7;0;5;0;34;0;0;0;0;0;0;0;0;16;3270;1009;0;0;0;0;0;0;0;0;0;0;0;0;0;0;0;0;0;0;0;0;0;0;0;0;0;0;0;3097;36774558.75;0.73;Estruturado;0
MARIAPOLIS;-21,7959;-51,1824;0;0;0;0;0;0;0;0;1;0;0;154;694;0;2331;0;0;0;2872;0;0;87;0;0;2;132;136;330;0;0;0;10;0;8;0;18;0;0;0;0;0;0;0;0;18;0;2843;0;0;0;0;0;0;0;0;0;0;0;0;0;0;0;0;0;0;0;0;0;0;0;0;0;0;0;4098;28575337.48;0.616;Moderado;0
MARILIA;-22,2171;-49,9501;0;0;0;7;0;0;8;32;960;4;9;14526;126653;39960;25018;24966;2868;537;61428;0;68712;2616;281;2361;7887;3779;435;1238;197;398;119;891;263;7494;1831;107;28;113;94;74;42;801;2845;0;109;0;636;0;14;125;5;62;117;229;151;39;18;56;5844;117;5;26;4;727;0;6;0;10;19;0;0;0;0;0;242249;1347852849.78;0.646;Moderado;1
MARINOPOLIS;-20,4389;-50,8254;0;0;0;0;0;0;0;0;0;0;0;0;135;0;1519;175;0;36;1444;0;0;21;0;0;0;54;166;4;0;0;0;23;0;0;0;4;0;0;0;0;0;0;0;0;0;270;134;0;0;0;0;0;0;0;0;0;0;0;0;0;0;0;0;0;0;0;0;0;0;0;0;0;0;0;2101;27558777.02;0.523;Em risco;0
MARTINOPOLIS;-22,1462;-51,1709;0;0;0;1;0;0;0;4;19;0;0;0;5966;117;10594;6066;0;1;9766;0;3824;1;22;112;510;1092;87;220;0;0;0;60;0;167;0;1;0;0;0;0;0;0;0;0;28;0;54;0;3;0;0;1;2;5;0;11;1;0;345;3;0;0;0;0;0;0;0;0;0;0;0;0;0;0;26791;131106923.81;0.376;Crítico;3
MATAO;-21,6025;-48,364;0;0;0;1;0;0;6;32;205;1;4;1515;48005;5975;15063;7739;0;139;38433;0;11;2004;0;0;4;0;2249;4729;1;0;0;107;0;21;0;375;0;0;0;0;0;0;0;0;46;0;8403;0;0;0;0;0;0;0;0;0;0;0;0;0;0;0;0;0;0;0;0;0;0;0;0;0;0;0;84069;377840786.5;0.558;Em risco;0
MAUA;-23,6677;-46,4613;0;0;1;3;0;0;6;34;247;6;18;0;202762;46409;26062;26029;114476;16207;189631;0;122179;6502;627;1246;10971;575;2040;12033;50;255;0;852;74;2130;0;202;0;3;55;101;0;0;0;0;122;0;603;0;55;5;0;93;162;102;135;87;13;0;2492;92;16;3;1;111;0;0;0;14;15;0;0;0;0;0;481725;1549076671.25;0.392;Crítico;1
MENDONCA;-21,1757;-49,5791;0;0;0;0;0;0;0;0;2;0;0;0;1579;1267;2640;546;0;18;4585;0;1215;77;0;0;3;679;144;845;0;0;0;1;0;21;0;22;0;0;0;0;0;0;0;0;26;10050;4814;0;0;0;0;0;0;0;0;0;0;0;0;0;0;0;0;0;0;0;0;0;0;0;0;0;0;0;5638;55725342.57;0.645;Moderado;0
MERIDIANO;-20,3579;-50,1811;0;0;0;0;0;0;1;0;2;0;0;0;2980;0;1426;0;0;9;278;0;0;0;0;0;0;0;6;0;0;0;0;0;0;0;0;0;0;0;0;0;0;0;0;0;0;0;0;0;0;0;0;0;0;0;0;0;0;0;0;0;0;0;0;0;0;0;0;0;0;0;0;0;0;0;3813;51081600.13;0.392;Crítico;3
MESOPOLIS;-19,9684;-50,6326;0;0;0;0;0;0;0;0;1;0;0;0;141;0;677;1041;0;2;0;0;0;0;0;0;0;0;0;0;0;0;0;0;0;0;0;0;0;0;0;0;0;0;0;0;0;0;0;0;0;0;0;0;0;0;0;0;0;0;0;0;0;0;0;0;0;0;0;0;0;0;0;0;0;0;1903;26571168.38;0.26;Crítico;3
MIGUELOPOLIS;-20,1796;-48,031;0;0;0;0;0;0;1;0;2;0;0;0;3585;1033;8024;6045;0;33;12032;0;1184;0;2;0;619;0;0;454;0;0;0;7;0;147;0;0;0;0;0;0;0;0;0;0;0;0;91;0;20;0;0;2;0;1;3;11;0;0;174;2;0;0;0;0;0;0;0;0;0;0;0;0;0;0;22480;141229506.57;0.373;Crítico;3
MINEIROS DO TIETE;-22,412;-48,451;0;0;0;1;0;0;3;3;40;1;1;0;1393;422;2918;6314;0;0;8564;0;0;724;0;0;1;0;160;880;0;0;0;0;0;0;0;49;0;0;0;0;0;0;0;0;0;0;5163;0;0;0;0;0;0;0;0;0;0;0;0;0;0;0;0;0;0;0;0;0;0;0;0;0;0;0;13023;55741552.42;0.687;Estruturado;0
MIRACATU;-24,2766;-47,4625;0;0;0;1;0;0;1;0;3;1;0;0;2336;0;10260;5248;0;134;22561;0;12154;0;112;173;718;240;0;1109;0;0;0;26;0;115;0;0;0;0;0;0;0;0;0;0;0;0;794;0;0;0;0;0;0;0;0;0;0;0;0;0;0;0;0;0;0;0;0;0;0;0;0;0;0;0;19511;116488485.65;0.59;Em risco;0
MIRA ESTRELA;-19,9789;-50,139;0;0;0;0;0;0;1;0;1;0;0;0;728;416;1515;261;0;22;767;0;0;1129;0;0;0;338;0;0;22;0;0;1;0;12;0;0;0;0;0;0;0;0;0;0;0;120;1691;0;0;0;0;0;0;0;0;0;0;0;0;0;0;0;0;0;0;0;0;0;0;0;0;0;0;0;3125;39754053.73;0.714;Estruturado;0
MIRANDOPOLIS;-21,1313;-51,1035;0;0;1;0;0;0;1;2;46;1;0;0;12795;400;8853;1183;0;2;32764;0;439;139;0;0;10;1184;561;1656;0;0;0;12;0;71;0;102;0;0;0;0;0;0;0;0;43;0;5630;0;0;0;0;0;0;0;0;0;0;0;0;0;0;0;0;0;0;0;0;0;0;0;0;0;0;0;29844;134787732.53;0.682;Estruturado;0
MIRANTE DO PARANAPANEMA;-22,2904;-51,9084;0;0;0;0;0;0;2;2;7;1;0;0;2421;0;11124;2030;0;46;10968;0;4623;38;0;387;610;559;89;827;0;0;0;43;0;1051;0;1;0;2;0;0;0;0;0;0;24;8260;3719;0;0;0;0;0;0;0;0;0;0;0;0;0;0;0;0;0;0;0;0;0;0;0;0;0;0;0;18415;120199516.04;0.64;Moderado;0
MIRASSOL;-20,8169;-49,5206;0;0;0;2;0;0;5;15;115;1;1;4750;37600;8202;7693;4611;0;262;44057;0;13027;1061;1;274;1918;1105;1918;1515;0;0;0;236;0;990;0;307;0;0;0;0;0;0;0;0;55;0;1888;0;0;11;0;7;0;13;0;21;0;0;0;9;0;1;0;0;0;0;0;0;6;0;0;0;0;0;60768;285446724.0;0.67;Moderado;0
MIRASSOLANDIA;-20,6179;-49,4617;0;0;0;0;0;0;0;0;0;0;0;0;1559;595;683;1668;0;43;5280;0;0;426;0;0;0;0;183;620;0;0;0;4;0;0;0;71;0;0;0;0;0;0;0;0;0;0;1961;0;0;0;0;0;0;0;0;0;0;0;0;0;0;0;0;0;0;0;0;0;0;0;0;0;0;0;4966;36386683.95;0.59;Em risco;0
MOCOCA;-21,4647;-47,0024;0;0;0;1;0;0;4;101;131;2;1;984;39619;3622;14290;7990;0;0;56215;0;27206;18;40;395;2381;3590;1549;144;1;146;0;200;0;759;59;177;0;0;0;0;0;0;0;0;71;0;771;0;15;0;4;20;90;12;27;59;4;0;1568;13;1;1;0;21;0;0;0;7;2;0;0;0;0;0;69072;289502043.38;0.792;Estruturado;0
MOGI DAS CRUZES;-23,5208;-46,1854;0;0;2;6;0;0;11;212;194;4;11;31990;225316;41553;45244;86611;17486;467;188498;0;155814;7151;1902;4937;10082;12747;1422;9362;250;992;145;621;405;9195;2186;293;0;1;580;1173;57;0;0;0;0;0;5084;0;29;18;65;229;216;147;311;153;4;0;2275;176;43;36;0;201;0;0;0;0;0;0;0;0;0;0;455587;2379475027.98;0.515;Em risco;1
MOGI GUACU;-22,3675;-46,9428;0;0;1;2;0;0;5;45;321;2;4;4883;100742;12251;21469;12180;0;0;70152;0;63202;2649;135;1447;2050;1105;228;1526;0;245;0;271;83;1573;1;179;0;73;69;43;0;592;0;0;0;0;2748;0;22;14;30;32;34;61;114;67;22;35;4036;36;2;7;7;1445;0;0;0;0;11;0;0;0;0;0;154146;786711619.86;0.648;Moderado;0
MOGI MIRIM;-22,4332;-46,9532;0;0;0;3;0;0;3;15;216;1;2;5230;53594;10585;12188;9532;0;227;63917;0;25210;4629;96;540;3085;3704;2640;2253;1;260;0;202;28;1622;0;270;0;14;14;26;0;0;2256;0;0;0;10954;0;7;56;22;14;64;116;71;53;8;0;1389;49;1;24;0;991;0;0;0;4;8;0;0;0;0;0;94098;641627679.25;0.77;Estruturado;0
MOMBUCA;-22,9285;-47,559;0;0;0;0;0;0;0;0;0;0;0;0;1163;0;0;2460;0;32;3984;0;1;873;0;0;78;490;473;94;0;0;0;14;0;29;0;34;0;0;0;0;0;0;0;0;45;0;5891;0;0;0;0;0;0;0;0;0;0;0;0;0;0;0;0;0;0;0;0;0;0;0;0;0;0;0;3523;33499795.54;0.589;Em risco;0
MONCOES;-20,8509;-50,0975;0;0;0;0;0;0;0;0;1;0;0;0;299;0;1368;119;0;17;0;0;373;0;0;0;0;204;10;0;0;0;0;0;0;0;0;0;0;0;0;0;0;0;0;0;0;0;107;0;0;0;0;0;0;0;0;0;0;0;0;0;0;0;0;0;0;0;0;0;0;0;0;0;0;0;2274;28653937.72;0.38;Crítico;3
MONGAGUA;-24,0809;-46,6265;0;0;1;0;0;0;3;9;6;2;4;150;27765;3069;15724;11761;0;120;49069;0;29641;1437;138;722;3576;385;187;4282;0;353;0;42;0;1092;177;26;0;0;0;10;0;0;0;0;0;79950;15;0;4;0;0;3;0;0;0;0;0;0;102;0;0;0;0;0;0;0;0;0;0;0;0;0;0;0;58567;373633147.9;0.632;Moderado;0
MONTE ALEGRE DO SUL;-22,6817;-46,681;0;0;0;0;0;0;1;0;9;1;1;107;5245;640;1632;875;0;642;9274;0;5558;233;0;77;21;330;335;582;0;0;0;60;0;59;0;27;0;0;0;0;0;0;0;0;0;0;4294;0;0;0;0;0;0;0;0;0;0;0;0;0;0;0;0;0;0;0;0;0;0;0;0;0;0;0;8181;50452985.1;0.719;Estruturado;0
MONTE ALTO;-21,2655;-48,4971;0;0;0;2;0;0;6;54;163;2;3;200;29287;2907;10489;4130;0;429;56711;0;18321;148;24;521;1533;1377;2532;30558;4;183;32;590;15;616;23;471;0;0;0;0;0;0;0;0;63;0;4701;0;4;0;0;1;50;16;12;26;2;0;831;12;2;2;0;18;0;0;0;2;0;0;0;0;0;0;51039;245794859.61;0.815;Estruturado;0
MONTE APRAZIVEL;-20,768;-49,7184;0;0;0;1;0;0;0;8;35;0;1;0;13941;1232;3689;3322;0;0;1953;0;0;526;0;272;0;811;29;0;0;0;0;0;0;0;0;2;0;0;0;0;0;0;0;0;25;0;0;0;0;0;0;0;0;0;0;0;0;0;0;0;0;0;0;0;0;0;0;0;0;0;0;0;0;0;25651;116163498.95;0.316;Crítico;3
MONTE AZUL PAULISTA;-20,9065;-48,6387;0;0;0;2;0;0;0;6;36;1;0;606;8495;1093;5703;2050;0;2555;22095;0;11116;586;12;799;829;1973;0;212;0;0;0;31;0;890;0;0;0;0;0;0;0;0;0;0;0;0;0;0;0;0;0;1;1;2;10;20;0;0;184;8;0;0;0;0;0;0;0;0;0;0;0;0;0;0;18928;131357156.11;0.769;Estruturado;0
MONTE CASTELO;-21,2981;-51,5679;0;0;0;0;0;0;0;0;0;0;0;0;1151;0;2892;0;0;9;7320;0;30;1374;0;0;0;145;107;297;0;0;0;3;0;56;0;22;0;0;0;0;0;0;0;0;0;0;2340;0;0;0;0;0;0;0;0;0;0;0;0;0;0;0;0;0;0;0;0;0;0;0;0;0;0;0;4166;37777947.33;0.62;Moderado;0
MONTEIRO LOBATO;-22,9544;-45,8407;0;0;0;0;0;0;0;1;2;1;0;0;1636;0;2401;0;0;9;3008;0;0;0;0;0;0;0;84;47;0;0;0;0;0;0;0;5;0;0;0;0;0;0;0;0;0;0;238;0;0;0;0;0;0;0;0;0;0;0;0;0;0;0;0;0;0;0;0;0;0;0;0;0;0;0;4739;36190298.69;0.529;Em risco;0
MONTE MOR;-22,945;-47,3122;0;0;0;1;0;0;3;4;41;1;0;0;21500;6033;18740;17778;0;113;42652;9;22751;970;323;315;1898;660;1500;1899;0;0;0;152;4;688;0;484;0;0;4;0;0;0;0;0;60;0;1079;0;0;0;0;10;4;0;1;32;0;0;0;3;0;0;0;0;0;0;0;0;0;0;0;0;0;0;61707;407361777.96;0.577;Em risco;0
MORRO AGUDO;-20,7288;-48,0581;0;0;0;1;0;0;1;3;60;0;0;0;11537;2381;6129;7201;0;8230;25279;0;11634;1;16;535;1155;278;1347;46;59;18;33;54;32;778;12;370;0;0;0;0;0;0;0;0;81;0;11533;0;2;0;0;4;0;15;29;17;0;0;302;10;0;1;0;30;0;0;0;0;0;0;0;0;0;0;33598;214649528.48;0.708;Estruturado;0
MORUNGABA;-22,8811;-46,7896;0;0;1;0;0;0;2;3;7;0;0;0;5183;2301;2921;2672;0;0;16236;0;332;65;0;0;9;749;333;403;0;0;0;2;0;0;0;57;0;0;0;0;0;0;0;0;0;0;780;0;2;0;0;0;0;0;0;0;0;0;18;0;0;0;0;0;0;0;0;0;0;0;0;0;0;0;13936;88382999.22;0.689;Estruturado;0
MOTUCA;-21,5103;-48,1538;0;0;0;0;0;0;0;0;1;0;0;0;1290;100;2263;0;0;1073;3730;0;0;158;0;0;0;156;83;194;0;0;0;4;0;29;0;6;0;0;0;0;0;0;0;0;20;0;13;0;0;0;0;0;0;0;0;0;0;0;0;0;0;0;0;0;0;0;0;0;0;0;0;0;0;0;4831;35964262.78;0.573;Em risco;0
MURUTINGA DO SUL;-20,9908;-51,2774;0;0;0;0;0;0;0;1;1;0;0;0;2047;0;1246;419;0;18;24;2;2014;0;0;0;0;0;0;0;0;0;0;0;0;0;0;0;0;0;0;0;0;0;0;0;0;12470;465;0;0;0;0;0;0;0;0;0;0;0;0;0;0;0;0;0;0;0;0;0;0;0;0;0;0;0;4525;35405253.54;0.657;Moderado;0
NANTES;-22,6156;-51,24;0;0;0;0;0;0;0;0;0;0;0;0;457;0;1659;401;0;10;0;0;0;0;0;0;0;124;0;0;0;0;0;0;0;0;0;0;0;0;0;0;0;0;0;0;0;0;0;0;0;0;0;0;0;0;0;0;0;0;0;0;0;0;0;0;0;0;0;0;0;0;0;0;0;0;3215;36274256.41;0.26;Crítico;3
NARANDIBA;-22,4057;-51,5274;0;0;0;0;0;0;1;0;0;0;0;0;2184;190;1336;1864;0;9;2049;0;2367;0;0;0;0;413;0;0;0;0;0;0;0;0;0;0;0;0;0;0;0;0;0;0;0;3080;0;0;0;0;0;0;0;0;0;0;0;0;0;0;0;0;0;0;0;0;0;0;0;0;0;0;0;0;4950;61003715.68;0.606;Moderado;0
NATIVIDADE DA SERRA;-23,3707;-45,4468;0;0;0;0;0;0;0;0;0;0;1;0;910;0;3390;2507;0;8;708;0;0;0;0;0;0;0;0;24;0;0;0;0;0;0;0;0;0;0;0;0;0;0;0;0;0;0;0;0;0;0;0;0;0;0;0;0;0;0;0;0;0;0;0;0;0;0;0;0;0;0;0;0;0;0;6624;46245440.67;0.2;Crítico;3
NAZARE PAULISTA;-23,1747;-46,3983;0;0;1;0;0;0;0;3;1;0;1;0;2258;1690;8481;4790;0;884;6129;0;726;0;1;0;381;0;0;44;0;0;0;20;0;107;0;0;0;19;0;0;0;0;0;0;0;0;0;0;5;0;0;2;0;0;0;0;0;0;112;0;0;0;0;0;0;0;0;0;0;0;0;0;0;0;18866;97298407.13;0.308;Crítico;3
NEVES PAULISTA;-20,843;-49,6358;0;0;1;0;0;0;0;0;6;0;1;0;6590;0;2949;0;0;41;4696;0;1183;53;0;0;9;365;430;46;0;0;0;1;0;36;0;39;0;0;0;0;0;0;0;0;10;13600;1309;0;0;0;0;0;0;0;0;0;0;0;8;0;0;0;0;0;0;0;0;0;0;0;0;0;0;0;8917;53786444.85;0.687;Estruturado;0
NHANDEARA;-20,6945;-50,0436;0;0;0;2;0;0;0;4;28;0;2;0;5561;564;3067;393;0;38;631;0;0;1263;0;86;3;242;219;17;0;0;0;0;0;21;0;39;0;0;0;0;0;0;0;0;0;6430;149;0;0;0;0;0;0;0;0;0;0;0;0;0;0;0;0;0;0;0;0;0;0;0;0;0;0;0;11575;68063013.46;0.533;Em risco;0
NIPOA;-20,9114;-49,7833;0;0;0;0;0;0;0;0;3;0;0;0;1081;0;3030;637;0;1117;0;0;0;0;0;0;0;0;0;0;0;0;0;0;0;0;0;0;0;0;0;0;0;0;0;0;0;0;0;0;0;0;0;0;0;0;0;0;0;0;0;0;0;0;0;0;0;0;0;0;0;0;0;0;0;0;5381;31421856.78;0.255;Crítico;3
NOVA ALIANCA;-21,0156;-49,4986;0;0;0;0;0;0;1;0;1;0;0;0;4050;879;1588;0;0;53;4292;0;26;730;0;100;6;609;89;122;9;0;0;19;0;125;0;18;0;0;0;0;0;0;0;0;28;1290;757;0;0;0;0;0;0;0;0;0;0;0;0;0;0;0;0;0;0;0;0;0;0;0;0;0;0;0;7161;47980876.31;0.564;Em risco;0
NOVA CAMPINA;-24,1224;-48,9022;0;0;0;0;0;0;0;0;0;0;1;498;0;1020;1577;5205;0;45;5181;0;1126;368;0;20;0;0;0;1253;0;0;0;0;0;0;0;0;0;0;0;0;0;0;0;0;0;0;186651;0;0;0;0;0;0;0;0;0;0;0;0;0;0;0;0;0;0;0;0;0;0;0;0;0;0;0;9962;56171751.32;0.549;Em risco;0
NOVA CANAA PAULISTA;-20,3836;-50,9483;0;0;0;0;0;0;0;0;0;0;0;0;524;0;1345;125;0;12;0;0;0;0;0;0;0;129;0;72;0;0;0;0;0;0;0;0;0;0;0;0;0;0;0;0;0;12200;0;0;0;0;0;0;0;0;0;0;0;0;0;0;0;0;0;0;0;0;0;0;0;0;0;0;0;0;1824;28838620.5;0.657;Moderado;0
NOVA CASTILHO;-20,7615;-50,3477;0;0;0;0;0;0;0;0;0;0;0;0;546;0;350;0;0;0;6;0;692;0;0;0;0;39;0;0;0;0;0;0;0;0;0;0;0;0;0;0;0;0;0;0;0;15160;0;0;0;0;0;0;0;0;0;0;0;0;0;0;0;0;0;0;0;0;0;0;0;0;0;0;0;0;1290;28908916.74;0.71;Estruturado;0
NOVA EUROPA;-21,7765;-48,5705;0;0;1;0;0;0;0;2;14;1;0;0;3224;0;2705;3227;0;14;4751;204;1586;0;0;125;265;379;56;218;0;0;0;17;0;79;0;0;0;0;0;0;0;0;0;0;20;8390;344;0;0;0;0;0;0;7;0;2;0;0;30;0;0;0;0;0;0;0;0;0;0;0;0;0;0;0;11519;74543368.13;0.593;Moderado;0
NOVA GRANADA;-20,5321;-49,3123;0;0;1;0;0;0;0;9;12;1;1;0;7656;405;8139;2711;0;0;17111;0;0;3146;0;0;0;93;0;406;0;0;0;42;0;287;0;0;0;0;0;0;0;0;0;0;0;0;4389;0;0;0;0;0;0;0;0;0;0;0;0;0;0;0;0;0;0;0;0;0;0;0;0;0;0;0;21871;91011675.76;0.585;Em risco;0
NOVA GUATAPORANGA;-21,332;-51,6447;0;0;0;0;0;0;1;0;0;0;0;0;221;0;1313;539;0;4;2129;0;0;55;0;0;0;0;0;138;0;0;0;0;0;0;0;0;0;0;0;0;0;0;0;0;0;0;395;0;0;0;0;0;0;0;0;0;0;0;0;0;0;0;0;0;0;0;0;0;0;0;0;0;0;0;2333;26656521.19;0.653;Moderado;0
NOVA INDEPENDENCIA;-21,1026;-51,4905;0;0;0;0;0;0;0;0;2;0;0;0;804;922;1355;799;0;24;0;0;0;0;0;0;0;0;0;0;0;0;0;0;0;0;0;0;0;0;0;0;0;0;0;0;0;0;6;0;0;0;0;0;0;0;0;0;0;0;0;0;0;0;0;0;0;0;0;0;0;0;0;0;0;0;4135;51550159.55;0.285;Crítico;3
NOVAIS;-20,9893;-48,9141;0;0;0;0;0;0;1;0;0;0;0;0;1407;0;1482;1477;0;10;4899;0;0;18;0;0;0;210;148;115;0;0;0;2;0;4;0;14;0;0;0;0;0;0;0;0;7;0;1698;0;0;0;0;0;0;0;0;0;0;0;0;0;0;0;0;0;0;0;0;0;0;0;0;0;0;0;6057;35000463.18;0.56;Em risco;0
NOVA LUZITANIA;-20,856;-50,2617;0;0;0;0;0;0;0;0;1;0;0;0;737;0;1657;250;0;7;2575;0;0;9;0;0;0;0;144;218;0;0;0;4;0;0;0;29;0;0;0;0;0;0;0;0;0;0;1726;0;0;0;0;0;0;0;0;0;0;0;0;0;0;0;0;0;0;0;0;0;0;0;0;0;0;0;4217;32755567.28;0.583;Em risco;0
NOVA ODESSA;-22,7832;-47,2941;0;0;1;0;0;0;3;5;66;1;0;1776;41442;16118;1331;735;0;0;43213;0;0;194;6;0;240;830;777;2672;0;0;0;91;0;507;0;183;0;0;0;0;0;0;0;0;9;0;2034;0;3;0;0;12;28;2;9;19;1;0;527;13;0;0;0;0;0;0;0;0;1;0;0;0;0;0;61716;327265501.36;0.542;Em risco;0
NOVO HORIZONTE;-21,4651;-49,2234;0;0;0;2;0;0;2;24;80;0;1;291;18411;3121;9350;6519;0;779;45432;0;12054;1862;11;413;1522;624;1398;1412;1;242;0;83;36;492;15;262;0;34;0;0;0;0;0;0;22;18490;2863;0;1;0;0;1;1;31;30;29;0;0;386;22;1;1;0;72;0;0;0;0;0;0;0;0;0;0;41765;221346748.58;0.749;Estruturado;0
NUPORANGA;-20,7296;-47,7429;0;0;0;0;0;0;0;0;8;1;0;0;5866;310;958;0;0;93;7111;0;2214;0;0;0;0;1108;0;181;0;0;0;6;0;11;0;0;0;0;0;0;0;0;0;0;0;0;1;0;0;0;0;0;0;0;0;0;0;0;0;0;0;0;0;0;0;0;0;0;0;0;0;0;0;0;7522;64365000.11;0.743;Estruturado;0
OCAUCU;-22,438;-49,922;0;0;0;0;0;0;0;0;0;0;0;0;1443;0;605;2221;0;122;0;0;0;0;0;0;0;188;0;0;0;0;0;0;0;0;0;0;0;0;0;0;0;0;0;0;0;0;0;0;0;0;0;0;0;0;0;0;0;0;0;0;0;0;0;0;0;0;0;0;0;0;0;0;0;0;4294;37256114.78;0.208;Crítico;3
OLEO;-22,9435;-49,3419;0;0;0;0;0;0;0;0;0;0;0;0;1188;0;141;953;0;64;122;0;578;0;6;35;0;177;0;0;0;0;0;0;0;5;0;0;0;0;0;0;0;0;0;0;0;0;0;0;0;0;0;0;0;0;0;0;0;0;0;0;0;0;0;0;0;0;0;0;0;0;0;0;0;0;2447;28030905.32;0.363;Crítico;3
OLIMPIA;-20,7366;-48,9106;0;0;0;2;0;0;4;25;126;3;1;1493;30147;4337;5906;12321;0;771;41146;0;25647;3746;113;789;2784;1030;1477;4026;333;126;26;101;0;991;91;257;0;0;0;0;0;0;0;0;22;37550;161521;0;3;0;0;7;57;26;15;25;1;0;626;11;5;0;0;24;0;0;0;0;0;0;0;0;0;0;55477;393123405.89;0.807;Estruturado;0
ONDA VERDE;-20,6042;-49,2929;0;0;0;0;0;0;1;0;1;0;0;0;1067;783;2916;0;0;34;6772;0;0;1852;0;0;0;215;231;222;0;0;0;0;0;30;0;43;0;0;0;0;0;0;0;0;9;0;45;0;0;0;0;0;0;0;0;0;0;0;0;0;0;0;0;0;0;0;0;0;0;0;0;0;0;0;4462;47924997.49;0.694;Estruturado;0
ORIENTE;-22,1549;-50,0971;0;0;0;0;0;0;0;0;7;1;0;0;3332;0;1724;666;0;1020;806;0;0;0;0;0;0;246;2;63;0;0;0;1;0;0;0;2;0;0;0;0;0;0;0;0;0;0;140;0;0;0;0;0;0;0;0;0;0;0;0;0;0;0;0;0;0;0;0;0;0;0;0;0;0;0;6569;38852678.97;0.389;Crítico;3
ORINDIUVA;-20,1861;-49,3464;0;0;0;0;0;0;1;0;8;0;1;0;2998;917;1052;981;0;131;905;0;3325;0;0;108;137;276;0;0;0;0;0;0;0;0;0;0;0;0;0;0;0;0;0;0;21;0;0;0;0;0;0;0;0;0;0;0;0;0;0;0;0;0;0;0;0;0;0;0;0;0;0;0;0;0;7318;64521670.67;0.55;Em risco;0
ORLANDIA;-20,7169;-47,8852;0;0;1;0;0;0;4;48;151;1;2;0;21881;2666;8501;4965;0;0;17065;0;16;246;4;0;1434;795;407;649;0;35;0;55;0;133;137;175;0;0;0;0;0;0;0;0;0;0;161;0;2;0;0;3;2;6;14;21;0;0;326;7;1;0;0;18;0;0;0;0;0;0;0;0;0;0;44682;288246930.19;0.598;Moderado;0
OSASCO;-23,5324;-46,7916;0;0;2;7;0;0;1;414;644;13;12;41382;340654;127824;46895;70637;95953;732;461787;0;590097;28872;2;7754;23998;1937;15915;25231;66;1788;422;1163;577;6046;2235;3052;0;391;11;11;0;0;0;0;246;0;40064;0;47;2;5;224;104;198;246;168;29;0;4113;89;0;5;1;561;0;0;0;0;39;0;0;0;0;0;701428;4475273230.12;0.695;Estruturado;2
OSCAR BRESSANE;-22,3149;-50,2811;0;0;0;0;0;0;0;0;0;0;1;0;0;0;516;1534;0;0;4407;0;0;211;0;0;0;0;98;569;0;0;0;0;0;2;0;19;0;0;0;0;0;0;0;0;0;0;2164;0;0;0;0;0;0;0;0;0;0;0;0;0;0;0;0;0;0;0;0;0;0;0;0;0;0;0;2603;14432190.43;0.571;Em risco;0
OSVALDO CRUZ;-21,7968;-50,8793;0;0;0;1;0;0;3;20;49;0;1;216;14734;2917;8239;3218;0;141;13485;0;5287;100;74;118;1209;554;276;734;0;19;0;179;18;490;0;85;0;0;0;0;0;0;0;0;50;85320;6955;0;8;0;1;4;2;11;14;23;1;0;755;2;0;0;0;6;0;0;0;0;0;0;0;0;0;0;33118;132736372.06;0.708;Estruturado;0
OURINHOS;-22,9797;-49,8697;0;0;1;5;0;0;7;16;388;1;4;2924;50447;10338;17891;21243;0;357;41299;0;64381;602;106;549;3850;866;271;362;0;295;7;438;43;669;1411;73;7;41;1086;1574;0;349;1730;0;0;0;10426;0;6;50;5;47;12;50;75;83;24;20;1845;39;0;8;1;391;0;0;1;3;9;2;2;0;0;1;115139;675049538.4;0.759;Estruturado;0
OUROESTE;-20,0061;-50,3768;0;0;1;0;0;0;1;0;25;0;0;0;3888;882;3374;2102;0;44;12420;0;6081;101;13;0;559;200;253;525;0;0;0;29;0;169;0;64;0;0;0;0;0;0;0;0;27;0;8557;0;1;0;1;0;0;4;3;5;0;0;78;4;0;0;0;0;0;0;0;0;0;0;0;0;0;0;10712;119634216.47;0.834;Estruturado;0
OURO VERDE;-21,4872;-51,7024;0;0;0;0;0;0;0;0;1;0;0;0;465;753;4144;2184;0;0;0;0;0;0;0;0;0;820;0;0;0;0;0;0;0;0;0;0;0;0;0;0;0;0;0;0;0;1640;2637;0;0;0;0;0;0;0;0;0;0;0;0;0;0;0;0;0;0;0;0;0;0;0;0;0;0;0;8676;45339427.81;0.269;Crítico;3
PACAEMBU;-21,5627;-51,2654;0;0;0;0;0;0;0;0;18;1;2;0;5848;0;3231;227;0;103;12514;0;1608;534;0;173;0;452;353;581;0;0;0;1;0;117;0;15;0;0;0;0;0;0;0;0;0;0;9537;0;0;0;0;0;0;0;0;0;0;0;0;0;0;0;0;0;0;0;0;0;0;0;0;0;0;0;14326;66168547.84;0.679;Moderado;0
PALESTINA;-20,39;-49,4309;0;0;0;0;0;0;1;1;10;0;1;0;3174;1179;4510;2358;0;32;15652;0;1;373;0;129;425;850;532;1183;2;0;0;30;0;240;0;208;0;0;0;0;0;0;0;0;41;44130;5777;0;0;0;0;0;0;0;0;0;0;0;0;0;0;0;0;0;0;0;0;0;0;0;0;0;0;0;13285;79162086.21;0.645;Moderado;0
PALMARES PAULISTA;-21,0854;-48,8037;0;0;0;0;0;0;1;2;9;0;0;0;2685;505;700;5653;0;56;15635;0;0;379;0;110;0;579;87;644;0;0;0;0;0;39;0;24;0;0;0;0;0;0;0;0;31;5710;5442;0;0;0;0;0;0;0;0;0;0;0;0;0;0;0;0;0;0;0;0;0;0;0;0;0;0;0;13691;50422065.79;0.59;Em risco;0
PALMEIRA D'OESTE;-20,4148;-50,7632;0;0;0;0;0;0;0;0;0;0;0;0;2826;605;3451;1848;0;90;4361;0;1749;0;373;53;69;216;0;147;0;0;0;23;0;659;0;0;0;0;0;0;0;0;0;0;0;0;0;0;1;0;0;0;0;0;0;0;0;0;0;0;0;0;0;0;0;0;0;0;0;0;0;0;0;0;9173;50694739.9;0.394;Crítico;3
PALMITAL;-22,7858;-50,218;0;0;0;1;0;0;2;3;31;0;1;0;11861;546;4802;1671;0;258;21972;0;9916;351;0;196;741;651;2388;858;329;5;0;193;11;1271;59;208;0;1;0;0;0;0;0;0;50;33150;17431;0;3;0;0;3;2;21;1;9;1;0;245;15;0;1;0;4;0;0;0;0;0;0;0;0;0;0;22322;139338443.27;0.722;Estruturado;0
PANORAMA;-21,354;-51,8562;0;0;0;0;0;0;0;1;6;1;0;0;3262;1376;4903;5328;0;41;1081;0;0;0;0;0;92;215;174;3;0;0;0;0;0;0;0;38;0;0;0;0;0;0;0;0;0;59900;5266;0;0;0;0;0;0;0;0;0;0;0;48;0;0;0;0;0;0;0;0;0;0;0;0;0;0;0;15944;76467459.14;0.568;Em risco;0
PARAGUACU PAULISTA;-22,4114;-50,5732;0;0;0;1;0;0;3;6;92;0;1;0;18509;2311;9688;8756;0;1;11171;0;10066;20;95;161;1664;526;234;114;97;2;0;93;25;300;14;62;0;3;0;0;0;0;0;0;0;3340;7160;0;15;4;1;2;3;19;16;19;0;0;805;19;3;7;1;10;0;0;0;0;1;0;0;0;0;0;46180;275636281.83;0.544;Em risco;0
PARAIBUNA;-23,3872;-45,6639;0;0;0;0;0;0;0;0;6;1;2;0;5394;358;7453;3723;0;32;7439;0;4;203;3;0;825;207;0;316;0;0;0;32;0;171;0;0;0;0;0;0;0;0;0;0;0;0;0;0;0;0;0;0;0;0;0;0;0;0;0;0;0;0;0;0;0;0;0;0;0;0;0;0;0;0;18302;120493308.16;0.365;Crítico;3
PARAISO;-21,0159;-48,7761;0;0;0;0;0;0;0;0;9;0;0;0;3332;0;2335;432;0;45;3423;0;0;1;0;0;0;0;106;167;0;0;0;0;0;0;0;0;0;0;0;0;0;0;0;0;12;0;0;0;0;0;0;0;0;0;0;0;0;0;0;0;0;0;0;0;0;0;0;0;0;0;0;0;0;0;6536;53705013.69;0.476;Em risco;3
PARANAPANEMA;-23,3862;-48,7214;0;0;1;0;0;0;0;1;26;0;1;523;4719;3271;4172;6067;0;38;11675;0;2037;8;0;31;166;272;150;650;0;0;0;0;0;53;0;16;0;0;0;0;0;0;0;0;0;0;2233;0;0;0;0;5;0;5;0;13;0;0;18;0;0;0;0;0;0;0;0;0;0;0;0;0;0;0;20588;156132256.48;0.541;Em risco;0
PARANAPUA;-20,1048;-50,5886;0;0;0;0;0;0;0;0;0;0;0;0;782;779;1330;1076;0;0;0;0;0;0;0;0;0;0;0;0;0;0;0;0;0;0;0;0;0;0;0;0;0;0;0;0;0;6000;0;0;0;0;0;0;0;0;0;0;0;0;0;0;0;0;0;0;0;0;0;0;0;0;0;0;0;0;4112;32574247.66;0.319;Crítico;3
PARAPUA;-21,7792;-50,7949;0;0;0;1;0;0;0;0;4;0;0;0;2633;0;4830;2409;0;0;0;0;0;0;0;0;0;0;0;0;0;0;0;0;0;0;0;0;0;0;0;0;0;0;0;0;0;0;0;0;4;0;0;0;0;0;0;0;0;0;110;0;0;0;0;0;0;0;0;0;0;0;0;0;0;0;10934;64131641.59;0.199;Crítico;3
PARDINHO;-23,0841;-48,3679;0;0;0;0;0;0;0;0;1;0;1;333;1703;702;2184;2024;0;30;7340;0;1591;131;0;78;0;255;466;477;0;0;0;41;0;61;0;51;0;0;0;0;0;0;0;0;81;0;1199;0;0;0;0;0;0;0;0;0;0;0;0;0;0;0;0;0;0;0;0;0;0;0;0;0;0;0;6579;57395003.17;0.624;Moderado;0
PARIQUERA-ACU;-24,7147;-47,8742;0;0;1;0;0;0;2;1;11;0;1;766;3520;1135;10632;2365;0;233;848;0;8723;0;0;0;0;527;78;36;0;0;0;0;0;5;0;17;0;0;0;0;0;0;0;0;0;0;17;0;0;0;0;0;0;0;0;0;0;0;0;0;0;0;0;0;0;0;0;0;0;0;0;0;0;0;19797;107075126.83;0.39;Crítico;3
PARISI;-20,3034;-50,0163;0;0;0;0;0;0;0;0;0;0;0;0;392;0;1777;721;0;47;10647;0;10;2057;5;0;0;0;0;157;0;0;0;5;0;83;0;0;0;0;0;0;0;0;0;0;0;5000;2803;0;0;0;0;0;0;0;0;0;0;0;0;0;0;0;0;0;0;0;0;0;0;0;0;0;0;0;2177;30777538.3;0.613;Moderado;0
PATROCINIO PAULISTA;-20,6384;-47,2801;0;0;0;1;0;0;1;1;4;0;1;0;4607;2114;4121;3445;0;0;16100;0;0;61;0;0;51;202;488;1025;1;0;0;17;0;0;0;113;0;0;0;0;0;0;0;0;0;0;4085;0;0;0;0;0;0;0;0;0;0;0;0;0;0;0;0;0;0;0;0;0;0;0;0;0;0;0;14941;92313507.64;0.624;Moderado;0
PAULICEIA;-21,3153;-51,8321;0;0;0;0;0;0;0;0;0;0;0;0;1307;638;640;4893;0;150;0;0;0;0;0;0;0;105;60;0;0;0;0;0;0;0;0;0;0;0;0;0;0;0;0;0;14;26460;0;0;0;0;0;0;0;0;0;0;0;0;0;0;0;0;0;0;0;0;0;0;0;0;0;0;0;0;7540;56933868.58;0.46;Em risco;3
PAULINIA;-22,7542;-47,1488;0;0;1;0;0;0;7;70;127;2;3;22530;59852;18223;5156;3880;0;0;1674;253;103020;0;0;916;6149;0;0;242;0;412;0;0;0;294;0;0;0;0;2;63;0;0;0;0;0;0;293;0;8;4;6;28;127;92;25;35;12;0;1260;57;0;4;4;66;0;0;1;0;1;0;0;0;0;0;114508;2440620224.93;0.784;Estruturado;1
PAULISTANIA;-22,5768;-49,4008;0;0;0;0;0;0;0;0;0;0;0;0;481;0;829;678;0;7;94;0;0;0;0;36;0;235;0;0;0;0;0;0;0;22;0;0;0;0;0;0;0;0;0;0;10;0;0;0;0;0;0;0;0;0;0;0;0;0;0;0;0;0;0;0;0;0;0;0;0;0;0;0;0;0;1835;32362505.22;0.293;Crítico;3
PAULO DE FARIA;-20,0296;-49,4;0;0;0;1;0;0;0;1;2;0;1;0;1088;0;4206;1786;0;10;11090;0;3305;150;0;0;269;468;315;670;0;0;0;3;0;31;0;74;0;0;0;0;0;0;0;0;22;0;4663;0;0;0;0;0;0;0;0;0;0;0;0;0;0;0;0;0;0;0;0;0;0;0;0;0;0;0;8973;66949175.63;0.649;Moderado;0
PEDERNEIRAS;-22,3511;-48,7781;0;0;0;1;0;0;5;1;68;0;1;0;23956;3237;9544;7128;152;134;42214;0;2075;469;42;532;2378;1126;3866;2431;0;126;0;65;5;592;0;280;0;0;0;0;0;0;0;0;114;0;27393;0;10;0;0;5;1;5;26;24;0;0;415;4;1;0;0;15;0;0;0;0;1;0;0;0;0;0;47523;246392985.42;0.675;Moderado;0
PEDRA BELA;-22,7902;-46,4455;0;0;0;0;0;0;0;0;0;0;1;0;880;518;5128;0;0;21;2873;0;0;90;0;0;137;231;274;164;0;0;0;0;0;27;0;21;0;0;0;0;0;0;0;0;0;0;13;0;0;0;0;0;0;0;0;0;0;0;0;0;0;0;0;0;0;0;0;0;0;0;0;0;0;0;6127;40334265.07;0.356;Crítico;3
PEDRANOPOLIS;-20,2474;-50,1129;0;0;0;0;0;0;0;0;1;0;0;0;1667;0;964;0;0;43;0;0;0;0;0;0;0;0;0;0;0;0;0;0;0;0;0;0;0;0;0;0;0;0;0;0;0;0;0;0;0;0;0;0;0;0;0;0;0;0;0;0;0;0;0;0;0;0;0;0;0;0;0;0;0;0;2468;33715296.05;0.317;Crítico;3
PEDREGULHO;-20,2535;-47,4775;0;0;1;0;0;0;3;0;10;0;0;0;4417;93;7695;3243;0;83;0;0;0;0;0;0;0;0;0;0;0;0;0;0;0;0;0;0;0;0;0;0;0;0;0;0;0;0;0;0;0;0;0;0;0;0;0;0;0;0;0;0;0;0;0;0;0;0;0;0;0;0;0;0;0;0;16876;102426377.64;0.26;Crítico;3
PEDREIRA;-22,7413;-46,8948;0;0;2;0;0;0;2;9;46;0;0;324;18865;6420;7066;9943;0;103;36131;0;38187;72;43;940;4101;1069;721;1043;0;2;0;109;95;291;0;86;0;0;0;0;0;0;0;0;0;0;11921;0;2;0;0;0;0;41;13;0;1;0;351;2;0;0;0;2;0;0;0;0;0;0;0;0;0;0;48992;248272599.52;0.655;Moderado;0
PEDRINHAS PAULISTA;-22,8174;-50,7933;0;0;0;0;0;0;0;0;1;0;0;0;1987;0;0;814;0;95;6899;0;2286;60;0;0;127;84;264;308;0;0;0;1;0;1;0;27;0;0;0;0;0;0;0;0;0;0;2768;0;0;0;0;0;0;0;0;0;0;0;0;0;0;0;0;0;0;0;0;0;0;0;0;0;0;0;3109;37675942.66;0.693;Estruturado;0
PEDRO DE TOLEDO;-24,2764;-47,2354;0;0;0;0;0;0;1;0;1;0;1;0;1674;0;6891;2312;0;491;4641;0;2936;0;0;162;497;0;0;230;0;0;0;5;0;28;0;0;0;0;0;0;0;0;0;0;0;0;0;0;0;0;0;0;0;0;0;0;0;0;0;0;0;0;0;0;0;0;0;0;0;0;0;0;0;0;11507;65286160.87;0.399;Crítico;3
PENAPOLIS;-21,4148;-50,0769;0;0;2;0;0;0;3;9;187;3;0;852;32771;6804;13223;7375;0;3110;77766;0;18265;475;0;644;3404;2908;2956;3064;0;527;0;449;150;633;606;513;0;0;45;15;0;0;0;0;22;101180;13964;0;4;0;0;14;4;65;69;68;2;0;1430;21;0;0;0;89;0;0;0;0;9;0;0;0;0;0;64098;329017423.32;0.776;Estruturado;0
PEREIRA BARRETO;-20,6368;-51,1123;0;0;1;0;0;0;2;7;66;0;0;0;9026;1745;10249;2568;0;15;8715;0;6306;7;54;0;708;630;324;54;0;0;0;21;0;101;0;110;0;0;0;0;0;0;0;0;0;0;29;0;1;0;0;1;0;3;21;6;0;0;122;0;0;0;0;0;0;0;0;0;0;0;0;0;0;0;25685;158952096.5;0.58;Em risco;0
PEREIRAS;-23,0804;-47,972;0;0;0;0;0;0;1;0;5;0;0;0;2938;0;3593;1920;0;14;3404;0;0;7;0;26;0;753;0;19;0;0;0;0;0;0;0;0;0;0;0;0;0;0;0;0;0;0;169;0;0;0;0;0;0;0;0;0;0;0;0;0;0;0;0;0;0;0;0;0;0;0;0;0;0;0;8875;46527317.99;0.341;Crítico;3
PERUIBE;-24,312;-47,0012;0;0;1;0;0;0;5;25;33;1;4;349;31084;2699;14503;17843;277;2132;51623;0;54697;263;130;817;5166;644;301;5937;0;0;0;115;16;3035;398;228;0;0;0;0;0;0;0;0;23;0;461;0;1;0;0;35;0;0;0;23;0;0;154;1;0;0;1;0;0;0;0;0;0;0;0;0;0;0;69697;442085868.22;0.667;Moderado;0
PIACATU;-21,5921;-50,6003;0;0;0;0;0;0;1;0;5;0;0;0;719;0;3397;1234;0;0;5019;0;0;0;0;0;0;113;147;245;0;0;0;0;0;0;0;41;0;0;0;0;0;0;0;0;0;0;3759;0;0;0;0;0;0;0;0;0;0;0;0;0;0;0;0;0;0;0;0;0;0;0;0;0;0;0;6093;40786555.15;0.649;Moderado;0
PIEDADE;-23,7139;-47,4256;0;0;1;0;0;0;2;14;45;0;1;0;19924;1448;21168;9646;0;1677;16467;0;18270;515;0;71;1654;730;0;1260;10;0;0;66;0;274;0;0;0;0;0;0;0;0;0;0;0;0;666;0;0;0;0;9;16;6;0;36;0;0;410;8;0;0;0;2;0;0;0;0;0;0;0;0;0;0;55731;215069771.63;0.431;Em risco;3
PILAR DO SUL;-23,8077;-47,7222;0;0;1;0;0;0;0;3;12;0;1;0;12117;198;8365;6830;0;242;23908;0;7310;98;17;200;977;1717;462;366;0;0;0;105;0;187;0;150;0;0;0;0;0;0;0;0;0;0;3711;0;0;0;0;8;1;7;0;9;0;0;148;1;0;0;0;1;0;0;0;0;0;0;0;0;0;0;29612;134531619.99;0.578;Em risco;0
PINDAMONHANGABA;-22,9246;-45,4613;0;0;2;0;0;0;6;46;371;3;3;5941;89135;23960;13685;31057;148;252;87915;0;93006;3980;107;1534;7839;472;506;1673;0;387;73;731;176;2196;1395;56;0;0;100;316;0;0;1987;0;42;0;333;0;12;9;6;55;55;58;64;101;6;0;2239;26;0;6;1;69;0;1;0;7;13;0;0;0;0;0;171885;891321707.05;0.699;Estruturado;1
PINDORAMA;-21,1853;-48,9086;0;0;0;0;0;0;0;0;8;0;1;0;7973;832;4934;487;0;54;8166;0;0;104;0;0;0;0;26;382;0;0;0;2;0;0;0;0;0;0;0;0;0;0;0;0;22;0;0;0;0;0;0;0;0;0;0;0;0;0;0;0;0;0;0;0;0;0;0;0;0;0;0;0;0;0;17378;89941365.8;0.368;Crítico;3
PINHALZINHO;-22,7811;-46,5897;0;0;0;0;0;0;0;6;7;1;1;0;6995;1720;2899;2935;0;37;11369;0;6169;5;0;0;1050;1121;0;246;0;0;0;14;0;68;0;0;0;0;0;0;0;0;0;0;0;0;0;0;0;0;0;0;0;0;0;0;0;0;0;0;0;0;0;0;0;0;0;0;0;0;0;0;0;0;15564;66087253.56;0.605;Moderado;0
PIQUEROBI;-21,8747;-51,7282;0;0;0;0;0;0;0;0;0;0;0;0;660;0;2138;320;0;22;2793;0;0;88;10;50;0;0;74;40;0;0;0;5;0;0;0;15;0;0;0;0;0;0;0;0;0;5200;1235;0;0;0;0;0;0;0;0;0;0;0;0;0;0;0;0;0;0;0;0;0;0;0;0;0;0;0;3706;36575376.19;0.632;Moderado;0
PIQUETE;-22,6069;-45,1869;0;0;0;0;0;0;1;0;4;1;1;0;9191;398;2589;0;0;0;4110;0;2551;48;0;89;459;0;0;396;0;0;0;0;0;55;0;0;0;0;0;0;0;0;0;0;0;34380;0;0;0;0;0;0;0;0;0;0;0;0;0;0;0;0;0;0;0;0;0;0;0;0;0;0;0;0;13495;68349217.8;0.641;Moderado;0
PIRACAIA;-23,0525;-46,3594;0;0;1;0;0;0;0;18;8;0;2;0;10505;1426;8285;4381;0;151;9936;0;3596;0;1;0;819;0;0;271;0;0;0;33;0;142;0;0;0;0;0;0;0;0;0;0;0;0;0;0;0;0;0;0;0;0;0;2;0;0;138;0;0;0;0;0;0;0;0;0;0;0;0;0;0;0;27617;142813516.98;0.423;Em risco;3
PIRACICABA;-22,7338;-47,6476;0;0;8;0;0;0;1;17;909;5;8;28197;222635;81278;28080;47140;9633;511;202436;510;149128;24813;869;3054;13810;8112;3131;13072;97;683;432;525;78;2320;1334;743;8;74;74;166;164;1398;3229;0;258;0;1489;0;18;141;35;135;394;231;267;155;42;79;5424;124;4;16;11;1284;5;2;0;11;22;7;11;0;1;3;410275;2578711769.36;0.66;Moderado;1
PIRAJU;-23,1981;-49,3803;0;0;1;0;0;0;2;16;49;0;0;0;13731;3916;8085;3148;0;50;11849;0;13651;33;69;120;1633;1374;770;136;3;0;0;61;0;222;0;679;0;0;0;129;0;0;0;0;120;0;722;0;3;2;1;7;6;11;3;32;0;0;279;4;0;0;0;0;0;0;0;0;6;0;0;0;0;0;29930;147379126.98;0.641;Moderado;0
PIRAJUI;-21,999;-49,4608;0;0;2;0;0;0;5;0;44;0;1;0;9070;1309;3253;5011;0;110;12917;0;1419;149;9;2;448;170;440;1208;0;0;0;9;0;193;0;75;0;0;0;0;0;0;0;0;20;0;4532;0;1;0;0;1;0;40;0;0;0;0;67;29;0;0;0;8;0;0;0;0;0;0;0;0;0;0;25939;114381456.65;0.58;Em risco;0
PIRANGI;-21,0886;-48,6607;0;0;1;0;0;0;2;1;15;1;0;0;5201;1248;3782;521;0;48;7339;0;0;0;0;156;241;959;102;151;0;0;0;0;0;1;0;51;0;0;0;0;0;0;0;0;38;10020;38;0;0;0;0;0;0;5;0;2;0;0;52;0;0;0;0;0;0;0;0;0;0;0;0;0;0;0;11524;61799212.37;0.664;Moderado;0
PIRAPORA DO BOM JESUS;-23,3965;-46,9991;0;0;0;0;0;0;1;1;3;1;2;0;2085;1234;3101;8716;2972;182;8623;0;4707;239;0;131;371;347;15;1000;0;0;0;14;0;278;0;0;0;0;0;0;0;0;0;0;0;0;1726;0;0;0;0;0;0;0;0;0;0;0;0;0;0;0;0;0;0;0;0;0;0;0;0;0;0;0;19453;110190706.11;0.408;Em risco;3
PIRAPOZINHO;-22,2711;-51,4976;0;0;0;0;0;0;1;6;13;1;0;0;16514;1412;5245;1966;0;167;14346;0;5824;0;0;0;0;974;143;235;0;0;0;1;0;38;0;0;0;0;0;0;0;0;0;0;23;15010;460;0;0;0;0;0;0;0;0;0;0;0;0;0;0;0;0;0;0;0;0;0;0;0;0;0;0;0;27974;124385717.13;0.519;Em risco;0
PIRASSUNUNGA;-21,996;-47,4257;0;0;5;0;0;0;4;17;259;3;6;2302;42100;7377;9271;10478;0;0;54936;0;6346;239;15;425;2586;1338;1048;2880;1431;498;50;169;57;1156;21;94;0;0;0;0;0;0;551;0;0;50160;14372;0;2;0;2;24;6;11;40;23;1;0;731;6;0;1;0;62;0;0;0;0;1;0;0;0;0;0;77330;377180490.79;0.815;Estruturado;0
PIRATININGA;-22,4142;-49,1339;0;0;1;0;0;0;1;1;2;1;1;2122;10154;0;2273;0;0;62;9759;0;2909;0;0;0;330;384;0;325;0;0;0;16;0;0;0;0;0;0;0;0;0;0;0;0;0;0;1770;0;0;0;0;0;0;0;0;0;0;0;60;0;0;0;0;0;0;0;0;0;0;0;0;0;0;0;13890;85786313.67;0.657;Moderado;0
PITANGUEIRAS;-21,0132;-48,221;0;0;2;0;0;0;2;10;42;1;2;0;13050;2213;6499;11720;0;285;28194;0;15378;350;0;236;1658;1033;1246;1618;0;75;1;92;63;234;65;204;0;0;0;0;0;0;0;0;0;0;16818;0;0;12;0;3;1;24;9;23;0;0;165;14;0;0;0;6;0;4;0;0;1;0;0;0;0;0;40430;211419819.28;0.679;Moderado;0
PLANALTO;-21,0342;-49,933;0;0;0;0;0;0;0;0;0;0;1;0;367;0;2700;1319;0;22;132;0;0;0;0;0;0;44;0;0;1;0;0;0;0;0;0;0;0;0;0;0;0;0;0;0;0;60000;20;0;0;0;0;0;0;0;0;0;0;0;0;0;0;0;0;0;0;0;0;0;0;0;0;0;0;0;5370;50383687.37;0.633;Moderado;0
PLATINA;-22,6371;-50,2104;0;0;0;0;0;0;0;0;0;0;0;0;285;0;1774;826;0;1277;4203;0;903;14;0;0;15;187;322;307;0;0;0;25;0;0;0;37;0;0;0;0;0;0;0;0;0;400;1953;0;0;0;0;0;0;0;0;0;0;0;0;0;0;0;0;0;0;0;0;0;0;0;0;0;0;0;3606;38685426.28;0.632;Moderado;0
POA;-23,5333;-46,3473;0;0;0;0;0;0;4;17;42;1;0;0;58700;15566;12344;14713;2003;211;77669;0;34966;2239;0;351;1482;0;352;2372;115;0;0;157;0;379;1570;235;0;0;0;0;0;0;0;0;0;0;284;0;0;0;0;0;0;0;0;0;0;0;0;0;0;0;0;0;0;0;0;0;0;0;0;0;0;0;119221;441832744.98;0.504;Em risco;0
POLONI;-20,7829;-49,8258;0;0;0;0;0;0;1;1;5;0;0;0;1900;601;2558;472;0;2;5755;0;1965;58;0;0;0;0;98;83;0;0;0;0;0;10;0;1;0;0;0;0;0;0;0;0;23;35230;6001;0;0;0;0;0;0;0;0;0;0;0;0;0;0;0;0;0;0;0;0;0;0;0;0;0;0;0;6166;39333638.65;0.679;Moderado;0
POMPEIA;-22,107;-50,176;0;0;1;0;0;0;7;5;100;1;1;160;13657;2132;1195;2740;0;213;9480;0;561;0;29;0;431;868;369;0;83;0;0;27;0;54;0;62;0;0;0;0;0;0;0;0;107;11390;136;0;0;8;1;0;0;0;0;0;0;0;67;15;0;0;0;0;0;0;0;0;0;0;0;0;0;0;22326;163176082.11;0.693;Estruturado;0
PONGAI;-21,7396;-49,3604;0;0;0;0;0;0;0;0;0;0;0;0;1859;0;1520;0;0;8;0;0;0;0;0;0;0;0;0;0;0;0;0;0;0;0;0;0;0;0;0;0;0;0;0;0;0;0;435;0;0;0;0;0;0;0;0;0;0;0;0;0;0;0;0;0;0;0;0;0;0;0;0;0;0;0;3385;32193479.69;0.282;Crítico;3
PONTAL;-21,0216;-48,0423;0;0;1;0;0;0;2;5;48;1;1;0;10490;3204;5299;17652;0;48;11735;0;11882;27;56;199;1058;1007;173;188;0;0;4;59;58;281;0;15;0;0;0;0;0;0;0;0;24;18790;680;0;2;31;1;2;1;0;6;20;0;0;10;7;0;0;0;1;0;0;0;0;9;0;0;0;0;0;51717;202393481.28;0.403;Crítico;3
PONTALINDA;-20,4396;-50,5258;0;0;0;0;0;0;0;0;0;0;0;0;260;0;1942;1779;0;3;0;0;0;0;0;0;0;0;0;0;0;0;0;0;0;0;0;0;0;0;0;0;0;0;0;0;0;0;0;0;0;0;0;0;0;0;0;0;0;0;0;0;0;0;0;0;0;0;0;0;0;0;0;0;0;0;4719;32414645.48;0.163;Crítico;3
PONTES GESTAL;-20,1727;-49,7064;0;0;0;0;0;0;0;0;1;0;0;0;495;0;0;1647;0;0;1233;10;766;7;0;0;0;0;26;242;0;0;0;2;0;8;0;13;0;0;0;0;0;0;0;0;0;0;69;0;0;0;0;0;0;0;0;0;0;0;0;0;0;0;0;0;0;0;0;0;0;0;0;0;0;0;2576;45206528.81;0.525;Em risco;0
POPULINA;-19,9453;-50,538;0;0;1;0;0;0;0;0;3;0;0;0;701;0;3276;0;0;82;3167;3;484;590;0;29;0;0;0;147;0;0;0;12;0;0;0;0;0;0;0;0;0;0;0;0;0;0;958;0;1;0;0;0;0;0;0;0;0;0;0;0;0;0;0;0;0;0;0;0;0;0;0;0;0;0;4136;40790214.67;0.746;Estruturado;0
PORANGABA;-23,1761;-48,1195;0;0;0;0;0;0;1;2;6;1;0;174;4706;662;2899;1763;0;24;3159;0;0;0;0;0;0;0;0;206;0;0;0;6;0;0;0;0;0;0;0;0;0;0;0;0;0;0;389;0;0;0;0;0;0;0;0;0;0;0;0;0;0;0;0;0;0;0;0;0;0;0;0;0;0;0;10205;57947987.36;0.372;Crítico;3
PORTO FELIZ;-23,2093;-47,5251;0;0;1;0;0;0;1;16;64;1;0;1242;27962;7613;8464;8643;0;141;66130;0;23584;6830;55;895;1962;1095;1259;1825;32;299;0;405;88;692;40;218;0;107;0;0;0;0;0;0;0;0;6106;0;7;2;0;7;1;35;13;20;1;0;407;22;0;4;1;25;0;0;0;0;0;0;0;0;0;0;53698;459466976.55;0.736;Estruturado;0
PORTO FERREIRA;-21,8498;-47,487;0;0;1;0;0;0;3;14;170;1;0;337;31962;1419;6420;10534;1234;394;70838;0;4705;725;39;245;1889;3110;4465;4313;0;2;44;291;9;586;2;473;0;0;0;0;0;0;0;0;30;55270;47077;0;7;0;5;9;4;19;16;20;2;0;649;10;0;2;0;34;0;0;0;4;5;0;0;0;0;0;56848;330485858.57;0.792;Estruturado;0
POTIM;-22,8343;-45,2552;0;0;0;0;0;0;1;1;1;0;0;0;1326;1060;5906;8955;0;20;5895;0;0;0;0;165;0;1500;465;131;0;0;0;3;0;88;0;125;0;0;0;0;0;0;0;0;4;10820;89;0;0;0;0;0;0;0;0;0;0;0;0;0;0;0;0;0;0;0;0;0;0;0;0;0;0;0;25603;92852706.59;0.264;Crítico;3
POTIRENDABA;-21,0428;-49,3815;0;0;0;1;1;0;1;2;11;0;0;0;8275;1996;1897;5865;0;55;9556;0;1790;0;0;107;575;819;82;0;0;0;0;53;0;204;0;0;0;0;0;0;0;0;0;0;18;0;0;0;0;0;0;0;0;5;0;0;0;0;92;1;0;0;0;2;0;0;0;0;0;0;0;0;0;0;17668;117558328.12;0.472;Em risco;3
PRACINHA;-21,8496;-51,0868;0;0;0;0;0;0;0;0;0;0;0;0;0;0;1419;0;0;6;714;0;0;0;0;0;0;0;0;80;0;0;0;42;0;0;0;0;0;0;0;0;0;0;0;0;0;4210;0;0;0;0;0;0;0;0;0;0;0;0;0;0;0;0;0;0;0;0;0;0;0;0;0;0;0;0;4327;24499004.38;0.364;Crítico;3
PRADOPOLIS;-21,3626;-48,0679;0;0;0;0;0;0;1;3;16;2;0;0;8365;1442;4698;2451;0;36;0;0;0;0;0;0;0;0;0;0;0;0;0;0;0;0;0;0;0;0;0;0;0;0;0;0;0;6070;0;0;0;0;0;0;0;0;0;0;0;0;0;0;0;0;0;0;0;0;0;0;0;0;0;0;0;0;22239;140811739.28;0.31;Crítico;3
PRAIA GRANDE;-24,0084;-46,4121;1;0;2;4;0;0;8;80;167;5;13;10604;181158;40299;22889;69678;21242;20;156218;0;173808;8403;1144;6924;15224;2468;376;6141;256;1845;196;210;667;5549;2491;109;0;0;73;131;137;0;2285;0;0;52400;2392;0;6;3;0;84;30;49;34;72;6;0;1474;17;0;16;1;53;0;0;1;6;4;0;0;0;0;0;336454;2315923274.89;0.611;Moderado;1
PRATANIA;-22,8112;-48,6636;0;0;0;0;0;0;1;0;1;0;0;0;350;467;1308;3001;0;8;1795;0;0;0;0;0;0;0;0;0;1;0;0;0;0;34;0;0;0;0;0;0;0;0;0;0;0;0;292;0;0;0;0;0;0;0;0;0;0;0;0;0;0;0;0;0;0;0;0;0;0;0;0;0;0;0;5371;40505264.57;0.317;Crítico;3
PRESIDENTE ALVES;-22,0999;-49,4381;0;0;0;0;0;0;0;0;0;0;0;0;1091;267;2211;0;0;43;4999;0;0;186;0;0;0;0;117;515;0;0;0;0;0;0;0;37;0;0;0;0;0;0;0;0;0;0;1666;0;0;0;0;0;0;0;0;0;0;0;0;0;0;0;0;0;0;0;0;0;0;0;0;0;0;0;4067;31712602.29;0.612;Moderado;0
PRESIDENTE BERNARDES;-22,0082;-51,5565;0;0;0;1;0;0;0;5;13;9;0;0;6353;0;3828;1616;0;0;7706;0;134;166;8;0;251;0;273;502;0;0;0;63;0;64;0;32;0;0;0;0;0;0;0;0;35;0;4265;0;1;0;0;0;0;0;0;0;0;0;0;0;0;0;0;0;0;0;0;0;0;0;0;0;0;0;12943;77273589.95;0.747;Estruturado;0
PRESIDENTE EPITACIO;-21,7651;-52,1111;0;0;0;1;0;0;1;3;48;0;0;438;12370;3662;13330;8567;0;0;24967;0;393;1611;56;15;767;0;1960;859;0;0;0;175;0;218;0;143;0;0;0;0;0;0;0;0;25;0;6954;0;4;0;0;5;2;15;11;9;0;0;373;2;0;0;0;6;0;0;0;0;0;0;0;0;0;0;44572;177739260.44;0.458;Em risco;3
PRESIDENTE PRUDENTE;-22,1207;-51,3925;2;0;0;12;2;0;7;98;946;4;2;12011;123970;36249;23594;27421;0;1500;92920;0;93423;2805;0;169;3084;2185;1224;3359;0;0;0;454;0;1026;0;113;0;0;0;0;0;0;0;0;57;103960;2425;0;0;0;0;0;0;0;0;0;0;0;0;0;0;0;0;0;0;0;0;0;0;0;0;0;0;0;231953;1065516919.35;0.726;Estruturado;1
PRESIDENTE VENCESLAU;-21,8732;-51,8447;0;0;0;1;0;0;4;0;92;0;1;1052;16743;740;10754;4935;0;161;26003;0;9258;94;2;97;572;3522;2065;1652;24;0;0;29;0;295;0;120;0;0;0;0;0;0;0;0;30;55190;13299;0;7;0;0;3;0;7;9;18;1;0;556;8;1;2;0;0;0;0;0;0;0;0;0;0;0;0;39648;206064550.41;0.726;Estruturado;0
PROMISSAO;-21,5356;-49,8599;1;0;0;0;1;0;2;3;52;0;0;0;16744;3822;6001;8249;0;824;20;0;4493;0;0;0;265;0;0;0;0;0;0;0;0;0;0;0;0;0;0;0;0;0;0;0;25;0;0;0;0;0;0;0;0;0;0;0;0;0;0;0;0;0;0;0;0;0;0;0;0;0;0;0;0;0;41211;184266104.79;0.288;Crítico;3
QUADRA;-23,2993;-48,0547;0;0;0;0;0;0;0;0;1;0;1;0;531;843;368;1499;0;20;110;0;2289;0;0;0;0;0;0;9;0;0;0;0;0;0;0;0;0;0;0;0;0;0;0;0;0;0;0;0;0;0;0;0;0;0;0;0;0;0;0;0;0;0;0;0;0;0;0;0;0;0;0;0;0;0;3902;37724877.32;0.447;Em risco;3
QUATA;-22,2456;-50,6966;0;0;0;0;0;0;1;1;21;2;0;0;5575;0;4134;3030;0;0;511;0;3674;9;0;180;0;712;0;166;0;0;0;1;0;0;0;0;0;0;0;0;0;0;0;0;19;0;3124;0;0;0;0;0;0;0;0;0;0;0;0;0;0;0;0;0;0;0;0;0;0;0;0;0;0;0;14309;99514074.37;0.501;Em risco;0
QUEIROZ;-21,7969;-50,2415;0;0;0;0;0;0;0;0;0;0;0;0;293;201;1883;755;0;3;3347;0;0;94;0;0;0;162;251;105;0;0;0;0;0;0;0;43;0;0;0;0;0;0;0;0;0;0;3458;0;0;0;0;0;0;0;0;0;0;0;0;0;0;0;0;0;0;0;0;0;0;0;0;0;0;0;3513;49975874.33;0.658;Moderado;0
QUELUZ;-22,5312;-44,7781;0;0;1;0;0;0;1;1;0;0;1;0;2981;354;916;4608;0;117;5768;0;3995;197;33;122;416;271;149;208;0;0;0;4;0;100;0;77;0;0;0;0;0;0;0;0;0;0;37;0;0;0;0;0;0;0;0;0;0;0;45;0;0;0;0;0;0;0;0;0;0;0;0;0;0;0;13788;76116659.42;0.481;Em risco;3
QUINTANA;-22,0692;-50,307;0;0;0;0;0;0;0;0;7;1;0;0;1491;111;3281;1853;0;47;15561;0;0;34;0;0;121;625;679;848;0;0;0;10;0;0;0;291;0;0;0;0;0;0;0;0;21;4240;1066;0;0;0;0;0;0;0;0;0;0;0;0;0;0;0;0;0;0;0;0;0;0;0;0;0;0;0;6736;51712244.88;0.673;Moderado;0
RAFARD;-23,0105;-47,5318;0;0;0;0;0;0;0;0;1;0;0;0;5872;0;1698;1257;0;0;2949;0;3835;28;0;0;0;77;66;57;0;0;0;0;0;0;0;21;0;0;0;0;0;0;0;0;0;1510;8;0;0;0;0;0;0;0;0;0;0;0;0;0;0;0;0;0;0;0;0;0;0;0;0;0;0;0;9126;62245547.24;0.463;Em risco;3
RANCHARIA;-22,2269;-50,893;0;0;0;1;0;0;0;6;52;0;0;0;12224;843;5512;9620;0;92;6744;0;9789;0;0;0;0;0;174;45;0;0;0;200;0;363;0;0;0;0;0;0;0;0;0;0;0;0;5024;0;0;0;0;0;0;0;0;0;0;0;0;0;0;0;0;0;0;0;0;0;0;0;0;0;0;0;29743;169994509.33;0.503;Em risco;0
REDENCAO DA SERRA;-23,2638;-45,5422;0;0;0;0;0;0;0;0;1;0;1;0;419;0;2754;946;0;5;3163;0;2477;28;0;0;0;158;16;137;0;0;0;4;0;33;0;13;0;0;0;0;0;0;0;0;0;0;1;0;0;0;0;0;0;0;0;0;0;0;0;0;0;0;0;0;0;0;0;0;0;0;0;0;0;0;3827;36642683.12;0.636;Moderado;0
REGENTE FEIJO;-22,2181;-51,3055;0;0;0;1;0;0;0;0;20;0;1;116;9117;1158;5344;4154;0;108;6274;0;2841;0;0;0;0;1190;0;126;0;0;0;25;0;75;0;0;0;0;0;0;0;0;0;0;0;0;5;0;0;0;0;0;0;0;0;0;0;0;160;0;0;0;0;0;0;0;0;0;0;0;0;0;0;0;20523;122873773.66;0.395;Crítico;3
REGINOPOLIS;-21,8914;-49,2268;0;0;0;0;0;0;1;0;3;0;0;0;2767;251;740;1752;0;15;2138;0;0;0;0;39;8;0;0;0;0;0;0;0;0;0;0;0;0;0;0;0;0;0;0;0;51;0;1544;0;0;0;0;0;0;0;0;0;0;0;0;0;0;0;0;0;0;0;0;0;0;0;0;0;0;0;10047;48857011.54;0.333;Crítico;3
REGISTRO;-24,4979;-47,8449;1;0;0;2;0;0;6;23;64;1;0;201;30438;1685;14616;11181;0;170;22648;0;412;2;0;0;1037;1362;560;1168;95;0;0;10;0;446;0;118;0;0;0;0;0;0;0;0;23;0;424;0;0;0;0;0;0;0;0;0;0;0;0;0;0;0;0;0;0;0;0;0;0;0;0;0;0;0;56463;307730919.97;0.447;Em risco;3
RESTINGA;-20,6056;-47,4833;0;0;0;0;0;0;1;0;0;1;0;0;614;0;2287;3435;0;23;4520;0;483;0;0;9;0;189;0;107;0;0;0;41;0;1;0;0;0;0;0;0;0;0;0;0;23;90;429;0;0;0;0;0;0;0;0;0;0;0;0;0;0;0;0;0;0;0;0;0;0;0;0;0;0;0;7762;47477925.37;0.42;Em risco;3
RIBEIRA;-24,6517;-49,0044;0;0;0;0;0;0;1;0;0;1;1;0;378;0;2300;382;0;20;1283;0;0;0;0;5;0;35;0;187;0;0;0;0;0;0;0;0;0;0;0;0;0;0;0;0;0;0;0;0;0;0;0;0;0;0;0;0;0;0;0;0;0;0;0;0;0;0;0;0;0;0;0;0;0;0;3320;32714646.19;0.516;Em risco;0
RIBEIRAO BONITO;-22,0685;-48,182;0;0;0;1;0;0;1;2;25;1;0;0;3183;0;2465;5149;0;5;6822;0;3477;51;0;70;240;299;97;383;0;0;0;23;0;67;0;33;0;0;0;0;0;0;0;0;0;4800;2484;0;0;0;0;0;0;1;0;6;0;0;50;1;0;0;0;0;0;0;0;0;0;0;0;0;0;0;13376;61914414.83;0.633;Moderado;0
RIBEIRAO BRANCO;-24,2206;-48,7635;0;0;1;0;0;0;0;3;2;0;1;0;2166;0;6778;9216;0;114;2885;0;6171;0;0;0;0;0;0;135;0;0;0;3;0;4;0;0;0;0;0;0;0;0;0;0;0;0;0;0;1;0;0;1;0;0;0;0;0;0;83;0;0;0;0;0;0;0;0;0;0;0;0;0;0;0;15984;84643828.9;0.311;Crítico;3
RIBEIRAO CORRENTE;-20,4579;-47,5904;0;0;0;0;0;0;1;0;1;0;0;0;0;0;2268;2253;0;26;5276;0;0;327;0;0;0;136;144;179;0;0;0;0;0;0;0;8;0;0;0;0;0;0;0;0;0;0;247;0;0;0;0;0;0;0;0;0;0;0;0;0;0;0;0;0;0;0;0;0;0;0;0;0;0;0;4786;44828948.12;0.595;Moderado;0
RIBEIRAO DO SUL;-22,789;-49,933;0;0;0;0;0;0;1;0;0;0;0;0;1241;222;2398;635;0;0;7650;0;0;399;0;0;11;670;515;298;0;0;0;10;0;0;0;32;0;0;0;0;0;0;0;0;0;0;2015;0;0;0;0;0;0;0;0;0;0;0;0;0;0;0;0;0;0;0;0;0;0;0;0;0;0;0;4537;38763114.44;0.65;Moderado;0
RIBEIRAO DOS INDIOS;-21,8382;-51,6103;0;0;0;0;0;0;0;0;0;0;0;0;0;0;1591;307;0;5;0;0;0;0;0;0;0;0;14;0;0;0;0;0;0;74;0;0;0;0;0;0;0;0;0;0;22;0;1958;0;0;0;0;0;0;0;0;0;0;0;0;0;0;0;0;0;0;0;0;0;0;0;0;0;0;0;2222;27138054.84;0.507;Em risco;0
RIBEIRAO GRANDE;-24,1011;-48,3679;0;0;0;0;0;0;1;1;0;0;0;0;1113;0;5837;252;0;102;46;0;0;0;0;53;0;0;38;0;0;0;0;0;0;40;0;6;0;0;0;0;0;0;0;0;0;0;0;0;0;0;0;0;0;0;0;0;0;0;0;0;0;0;0;0;0;0;0;0;0;0;0;0;0;0;7686;50504230.99;0.22;Crítico;3
RIBEIRAO PIRES;-23,7067;-46,4058;0;0;1;1;0;0;4;36;68;1;0;910;82827;9494;9512;7218;4586;78;75881;0;43097;7547;64;1398;3674;3400;262;3862;36;517;0;167;0;2157;246;92;0;0;0;0;0;0;0;0;178;0;739;0;3;0;0;38;0;1;0;36;1;0;577;26;0;0;0;0;0;0;0;0;0;0;0;0;0;0;125238;530684339.47;0.581;Em risco;0
RIBEIRAO PRETO;-21,1699;-47,8099;0;0;3;21;0;0;11;652;2095;7;22;86955;328918;165853;21899;65127;22793;1145;420512;19;249575;56047;911;3893;12740;3423;17563;15219;773;875;398;636;502;11968;1165;1472;0;119;0;4;134;861;7409;0;169;0;83246;0;27;212;71;113;530;184;297;132;73;52;6094;102;0;44;12;1553;84;11;0;24;72;7;14;0;1;2;720116;4111828964.42;0.824;Estruturado;2
RIVERSUL;-23,829;-49,429;0;0;0;0;0;0;0;0;0;1;0;0;0;342;1565;3474;0;27;0;0;0;0;0;0;0;0;0;0;0;0;0;0;0;0;0;0;0;0;0;0;0;0;0;0;0;0;0;0;0;0;0;0;0;0;0;0;0;0;0;0;0;0;0;0;0;0;0;0;0;0;0;0;0;0;5364;37322619.3;0.181;Crítico;3
RIFAINA;-20,0803;-47,4291;0;0;0;0;0;0;2;0;0;0;0;0;1836;354;763;824;0;11;3154;0;0;9;0;0;87;176;501;186;0;0;0;0;0;0;0;68;0;0;0;0;0;0;0;0;22;0;289;0;0;0;0;0;0;0;0;0;0;0;0;0;0;0;0;0;0;0;0;0;0;0;0;0;0;0;3651;52416217.35;0.738;Estruturado;0
RINCAO;-21,5894;-48,0728;0;0;0;0;0;0;1;0;5;1;0;0;2996;594;4499;927;0;0;5216;0;3;68;0;13;0;503;0;198;0;0;0;12;0;67;0;0;0;0;0;0;0;0;0;0;69;0;1;0;0;0;0;0;0;0;0;0;0;0;0;0;0;0;0;0;0;0;0;0;0;0;0;0;0;0;10824;58478886.75;0.401;Crítico;3
RINOPOLIS;-21,7284;-50,7239;0;0;1;0;0;0;1;0;1;0;0;0;2091;1036;3291;2180;0;40;9141;0;641;45;1;0;289;449;161;959;0;0;0;21;0;0;0;28;0;0;0;0;0;0;0;0;21;22860;4067;0;2;0;0;0;0;0;0;0;0;0;77;0;0;0;0;0;0;0;0;0;0;0;0;0;0;0;9940;55748895.91;0.626;Moderado;0
RIO CLARO;-22,3984;-47,5546;0;0;0;5;0;0;5;111;564;2;3;9027;107470;34173;14498;32976;419;2019;219921;0;69332;13504;164;1954;5805;3074;2030;7564;12;1378;474;712;249;3434;4117;280;0;30;497;530;69;469;1274;0;130;0;2894;0;17;12;7;42;12;56;91;115;18;38;2127;55;0;14;6;239;0;1;1;7;14;3;4;0;0;1;209548;1253696289.2;0.802;Estruturado;1
RIO DAS PEDRAS;-22,8417;-47,6047;0;0;0;2;0;0;1;8;72;0;0;911;20149;1583;2906;5524;0;88;32676;0;11949;432;0;0;897;0;492;929;0;0;0;133;0;453;0;29;0;0;0;0;0;0;0;0;34;5440;8351;0;0;0;0;0;0;3;0;0;0;0;175;19;0;0;0;0;0;0;0;0;0;0;0;0;0;0;36233;156135625.93;0.702;Estruturado;0
RIO GRANDE DA SERRA;-23,7437;-46,3971;0;0;0;0;0;0;2;1;3;1;0;0;16366;1067;10688;10417;5166;0;20702;0;0;3124;0;0;0;112;87;4;554;0;0;0;0;6;0;0;0;0;0;0;0;0;0;0;0;0;117;0;0;0;0;0;0;0;0;0;0;0;0;0;0;0;0;0;0;0;0;0;0;0;0;0;0;0;52009;144519395.57;0.275;Crítico;3
RIOLANDIA;-19,9868;-49,6836;0;0;0;1;0;0;1;1;2;0;1;0;1081;373;2573;3724;0;0;215;0;6;0;0;141;0;1481;0;0;0;0;0;0;0;0;0;0;0;0;0;0;0;0;0;0;28;13380;0;0;2;0;0;0;0;0;0;0;0;0;0;0;0;0;0;0;0;0;0;0;0;0;0;0;0;0;12856;74543699.92;0.361;Crítico;3
ROSANA;-22,5782;-53,0603;0;0;1;0;0;0;0;2;16;0;0;0;6819;564;8647;934;0;23;1635;0;9337;0;0;0;0;150;0;0;0;0;0;0;0;0;0;0;0;0;0;0;0;0;0;0;0;0;43;0;0;0;0;0;0;0;0;0;0;0;0;0;0;0;0;0;0;0;0;0;0;0;0;0;0;0;15929;147945626.36;0.525;Em risco;0
ROSEIRA;-22,8938;-45,307;0;0;0;0;0;0;1;2;2;0;1;0;5494;2185;1020;2100;0;43;6938;0;0;1;0;171;1;814;19;230;0;0;0;5;0;131;0;7;0;0;0;0;0;0;0;0;0;2600;259;0;0;0;0;0;0;0;0;0;0;0;0;0;0;0;0;0;0;0;0;0;0;0;0;0;0;0;10888;62921503.28;0.489;Em risco;3
RUBIACEA;-21,3006;-50,7296;0;0;0;0;0;0;0;0;1;0;0;0;0;0;2015;374;0;6;2263;0;0;52;0;0;0;0;87;51;0;0;0;0;0;0;0;16;0;0;0;0;0;0;0;0;0;0;912;0;0;0;0;0;0;0;0;0;0;0;0;0;0;0;0;0;0;0;0;0;0;0;0;0;0;0;3195;33212147.25;0.562;Em risco;0
RUBINEIA;-20,1759;-51,007;0;0;0;0;0;0;0;0;0;0;0;0;2514;661;236;0;0;23;0;0;0;0;0;0;0;322;0;0;0;0;0;0;0;0;0;0;0;0;0;0;0;0;0;0;16;0;0;0;0;0;0;0;0;0;0;0;0;0;0;0;0;0;0;0;0;0;0;0;0;0;0;0;0;0;3191;45677551.16;0.335;Crítico;3
SABINO;-21,4593;-49,5755;0;0;0;0;0;0;0;0;2;0;0;0;1034;0;3595;276;0;14;6023;0;0;203;0;0;9;0;102;146;0;0;0;0;0;0;0;31;0;0;0;0;0;0;0;0;19;0;1437;0;0;0;0;0;0;0;0;0;0;0;0;0;0;0;0;0;0;0;0;0;0;0;0;0;0;0;5638;48655677.99;0.634;Moderado;0
SAGRES;-21,8823;-50,9594;0;0;0;0;0;0;0;0;0;0;0;0;0;0;2381;0;0;0;1445;0;0;0;0;0;0;0;0;0;0;0;0;0;0;0;0;0;0;0;0;0;0;0;0;0;0;0;0;0;0;0;0;0;0;0;0;0;0;0;0;0;0;0;0;0;0;0;0;0;0;0;0;0;0;0;2427;27073452.76;0.395;Crítico;3
SALES;-21,3427;-49,4897;0;0;0;0;0;0;0;0;0;0;0;0;1840;812;1790;1774;0;25;11285;0;502;32;0;0;2;583;249;613;0;0;0;0;0;0;0;57;0;0;0;0;0;0;0;0;0;24010;4763;0;0;0;0;0;0;0;0;0;0;0;0;0;0;0;0;0;0;0;0;0;0;0;0;0;0;0;6481;55341493.01;0.605;Moderado;0
SALES OLIVEIRA;-20,7696;-47,8369;0;0;0;1;0;0;0;3;36;1;0;0;7182;1782;146;2091;0;496;815;0;7112;0;0;80;421;590;0;0;0;0;0;0;0;0;0;0;0;0;0;0;0;0;0;0;10;14160;0;0;0;0;0;1;0;0;0;3;0;0;0;4;0;0;0;0;0;0;0;0;0;0;0;0;0;0;12103;78220351.61;0.779;Estruturado;0
SALESOPOLIS;-23,5288;-45,8465;0;0;0;1;0;0;1;0;3;0;1;0;4977;509;6065;3110;0;57;6837;0;3786;544;2;172;598;303;0;354;0;0;0;43;0;192;0;0;0;0;0;0;0;0;0;0;0;0;1;0;1;0;0;0;0;0;0;0;0;0;0;0;0;0;0;0;0;0;0;0;0;0;0;0;0;0;17363;87839510.8;0.409;Em risco;3
SALMOURAO;-21,6267;-50,8614;0;0;0;0;0;0;0;0;0;0;0;0;597;0;2182;1830;0;0;0;0;0;0;0;0;0;0;0;0;0;0;0;0;0;0;0;0;0;0;0;0;0;0;0;0;0;0;0;0;0;0;0;0;0;0;0;0;0;0;0;0;0;0;0;0;0;0;0;0;0;0;0;0;0;0;5372;30392264.45;0.143;Crítico;3
SALTINHO;-22,8442;-47,6754;0;0;0;0;0;0;1;0;3;0;0;0;7414;0;599;0;0;1026;17552;0;3665;409;2;96;299;281;429;1020;0;0;1;196;0;292;0;27;0;15;0;0;0;0;0;0;0;5560;3239;0;0;0;0;0;0;0;0;0;0;0;0;0;0;0;0;0;0;0;0;0;0;0;0;0;0;0;8498;53997548.55;0.663;Moderado;0
SALTO;-23,1996;-47,2931;0;0;1;0;0;0;28;21;167;0;1;4251;91889;20750;9234;7240;335;393;55469;0;29383;2452;65;1811;5159;3431;367;705;60;435;33;239;187;697;261;103;0;42;18;34;0;0;0;0;0;93700;1517;0;5;3;2;29;55;43;34;44;5;0;856;18;0;7;2;74;0;0;0;2;19;0;0;0;0;0;120779;615165606.53;0.66;Moderado;0
SALTO DE PIRAPORA;-23,6474;-47,5743;0;0;1;1;0;0;6;5;50;0;0;824;18954;6652;10021;6155;0;80;26647;0;19733;126;0;178;1565;829;126;760;0;0;0;0;79;308;0;41;0;0;16;0;0;0;0;0;0;14840;626;0;2;6;1;9;0;61;1;9;0;0;87;72;0;0;0;6;0;0;0;0;0;0;0;0;0;0;46285;239092440.87;0.641;Moderado;0
SALTO GRANDE;-22,8894;-49,9831;0;0;0;1;0;0;0;0;1;0;0;0;1702;0;2537;4493;0;258;6930;0;4113;161;6;88;731;195;756;158;0;0;0;13;0;2;39;78;0;0;4;4;0;0;0;0;0;14610;3386;0;0;0;0;0;0;6;0;6;0;0;22;7;0;0;0;0;0;0;0;0;1;0;0;0;0;0;9396;51955045.5;0.557;Em risco;0
SANDOVALINA;-22,4551;-51,7648;0;0;0;0;0;0;0;0;1;0;0;0;0;0;1893;1539;0;21;0;0;0;1592;0;0;0;340;0;0;0;0;0;0;0;0;0;0;0;0;0;0;0;0;0;0;0;0;196;0;0;0;0;0;0;0;0;0;0;0;0;0;0;0;0;0;0;0;0;0;0;0;0;0;0;0;4405;58706557.54;0.388;Crítico;3
SANTA ADELIA;-21,2427;-48,8063;0;0;0;1;0;0;2;1;23;0;0;0;8140;201;2665;2781;0;161;17215;0;5052;703;0;258;369;131;246;1324;54;0;0;19;0;120;0;56;0;0;0;0;0;0;0;0;25;28730;2557;0;0;5;0;0;0;3;0;0;0;0;0;3;0;0;0;0;0;0;0;0;1;0;0;0;0;0;15639;80851614.28;0.693;Estruturado;0
SANTA ALBERTINA;-20,0311;-50,7297;0;0;0;0;0;0;0;0;3;0;1;0;2736;0;2615;864;0;31;2799;0;3594;0;0;0;0;0;0;76;0;0;0;0;0;12;0;0;0;0;0;0;0;0;0;0;0;0;0;0;0;0;0;0;0;0;0;0;0;0;0;0;0;0;0;0;0;0;0;0;0;0;0;0;0;0;6036;58879812.79;0.595;Moderado;0
SANTA BARBARA D'OESTE;-22,7553;-47,4143;0;0;0;0;0;0;0;0;0;0;0;4927;129130;22481;13011;13052;0;416;184141;0;61019;10713;170;829;11181;1722;3979;8348;142;556;243;287;25;2689;12;831;0;0;0;0;0;0;1365;0;86;10510;12016;0;7;4;3;39;59;87;68;53;27;0;2362;41;0;6;0;95;0;1;1;20;8;0;0;0;0;0;195278;841403957.56;0.561;Em risco;1
SANTA BRANCA;-23,3933;-45,8875;0;0;0;0;0;0;0;3;3;1;1;0;5685;1157;4218;2558;0;0;10292;0;0;0;0;0;285;0;0;199;0;0;0;8;0;177;0;0;0;0;0;0;0;0;0;0;0;0;8;0;0;0;0;0;0;0;0;0;0;0;0;0;0;0;0;0;0;0;0;0;0;0;0;0;0;0;14925;80624682.21;0.437;Em risco;3
SANTA CLARA D'OESTE;-20,09;-50,9491;0;0;0;0;0;0;0;0;0;0;0;0;839;205;1018;505;0;10;32;0;0;0;9;0;0;350;0;0;0;0;0;0;0;0;0;0;0;0;0;0;0;0;0;0;0;2300;64;0;0;0;0;0;0;0;0;0;0;0;0;0;0;0;0;0;0;0;0;0;0;0;0;0;0;0;2111;37252806.32;0.394;Crítico;3
SANTA CRUZ DA CONCEICAO;-22,1405;-47,4512;0;0;0;0;0;0;0;0;0;0;0;0;3580;0;378;250;0;12;87;0;3588;0;0;200;2;167;0;2;0;39;25;5;0;89;0;0;0;0;0;0;3;0;0;0;0;10000;0;0;0;0;0;0;0;0;0;0;0;0;0;0;0;0;0;0;0;0;0;0;0;0;0;0;0;0;4584;39386674.54;0.651;Moderado;0
SANTA CRUZ DA ESPERANCA;-21,2951;-47,4304;0;0;0;0;0;0;0;1;0;1;1;0;2018;0;0;0;0;6;654;0;0;0;0;0;0;0;0;0;0;0;0;0;0;0;0;0;0;0;0;0;0;0;0;0;0;0;0;0;0;0;0;0;0;0;0;0;0;0;0;0;0;0;0;0;0;0;0;0;0;0;0;0;0;0;2166;28312432.53;0.623;Moderado;0
SANTA CRUZ DAS PALMEIRAS;-21,8235;-47,248;0;0;0;1;0;0;9;8;50;1;2;0;11875;1543;7065;7926;0;0;14693;0;5467;110;1;128;384;1100;628;1155;1;0;0;34;5;482;0;99;0;0;0;0;0;0;0;0;51;0;7769;0;0;0;0;3;6;10;12;15;0;0;206;6;0;3;0;7;0;0;0;0;0;0;0;0;0;0;35102;133367034.65;0.579;Em risco;0
SANTA CRUZ DO RIO PARDO;-22,8988;-49,6354;0;0;0;1;0;0;16;14;127;1;3;137;24854;7110;6070;6446;995;858;37648;0;22864;506;165;625;2782;4589;757;1765;0;177;0;97;64;322;0;60;0;8;0;0;0;0;0;0;50;9490;3934;0;9;0;8;12;37;36;58;38;4;0;385;27;0;8;0;43;0;0;0;0;4;0;0;0;0;0;48207;278627898.27;0.83;Estruturado;0
SANTA ERNESTINA;-21,4618;-48,3953;0;0;0;0;0;0;0;0;4;0;0;0;4226;0;992;779;0;25;459;0;0;0;0;0;0;0;0;0;0;0;0;0;0;0;0;0;0;0;0;0;0;0;0;0;0;0;0;0;0;0;0;0;0;0;0;0;0;0;0;0;0;0;0;0;0;0;0;0;0;0;0;0;0;0;5577;33952558.97;0.253;Crítico;3
SANTA FE DO SUL;-20,2083;-50,932;0;0;0;1;0;0;5;29;86;2;3;0;16845;5149;4609;7563;0;924;32977;171;16736;392;18;5;1693;1393;1841;1851;28;209;0;94;44;276;32;100;0;0;0;0;0;0;0;0;645;156580;6468;0;5;0;0;7;3;48;14;8;2;0;873;9;0;0;0;26;0;0;0;3;0;0;0;0;0;0;32796;294887269.31;0.873;Estruturado;0
SANTA GERTRUDES;-22,4572;-47,5272;0;0;0;0;0;0;7;3;28;1;1;768;5334;12468;519;4080;0;63;19249;0;4936;285;25;75;1224;361;520;824;35;0;0;52;41;30;0;81;0;0;0;0;0;0;0;0;0;0;2079;0;0;0;0;0;0;0;0;0;0;0;0;0;0;0;0;0;0;0;0;0;0;0;0;0;0;0;27850;213108049.94;0.679;Moderado;0
SANTA ISABEL;-23,3172;-46,2237;0;0;0;1;0;0;9;6;18;1;2;698;13833;4644;18286;14579;0;485;35970;0;23464;1085;125;743;1988;2169;0;668;0;254;0;67;0;774;261;0;0;0;2;1;0;0;0;0;0;0;522;0;1;0;1;11;16;14;10;28;1;0;692;24;0;0;0;3;0;0;0;0;5;0;0;0;0;0;58529;245862947.04;0.535;Em risco;0
SANTA LUCIA;-21,685;-48,0885;0;0;0;0;0;0;1;0;0;1;0;0;1463;0;3164;2449;0;46;6963;0;0;16;0;0;0;4;48;31;0;0;0;183;0;98;0;22;0;0;0;0;0;0;0;0;0;0;478;0;0;0;0;0;0;0;0;0;0;0;0;0;0;0;0;0;0;0;0;0;0;0;0;0;0;0;8889;38826386.67;0.433;Em risco;3
SANTA MARIA DA SERRA;-22,5661;-48,1593;0;0;0;0;0;0;1;0;2;0;0;0;2276;0;833;2009;0;0;4372;0;0;134;0;71;329;430;118;119;0;0;0;3;0;0;0;74;0;0;0;0;0;0;0;0;0;0;58;0;0;0;0;0;0;0;0;0;0;0;0;0;0;0;0;0;0;0;0;0;0;0;0;0;0;0;6298;40180667.4;0.495;Em risco;3
SANTA MERCEDES;-21,3495;-51,7564;0;0;0;0;0;0;1;0;2;0;0;0;254;0;1918;754;0;0;3598;0;0;183;0;0;0;73;105;343;0;0;0;26;0;7;0;15;0;0;0;0;0;0;0;0;0;15030;2975;0;0;0;0;0;0;0;0;0;0;0;0;0;0;0;0;0;0;0;0;0;0;0;0;0;0;0;2947;28230399.55;0.706;Estruturado;0
SANTANA DA PONTE PENSA;-20,2523;-50,8014;0;0;0;0;0;0;1;0;0;0;0;0;574;0;1026;0;0;16;0;0;0;0;0;0;0;0;0;0;0;0;0;0;0;0;0;0;0;0;0;0;0;0;0;0;0;0;0;0;0;0;0;0;0;0;0;0;0;0;0;0;0;0;0;0;0;0;0;0;0;0;0;0;0;0;1448;26231032.11;0.412;Em risco;3
SANTANA DE PARNAIBA;-23,4439;-46,9178;0;0;2;0;0;0;4;17;39;2;2;45670;16221;31093;5038;51488;3790;0;179938;0;117833;12237;5;4548;8762;2442;6787;9194;654;461;0;148;515;3647;229;788;0;0;0;0;0;0;2588;0;37;0;11708;0;0;0;0;48;0;0;0;31;0;0;0;0;0;0;0;0;0;0;0;0;0;0;0;0;0;0;145073;1697184988.89;0.693;Estruturado;1
SANTA RITA D'OESTE;-20,1414;-50,8358;0;0;0;0;0;0;0;0;0;0;0;0;542;0;2109;0;0;0;865;0;0;0;0;0;0;0;0;0;0;0;0;0;0;0;0;0;0;0;0;0;0;0;0;0;0;0;0;0;0;0;0;0;0;0;0;0;0;0;0;0;0;0;0;0;0;0;0;0;0;0;0;0;0;0;2476;30880139.93;0.347;Crítico;3
SANTA RITA DO PASSA QUATRO;-21,7083;-47,478;1;0;0;1;0;0;3;6;58;0;1;0;17489;877;4913;1090;0;67;13505;0;0;1529;1;400;579;595;950;268;0;0;0;45;0;202;0;173;0;0;0;0;0;0;0;0;25;0;7595;0;4;0;0;1;1;9;6;8;0;0;122;0;0;0;0;7;0;0;0;0;0;0;0;0;0;0;27641;150330901.17;0.665;Moderado;0
SANTA ROSA DE VITERBO;-21,4776;-47,3622;0;0;0;1;0;0;1;5;56;1;1;0;17284;0;5933;0;0;31;13915;0;6740;463;0;24;687;0;90;412;0;0;0;91;0;289;0;46;0;0;0;0;0;0;0;0;0;0;1751;0;2;0;0;1;0;0;0;0;0;0;179;0;0;0;0;0;0;0;0;0;0;0;0;0;0;0;26960;119558152.23;0.62;Moderado;0
SANTA SALETE;-20,2429;-50,6887;0;0;0;0;0;0;0;0;0;0;0;0;958;0;583;0;0;19;93;0;1626;0;0;0;0;194;0;0;0;0;0;0;0;0;0;0;0;0;0;0;0;0;0;0;0;0;0;0;0;0;0;0;0;0;0;0;0;0;0;0;0;0;0;0;0;0;0;0;0;0;0;0;0;0;1558;24998079.11;0.674;Moderado;0
SANTO ANASTACIO;-21,9747;-51,6527;0;0;0;1;0;0;1;2;33;0;0;0;9136;1184;4082;2974;0;0;4147;0;5822;6;53;276;659;1670;108;0;29;0;0;44;7;155;0;0;0;0;0;0;0;0;0;0;0;0;0;0;4;0;1;3;1;0;1;1;0;0;239;3;0;0;0;0;0;0;0;0;0;0;0;0;0;0;20855;86033070.33;0.448;Em risco;3
SANTO ANDRE;-23,6737;-46,5432;2;0;2;12;0;0;14;753;173;10;21;81845;465041;52988;14239;27929;98153;47085;394077;0;322600;32801;686;8030;9277;1094;8366;18212;310;3096;1063;1257;210;14069;3140;1026;0;117;81;120;72;10;2621;0;279;0;34645;0;136;37;29;187;398;315;313;148;23;5;5181;192;6;24;14;703;0;8;4;31;29;0;0;0;0;0;723889;3861690241.28;0.682;Estruturado;2
SANTO ANTONIO DA ALEGRIA;-21,0864;-47,1464;0;0;0;0;0;0;2;1;2;0;1;0;2530;729;1993;1504;0;41;3246;0;3657;12;0;75;186;211;478;348;0;0;0;0;0;54;0;19;0;0;0;0;0;0;0;0;0;0;2543;0;0;0;0;0;0;0;0;0;0;0;0;0;0;0;0;0;0;0;0;0;0;0;0;0;0;0;7024;46765320.08;0.685;Estruturado;0
SANTO ANTONIO DE POSSE;-22,6029;-46,9192;0;0;0;0;0;0;2;6;22;1;0;0;7409;4341;978;10057;0;0;40939;0;17026;1688;158;196;1280;1723;672;1388;1260;0;0;500;0;451;0;52;0;1;0;0;0;0;0;0;0;49520;5423;0;0;0;0;0;0;0;0;0;0;0;0;0;0;0;0;0;0;0;0;0;0;0;0;0;0;0;23742;167838023.75;0.681;Estruturado;0
SANTO ANTONIO DO ARACANGUA;-20,9331;-50,498;0;0;0;0;0;0;0;0;0;0;0;0;2507;199;3394;1493;0;0;10807;0;0;51;0;136;20;530;527;513;0;0;0;42;0;3;0;52;0;0;0;0;0;0;0;0;122;0;435;0;0;0;0;0;0;0;0;0;0;0;0;0;0;0;0;0;0;0;0;0;0;0;0;0;0;0;8541;82718235.88;0.629;Moderado;0
SANTO ANTONIO DO JARDIM;-22,1121;-46,6845;0;0;0;0;0;0;1;0;3;0;1;0;1458;599;3929;0;0;545;4854;0;443;1192;0;68;153;325;82;168;0;0;0;11;0;77;0;49;0;0;0;0;0;0;0;0;0;0;615;0;0;0;0;0;0;0;0;0;0;0;0;0;0;0;0;0;0;0;0;0;0;0;0;0;0;0;5926;35917577.25;0.649;Moderado;0
SANTO ANTONIO DO PINHAL;-22,827;-45,663;0;0;0;0;0;0;1;1;1;1;1;0;2729;640;2400;956;0;7;3399;0;1527;83;0;0;301;0;153;64;0;0;0;0;0;57;0;57;0;0;0;0;0;0;0;0;13;0;56;0;0;0;0;0;0;0;0;0;0;0;0;0;0;0;0;0;0;0;0;0;0;0;0;0;0;0;6843;51241534.11;0.549;Em risco;0
SANTO EXPEDITO;-21,8467;-51,3929;0;0;0;0;0;0;1;0;0;0;0;0;122;115;1918;760;0;119;82;0;0;0;0;0;0;162;0;0;0;0;0;0;0;0;0;0;0;0;0;0;0;0;0;0;0;0;0;0;0;0;0;0;0;0;0;0;0;0;0;0;0;0;0;0;0;0;0;0;0;0;0;0;0;0;3159;25325387.8;0.276;Crítico;3
SANTOPOLIS DO AGUAPEI;-21,6376;-50,5044;0;0;0;0;0;0;0;0;0;0;0;0;417;0;2132;1214;0;0;5469;0;0;39;0;0;0;21;89;720;0;0;0;0;0;0;0;22;0;0;0;0;0;0;0;0;20;27830;3674;0;0;0;0;0;0;0;0;0;0;0;0;0;0;0;0;0;0;0;0;0;0;0;0;0;0;0;4856;40427582.19;0.603;Moderado;0
SANTOS;-23,9535;-46,335;0;0;3;23;0;0;15;231;1403;4;29;95718;232084;24045;7450;10446;45789;1163;351382;0;205282;16547;481;7074;16143;6140;6397;12999;381;1527;409;2474;858;12741;2574;574;6;323;2228;2010;71;1317;1660;0;272;10500;65947;0;104;136;71;234;355;246;189;243;155;64;14547;181;11;15;20;764;0;21;3;40;62;0;17;0;1;0;433991;4284191164.24;0.912;Estruturado;2
SAO BENTO DO SAPUCAI;-22,6837;-45,7287;0;0;0;1;0;0;0;0;8;1;1;0;6451;1390;2124;817;0;79;4559;0;1472;0;3;65;304;290;45;0;0;0;0;11;0;64;0;0;0;0;0;0;0;0;0;0;20;0;0;0;1;0;0;1;0;2;0;2;0;0;108;0;0;0;0;0;0;0;0;0;1;0;0;0;0;0;10907;66595791.58;0.479;Em risco;3
SAO BERNARDO DO CAMPO;-23,6914;-46,5646;0;0;5;20;0;0;388;753;652;12;18;75769;414463;73822;54453;31075;157549;1712;653524;255;392092;22128;1431;14448;27646;5261;37391;37741;444;4710;804;1886;687;20900;5118;5768;9;911;193;111;182;977;4403;0;1221;4160;88288;0;74;466;48;194;848;420;281;184;122;96;13617;372;4;48;29;1579;0;2;8;54;58;0;0;0;0;0;849874;5829729944.43;0.825;Estruturado;2
SAO CAETANO DO SUL;-23,6229;-46,5548;0;0;2;7;0;0;22;209;543;1;8;52426;107655;4059;678;0;0;661;153334;0;150523;8222;443;5931;9146;8160;20126;3051;345;2353;217;246;639;17057;1222;993;0;520;0;0;53;303;0;0;200;0;27821;0;18;6;2;26;170;115;46;43;13;25;3118;159;3;4;11;151;0;17;3;6;3;0;0;0;0;0;162763;2042467800.2;0.966;Estruturado;1
SAO CARLOS;-22,0174;-47,886;1;0;0;4;2;1;7;145;812;4;13;18349;126728;45789;22503;39049;362;299;31930;0;12220;9;370;1377;2447;649;787;2229;141;606;153;358;89;2307;1445;38;0;5;640;834;97;699;2333;0;10;0;2029;0;40;66;31;76;372;195;119;65;21;68;4466;75;3;3;4;387;0;0;1;0;31;0;0;0;0;0;256915;1266421165.1;0.492;Em risco;1
SAO FRANCISCO;-20,3623;-50,6952;0;0;0;0;0;0;0;0;1;0;0;0;1086;0;1381;135;0;6;0;0;0;0;0;0;0;208;0;0;0;0;0;0;0;0;0;0;0;0;0;0;0;0;0;0;34;0;0;0;0;0;0;0;0;0;0;0;0;0;0;0;0;0;0;0;0;0;0;0;0;0;0;0;0;0;2813;29219970.77;0.286;Crítico;3
SAO JOAO DA BOA VISTA;-21,9707;-46,7944;0;0;0;5;3;0;6;30;588;1;5;2410;53499;14166;16254;5192;0;7008;115893;1584;43124;5272;26;1262;3372;8702;5770;5659;2;142;0;137;62;1126;30;599;10;2;296;403;0;565;459;0;2;0;14150;0;7;4;10;12;94;34;59;74;8;10;1650;41;1;4;0;82;0;0;0;6;4;0;0;0;0;0;92315;596785649.54;0.852;Estruturado;0
SAO JOAO DAS DUAS PONTES;-20,3879;-50,3792;0;0;0;0;0;0;0;0;0;0;0;0;131;0;2444;0;0;9;814;0;0;0;0;0;0;296;0;0;0;0;0;0;0;32;0;0;0;0;0;0;0;0;0;0;0;0;0;0;0;0;0;0;0;0;0;0;0;0;0;0;0;0;0;0;0;0;0;0;0;0;0;0;0;0;2555;29913692.19;0.353;Crítico;3
SAO JOAO DE IRACEMA;-20,5111;-50,3561;0;0;0;0;0;0;0;0;0;0;0;0;296;0;1182;345;0;5;995;0;505;227;0;0;0;2;610;0;0;0;0;0;0;0;0;46;0;0;0;0;0;0;0;0;0;0;246;0;0;0;0;0;0;0;0;0;0;0;0;0;0;0;0;0;0;0;0;0;0;0;0;0;0;0;1942;29092596.43;0.627;Moderado;0
SAO JOAO DO PAU D'ALHO;-21,2662;-51,6672;0;0;0;0;0;0;0;0;0;0;0;0;423;0;1469;135;0;0;2154;0;0;0;0;0;0;376;166;25;0;0;0;0;0;0;0;20;0;0;0;0;0;0;0;0;0;0;1343;0;0;0;0;0;0;0;0;0;0;0;0;0;0;0;0;0;0;0;0;0;0;0;0;0;0;0;2095;25913743.36;0.65;Moderado;0
SAO JOAQUIM DA BARRA;-20,5812;-47,8593;0;0;0;1;0;0;4;3;156;1;1;0;31142;4834;5204;6806;0;210;47431;0;14573;1004;0;0;920;280;1315;1576;0;0;0;144;0;151;0;90;0;9;0;0;0;0;975;0;26;0;16544;0;0;0;0;0;0;0;0;0;0;0;0;0;0;0;0;0;0;0;0;0;0;0;0;0;0;0;52737;254293043.96;0.762;Estruturado;0
SAO JOSE DA BELA VISTA;-20,5935;-47,6424;0;0;0;0;0;0;1;0;0;1;0;0;365;302;1118;5812;0;0;4301;0;0;0;0;0;0;0;0;480;0;0;0;150;0;0;0;0;0;0;0;0;0;0;0;0;0;0;0;0;0;0;0;0;0;0;0;0;0;0;0;0;0;0;0;0;0;0;0;0;0;0;0;0;0;0;8991;42077193.04;0.3;Crítico;3
SAO JOSE DO BARREIRO;-22,6414;-44,5774;0;0;0;0;0;0;0;0;1;0;0;0;418;0;2452;899;0;12;3722;0;0;29;0;70;0;193;0;0;0;0;0;20;0;30;0;0;0;0;0;0;0;0;0;0;0;2190;686;0;0;0;0;0;0;0;0;0;0;0;0;0;0;0;0;0;0;0;0;0;0;0;0;0;0;0;4141;48070309.1;0.619;Moderado;0
SAO JOSE DO RIO PARDO;-21,5953;-46,8873;0;0;0;2;0;0;5;31;118;1;4;188;29577;2344;14216;5024;0;255;28473;0;24181;998;150;253;1987;1744;308;1489;0;113;0;10;0;606;0;74;0;0;0;0;0;0;1565;0;18;0;281;0;12;0;0;12;38;32;57;48;5;0;1166;8;0;0;0;78;0;0;0;4;0;0;0;0;0;0;55298;297102441.24;0.731;Estruturado;0
SAO JOSE DO RIO PRETO;-20,8113;-49,3758;1;0;1;22;4;0;11;249;912;6;15;51395;224317;107949;35420;56406;0;215027;402557;0;195461;31822;693;8476;15178;3881;32017;23779;1260;1711;403;2681;1764;21979;4769;2258;0;803;0;0;414;840;0;0;5783;15130;72432;0;19;105;29;50;103;124;163;124;55;95;3990;98;15;38;7;3059;0;9;1;22;29;0;7;0;1;1;469173;2784507244.41;0.772;Estruturado;1
SAO JOSE DOS CAMPOS;-23,1896;-45,8841;1;1;3;21;2;0;16;374;1054;8;18;85458;353016;94587;67278;84123;6441;1123;504837;23;383418;36500;84;29583;30099;15752;11090;20511;26;1686;280;575;2715;62393;8997;992;26;82;3518;6495;139;1722;0;0;4951;37850;34148;0;53;112;32;199;313;285;231;259;70;139;7237;210;25;77;6;762;0;69;7;2;16;0;0;0;5;1;737310;4277758157.69;0.737;Estruturado;2
SAO LOURENCO DA SERRA;-23,8491;-46,9432;0;0;0;0;0;0;1;2;0;1;3;0;4360;1860;4270;4944;0;71;12731;0;0;281;0;187;1276;362;0;763;0;0;0;10;0;59;0;0;0;0;0;0;0;0;0;0;0;0;0;0;0;0;0;0;0;0;0;0;0;0;0;0;0;0;0;0;0;0;0;0;0;0;0;0;0;0;16127;76624513.65;0.467;Em risco;3
SAO LUIZ DO PARAITINGA;-23,222;-45,3109;0;0;0;1;0;0;0;0;1;0;1;0;2963;0;6781;511;0;0;0;0;0;0;0;0;0;0;0;0;0;0;0;0;0;0;0;0;0;0;0;0;0;0;0;0;0;0;0;0;0;0;0;0;0;0;0;0;0;0;0;0;0;0;0;0;0;0;0;0;0;0;0;0;0;0;10693;65140609.34;0.202;Crítico;3
SAO MANUEL;-22,7321;-48,5723;0;0;0;1;0;0;2;2;88;0;1;0;18259;1508;9272;7393;0;286;9501;0;9851;472;52;407;1513;639;375;8;5;51;0;28;10;280;0;35;0;0;1;0;0;0;0;0;0;0;3755;0;0;0;0;14;0;0;0;15;0;0;291;0;0;0;0;0;0;0;0;0;0;0;0;0;0;0;41287;205086908.57;0.499;Em risco;0
SAO MIGUEL ARCANJO;-23,8782;-47,9935;0;0;0;1;0;0;2;2;29;0;0;0;9605;836;11374;9738;0;248;32204;0;18014;229;0;399;2068;564;26;2588;93;0;0;46;0;461;0;6;0;0;0;0;0;0;0;0;0;0;9283;0;1;0;0;0;0;33;0;0;0;0;325;12;0;0;0;0;0;0;0;0;0;0;0;0;0;0;33071;148260926.38;0.593;Moderado;0
SAO PEDRO;-22,5483;-47,9096;0;0;0;1;0;0;1;9;74;1;2;412;24470;3457;3063;4650;1506;0;42741;0;24460;4963;0;787;1486;1814;2057;2443;56;101;0;20;114;434;6;118;0;0;8;0;0;0;0;0;0;540;1097;0;0;44;0;15;0;61;20;18;0;0;485;70;1;1;0;38;0;0;0;0;0;0;0;0;0;0;36298;218829176.4;0.745;Estruturado;0
SAO PEDRO DO TURVO;-22,7453;-49,7428;0;0;0;0;0;0;0;0;0;0;0;0;3009;0;1757;2308;0;13;350;0;0;0;0;62;56;646;0;0;0;4;3;0;0;0;0;0;0;0;0;0;0;0;0;0;18;0;1;0;0;0;0;0;0;0;0;0;0;0;0;0;0;0;0;0;0;0;0;0;0;0;0;0;0;0;7724;61642789.25;0.24;Crítico;3
SAO ROQUE;-23,5226;-47,1357;0;0;0;3;0;0;4;32;227;0;0;2467;46642;9293;10376;5276;2216;596;17914;0;28026;1007;1;703;936;478;1679;681;0;0;0;183;0;945;0;208;0;0;7;18;0;0;0;0;60;0;252;0;11;0;0;48;36;26;9;44;0;0;1095;32;0;0;0;1;0;0;0;0;0;0;0;0;0;0;93076;430499124.72;0.535;Em risco;0
SAO SEBASTIAO;-23,7951;-45,4143;0;0;1;1;0;0;8;10;136;1;6;1149;30179;5770;3568;13092;24678;602;100588;0;60841;2433;0;996;5022;6;363;7781;0;91;0;154;0;430;0;222;0;0;0;0;0;0;0;0;18;0;139;0;16;0;0;47;2;34;27;38;0;0;802;55;1;1;1;42;0;0;0;0;2;0;0;0;0;0;91637;1288562664.03;0.785;Estruturado;0
SAO SEBASTIAO DA GRAMA;-21,7041;-46,8208;0;0;0;1;0;0;0;2;25;1;0;0;5071;810;4144;215;0;0;10518;0;6085;143;0;0;548;875;423;619;0;0;0;26;0;161;0;71;0;0;0;0;0;0;0;0;3;0;5891;0;2;0;0;0;0;8;0;0;0;0;153;0;0;0;0;5;0;0;0;0;0;0;0;0;0;0;12137;58419346.13;0.731;Estruturado;0
SAO SIMAO;-21,4732;-47,5518;0;0;0;1;0;0;3;1;21;0;1;0;9545;0;2785;885;0;87;14648;0;8919;73;0;81;440;572;420;629;0;0;0;5;0;196;0;67;0;0;0;0;0;0;0;0;28;18500;3704;0;0;0;0;0;0;0;0;0;0;0;172;0;0;0;0;0;0;0;0;0;0;0;0;0;0;0;15446;92355293.94;0.741;Estruturado;0
SAO VICENTE;-23,9574;-46,3883;1;0;3;3;0;0;12;33;116;4;9;871;160874;28059;28541;19992;84765;462;136707;0;84623;22588;1563;2018;8257;7570;2404;4514;57;432;0;1347;3;4699;998;369;0;294;3;6;0;0;1574;0;50;44050;12245;0;22;1;0;61;196;59;45;109;13;0;3468;18;6;1;1;160;0;0;0;1;2;0;0;0;0;0;370839;1607109368.48;0.41;Em risco;1
SARAPUI;-23,6397;-47,8249;0;0;0;0;0;0;0;0;1;0;2;685;2339;2584;3239;1219;0;74;16991;0;2057;320;0;82;323;227;393;1235;0;0;0;2;0;52;0;100;0;0;0;0;0;0;0;0;0;0;1039;0;0;0;0;0;0;0;0;0;0;0;0;0;0;0;0;0;0;0;0;0;0;0;0;0;0;0;10493;60473746.67;0.598;Moderado;0
SARUTAIA;-23,2721;-49,4763;0;0;0;0;0;0;0;0;0;0;0;0;472;0;1710;1381;0;0;0;0;0;0;0;0;0;1260;0;0;0;0;0;0;0;0;0;0;0;0;0;0;0;0;0;0;0;0;0;0;0;0;0;0;0;0;0;0;0;0;0;0;0;0;0;0;0;0;0;0;0;0;0;0;0;0;3623;31033946.52;0.26;Crítico;3
SEBASTIANOPOLIS DO SUL;-20,6523;-49,925;0;0;0;0;0;0;0;1;0;0;0;0;1156;0;1683;285;0;0;0;0;0;0;0;0;0;149;0;0;0;0;0;0;0;0;0;0;0;0;0;0;0;0;0;0;0;0;0;0;0;0;0;0;0;0;0;0;0;0;0;0;0;0;0;0;0;0;0;0;0;0;0;0;0;0;3595;53935882.26;0.318;Crítico;3
SERRA AZUL;-21,3074;-47,5602;0;0;0;0;0;0;1;0;3;0;1;0;2189;0;4381;2046;0;32;10144;0;0;588;0;83;319;249;172;532;0;0;0;4;0;22;0;63;0;0;0;0;0;0;0;0;2;0;3599;0;0;0;0;0;0;0;0;0;0;0;0;0;0;0;0;0;0;0;0;0;0;0;0;0;0;0;15292;58333033.76;0.497;Em risco;3
SERRANA;-21,2043;-47,5952;1;0;0;1;0;0;5;12;35;1;1;810;5914;8573;4892;23566;0;67;21920;0;28831;0;47;131;934;1508;240;777;902;0;0;23;0;377;7;96;0;0;0;0;0;0;0;0;21;0;511;0;11;0;0;0;0;0;0;0;0;0;86;0;0;0;0;0;0;0;0;0;0;0;0;0;0;0;46166;237538075.38;0.573;Em risco;0
SERRA NEGRA;-22,6139;-46,7033;0;1;0;0;1;2;3;0;54;0;0;0;17060;1940;7009;3074;0;40;16319;0;0;147;0;0;104;0;1802;784;0;0;0;1;0;0;0;126;0;0;0;0;0;0;0;0;0;0;6841;0;4;0;0;2;0;1;11;10;0;0;217;0;0;0;0;17;0;0;0;0;0;0;0;0;0;0;29669;170885680.57;0.6;Moderado;0
SERTAOZINHO;-21,1316;-47,9875;0;3;0;0;8;66;0;0;364;2;3;5399;63859;15065;18029;24167;0;1614;190145;0;19572;25464;142;1537;6868;9234;7240;12921;23;457;156;911;173;6188;1093;1008;2;0;348;605;0;0;2557;0;17;0;15879;0;19;14;66;36;124;60;261;62;16;0;1766;55;1;0;0;221;0;0;0;3;48;0;2;0;0;0;128432;837670932.21;0.842;Estruturado;0
SETE BARRAS;-24,382;-47,9279;0;0;0;0;0;0;0;0;1;1;1;0;1826;179;6472;3775;0;87;1901;0;0;0;0;94;641;121;0;1028;0;0;0;41;0;119;0;0;0;0;0;0;0;0;0;0;0;0;0;0;0;0;0;0;0;0;0;0;0;0;0;0;0;0;0;0;0;0;0;0;0;0;0;0;0;0;12731;75451311.14;0.258;Crítico;3
SEVERINIA;-20,8108;-48,8054;0;0;0;0;0;0;0;0;4;1;1;0;2668;996;3370;7423;0;76;7091;0;2796;204;0;118;0;835;0;364;0;0;0;0;0;0;0;0;0;0;0;0;0;0;0;0;0;0;0;0;0;0;0;0;0;0;0;0;0;0;0;0;0;0;0;0;0;0;0;0;0;0;0;0;0;0;17820;96456398.52;0.359;Crítico;3
SILVEIRAS;-22,6638;-44,8522;0;0;0;0;0;0;0;0;6;0;0;0;1647;0;4171;202;0;21;1600;0;1347;66;0;200;121;239;0;33;0;0;0;0;0;25;0;0;0;0;0;0;0;0;0;0;0;0;0;0;0;0;0;0;0;0;0;0;0;0;0;0;0;0;0;0;0;0;0;0;0;0;0;0;0;0;6375;50739788.31;0.422;Em risco;3
SOCORRO;-22,5903;-46,5251;0;1;0;0;3;3;3;0;57;0;1;212;20101;3083;10684;4999;0;187;8945;0;5225;39;0;134;1500;1360;58;77;0;0;0;4;0;438;0;2;0;0;0;0;0;0;0;0;0;0;12;0;4;3;0;0;7;11;22;24;2;0;357;8;1;0;0;32;0;0;0;0;1;0;0;0;0;0;41690;180245470.0;0.4;Crítico;3
SOROCABA;-23,4969;-47,4451;3;0;18;0;2;0;6;270;1124;6;16;63610;369689;182069;23644;67002;11731;8156;481781;3;254240;44589;995;4067;24558;13593;8789;34636;69;624;149;1672;816;5618;3392;1868;56;672;42;3;3;1127;0;0;292;8080;104552;0;13;126;15;225;509;191;172;182;55;73;9163;159;5;29;2;965;32;0;2;30;14;32;0;0;6;0;695328;4433107532.63;0.746;Estruturado;2
SUD MENNUCCI;-20,6872;-50,9238;0;0;0;0;0;0;0;0;4;0;0;0;1377;0;5395;160;0;1;12501;0;4386;412;0;163;181;365;874;751;10;0;0;0;0;126;0;73;0;0;0;0;0;0;0;0;0;42860;3069;0;1;0;0;1;0;13;1;7;0;0;6;2;0;0;0;0;0;0;0;0;0;0;0;0;0;0;7738;62948725.51;0.634;Moderado;0
SUMARE;-22,8204;-47,2728;1;0;2;0;8;76;0;0;137;6;2;5313;122124;61638;25661;52932;10979;463;46285;0;14343;4478;285;2339;693;13;432;4993;0;0;18;250;230;883;0;189;0;0;0;0;0;0;0;0;0;0;938;0;0;0;0;0;0;0;0;0;0;0;0;0;0;0;0;0;0;0;0;0;0;0;0;0;0;0;289875;1219498077.58;0.295;Crítico;1
SUZANO;-23,5448;-46,3112;1;0;3;0;8;120;0;0;168;3;5;2848;126592;28103;61533;65055;20714;332;161521;3;157465;5485;312;2121;8321;10498;550;8225;198;2020;0;1086;229;2448;1251;169;0;0;96;103;0;0;0;0;18;1690;1321;0;3;0;0;129;100;17;61;80;2;0;754;1;1;0;0;80;0;0;0;0;0;0;0;0;0;0;303397;1381700998.72;0.585;Em risco;1
SUZANAPOLIS;-20,4981;-51,0268;0;0;0;0;0;1;0;0;0;0;0;0;225;260;2922;0;0;20;4417;0;0;9;0;0;3;0;284;152;0;0;0;4;0;0;0;13;0;0;0;0;0;0;0;0;21;580;2785;0;0;0;0;0;0;0;0;0;0;0;0;0;0;0;0;0;0;0;0;0;0;0;0;0;0;0;4063;47087668.87;0.692;Estruturado;0
TABAPUA;-20,9602;-49,0307;0;1;0;0;2;1;0;0;10;0;1;0;4050;842;5401;553;0;26;15882;0;1344;399;0;70;109;540;411;806;0;0;0;37;0;107;0;52;0;0;0;0;0;0;0;0;16;2230;21931;0;0;0;0;0;0;6;0;0;0;0;71;0;0;0;0;0;0;0;0;0;0;0;0;0;0;0;12561;69922734.77;0.693;Estruturado;0
TABATINGA;-21,7239;-48,6896;0;1;0;0;0;0;0;0;31;1;0;0;3828;2132;3948;4569;154;67;7715;0;3749;2;13;125;402;487;55;179;0;0;0;12;0;50;0;0;0;0;0;0;0;0;0;0;21;0;2;0;0;0;0;1;0;9;0;6;0;0;92;3;0;0;0;0;0;0;0;0;0;0;0;0;0;0;16787;82921609.46;0.504;Em risco;0
TABOAO DA SERRA;-23,6019;-46,7526;1;1;1;0;1;8;46;0;84;2;6;10804;104601;53923;22507;38960;41909;353;134190;0;0;8664;382;2844;11041;2303;561;3653;1885;0;0;279;72;1436;0;573;0;0;0;0;0;0;0;0;0;0;608;0;16;0;0;29;70;0;0;38;13;0;755;18;0;0;0;0;0;0;0;0;0;0;0;0;0;0;297528;1170744322.54;0.349;Crítico;1
TACIBA;-22,3866;-51,2882;0;0;0;0;1;0;0;0;0;0;0;0;2494;229;2198;1154;0;18;60;0;2051;0;0;0;0;365;0;0;312;0;0;0;0;0;0;0;0;0;0;0;0;0;0;0;0;0;0;0;0;0;0;0;0;0;0;0;0;0;0;0;0;0;0;0;0;0;0;0;0;0;0;0;0;0;6371;61611037.42;0.382;Crítico;3
TAGUAI;-23,4452;-49,4024;0;1;0;0;0;0;0;0;6;0;1;0;2009;1466;1913;7183;0;49;20491;0;6314;66;13;160;320;348;677;662;61;0;0;25;0;121;0;135;0;0;0;0;0;0;0;0;0;83180;9692;0;0;0;0;4;0;3;0;5;0;0;85;1;0;0;0;0;0;0;0;0;0;0;0;0;0;0;14415;71895701.66;0.579;Em risco;0
TAIACU;-21,1431;-48,5112;0;0;0;0;1;1;0;0;4;0;0;0;498;0;4110;1069;0;0;5284;0;0;0;0;0;0;0;16;132;0;0;0;0;0;0;0;0;0;0;0;0;0;0;0;0;0;0;2485;0;0;0;0;0;0;0;0;0;0;0;0;0;0;0;0;0;0;0;0;0;0;0;0;0;0;0;6346;38680582.48;0.603;Moderado;0
TAIUVA;-21,1223;-48,4528;0;0;0;0;0;0;0;0;10;0;0;0;2046;751;1809;843;0;24;802;0;1384;4;0;0;113;0;0;179;0;0;0;0;0;0;0;0;0;0;0;0;0;0;0;0;0;0;0;0;0;0;0;0;0;0;0;0;0;0;0;0;0;0;0;0;0;0;0;0;0;0;0;0;0;0;5562;36410860.52;0.415;Em risco;3
TAMBAU;-21,7029;-47,2703;0;1;0;0;2;1;0;0;41;1;1;158;14288;0;4964;1641;0;0;7676;0;8597;128;9;39;870;1213;626;726;0;0;0;16;0;328;0;100;0;0;0;0;0;0;0;0;1;0;8829;0;3;0;1;2;0;12;4;8;0;0;27;7;0;0;1;0;0;0;0;0;0;0;0;0;0;0;23255;135231825.87;0.729;Estruturado;0
TANABI;-20,6228;-49,6563;0;1;0;0;1;14;0;0;23;0;1;364;11392;969;7230;5213;0;246;2406;0;0;114;0;0;0;421;0;99;0;0;0;0;0;6;0;0;0;0;0;0;0;0;0;0;0;0;0;0;0;0;0;0;0;0;0;0;0;0;0;0;0;0;0;0;0;0;0;0;0;0;0;0;0;0;26231;133324643.88;0.351;Crítico;3
TAPIRAI;-23,9612;-47,5062;0;0;0;0;0;0;0;0;2;1;0;0;934;0;3124;3704;0;425;8966;16;3715;167;0;16;307;84;513;1132;0;0;0;19;0;116;0;101;0;0;0;0;0;0;0;0;0;0;1499;0;0;0;0;0;0;0;0;0;0;0;0;0;0;0;0;0;0;0;0;0;0;0;0;0;0;0;7725;50941699.05;0.587;Em risco;0
TAPIRATIBA;-21,4713;-46,7448;0;0;0;1;0;0;0;1;6;0;0;0;5404;960;3534;1538;0;0;3454;0;2586;0;9;0;449;0;0;62;0;0;0;19;0;57;0;0;0;0;0;0;0;0;0;0;38;4000;0;0;2;0;0;0;0;6;0;0;0;0;73;8;0;0;0;0;0;0;0;0;0;0;0;0;0;0;12940;70279986.49;0.406;Em risco;3
TAQUARAL;-21,0737;-48,4126;0;0;0;0;0;0;0;0;0;1;0;0;299;0;2187;133;0;0;5633;0;1;203;3;0;0;0;0;119;11;0;0;2;0;0;0;0;0;0;0;0;0;0;0;0;0;0;146;0;0;0;0;0;0;0;0;0;0;0;0;0;0;0;0;0;0;0;0;0;0;0;0;0;0;0;2815;30735733.83;0.719;Estruturado;0
TAQUARITINGA;-21,4049;-48,5103;0;0;0;2;1;0;0;8;147;1;3;0;20100;5574;14314;11901;0;353;17876;0;9080;3351;447;438;1653;0;231;682;0;0;0;62;0;2677;0;44;0;0;0;0;0;0;0;0;24;0;121;0;1;5;1;3;0;28;26;22;1;0;724;36;0;2;2;13;0;0;0;0;3;0;0;0;0;0;57547;291715044.39;0.517;Em risco;0
TAQUARITUBA;-23,5307;-49,241;0;0;0;1;0;0;0;1;11;0;1;0;8216;736;5974;8013;0;151;44294;0;457;217;3;0;819;426;1647;1109;1;0;0;2;0;107;0;167;0;0;0;0;0;0;0;0;119;80350;6522;0;10;0;2;11;3;8;23;14;0;0;249;7;0;0;0;25;0;0;0;0;2;0;0;0;0;0;23292;139675991.72;0.599;Moderado;0
TAQUARIVAI;-23,9211;-48,6948;0;0;0;0;0;0;0;0;0;1;0;0;1912;329;1772;2776;0;0;6620;0;0;270;0;0;0;0;29;345;0;0;0;0;0;0;0;27;0;0;0;0;0;0;0;0;0;0;1003;0;0;0;0;0;0;0;0;0;0;0;0;0;0;0;0;0;0;0;0;0;0;0;0;0;0;0;5968;46557779.99;0.588;Em risco;0
TARABAI;-22,3016;-51,5621;0;0;0;0;0;0;0;1;1;0;0;0;1164;0;4279;1032;0;0;107;0;0;0;0;0;0;341;50;0;0;0;0;0;0;0;0;0;0;0;0;0;0;0;0;0;49;0;0;0;0;0;0;0;0;0;0;0;0;0;0;0;0;0;0;0;0;0;0;0;0;0;0;0;0;0;7609;46477798.46;0.203;Crítico;3
TARUMA;-22,7429;-50,5786;0;0;0;0;0;0;0;1;7;1;1;0;5256;1570;6734;1219;0;0;21189;0;8345;128;0;193;1141;1155;796;1096;0;0;0;18;19;275;0;54;0;0;0;0;0;0;0;0;32;0;10688;0;0;0;0;0;0;0;0;0;0;0;0;0;0;0;0;0;0;0;0;0;0;0;0;0;0;0;15361;116889411.73;0.658;Moderado;0
TATUI;-23,3487;-47,8461;0;0;0;2;0;0;9;28;360;1;8;4422;50744;18459;12959;35051;0;57553;105745;0;54665;3314;46;1961;3853;667;2494;3266;0;542;228;343;163;1441;137;316;0;0;164;24;0;0;0;0;1;40000;17401;0;3;0;1;78;3;89;27;92;1;0;1431;29;0;2;3;36;0;0;0;0;4;0;0;0;0;0;124134;577441658.9;0.75;Estruturado;0
TAUBATE;-23,0104;-45,5593;1;0;1;9;2;0;11;260;598;4;10;14873;193288;39071;31438;29913;0;904;271725;0;147079;8124;722;5274;13333;2264;8978;9875;20;53;0;2087;401;9303;2907;1618;0;1;7;3;0;0;0;0;125;0;9766;0;6;1;15;93;165;34;145;144;21;37;2853;73;0;6;14;102;0;0;0;16;12;0;0;0;0;0;320820;1642351807.58;0.778;Estruturado;1
TEJUPA;-23,3425;-49,3722;0;0;0;0;0;0;0;0;0;0;0;0;191;0;3022;657;0;14;283;0;0;0;0;0;0;0;0;0;0;0;0;0;0;0;0;0;0;0;0;0;0;0;0;0;0;0;0;0;0;0;0;0;0;0;0;0;0;0;0;0;0;0;0;0;0;0;0;0;0;0;0;0;0;0;4452;41638965.72;0.229;Crítico;3
TEODORO SAMPAIO;-22,5299;-52,1682;0;0;0;1;0;0;0;4;28;0;0;0;4015;3036;5465;9578;0;119;18574;0;8825;154;0;423;336;1644;766;1133;0;0;0;32;32;169;0;102;0;0;0;0;0;0;0;0;21;0;9057;0;0;0;0;2;0;1;0;4;0;0;256;0;0;0;0;0;0;0;0;0;0;0;0;0;0;0;23395;124451758.9;0.624;Moderado;0
TERRA ROXA;-20,787;-48,3314;0;0;0;1;0;0;1;0;6;1;0;0;5209;0;1071;1343;0;28;2479;0;0;35;0;17;346;0;177;336;0;0;0;22;0;0;0;54;0;0;0;0;0;0;0;0;0;0;294;0;0;0;0;0;0;0;0;0;0;0;0;0;0;0;0;0;0;0;0;0;0;0;0;0;0;0;9502;47613683.34;0.397;Crítico;3
TIETE;-23,1101;-47,7164;0;0;0;1;0;0;3;13;119;0;0;265;22662;3594;5993;4876;0;333;9129;1;12889;0;0;212;981;0;0;21;0;0;0;151;4;369;5;0;0;0;0;0;0;0;0;0;21;0;0;0;4;7;0;19;6;3;4;36;0;0;238;8;0;0;0;0;0;0;0;0;0;0;0;0;0;0;42946;237535629.23;0.563;Em risco;0
TIMBURI;-23,2057;-49,6096;0;0;0;0;0;0;0;0;0;0;1;0;0;0;1604;847;0;16;23;0;0;0;0;0;0;181;0;0;0;0;0;0;0;0;0;0;0;0;0;0;0;0;0;0;0;0;0;0;0;0;0;0;0;0;0;0;0;0;0;0;0;0;0;0;0;0;0;0;0;0;0;0;0;0;2647;33750208.89;0.293;Crítico;3
TORRE DE PEDRA;-23,2462;-48,1955;0;0;0;0;0;0;0;0;0;0;0;0;529;0;995;271;0;0;0;0;0;0;0;0;0;0;0;0;0;0;0;0;0;0;0;0;0;0;0;0;0;0;0;0;0;0;0;0;0;0;0;0;0;0;0;0;0;0;0;0;0;0;0;0;0;0;0;0;0;0;0;0;0;0;2432;25634911.82;0.252;Crítico;3
TORRINHA;-22,4237;-48,1731;0;0;0;1;0;0;0;0;2;0;0;0;6089;0;1722;1214;0;0;2829;0;238;0;0;0;280;0;46;0;0;0;0;93;0;0;0;0;0;0;0;0;0;0;0;0;21;9460;0;0;0;0;0;0;0;0;0;0;0;0;0;0;0;0;0;0;0;0;0;0;0;0;0;0;0;0;10100;57442873.53;0.41;Em risco;3
TRABIJU;-22,0388;-48,3342;0;0;0;0;0;0;0;0;0;0;0;0;0;0;1476;204;0;9;0;0;0;0;0;0;0;0;0;0;0;0;0;0;0;0;0;0;0;0;0;0;0;0;0;0;0;0;0;0;0;0;0;0;0;0;0;0;0;0;0;0;0;0;0;0;0;0;0;0;0;0;0;0;0;0;1752;24274034.57;0.25;Crítico;3
TREMEMBE;-22,9571;-45,5475;0;0;0;1;0;1;12;0;10;1;1;5017;22922;3004;2969;6925;2787;120;24642;0;10956;660;324;206;0;232;0;2039;0;0;0;269;0;474;170;0;0;0;0;0;0;0;0;0;0;0;1521;0;0;0;0;0;0;0;0;0;0;0;0;0;0;0;0;0;0;0;0;0;0;0;0;0;0;0;48228;222877054.93;0.497;Em risco;0
TRES FRONTEIRAS;-20,2344;-50,8905;0;0;0;0;0;0;1;0;0;0;0;0;2191;0;3569;803;0;42;96;0;0;0;0;0;0;374;0;0;0;0;0;0;0;0;0;0;0;0;0;0;0;0;0;0;0;0;0;0;0;0;0;0;0;0;0;0;0;0;0;0;0;0;0;0;0;0;0;0;0;0;0;0;0;0;5856;37651130.55;0.218;Crítico;3
TUIUTI;-22,8193;-46,6937;0;0;0;0;0;0;1;0;1;0;1;0;1831;0;4095;797;0;23;53;0;0;0;0;0;0;0;0;0;0;0;0;0;0;0;0;0;0;0;0;0;0;0;0;0;0;0;0;0;0;0;0;0;0;0;0;0;0;0;0;0;0;0;0;0;0;0;0;0;0;0;0;0;0;0;7058;34354829.41;0.193;Crítico;3
TUPA;-21,9335;-50,5191;1;0;0;2;0;0;4;24;217;1;0;854;31544;3641;16657;9479;0;376;43890;7;21786;767;0;0;943;73;1050;762;0;0;0;38;0;558;0;110;0;0;0;0;0;0;0;0;35;0;2042;0;0;0;0;0;0;0;0;0;0;0;0;0;0;0;0;0;0;0;0;0;0;0;0;0;0;0;65615;284961127.09;0.721;Estruturado;0
TUPI PAULISTA;-21,3825;-51,575;0;0;0;1;0;0;1;1;40;1;0;0;11473;1019;1373;0;0;130;25899;0;4948;130;0;37;785;993;485;1941;0;0;0;30;0;352;0;50;0;0;0;0;0;0;0;0;0;4750;8660;0;1;0;0;2;1;7;0;4;0;0;305;1;0;0;0;0;0;0;0;0;0;0;0;0;0;0;15670;78982092.57;0.778;Estruturado;0
TURIUBA;-20,9428;-50,1135;0;0;0;0;0;0;0;0;0;0;0;0;339;0;900;333;0;1;2612;0;0;87;0;0;0;0;55;371;0;0;0;0;0;0;0;7;0;0;0;0;0;0;0;0;0;15510;432;0;0;0;0;0;0;0;0;0;0;0;0;0;0;0;0;0;0;0;0;0;0;0;0;0;0;0;2024;31923748.38;0.676;Moderado;0
TURMALINA;-20,0486;-50,4792;0;0;0;0;0;0;1;0;0;0;0;0;404;0;1109;152;0;8;0;0;0;0;0;0;0;0;0;0;0;0;0;0;0;0;0;0;0;0;0;0;0;0;0;0;0;0;0;0;0;0;0;0;0;0;0;0;0;0;0;0;0;0;0;0;0;0;0;0;0;0;0;0;0;0;1667;31256494.12;0.387;Crítico;3
UBARANA;-21,165;-49,7198;0;0;0;0;0;0;0;0;0;0;0;0;0;0;2160;3201;0;26;7106;0;0;175;0;1;1;0;380;178;0;0;0;9;0;0;0;32;0;0;0;0;0;0;0;0;16;0;3056;0;0;0;0;0;0;0;0;0;0;0;0;0;0;0;0;0;0;0;0;0;0;0;0;0;0;0;6488;59098456.81;0.591;Em risco;0
UBATUBA;-23,4332;-45,0834;0;0;0;2;0;0;3;9;36;0;5;1098;35177;7118;7970;19118;16095;306;72389;0;53498;539;46;782;4618;1029;819;3028;0;409;0;158;0;1104;0;290;0;0;0;0;0;0;0;0;21;105430;350;0;29;0;0;33;13;26;10;27;3;0;400;10;3;0;1;8;0;0;0;0;9;0;0;0;0;0;92819;646781246.82;0.622;Moderado;0
UBIRAJARA;-22,5272;-49,6613;0;0;0;0;0;0;0;0;0;0;0;0;750;983;1547;1661;0;21;6603;0;0;2326;0;0;3;281;504;458;0;0;0;0;0;0;0;113;0;0;0;0;0;0;0;0;10;4930;2750;0;0;0;0;0;0;0;0;0;0;0;0;0;0;0;0;0;0;0;0;0;0;0;0;0;0;0;4828;39467997.94;0.584;Em risco;0
UCHOA;-20,9511;-49,1713;0;0;0;0;0;0;0;2;19;0;0;0;5991;538;2483;1086;0;53;3048;0;3289;14;0;0;0;0;0;68;0;0;0;13;0;35;0;0;0;0;0;0;0;0;0;0;0;0;8;0;0;0;0;0;0;0;0;0;0;0;0;0;0;0;0;0;0;0;0;0;0;0;0;0;0;0;10191;69491436.4;0.52;Em risco;0
UNIAO PAULISTA;-20,8862;-49,9025;0;0;0;0;0;0;0;0;0;0;0;0;0;0;935;668;0;9;0;0;0;531;0;0;0;0;110;0;0;0;0;0;0;0;0;0;0;0;0;0;0;0;0;0;35;0;0;0;0;0;0;0;0;0;0;0;0;0;0;0;0;0;0;0;0;0;0;0;0;0;0;0;0;0;1886;23294787.53;0.321;Crítico;3
URANIA;-20,2455;-50,6455;0;0;0;1;0;0;1;0;2;0;1;0;3891;0;4818;0;0;114;2933;0;2938;0;0;82;461;808;156;128;0;0;0;19;0;0;0;0;0;0;0;0;0;0;0;0;0;2570;50;0;0;0;0;0;0;0;0;0;0;0;0;0;0;0;0;0;0;0;0;0;0;0;0;0;0;0;9125;45315908.43;0.498;Em risco;3
URU;-21,7866;-49,2848;0;0;0;0;0;0;0;0;0;0;0;0;0;0;1311;0;0;7;2680;0;0;37;0;0;2;0;45;67;0;0;0;5;0;0;0;19;0;0;0;0;0;0;0;0;0;0;1361;0;0;0;0;0;0;0;0;0;0;0;0;0;0;0;0;0;0;0;0;0;0;0;0;0;0;0;1142;25639548.85;0.635;Moderado;0
URUPES;-21,2032;-49,2931;0;0;0;1;0;0;1;4;15;1;1;0;7506;257;5377;574;0;0;7352;0;5149;3;0;0;48;919;257;0;148;0;0;0;0;107;0;17;0;0;0;0;0;0;0;0;0;7490;5379;0;0;0;0;0;0;0;0;0;0;0;167;0;0;0;0;0;0;0;0;0;0;0;0;0;0;0;13965;85197511.27;0.726;Estruturado;0
VALENTIM GENTIL;-20,4217;-50,0889;0;0;0;0;0;0;0;0;18;0;0;0;8955;1432;1159;2421;0;22;27051;0;7203;0;0;0;0;1102;170;852;0;0;0;234;0;460;0;8;0;0;0;0;0;0;0;0;19;0;42;0;0;0;0;0;0;0;0;0;0;0;0;0;0;0;0;0;0;0;0;0;0;0;0;0;0;0;13732;82125982.11;0.658;Moderado;0
VALINHOS;-22,9698;-46,9974;0;0;0;2;0;0;12;63;408;2;1;26601;77460;13825;5326;1775;0;216;52079;10;52731;5571;0;1219;7350;1344;2769;1961;4;46;73;697;178;1248;0;282;0;0;0;0;14;0;0;0;0;0;21562;0;13;1;1;18;229;48;51;25;16;0;2140;27;1;4;0;87;0;0;0;3;6;0;0;0;0;0;133169;972273114.67;0.851;Estruturado;0
VALPARAISO;-21,2229;-50,8699;0;0;0;1;0;0;2;4;31;0;0;0;8425;1703;4566;6248;0;61;22526;0;50;83;12;69;643;1343;1434;1508;0;0;0;76;0;139;0;160;0;0;0;0;0;0;0;0;34;0;10343;0;0;0;0;0;0;9;0;9;0;0;56;4;0;0;0;0;0;0;0;0;0;0;0;0;0;0;27154;147962623.81;0.669;Moderado;0
VARGEM;-22,887;-46,4124;0;0;0;0;0;0;0;0;0;0;1;0;3114;510;2908;3640;0;0;14719;0;0;94;0;0;0;0;225;752;0;0;0;0;0;34;0;26;0;0;0;0;0;0;0;0;0;0;295;0;0;0;0;0;0;0;0;0;0;0;0;0;0;0;0;0;0;0;0;0;0;0;0;0;0;0;10842;48535618.68;0.531;Em risco;0
VARGEM GRANDE DO SUL;-21,8322;-46,8913;0;0;0;1;0;0;3;14;99;1;1;0;18474;694;17299;3397;0;290;2675;0;170;0;24;2;1619;0;1232;124;0;217;0;8;0;10;0;212;0;0;0;0;0;0;0;0;32;0;2608;0;3;1;1;10;3;27;18;21;3;0;645;24;0;0;0;22;0;0;0;0;0;0;0;0;0;0;43368;209608429.4;0.403;Crítico;3
VARGEM GRANDE PAULISTA;-23,5993;-47,022;0;0;0;1;0;0;4;23;13;1;2;6692;21062;8431;3183;10610;0;128;31306;0;3;1378;1;282;3496;372;0;708;1;0;0;17;0;457;0;0;0;0;0;0;0;0;0;0;0;0;545;0;0;0;0;0;0;0;0;0;0;0;0;0;0;0;0;0;0;0;0;0;0;0;0;0;0;0;54315;273776416.49;0.465;Em risco;3
VARZEA PAULISTA;-23,2136;-46,8234;1;0;0;0;0;0;3;14;13;1;1;463;58373;19384;8681;12650;15337;156;32991;0;29293;4490;0;714;2899;2492;366;869;0;0;0;15;0;266;6;159;0;0;0;0;0;0;0;0;0;0;1187;0;0;0;0;0;0;0;0;0;0;0;18;0;0;0;0;0;0;0;0;0;0;0;0;0;0;0;124269;443760708.76;0.337;Crítico;3
VERA CRUZ;-22,2183;-49,8207;0;0;0;0;0;0;0;4;10;1;0;0;6042;363;955;2724;0;0;14949;0;0;699;1;0;0;0;471;255;0;0;0;0;0;28;0;65;0;0;0;0;0;0;0;0;0;0;1549;0;0;0;0;0;0;0;0;0;0;0;0;0;0;0;0;0;0;0;0;0;0;0;0;0;0;0;10804;54832430.89;0.668;Moderado;0
VINHEDO;-23,0302;-46,9833;0;0;0;1;0;0;5;41;303;2;0;22317;28867;18387;0;5935;0;293;53831;0;32991;2893;124;1599;3601;5588;1153;3894;1850;225;54;484;52;1418;40;151;0;0;0;1;0;0;0;0;7;0;3876;0;1;7;2;11;2;58;34;34;3;0;449;74;4;0;3;42;0;0;2;3;9;0;0;0;0;0;81516;812336897.82;0.924;Estruturado;0
VIRADOURO;-20,8734;-48,293;0;0;0;1;0;0;4;2;23;1;0;210;5541;2259;4621;4573;0;0;801;0;8129;0;0;301;838;0;686;0;0;0;0;9;26;0;0;138;0;0;0;0;0;0;0;0;26;0;4737;0;0;0;0;0;10;0;0;0;0;0;67;0;0;0;0;0;0;0;0;0;0;0;0;0;0;0;19133;110360757.31;0.549;Em risco;0
VISTA ALEGRE DO ALTO;-21,1692;-48,6284;0;0;0;0;0;0;1;0;5;0;0;0;3734;502;1170;2641;0;0;0;0;0;0;0;0;313;0;0;0;13;0;0;0;0;0;0;0;0;0;0;0;0;0;0;0;0;0;0;0;0;0;0;0;0;0;0;0;0;0;0;0;0;0;0;0;0;0;0;0;0;0;0;0;0;0;9163;60038985.2;0.248;Crítico;3
VITORIA BRASIL;-20,1956;-50,4875;0;0;0;0;0;0;1;0;0;0;0;0;249;154;1359;0;0;11;72;0;0;0;0;0;1;68;264;0;162;0;0;0;0;1;0;30;0;0;0;0;0;0;0;0;0;0;43;0;0;0;0;0;0;0;0;0;0;0;0;0;0;0;0;0;0;0;0;0;0;0;0;0;0;0;1852;25283194.26;0.463;Em risco;3
VOTORANTIM;-23,5446;-47,4388;1;0;1;0;0;0;3;15;76;2;5;4606;70115;33751;2360;10883;4465;172;43295;0;40503;3941;158;1301;4845;3332;1553;2013;0;36;0;320;0;2847;664;285;0;0;0;0;0;0;0;0;59;330;5425;0;1;19;0;50;4;85;11;44;1;0;977;41;0;1;2;30;0;52;0;0;0;0;0;0;0;0;124468;582265519.15;0.496;Em risco;0
VOTUPORANGA;-20,4237;-49,9781;0;0;0;2;1;0;6;56;409;2;6;2019;46540;19316;9123;19360;0;307;132983;483;28821;6386;20;73;3004;764;8206;3554;0;0;0;117;0;1229;0;863;0;0;0;0;0;0;0;0;110;43870;25097;0;0;0;0;0;0;0;0;0;0;0;0;0;0;0;0;0;0;0;0;0;0;0;0;0;0;0;96106;526447025.25;0.818;Estruturado;0
ZACARIAS;-21,0506;-50,0552;0;0;0;0;0;0;0;0;0;0;0;0;942;104;1535;0;0;18;7094;0;947;64;0;0;20;312;505;94;0;0;0;0;0;0;0;39;0;0;0;0;0;0;0;0;35;27380;936;0;0;0;0;0;0;0;0;0;0;0;0;0;0;0;0;0;0;0;0;0;0;0;0;0;0;0;2784;41751046.39;0.682;Estruturado;0
CHAVANTES;-23,0366;-49,7096;0;0;0;1;0;0;0;0;15;0;0;0;4549;539;3966;2846;0;31;8348;0;1;45;0;0;0;164;31;231;0;0;0;0;0;11;0;35;0;0;0;0;0;0;0;0;0;0;6222;0;0;0;0;0;0;0;0;0;0;0;0;0;0;0;0;0;0;0;0;0;0;0;0;0;0;0;12418;60422585.6;0.581;Em risco;0
ESTIVA GERBI;-22,2713;-46,9481;0;0;0;0;0;0;1;1;4;1;1;485;6343;624;2968;523;0;0;11871;0;4826;143;3;0;550;0;0;534;0;0;0;3;0;127;0;0;0;0;0;0;0;0;0;0;0;0;3786;0;0;0;0;0;0;0;0;0;0;0;0;0;0;0;0;0;0;0;0;0;0;0;0;0;0;0;11507;72284247.28;0.675;Moderado;0
