cod_ibge;grupo_ipvs;n_pessoas;n_domicilios;n_setores
ADAMANTINA;Baixíssima Vulnerabilidade;99;36;1
ADAMANTINA;Muito Baixa Vulnerabilidade;20816;8316;49
ADAMANTINA;Baixa Vulnerabilidade;4015;1667;10
ADAMANTINA;Média Vulnerabilidade;5683;2140;12
ADAMANTINA;Alta Vulnerabilidade;3181;1162;7
ADOLFO;Muito Baixa Vulnerabilidade;278;98;2
ADOLFO;Média Vulnerabilidade;2010;801;3
ADOLFO;Alta Vulnerabilidade;1909;688;3
AGUAI;Muito Baixa Vulnerabilidade;13200;4931;26
AGUAI;Baixa Vulnerabilidade;1669;621;4
AGUAI;Média Vulnerabilidade;11783;4158;22
AGUAI;Alta Vulnerabilidade;5356;1770;7
AGUAS DA PRATA;Muito Baixa Vulnerabilidade;5756;2279;16
AGUAS DA PRATA;Média Vulnerabilidade;1465;534;3
AGUAS DE LINDOIA;Baixíssima Vulnerabilidade;152;57;1
AGUAS DE LINDOIA;Muito Baixa Vulnerabilidade;9144;3646;26
AGUAS DE LINDOIA;Baixa Vulnerabilidade;1521;589;5
AGUAS DE LINDOIA;Média Vulnerabilidade;5300;1921;13
AGUAS DE LINDOIA;Alta Vulnerabilidade;1394;483;4
AGUAS DE SANTA BARBARA;Muito Baixa Vulnerabilidade;4207;1640;15
AGUAS DE SANTA BARBARA;Baixa Vulnerabilidade;1450;543;4
AGUAS DE SANTA BARBARA;Média Vulnerabilidade;1139;411;3
AGUAS DE SANTA BARBARA;Alta Vulnerabilidade;228;69;1
AGUAS DE SAO PEDRO;Muito Baixa Vulnerabilidade;2185;887;5
AGUAS DE SAO PEDRO;Baixa Vulnerabilidade;594;266;2
AGUDOS;Baixíssima Vulnerabilidade;247;89;1
AGUDOS;Muito Baixa Vulnerabilidade;18140;6563;28
AGUDOS;Baixa Vulnerabilidade;2892;967;4
AGUDOS;Média Vulnerabilidade;4767;1598;7
AGUDOS;Alta Vulnerabilidade;11067;3618;14
ALAMBARI;Muito Baixa Vulnerabilidade;2421;865;7
ALAMBARI;Média Vulnerabilidade;1666;572;4
ALAMBARI;Alta Vulnerabilidade;1656;563;4
ALFREDO MARCONDES;Muito Baixa Vulnerabilidade;1148;463;4
ALFREDO MARCONDES;Média Vulnerabilidade;2027;785;5
ALFREDO MARCONDES;Alta Vulnerabilidade;1074;407;3
ALTAIR;Baixíssima Vulnerabilidade;530;225;1
ALTAIR;Muito Baixa Vulnerabilidade;527;178;3
ALTAIR;Média Vulnerabilidade;1605;594;3
ALTAIR;Alta Vulnerabilidade;642;237;1
ALTINOPOLIS;Muito Baixa Vulnerabilidade;4599;1762;11
ALTINOPOLIS;Média Vulnerabilidade;8448;3036;17
ALTINOPOLIS;Alta Vulnerabilidade;3676;1258;7
ALTO ALEGRE;Muito Baixa Vulnerabilidade;844;335;5
ALTO ALEGRE;Baixa Vulnerabilidade;410;168;1
ALTO ALEGRE;Média Vulnerabilidade;1304;533;4
ALTO ALEGRE;Alta Vulnerabilidade;1096;416;2
ALUMINIO;Baixíssima Vulnerabilidade;199;69;1
ALUMINIO;Muito Baixa Vulnerabilidade;12790;4401;21
ALUMINIO;Baixa Vulnerabilidade;1681;570;3
ALUMINIO;Média Vulnerabilidade;2186;757;6
ALVARES FLORENCE;Muito Baixa Vulnerabilidade;1969;767;6
ALVARES FLORENCE;Média Vulnerabilidade;1627;667;4
ALVARES FLORENCE;Alta Vulnerabilidade;301;96;1
ALVARES MACHADO;Baixíssima Vulnerabilidade;870;301;1
ALVARES MACHADO;Muito Baixa Vulnerabilidade;10397;3817;22
ALVARES MACHADO;Baixa Vulnerabilidade;1248;486;2
ALVARES MACHADO;Média Vulnerabilidade;5435;1961;11
ALVARES MACHADO;Alta Vulnerabilidade;8989;3209;13
ALVARO DE CARVALHO;Média Vulnerabilidade;1704;628;3
ALVARO DE CARVALHO;Alta Vulnerabilidade;1307;489;4
ALVINLANDIA;Média Vulnerabilidade;2539;883;7
ALVINLANDIA;Alta Vulnerabilidade;228;85;1
AMERICANA;Baixíssima Vulnerabilidade;16824;6319;42
AMERICANA;Muito Baixa Vulnerabilidade;172302;65301;365
AMERICANA;Baixa Vulnerabilidade;30053;11489;61
AMERICANA;Média Vulnerabilidade;6753;2435;14
AMERICANA;Alta Vulnerabilidade;9557;3299;19
AMERICANA;Muito Alta Vulnerabilidade;481;163;1
AMERICO BRASILIENSE;Muito Baixa Vulnerabilidade;7022;2537;13
AMERICO BRASILIENSE;Baixa Vulnerabilidade;2112;762;4
AMERICO BRASILIENSE;Média Vulnerabilidade;14758;5092;27
AMERICO BRASILIENSE;Alta Vulnerabilidade;8868;2961;14
AMERICO DE CAMPOS;Muito Baixa Vulnerabilidade;3750;1503;9
AMERICO DE CAMPOS;Média Vulnerabilidade;623;260;1
AMERICO DE CAMPOS;Alta Vulnerabilidade;1495;598;2
AMPARO;Baixíssima Vulnerabilidade;1508;559;3
AMPARO;Muito Baixa Vulnerabilidade;40931;14957;82
AMPARO;Baixa Vulnerabilidade;8588;3274;15
AMPARO;Média Vulnerabilidade;4105;1446;13
AMPARO;Alta Vulnerabilidade;10970;3724;17
AMPARO;Muito Alta Vulnerabilidade;359;110;1
ANALANDIA;Muito Baixa Vulnerabilidade;3885;1430;12
ANALANDIA;Média Vulnerabilidade;236;75;1
ANALANDIA;Alta Vulnerabilidade;352;135;1
ANDRADINA;Baixíssima Vulnerabilidade;609;224;1
ANDRADINA;Muito Baixa Vulnerabilidade;31310;12137;58
ANDRADINA;Baixa Vulnerabilidade;3364;1217;7
ANDRADINA;Média Vulnerabilidade;11671;4360;25
ANDRADINA;Alta Vulnerabilidade;10572;3831;20
ANGATUBA;Muito Baixa Vulnerabilidade;10341;3676;19
ANGATUBA;Baixa Vulnerabilidade;1885;692;4
ANGATUBA;Média Vulnerabilidade;7650;2752;16
ANGATUBA;Alta Vulnerabilidade;3661;1230;6
ANHEMBI;Muito Baixa Vulnerabilidade;709;284;5
ANHEMBI;Baixa Vulnerabilidade;144;54;1
ANHEMBI;Média Vulnerabilidade;1335;486;6
ANHEMBI;Alta Vulnerabilidade;2852;1006;7
ANHUMAS;Muito Baixa Vulnerabilidade;1851;709;5
ANHUMAS;Média Vulnerabilidade;1465;546;2
ANHUMAS;Alta Vulnerabilidade;306;101;1
APARECIDA;Muito Baixa Vulnerabilidade;18165;6523;42
APARECIDA;Baixa Vulnerabilidade;1005;448;2
APARECIDA;Média Vulnerabilidade;8566;2825;16
APARECIDA;Alta Vulnerabilidade;4222;1440;7
APARECIDA D'OESTE;Muito Baixa Vulnerabilidade;455;176;2
APARECIDA D'OESTE;Média Vulnerabilidade;2572;1031;9
APARECIDA D'OESTE;Alta Vulnerabilidade;899;360;2
APIAI;Muito Baixa Vulnerabilidade;4816;1775;13
APIAI;Baixa Vulnerabilidade;2674;1007;5
APIAI;Média Vulnerabilidade;8552;3056;30
APIAI;Alta Vulnerabilidade;7769;2736;22
ARACARIGUAMA;Baixíssima Vulnerabilidade;81;38;1
ARACARIGUAMA;Muito Baixa Vulnerabilidade;4149;1451;14
ARACARIGUAMA;Baixa Vulnerabilidade;4163;1469;6
ARACARIGUAMA;Média Vulnerabilidade;2719;918;9
ARACARIGUAMA;Alta Vulnerabilidade;9923;3388;14
ARACATUBA;Baixíssima Vulnerabilidade;14191;5808;38
ARACATUBA;Muito Baixa Vulnerabilidade;102317;40004;255
ARACATUBA;Baixa Vulnerabilidade;29932;12678;78
ARACATUBA;Média Vulnerabilidade;17871;6668;42
ARACATUBA;Alta Vulnerabilidade;34305;12274;71
ARACOIABA DA SERRA;Baixíssima Vulnerabilidade;2179;746;3
ARACOIABA DA SERRA;Muito Baixa Vulnerabilidade;18798;7049;52
ARACOIABA DA SERRA;Baixa Vulnerabilidade;3030;1042;8
ARACOIABA DA SERRA;Média Vulnerabilidade;6176;2166;16
ARACOIABA DA SERRA;Alta Vulnerabilidade;1404;501;5
ARAMINA;Muito Baixa Vulnerabilidade;3302;1229;7
ARAMINA;Média Vulnerabilidade;1703;622;4
ARANDU;Muito Baixa Vulnerabilidade;700;246;4
ARANDU;Baixa Vulnerabilidade;941;319;3
ARANDU;Média Vulnerabilidade;3174;1144;10
ARANDU;Alta Vulnerabilidade;1632;534;3
ARAPEI;Muito Baixa Vulnerabilidade;245;91;1
ARAPEI;Média Vulnerabilidade;2005;770;7
ARARAQUARA;Baixíssima Vulnerabilidade;16029;5974;38
ARARAQUARA;Muito Baixa Vulnerabilidade;128749;49861;282
ARARAQUARA;Baixa Vulnerabilidade;40454;17404;99
ARARAQUARA;Média Vulnerabilidade;19914;7094;37
ARARAQUARA;Alta Vulnerabilidade;33884;11690;55
ARARAS;Baixíssima Vulnerabilidade;5860;2142;19
ARARAS;Muito Baixa Vulnerabilidade;69435;25869;185
ARARAS;Baixa Vulnerabilidade;14998;6109;34
ARARAS;Média Vulnerabilidade;24464;8378;53
ARARAS;Alta Vulnerabilidade;13974;4802;30
ARCO-IRIS;Média Vulnerabilidade;1426;519;4
AREALVA;Muito Baixa Vulnerabilidade;4578;1786;15
AREALVA;Média Vulnerabilidade;1916;698;4
AREALVA;Alta Vulnerabilidade;1331;492;3
AREIAS;Muito Baixa Vulnerabilidade;389;147;2
AREIAS;Média Vulnerabilidade;1926;678;6
AREIAS;Alta Vulnerabilidade;1090;367;5
AREIOPOLIS;Muito Baixa Vulnerabilidade;2144;743;4
AREIOPOLIS;Média Vulnerabilidade;3805;1305;9
AREIOPOLIS;Alta Vulnerabilidade;3791;1223;7
ARIRANHA;Muito Baixa Vulnerabilidade;3413;1322;7
ARIRANHA;Média Vulnerabilidade;3863;1436;7
ARTUR NOGUEIRA;Baixíssima Vulnerabilidade;1655;608;3
ARTUR NOGUEIRA;Muito Baixa Vulnerabilidade;21880;7842;59
ARTUR NOGUEIRA;Baixa Vulnerabilidade;3188;1127;8
ARTUR NOGUEIRA;Média Vulnerabilidade;7329;2566;17
ARTUR NOGUEIRA;Alta Vulnerabilidade;16891;5832;29
ARUJA;Baixíssima Vulnerabilidade;7766;2520;15
ARUJA;Muito Baixa Vulnerabilidade;34177;11984;59
ARUJA;Baixa Vulnerabilidade;9320;3164;16
ARUJA;Média Vulnerabilidade;9484;3230;16
ARUJA;Alta Vulnerabilidade;23388;7676;38
ARUJA;Muito Alta Vulnerabilidade;1368;409;5
ASPASIA;Muito Baixa Vulnerabilidade;210;72;1
ASPASIA;Média Vulnerabilidade;1562;583;4
ASSIS;Baixíssima Vulnerabilidade;3879;1469;8
ASSIS;Muito Baixa Vulnerabilidade;56870;22296;114
ASSIS;Baixa Vulnerabilidade;15013;5862;27
ASSIS;Média Vulnerabilidade;12201;4486;22
ASSIS;Alta Vulnerabilidade;11174;3784;22
ATIBAIA;Baixíssima Vulnerabilidade;14891;5452;39
ATIBAIA;Muito Baixa Vulnerabilidade;86409;31513;192
ATIBAIA;Baixa Vulnerabilidade;12458;4374;30
ATIBAIA;Média Vulnerabilidade;17459;5985;48
ATIBAIA;Alta Vulnerabilidade;18511;6489;40
ATIBAIA;Muito Alta Vulnerabilidade;5278;1743;15
AURIFLAMA;Muito Baixa Vulnerabilidade;4748;1902;16
AURIFLAMA;Baixa Vulnerabilidade;393;149;1
AURIFLAMA;Média Vulnerabilidade;7053;2774;14
AURIFLAMA;Alta Vulnerabilidade;1362;530;2
AVAI;Muito Baixa Vulnerabilidade;530;194;2
AVAI;Baixa Vulnerabilidade;549;218;1
AVAI;Média Vulnerabilidade;1882;716;4
AVAI;Alta Vulnerabilidade;820;299;1
AVANHANDAVA;Muito Baixa Vulnerabilidade;2149;766;4
AVANHANDAVA;Baixa Vulnerabilidade;401;143;2
AVANHANDAVA;Média Vulnerabilidade;2711;982;5
AVANHANDAVA;Alta Vulnerabilidade;4471;1559;8
AVARE;Baixíssima Vulnerabilidade;2971;1065;7
AVARE;Muito Baixa Vulnerabilidade;43781;16912;123
AVARE;Baixa Vulnerabilidade;12207;4647;35
AVARE;Média Vulnerabilidade;11828;4154;30
AVARE;Alta Vulnerabilidade;18847;6372;40
AVARE;Muito Alta Vulnerabilidade;84;24;1
BADY BASSITT;Baixíssima Vulnerabilidade;687;230;2
BADY BASSITT;Muito Baixa Vulnerabilidade;19473;7094;37
BADY BASSITT;Baixa Vulnerabilidade;5250;1915;7
BADY BASSITT;Alta Vulnerabilidade;1617;640;4
BALBINOS;Muito Baixa Vulnerabilidade;1188;482;3
BALBINOS;Alta Vulnerabilidade;170;57;1
BALSAMO;Muito Baixa Vulnerabilidade;4977;1960;13
BALSAMO;Média Vulnerabilidade;4034;1545;8
BALSAMO;Alta Vulnerabilidade;506;174;1
BANANAL;Muito Baixa Vulnerabilidade;5035;1947;14
BANANAL;Média Vulnerabilidade;3598;1292;13
BANANAL;Alta Vulnerabilidade;314;112;2
BANANAL;Muito Alta Vulnerabilidade;850;307;2
BARAO DE ANTONINA;Baixa Vulnerabilidade;277;112;1
BARAO DE ANTONINA;Média Vulnerabilidade;805;308;4
BARAO DE ANTONINA;Alta Vulnerabilidade;2137;819;5
BARBOSA;Média Vulnerabilidade;1266;479;4
BARBOSA;Alta Vulnerabilidade;4176;1553;8
BARIRI;Muito Baixa Vulnerabilidade;16125;6351;42
BARIRI;Baixa Vulnerabilidade;2471;897;6
BARIRI;Média Vulnerabilidade;7610;2689;15
BARIRI;Alta Vulnerabilidade;5062;1710;9
BARRA BONITA;Baixíssima Vulnerabilidade;413;152;1
BARRA BONITA;Muito Baixa Vulnerabilidade;23713;9188;52
BARRA BONITA;Baixa Vulnerabilidade;925;332;2
BARRA BONITA;Média Vulnerabilidade;7037;2483;13
BARRA BONITA;Alta Vulnerabilidade;1873;631;3
BARRA DO CHAPEU;Média Vulnerabilidade;1227;473;5
BARRA DO CHAPEU;Alta Vulnerabilidade;3850;1367;13
BARRA DO TURVO;Média Vulnerabilidade;2683;1024;11
BARRA DO TURVO;Alta Vulnerabilidade;2553;960;5
BARRETOS;Baixíssima Vulnerabilidade;3877;1332;6
BARRETOS;Muito Baixa Vulnerabilidade;61406;23680;113
BARRETOS;Baixa Vulnerabilidade;32172;12398;51
BARRETOS;Média Vulnerabilidade;7104;2527;15
BARRETOS;Alta Vulnerabilidade;17362;6363;27
BARRINHA;Muito Baixa Vulnerabilidade;4034;1474;10
BARRINHA;Baixa Vulnerabilidade;1104;393;3
BARRINHA;Média Vulnerabilidade;13519;4703;24
BARRINHA;Alta Vulnerabilidade;13123;4532;23
BARUERI;Baixíssima Vulnerabilidade;53858;20720;96
BARUERI;Muito Baixa Vulnerabilidade;113228;37114;158
BARUERI;Baixa Vulnerabilidade;72392;25027;97
BARUERI;Média Vulnerabilidade;26383;8876;36
BARUERI;Alta Vulnerabilidade;41330;14696;55
BARUERI;Muito Alta Vulnerabilidade;8717;2925;18
BASTOS;Muito Baixa Vulnerabilidade;8277;2949;20
BASTOS;Baixa Vulnerabilidade;1815;640;6
BASTOS;Média Vulnerabilidade;5488;1951;13
BASTOS;Alta Vulnerabilidade;5695;1928;13
BATATAIS;Baixíssima Vulnerabilidade;707;245;1
BATATAIS;Muito Baixa Vulnerabilidade;36464;13767;70
BATATAIS;Baixa Vulnerabilidade;1335;459;3
BATATAIS;Média Vulnerabilidade;11419;4094;22
BATATAIS;Alta Vulnerabilidade;7798;2673;13
BAURU;Baixíssima Vulnerabilidade;31390;12691;57
BAURU;Muito Baixa Vulnerabilidade;187380;69922;314
BAURU;Baixa Vulnerabilidade;75047;31021;134
BAURU;Média Vulnerabilidade;18276;6200;22
BAURU;Alta Vulnerabilidade;51690;17630;72
BAURU;Muito Alta Vulnerabilidade;6043;1990;17
BEBEDOURO;Baixíssima Vulnerabilidade;1727;676;5
BEBEDOURO;Muito Baixa Vulnerabilidade;46410;17510;96
BEBEDOURO;Baixa Vulnerabilidade;7851;2898;14
BEBEDOURO;Média Vulnerabilidade;7668;2726;15
BEBEDOURO;Alta Vulnerabilidade;12188;4125;18
BENTO DE ABREU;Muito Baixa Vulnerabilidade;702;263;2
BENTO DE ABREU;Baixa Vulnerabilidade;431;164;1
BENTO DE ABREU;Média Vulnerabilidade;773;262;2
BENTO DE ABREU;Alta Vulnerabilidade;500;164;2
BERNARDINO DE CAMPOS;Muito Baixa Vulnerabilidade;4683;1754;11
BERNARDINO DE CAMPOS;Baixa Vulnerabilidade;1060;373;2
BERNARDINO DE CAMPOS;Média Vulnerabilidade;1109;413;2
BERNARDINO DE CAMPOS;Alta Vulnerabilidade;3679;1339;7
BERTIOGA;Baixíssima Vulnerabilidade;466;182;2
BERTIOGA;Muito Baixa Vulnerabilidade;17707;6734;65
BERTIOGA;Baixa Vulnerabilidade;13588;4793;35
BERTIOGA;Média Vulnerabilidade;2925;1017;11
BERTIOGA;Alta Vulnerabilidade;9748;3200;23
BERTIOGA;Muito Alta Vulnerabilidade;15994;5486;36
BILAC;Muito Baixa Vulnerabilidade;3729;1447;10
BILAC;Baixa Vulnerabilidade;785;299;2
BILAC;Média Vulnerabilidade;1024;400;3
BILAC;Alta Vulnerabilidade;1696;632;4
BIRIGUI;Baixíssima Vulnerabilidade;4431;1603;12
BIRIGUI;Muito Baixa Vulnerabilidade;57115;22234;135
BIRIGUI;Baixa Vulnerabilidade;12557;5069;27
BIRIGUI;Média Vulnerabilidade;27889;10542;60
BIRIGUI;Alta Vulnerabilidade;16271;5788;33
BIRITIBA MIRIM;Muito Baixa Vulnerabilidade;7209;2576;17
BIRITIBA MIRIM;Baixa Vulnerabilidade;678;236;1
BIRITIBA MIRIM;Média Vulnerabilidade;13036;4650;38
BIRITIBA MIRIM;Alta Vulnerabilidade;5261;1797;12
BIRITIBA MIRIM;Muito Alta Vulnerabilidade;2176;731;5
BOA ESPERANCA DO SUL;Muito Baixa Vulnerabilidade;2517;969;8
BOA ESPERANCA DO SUL;Baixa Vulnerabilidade;657;239;2
BOA ESPERANCA DO SUL;Média Vulnerabilidade;4766;1673;8
BOA ESPERANCA DO SUL;Alta Vulnerabilidade;4901;1731;8
BOCAINA;Muito Baixa Vulnerabilidade;3537;1391;9
BOCAINA;Baixa Vulnerabilidade;1303;451;3
BOCAINA;Média Vulnerabilidade;4024;1417;8
BOCAINA;Alta Vulnerabilidade;2041;704;4
BOFETE;Muito Baixa Vulnerabilidade;2323;899;7
BOFETE;Baixa Vulnerabilidade;322;115;1
BOFETE;Média Vulnerabilidade;3576;1367;14
BOFETE;Alta Vulnerabilidade;3824;1416;8
BOITUVA;Baixíssima Vulnerabilidade;4031;1417;8
BOITUVA;Muito Baixa Vulnerabilidade;28498;10388;56
BOITUVA;Baixa Vulnerabilidade;9385;3312;14
BOITUVA;Média Vulnerabilidade;6421;2122;17
BOITUVA;Alta Vulnerabilidade;11778;4137;19
BOM JESUS DOS PERDOES;Baixíssima Vulnerabilidade;162;53;1
BOM JESUS DOS PERDOES;Muito Baixa Vulnerabilidade;7674;2792;23
BOM JESUS DOS PERDOES;Baixa Vulnerabilidade;2982;1059;5
BOM JESUS DOS PERDOES;Média Vulnerabilidade;3212;1072;9
BOM JESUS DOS PERDOES;Alta Vulnerabilidade;7073;2460;15
BOM SUCESSO DE ITARARE;Baixa Vulnerabilidade;319;105;1
BOM SUCESSO DE ITARARE;Média Vulnerabilidade;1217;401;4
BOM SUCESSO DE ITARARE;Alta Vulnerabilidade;1989;658;4
BORA;Média Vulnerabilidade;442;174;1
BORA;Alta Vulnerabilidade;296;94;1
BORACEIA;Muito Baixa Vulnerabilidade;1319;470;3
BORACEIA;Baixa Vulnerabilidade;625;213;1
BORACEIA;Média Vulnerabilidade;1940;665;4
BORACEIA;Alta Vulnerabilidade;790;276;2
BORBOREMA;Baixíssima Vulnerabilidade;411;185;1
BORBOREMA;Muito Baixa Vulnerabilidade;5917;2282;19
BORBOREMA;Baixa Vulnerabilidade;862;324;2
BORBOREMA;Média Vulnerabilidade;4356;1660;10
BORBOREMA;Alta Vulnerabilidade;2324;886;6
BOREBI;Muito Baixa Vulnerabilidade;1541;542;4
BOREBI;Média Vulnerabilidade;510;192;1
BOREBI;Alta Vulnerabilidade;512;175;2
BOTUCATU;Baixíssima Vulnerabilidade;4493;1806;14
BOTUCATU;Muito Baixa Vulnerabilidade;70545;26723;172
BOTUCATU;Baixa Vulnerabilidade;35308;14136;81
BOTUCATU;Média Vulnerabilidade;10893;3740;23
BOTUCATU;Alta Vulnerabilidade;21560;7366;37
BOTUCATU;Muito Alta Vulnerabilidade;543;179;1
BRAGANCA PAULISTA;Baixíssima Vulnerabilidade;10844;3761;24
BRAGANCA PAULISTA;Muito Baixa Vulnerabilidade;81470;29470;190
BRAGANCA PAULISTA;Baixa Vulnerabilidade;41425;15458;85
BRAGANCA PAULISTA;Média Vulnerabilidade;13321;4538;36
BRAGANCA PAULISTA;Alta Vulnerabilidade;26675;9240;54
BRAGANCA PAULISTA;Muito Alta Vulnerabilidade;212;83;1
BRAUNA;Muito Baixa Vulnerabilidade;869;340;4
BRAUNA;Média Vulnerabilidade;1901;721;5
BRAUNA;Alta Vulnerabilidade;2429;854;4
BREJO ALEGRE;Muito Baixa Vulnerabilidade;908;344;3
BREJO ALEGRE;Média Vulnerabilidade;1622;618;4
BRODOWSKI;Muito Baixa Vulnerabilidade;13656;5015;22
BRODOWSKI;Baixa Vulnerabilidade;2979;1059;5
BRODOWSKI;Média Vulnerabilidade;2257;737;4
BRODOWSKI;Alta Vulnerabilidade;6265;2068;9
BROTAS;Muito Baixa Vulnerabilidade;12658;4685;31
BROTAS;Baixa Vulnerabilidade;4210;1515;7
BROTAS;Média Vulnerabilidade;2187;778;7
BROTAS;Alta Vulnerabilidade;4129;1433;7
BURI;Baixíssima Vulnerabilidade;355;153;1
BURI;Muito Baixa Vulnerabilidade;2117;772;8
BURI;Baixa Vulnerabilidade;2063;770;6
BURI;Média Vulnerabilidade;2640;953;7
BURI;Alta Vulnerabilidade;12703;4208;28
BURITAMA;Muito Baixa Vulnerabilidade;7565;3043;23
BURITAMA;Baixa Vulnerabilidade;554;214;1
BURITAMA;Média Vulnerabilidade;5748;2232;17
BURITAMA;Alta Vulnerabilidade;3101;1139;8
BURITIZAL;Muito Baixa Vulnerabilidade;2993;1154;8
BURITIZAL;Média Vulnerabilidade;686;277;2
BURITIZAL;Alta Vulnerabilidade;585;201;1
CABRALIA PAULISTA;Muito Baixa Vulnerabilidade;1382;542;3
CABRALIA PAULISTA;Média Vulnerabilidade;1189;428;3
CABRALIA PAULISTA;Alta Vulnerabilidade;1687;614;3
CABREUVA;Baixíssima Vulnerabilidade;392;135;1
CABREUVA;Muito Baixa Vulnerabilidade;14130;4798;26
CABREUVA;Baixa Vulnerabilidade;12979;4326;16
CABREUVA;Média Vulnerabilidade;4902;1596;11
CABREUVA;Alta Vulnerabilidade;13075;4228;16
CABREUVA;Muito Alta Vulnerabilidade;950;296;5
CACAPAVA;Baixíssima Vulnerabilidade;3233;1132;7
CACAPAVA;Muito Baixa Vulnerabilidade;55843;19941;113
CACAPAVA;Baixa Vulnerabilidade;8723;3153;18
CACAPAVA;Média Vulnerabilidade;13767;4762;25
CACAPAVA;Alta Vulnerabilidade;12905;4149;22
CACAPAVA;Muito Alta Vulnerabilidade;343;104;1
CACHOEIRA PAULISTA;Baixíssima Vulnerabilidade;1447;501;3
CACHOEIRA PAULISTA;Muito Baixa Vulnerabilidade;16054;5699;40
CACHOEIRA PAULISTA;Baixa Vulnerabilidade;2775;999;6
CACHOEIRA PAULISTA;Média Vulnerabilidade;8297;2727;20
CACHOEIRA PAULISTA;Alta Vulnerabilidade;2471;806;6
CACONDE;Muito Baixa Vulnerabilidade;7841;2948;22
CACONDE;Baixa Vulnerabilidade;223;80;1
CACONDE;Média Vulnerabilidade;6138;2220;12
CACONDE;Alta Vulnerabilidade;2430;825;7
CAFELANDIA;Baixíssima Vulnerabilidade;533;224;1
CAFELANDIA;Muito Baixa Vulnerabilidade;7413;2869;24
CAFELANDIA;Baixa Vulnerabilidade;614;235;2
CAFELANDIA;Média Vulnerabilidade;4698;1759;14
CAFELANDIA;Alta Vulnerabilidade;2822;967;6
CAIABU;Muito Baixa Vulnerabilidade;664;256;2
CAIABU;Média Vulnerabilidade;2564;1027;6
CAIABU;Alta Vulnerabilidade;291;110;1
CAIEIRAS;Baixíssima Vulnerabilidade;3827;1301;10
CAIEIRAS;Muito Baixa Vulnerabilidade;52632;18259;100
CAIEIRAS;Baixa Vulnerabilidade;21514;7449;34
CAIEIRAS;Média Vulnerabilidade;1979;682;5
CAIEIRAS;Alta Vulnerabilidade;7675;2675;16
CAIEIRAS;Muito Alta Vulnerabilidade;6832;2227;15
CAIUA;Muito Baixa Vulnerabilidade;493;211;2
CAIUA;Média Vulnerabilidade;3106;1205;10
CAIUA;Alta Vulnerabilidade;708;276;2
CAJAMAR;Baixíssima Vulnerabilidade;1944;666;6
CAJAMAR;Muito Baixa Vulnerabilidade;28920;10143;63
CAJAMAR;Baixa Vulnerabilidade;23650;8720;53
CAJAMAR;Média Vulnerabilidade;5475;1875;13
CAJAMAR;Alta Vulnerabilidade;20748;7232;39
CAJAMAR;Muito Alta Vulnerabilidade;10708;3633;31
CAJATI;Muito Baixa Vulnerabilidade;4876;1745;8
CAJATI;Baixa Vulnerabilidade;1076;382;2
CAJATI;Média Vulnerabilidade;8496;3010;23
CAJATI;Alta Vulnerabilidade;13840;4696;28
CAJOBI;Muito Baixa Vulnerabilidade;5088;2006;14
CAJOBI;Baixa Vulnerabilidade;138;48;1
CAJOBI;Média Vulnerabilidade;2872;1098;6
CAJOBI;Alta Vulnerabilidade;843;296;2
CAJURU;Muito Baixa Vulnerabilidade;11390;4193;21
CAJURU;Baixa Vulnerabilidade;400;169;1
CAJURU;Média Vulnerabilidade;6589;2370;14
CAJURU;Alta Vulnerabilidade;5070;1771;6
CAMPINA DO MONTE ALEGRE;Muito Baixa Vulnerabilidade;1606;636;5
CAMPINA DO MONTE ALEGRE;Baixa Vulnerabilidade;866;314;1
CAMPINA DO MONTE ALEGRE;Média Vulnerabilidade;1200;436;3
CAMPINA DO MONTE ALEGRE;Alta Vulnerabilidade;2023;705;3
CAMPINAS;Baixíssima Vulnerabilidade;164725;68137;390
CAMPINAS;Muito Baixa Vulnerabilidade;527920;201236;1118
CAMPINAS;Baixa Vulnerabilidade;148728;62435;347
CAMPINAS;Média Vulnerabilidade;66893;22668;131
CAMPINAS;Alta Vulnerabilidade;81633;27807;148
CAMPINAS;Muito Alta Vulnerabilidade;139454;45321;288
CAMPO LIMPO PAULISTA;Baixíssima Vulnerabilidade;955;346;4
CAMPO LIMPO PAULISTA;Muito Baixa Vulnerabilidade;37150;13087;107
CAMPO LIMPO PAULISTA;Baixa Vulnerabilidade;8741;3030;22
CAMPO LIMPO PAULISTA;Média Vulnerabilidade;6635;2279;21
CAMPO LIMPO PAULISTA;Alta Vulnerabilidade;18946;6380;42
CAMPO LIMPO PAULISTA;Muito Alta Vulnerabilidade;2983;967;11
CAMPOS DO JORDAO;Baixíssima Vulnerabilidade;140;51;1
CAMPOS DO JORDAO;Muito Baixa Vulnerabilidade;18710;6698;63
CAMPOS DO JORDAO;Baixa Vulnerabilidade;5540;1983;15
CAMPOS DO JORDAO;Média Vulnerabilidade;5633;1913;14
CAMPOS DO JORDAO;Alta Vulnerabilidade;4934;1661;11
CAMPOS DO JORDAO;Muito Alta Vulnerabilidade;9061;2905;22
CAMPOS NOVOS PAULISTA;Muito Baixa Vulnerabilidade;1682;649;5
CAMPOS NOVOS PAULISTA;Média Vulnerabilidade;1092;403;5
CAMPOS NOVOS PAULISTA;Alta Vulnerabilidade;2090;754;5
CANANEIA;Muito Baixa Vulnerabilidade;4153;1620;11
CANANEIA;Baixa Vulnerabilidade;1403;514;3
CANANEIA;Média Vulnerabilidade;3464;1157;9
CANANEIA;Alta Vulnerabilidade;2246;761;4
CANAS;Muito Baixa Vulnerabilidade;1298;447;4
CANAS;Baixa Vulnerabilidade;267;101;1
CANAS;Média Vulnerabilidade;1015;311;4
CANAS;Alta Vulnerabilidade;2125;646;4
CANDIDO MOTA;Muito Baixa Vulnerabilidade;16340;6220;36
CANDIDO MOTA;Baixa Vulnerabilidade;349;118;1
CANDIDO MOTA;Média Vulnerabilidade;7936;2823;16
CANDIDO MOTA;Alta Vulnerabilidade;4391;1594;8
CANDIDO RODRIGUES;Muito Baixa Vulnerabilidade;1441;562;3
CANDIDO RODRIGUES;Média Vulnerabilidade;1435;540;4
CANITAR;Baixa Vulnerabilidade;772;268;2
CANITAR;Média Vulnerabilidade;2970;964;7
CANITAR;Alta Vulnerabilidade;2328;780;6
CAPAO BONITO;Muito Baixa Vulnerabilidade;13888;5089;37
CAPAO BONITO;Baixa Vulnerabilidade;2086;733;5
CAPAO BONITO;Média Vulnerabilidade;14003;4837;39
CAPAO BONITO;Alta Vulnerabilidade;15880;5263;30
CAPELA DO ALTO;Muito Baixa Vulnerabilidade;4220;1515;11
CAPELA DO ALTO;Baixa Vulnerabilidade;2584;902;3
CAPELA DO ALTO;Média Vulnerabilidade;4958;1777;10
CAPELA DO ALTO;Alta Vulnerabilidade;8709;2866;15
CAPIVARI;Baixíssima Vulnerabilidade;164;59;1
CAPIVARI;Muito Baixa Vulnerabilidade;21992;7793;39
CAPIVARI;Baixa Vulnerabilidade;14611;4987;21
CAPIVARI;Média Vulnerabilidade;4841;1612;8
CAPIVARI;Alta Vulnerabilidade;7187;2329;13
CAPIVARI;Muito Alta Vulnerabilidade;756;246;3
CARAGUATATUBA;Baixíssima Vulnerabilidade;3097;1311;15
CARAGUATATUBA;Muito Baixa Vulnerabilidade;59191;22457;188
CARAGUATATUBA;Baixa Vulnerabilidade;15331;5622;38
CARAGUATATUBA;Média Vulnerabilidade;11756;4133;28
CARAGUATATUBA;Alta Vulnerabilidade;37165;12572;72
CARAGUATATUBA;Muito Alta Vulnerabilidade;5201;1726;14
CARAPICUIBA;Baixíssima Vulnerabilidade;8107;2668;23
CARAPICUIBA;Muito Baixa Vulnerabilidade;168368;60779;382
CARAPICUIBA;Baixa Vulnerabilidade;63807;22870;130
CARAPICUIBA;Média Vulnerabilidade;30826;10858;64
CARAPICUIBA;Alta Vulnerabilidade;54262;18981;106
CARAPICUIBA;Muito Alta Vulnerabilidade;59707;20120;120
CARDOSO;Muito Baixa Vulnerabilidade;3437;1452;10
CARDOSO;Baixa Vulnerabilidade;664;272;2
CARDOSO;Média Vulnerabilidade;5315;2120;13
CARDOSO;Alta Vulnerabilidade;1841;736;3
CASA BRANCA;Muito Baixa Vulnerabilidade;13860;5300;27
CASA BRANCA;Baixa Vulnerabilidade;3653;1333;5
CASA BRANCA;Média Vulnerabilidade;4625;1603;11
CASA BRANCA;Alta Vulnerabilidade;3947;1384;6
CASSIA DOS COQUEIROS;Muito Baixa Vulnerabilidade;714;278;2
CASSIA DOS COQUEIROS;Média Vulnerabilidade;1790;698;6
CASSIA DOS COQUEIROS;Alta Vulnerabilidade;284;100;1
CASTILHO;Muito Baixa Vulnerabilidade;7019;2650;15
CASTILHO;Baixa Vulnerabilidade;1111;379;2
CASTILHO;Média Vulnerabilidade;6670;2467;18
CASTILHO;Alta Vulnerabilidade;4825;1766;11
CATANDUVA;Baixíssima Vulnerabilidade;3699;1456;13
CATANDUVA;Muito Baixa Vulnerabilidade;71141;27331;160
CATANDUVA;Baixa Vulnerabilidade;10641;4569;29
CATANDUVA;Média Vulnerabilidade;14643;5270;31
CATANDUVA;Alta Vulnerabilidade;14237;4995;27
CATIGUA;Muito Baixa Vulnerabilidade;3282;1185;7
CATIGUA;Baixa Vulnerabilidade;743;283;1
CATIGUA;Média Vulnerabilidade;920;354;2
CATIGUA;Alta Vulnerabilidade;1881;634;3
CEDRAL;Muito Baixa Vulnerabilidade;7777;2927;21
CEDRAL;Baixa Vulnerabilidade;2662;987;5
CEDRAL;Média Vulnerabilidade;502;183;3
CEDRAL;Alta Vulnerabilidade;1303;446;3
CERQUEIRA CESAR;Muito Baixa Vulnerabilidade;8406;3183;26
CERQUEIRA CESAR;Baixa Vulnerabilidade;1071;399;4
CERQUEIRA CESAR;Média Vulnerabilidade;2887;1032;8
CERQUEIRA CESAR;Alta Vulnerabilidade;7555;2664;16
CERQUILHO;Baixíssima Vulnerabilidade;224;72;1
CERQUILHO;Muito Baixa Vulnerabilidade;29597;10664;45
CERQUILHO;Baixa Vulnerabilidade;6052;2116;8
CERQUILHO;Média Vulnerabilidade;3915;1400;8
CERQUILHO;Alta Vulnerabilidade;4508;1564;7
CESARIO LANGE;Muito Baixa Vulnerabilidade;7779;2775;18
CESARIO LANGE;Baixa Vulnerabilidade;261;90;1
CESARIO LANGE;Média Vulnerabilidade;2544;852;7
CESARIO LANGE;Alta Vulnerabilidade;6767;2225;9
CHARQUEADA;Muito Baixa Vulnerabilidade;8909;3117;21
CHARQUEADA;Baixa Vulnerabilidade;1381;495;2
CHARQUEADA;Média Vulnerabilidade;1507;491;4
CHARQUEADA;Alta Vulnerabilidade;3073;1018;6
CLEMENTINA;Muito Baixa Vulnerabilidade;788;337;2
CLEMENTINA;Média Vulnerabilidade;1078;395;3
CLEMENTINA;Alta Vulnerabilidade;4851;1739;9
COLINA;Muito Baixa Vulnerabilidade;11732;4302;23
COLINA;Média Vulnerabilidade;4070;1390;7
COLINA;Alta Vulnerabilidade;2642;868;4
COLOMBIA;Muito Baixa Vulnerabilidade;671;245;2
COLOMBIA;Baixa Vulnerabilidade;311;114;1
COLOMBIA;Média Vulnerabilidade;3069;1122;7
COLOMBIA;Alta Vulnerabilidade;2123;759;4
CONCHAL;Baixíssima Vulnerabilidade;560;197;1
CONCHAL;Muito Baixa Vulnerabilidade;6175;2244;14
CONCHAL;Baixa Vulnerabilidade;2370;853;4
CONCHAL;Média Vulnerabilidade;5170;1735;14
CONCHAL;Alta Vulnerabilidade;13645;4386;20
CONCHAS;Muito Baixa Vulnerabilidade;7681;2920;21
CONCHAS;Baixa Vulnerabilidade;898;352;4
CONCHAS;Média Vulnerabilidade;2634;935;8
CONCHAS;Alta Vulnerabilidade;3747;1316;8
CORDEIROPOLIS;Muito Baixa Vulnerabilidade;9139;3330;20
CORDEIROPOLIS;Baixa Vulnerabilidade;9301;3220;13
CORDEIROPOLIS;Média Vulnerabilidade;151;50;1
CORDEIROPOLIS;Alta Vulnerabilidade;4874;1585;7
CORDEIROPOLIS;Muito Alta Vulnerabilidade;272;79;1
COROADOS;Muito Baixa Vulnerabilidade;2143;801;6
COROADOS;Baixa Vulnerabilidade;479;178;1
COROADOS;Média Vulnerabilidade;1754;668;4
COROADOS;Alta Vulnerabilidade;942;339;2
CORONEL MACEDO;Baixíssima Vulnerabilidade;306;115;1
CORONEL MACEDO;Muito Baixa Vulnerabilidade;537;220;2
CORONEL MACEDO;Média Vulnerabilidade;2218;861;8
CORONEL MACEDO;Alta Vulnerabilidade;1219;458;3
CORUMBATAI;Muito Baixa Vulnerabilidade;2453;882;7
CORUMBATAI;Média Vulnerabilidade;906;306;3
CORUMBATAI;Alta Vulnerabilidade;655;213;1
COSMOPOLIS;Baixíssima Vulnerabilidade;117;40;1
COSMOPOLIS;Muito Baixa Vulnerabilidade;37050;13570;91
COSMOPOLIS;Baixa Vulnerabilidade;5742;2043;13
COSMOPOLIS;Média Vulnerabilidade;5658;2011;13
COSMOPOLIS;Alta Vulnerabilidade;8539;3096;17
COSMOPOLIS;Muito Alta Vulnerabilidade;1567;573;6
COSMORAMA;Muito Baixa Vulnerabilidade;3480;1339;5
COSMORAMA;Média Vulnerabilidade;1113;427;5
COSMORAMA;Alta Vulnerabilidade;4037;1467;7
COTIA;Baixíssima Vulnerabilidade;32516;11236;92
COTIA;Muito Baixa Vulnerabilidade;97082;34690;246
COTIA;Baixa Vulnerabilidade;50117;17810;117
COTIA;Média Vulnerabilidade;22172;7659;59
COTIA;Alta Vulnerabilidade;57502;19747;120
COTIA;Muito Alta Vulnerabilidade;10749;3563;28
CRAVINHOS;Baixíssima Vulnerabilidade;1223;423;3
CRAVINHOS;Muito Baixa Vulnerabilidade;11509;4122;20
CRAVINHOS;Baixa Vulnerabilidade;3240;1095;5
CRAVINHOS;Média Vulnerabilidade;5662;1958;9
CRAVINHOS;Alta Vulnerabilidade;11074;3576;14
CRISTAIS PAULISTA;Muito Baixa Vulnerabilidade;5060;1832;12
CRISTAIS PAULISTA;Média Vulnerabilidade;1440;484;4
CRISTAIS PAULISTA;Alta Vulnerabilidade;2439;830;5
CRUZALIA;Muito Baixa Vulnerabilidade;1039;419;3
CRUZALIA;Média Vulnerabilidade;911;348;2
CRUZEIRO;Baixíssima Vulnerabilidade;1271;481;3
CRUZEIRO;Muito Baixa Vulnerabilidade;57441;20797;116
CRUZEIRO;Baixa Vulnerabilidade;5344;1936;11
CRUZEIRO;Média Vulnerabilidade;4193;1407;10
CRUZEIRO;Alta Vulnerabilidade;4693;1535;9
CRUZEIRO;Muito Alta Vulnerabilidade;1106;344;4
CUBATAO;Muito Baixa Vulnerabilidade;39276;14234;69
CUBATAO;Baixa Vulnerabilidade;9492;3606;20
CUBATAO;Média Vulnerabilidade;15936;5477;28
CUBATAO;Alta Vulnerabilidade;10333;3621;18
CUBATAO;Muito Alta Vulnerabilidade;36426;12821;76
CUNHA;Baixíssima Vulnerabilidade;456;175;1
CUNHA;Muito Baixa Vulnerabilidade;5143;2089;14
CUNHA;Baixa Vulnerabilidade;311;127;1
CUNHA;Média Vulnerabilidade;10801;4125;37
CUNHA;Alta Vulnerabilidade;5005;1923;9
DESCALVADO;Baixíssima Vulnerabilidade;708;246;1
DESCALVADO;Muito Baixa Vulnerabilidade;19144;7050;40
DESCALVADO;Baixa Vulnerabilidade;4557;1680;8
DESCALVADO;Média Vulnerabilidade;4158;1394;8
DESCALVADO;Alta Vulnerabilidade;2824;944;4
DIADEMA;Baixíssima Vulnerabilidade;5597;1983;15
DIADEMA;Muito Baixa Vulnerabilidade;165494;61884;296
DIADEMA;Baixa Vulnerabilidade;44270;16818;73
DIADEMA;Média Vulnerabilidade;37449;13940;70
DIADEMA;Alta Vulnerabilidade;50356;18800;89
DIADEMA;Muito Alta Vulnerabilidade;87310;30721;195
DIRCE REIS;Muito Baixa Vulnerabilidade;145;48;1
DIRCE REIS;Baixa Vulnerabilidade;176;60;1
DIRCE REIS;Média Vulnerabilidade;1117;468;4
DIVINOLANDIA;Muito Baixa Vulnerabilidade;5914;2304;14
DIVINOLANDIA;Baixa Vulnerabilidade;791;291;3
DIVINOLANDIA;Média Vulnerabilidade;3878;1449;8
DIVINOLANDIA;Alta Vulnerabilidade;304;112;1
DOBRADA;Muito Baixa Vulnerabilidade;3861;1335;7
DOBRADA;Baixa Vulnerabilidade;441;145;1
DOBRADA;Média Vulnerabilidade;2293;800;6
DOBRADA;Alta Vulnerabilidade;2068;766;4
DOIS CORREGOS;Muito Baixa Vulnerabilidade;5078;2024;15
DOIS CORREGOS;Baixa Vulnerabilidade;2489;926;6
DOIS CORREGOS;Média Vulnerabilidade;3519;1259;9
DOIS CORREGOS;Alta Vulnerabilidade;12354;4305;26
DOLCINOPOLIS;Muito Baixa Vulnerabilidade;253;89;2
DOLCINOPOLIS;Média Vulnerabilidade;1583;668;4
DOLCINOPOLIS;Alta Vulnerabilidade;161;55;1
DOURADO;Muito Baixa Vulnerabilidade;4212;1696;10
DOURADO;Baixa Vulnerabilidade;506;189;1
DOURADO;Média Vulnerabilidade;1143;399;3
DOURADO;Alta Vulnerabilidade;2142;792;3
DRACENA;Baixíssima Vulnerabilidade;623;220;3
DRACENA;Muito Baixa Vulnerabilidade;24960;9709;53
DRACENA;Baixa Vulnerabilidade;5007;1992;13
DRACENA;Média Vulnerabilidade;7557;2917;18
DRACENA;Alta Vulnerabilidade;5673;2078;10
DUARTINA;Muito Baixa Vulnerabilidade;3897;1538;11
DUARTINA;Baixa Vulnerabilidade;1182;459;4
DUARTINA;Média Vulnerabilidade;4290;1667;11
DUARTINA;Alta Vulnerabilidade;2639;1016;6
DUMONT;Muito Baixa Vulnerabilidade;2852;1004;7
DUMONT;Baixa Vulnerabilidade;3211;1129;5
DUMONT;Média Vulnerabilidade;671;235;1
DUMONT;Alta Vulnerabilidade;2633;893;4
ECHAPORA;Muito Baixa Vulnerabilidade;1526;572;6
ECHAPORA;Baixa Vulnerabilidade;1194;448;3
ECHAPORA;Média Vulnerabilidade;2156;824;4
ECHAPORA;Alta Vulnerabilidade;996;320;2
ELDORADO;Baixíssima Vulnerabilidade;630;238;1
ELDORADO;Muito Baixa Vulnerabilidade;1606;592;3
ELDORADO;Baixa Vulnerabilidade;788;294;1
ELDORADO;Média Vulnerabilidade;5190;1876;14
ELDORADO;Alta Vulnerabilidade;2695;876;5
ELIAS FAUSTO;Muito Baixa Vulnerabilidade;3127;1071;6
ELIAS FAUSTO;Baixa Vulnerabilidade;3037;1073;4
ELIAS FAUSTO;Média Vulnerabilidade;644;210;4
ELIAS FAUSTO;Alta Vulnerabilidade;10654;3544;14
ELISIARIO;Muito Baixa Vulnerabilidade;432;152;2
ELISIARIO;Baixa Vulnerabilidade;572;212;1
ELISIARIO;Média Vulnerabilidade;1605;604;4
ELISIARIO;Alta Vulnerabilidade;529;216;1
EMBAUBA;Muito Baixa Vulnerabilidade;461;178;1
EMBAUBA;Média Vulnerabilidade;1862;718;4
EMBU DAS ARTES;Baixíssima Vulnerabilidade;2054;713;6
EMBU DAS ARTES;Muito Baixa Vulnerabilidade;53604;19291;131
EMBU DAS ARTES;Baixa Vulnerabilidade;16701;5686;40
EMBU DAS ARTES;Média Vulnerabilidade;50693;17923;109
EMBU DAS ARTES;Alta Vulnerabilidade;71003;25150;143
EMBU DAS ARTES;Muito Alta Vulnerabilidade;52590;18045;113
EMBU-GUACU;Baixíssima Vulnerabilidade;2657;892;5
EMBU-GUACU;Muito Baixa Vulnerabilidade;16697;5995;50
EMBU-GUACU;Baixa Vulnerabilidade;8027;2814;17
EMBU-GUACU;Média Vulnerabilidade;16720;5934;42
EMBU-GUACU;Alta Vulnerabilidade;20238;6973;53
EMBU-GUACU;Muito Alta Vulnerabilidade;819;263;3
EMILIANOPOLIS;Média Vulnerabilidade;1577;645;4
EMILIANOPOLIS;Alta Vulnerabilidade;1212;444;2
ENGENHEIRO COELHO;Baixíssima Vulnerabilidade;933;342;3
ENGENHEIRO COELHO;Muito Baixa Vulnerabilidade;3302;1207;9
ENGENHEIRO COELHO;Baixa Vulnerabilidade;3319;1251;5
ENGENHEIRO COELHO;Média Vulnerabilidade;676;245;4
ENGENHEIRO COELHO;Alta Vulnerabilidade;10517;3590;18
ESPIRITO SANTO DO PINHAL;Muito Baixa Vulnerabilidade;24166;9041;45
ESPIRITO SANTO DO PINHAL;Baixa Vulnerabilidade;1436;525;4
ESPIRITO SANTO DO PINHAL;Média Vulnerabilidade;12109;4149;24
ESPIRITO SANTO DO PINHAL;Alta Vulnerabilidade;1824;637;4
ESPIRITO SANTO DO TURVO;Média Vulnerabilidade;1202;441;4
ESPIRITO SANTO DO TURVO;Alta Vulnerabilidade;2858;1009;8
ESTRELA D'OESTE;Muito Baixa Vulnerabilidade;6393;2412;13
ESTRELA D'OESTE;Média Vulnerabilidade;1035;395;3
ESTRELA D'OESTE;Alta Vulnerabilidade;1790;631;4
ESTRELA DO NORTE;Muito Baixa Vulnerabilidade;271;105;1
ESTRELA DO NORTE;Baixa Vulnerabilidade;164;54;1
ESTRELA DO NORTE;Média Vulnerabilidade;1768;643;4
ESTRELA DO NORTE;Alta Vulnerabilidade;319;104;1
EUCLIDES DA CUNHA PAULISTA;Média Vulnerabilidade;4676;1749;12
EUCLIDES DA CUNHA PAULISTA;Alta Vulnerabilidade;3243;1273;7
FARTURA;Muito Baixa Vulnerabilidade;6296;2430;15
FARTURA;Baixa Vulnerabilidade;1201;459;3
FARTURA;Média Vulnerabilidade;3930;1486;8
FARTURA;Alta Vulnerabilidade;4599;1636;7
FERNANDOPOLIS;Baixíssima Vulnerabilidade;1786;679;4
FERNANDOPOLIS;Muito Baixa Vulnerabilidade;40242;15657;96
FERNANDOPOLIS;Baixa Vulnerabilidade;7000;2849;18
FERNANDOPOLIS;Média Vulnerabilidade;13595;5199;30
FERNANDOPOLIS;Alta Vulnerabilidade;8086;3127;19
FERNANDO PRESTES;Muito Baixa Vulnerabilidade;2834;1094;6
FERNANDO PRESTES;Média Vulnerabilidade;2857;1065;8
FERNAO;Muito Baixa Vulnerabilidade;337;126;1
FERNAO;Média Vulnerabilidade;848;311;2
FERNAO;Alta Vulnerabilidade;470;176;1
FERRAZ DE VASCONCELOS;Muito Baixa Vulnerabilidade;48891;17160;99
FERRAZ DE VASCONCELOS;Baixa Vulnerabilidade;18097;6298;42
FERRAZ DE VASCONCELOS;Média Vulnerabilidade;42686;14846;84
FERRAZ DE VASCONCELOS;Alta Vulnerabilidade;37628;12889;74
FERRAZ DE VASCONCELOS;Muito Alta Vulnerabilidade;29794;9729;80
FLORA RICA;Muito Baixa Vulnerabilidade;139;52;1
FLORA RICA;Média Vulnerabilidade;1216;511;4
FLOREAL;Muito Baixa Vulnerabilidade;1510;610;4
FLOREAL;Média Vulnerabilidade;1208;510;3
FLORIDA PAULISTA;Muito Baixa Vulnerabilidade;4252;1622;10
FLORIDA PAULISTA;Média Vulnerabilidade;4732;1752;10
FLORIDA PAULISTA;Alta Vulnerabilidade;1927;704;3
FLORINEA;Muito Baixa Vulnerabilidade;494;188;2
FLORINEA;Média Vulnerabilidade;1534;583;3
FLORINEA;Alta Vulnerabilidade;492;185;2
FRANCA;Baixíssima Vulnerabilidade;11015;4239;23
FRANCA;Muito Baixa Vulnerabilidade;185614;67506;366
FRANCA;Baixa Vulnerabilidade;74339;27932;147
FRANCA;Média Vulnerabilidade;38205;13702;75
FRANCA;Alta Vulnerabilidade;40100;13977;68
FRANCISCO MORATO;Baixíssima Vulnerabilidade;520;173;1
FRANCISCO MORATO;Muito Baixa Vulnerabilidade;12511;4378;33
FRANCISCO MORATO;Baixa Vulnerabilidade;11680;4172;27
FRANCISCO MORATO;Média Vulnerabilidade;24604;8436;55
FRANCISCO MORATO;Alta Vulnerabilidade;92055;32507;191
FRANCISCO MORATO;Muito Alta Vulnerabilidade;22498;7637;64
FRANCO DA ROCHA;Baixíssima Vulnerabilidade;1035;331;1
FRANCO DA ROCHA;Muito Baixa Vulnerabilidade;33747;12291;80
FRANCO DA ROCHA;Baixa Vulnerabilidade;27822;9889;56
FRANCO DA ROCHA;Média Vulnerabilidade;13726;4971;33
FRANCO DA ROCHA;Alta Vulnerabilidade;47694;16469;96
FRANCO DA ROCHA;Muito Alta Vulnerabilidade;14236;4719;42
GABRIEL MONTEIRO;Muito Baixa Vulnerabilidade;622;256;2
GABRIEL MONTEIRO;Média Vulnerabilidade;1362;520;3
GABRIEL MONTEIRO;Alta Vulnerabilidade;617;233;1
GALIA;Muito Baixa Vulnerabilidade;1713;685;5
GALIA;Média Vulnerabilidade;2957;1132;8
GALIA;Alta Vulnerabilidade;1391;518;3
GARCA;Baixíssima Vulnerabilidade;318;119;1
GARCA;Muito Baixa Vulnerabilidade;19251;7232;41
GARCA;Baixa Vulnerabilidade;4889;1848;13
GARCA;Média Vulnerabilidade;9927;3643;25
GARCA;Alta Vulnerabilidade;6814;2418;17
GASTAO VIDIGAL;Média Vulnerabilidade;2574;1026;8
GASTAO VIDIGAL;Alta Vulnerabilidade;517;167;2
GAVIAO PEIXOTO;Muito Baixa Vulnerabilidade;801;287;1
GAVIAO PEIXOTO;Média Vulnerabilidade;1333;500;5
GAVIAO PEIXOTO;Alta Vulnerabilidade;2529;840;4
GENERAL SALGADO;Muito Baixa Vulnerabilidade;5875;2295;14
GENERAL SALGADO;Baixa Vulnerabilidade;105;39;1
GENERAL SALGADO;Média Vulnerabilidade;4048;1584;11
GENERAL SALGADO;Alta Vulnerabilidade;165;71;1
GETULINA;Muito Baixa Vulnerabilidade;2328;899;7
GETULINA;Baixa Vulnerabilidade;170;62;1
GETULINA;Média Vulnerabilidade;3506;1340;9
GETULINA;Alta Vulnerabilidade;2673;995;7
GLICERIO;Muito Baixa Vulnerabilidade;1600;610;5
GLICERIO;Média Vulnerabilidade;1461;561;4
GLICERIO;Alta Vulnerabilidade;928;319;2
GUAICARA;Muito Baixa Vulnerabilidade;2170;785;5
GUAICARA;Baixa Vulnerabilidade;778;272;2
GUAICARA;Média Vulnerabilidade;3122;1107;9
GUAICARA;Alta Vulnerabilidade;4873;1712;10
GUAIMBE;Muito Baixa Vulnerabilidade;244;89;1
GUAIMBE;Média Vulnerabilidade;2326;900;6
GUAIMBE;Alta Vulnerabilidade;2877;1050;7
GUAIRA;Muito Baixa Vulnerabilidade;20948;7940;36
GUAIRA;Baixa Vulnerabilidade;5945;2110;9
GUAIRA;Média Vulnerabilidade;4336;1681;10
GUAIRA;Alta Vulnerabilidade;7555;2831;13
GUAPIACU;Baixíssima Vulnerabilidade;396;151;1
GUAPIACU;Muito Baixa Vulnerabilidade;6917;2475;17
GUAPIACU;Baixa Vulnerabilidade;2950;989;5
GUAPIACU;Média Vulnerabilidade;4644;1705;10
GUAPIACU;Alta Vulnerabilidade;6479;2314;11
GUAPIARA;Muito Baixa Vulnerabilidade;985;356;3
GUAPIARA;Baixa Vulnerabilidade;501;192;2
GUAPIARA;Média Vulnerabilidade;9493;3436;32
GUAPIARA;Alta Vulnerabilidade;5912;2116;17
GUARA;Muito Baixa Vulnerabilidade;5679;2126;11
GUARA;Baixa Vulnerabilidade;622;242;2
GUARA;Média Vulnerabilidade;6076;2153;12
GUARA;Alta Vulnerabilidade;5902;2052;10
GUARACAI;Muito Baixa Vulnerabilidade;3691;1490;10
GUARACAI;Média Vulnerabilidade;2597;1037;7
GUARACAI;Alta Vulnerabilidade;806;292;2
GUARACI;Muito Baixa Vulnerabilidade;3633;1440;10
GUARACI;Baixa Vulnerabilidade;134;47;1
GUARACI;Média Vulnerabilidade;2294;851;6
GUARACI;Alta Vulnerabilidade;3892;1432;6
GUARANI D'OESTE;Muito Baixa Vulnerabilidade;471;186;2
GUARANI D'OESTE;Média Vulnerabilidade;1241;514;4
GUARANTA;Muito Baixa Vulnerabilidade;1203;423;3
GUARANTA;Média Vulnerabilidade;1897;709;4
GUARANTA;Alta Vulnerabilidade;2904;1027;7
GUARARAPES;Muito Baixa Vulnerabilidade;14004;5386;33
GUARARAPES;Baixa Vulnerabilidade;435;181;1
GUARARAPES;Média Vulnerabilidade;10743;4038;23
GUARARAPES;Alta Vulnerabilidade;5081;1798;10
GUARAREMA;Baixíssima Vulnerabilidade;972;362;2
GUARAREMA;Muito Baixa Vulnerabilidade;12901;4786;33
GUARAREMA;Baixa Vulnerabilidade;838;304;1
GUARAREMA;Média Vulnerabilidade;11639;4007;26
GUARAREMA;Alta Vulnerabilidade;4182;1393;6
GUARATINGUETA;Baixíssima Vulnerabilidade;5072;1943;12
GUARATINGUETA;Muito Baixa Vulnerabilidade;75600;27479;147
GUARATINGUETA;Baixa Vulnerabilidade;7096;2571;15
GUARATINGUETA;Média Vulnerabilidade;11346;3901;22
GUARATINGUETA;Alta Vulnerabilidade;15248;5115;27
GUARATINGUETA;Muito Alta Vulnerabilidade;732;222;3
GUAREI;Muito Baixa Vulnerabilidade;3273;1223;11
GUAREI;Baixa Vulnerabilidade;665;279;1
GUAREI;Média Vulnerabilidade;2891;1055;8
GUAREI;Alta Vulnerabilidade;5353;1930;12
GUARIBA;Muito Baixa Vulnerabilidade;15114;5445;31
GUARIBA;Baixa Vulnerabilidade;2360;779;5
GUARIBA;Média Vulnerabilidade;5983;2181;14
GUARIBA;Alta Vulnerabilidade;13246;4492;24
GUARUJA;Baixíssima Vulnerabilidade;6654;2768;40
GUARUJA;Muito Baixa Vulnerabilidade;106676;38521;265
GUARUJA;Baixa Vulnerabilidade;29605;10428;63
GUARUJA;Média Vulnerabilidade;18643;6295;30
GUARUJA;Alta Vulnerabilidade;15382;5205;28
GUARUJA;Muito Alta Vulnerabilidade;105123;34241;193
GUARULHOS;Baixíssima Vulnerabilidade;60089;21992;161
GUARULHOS;Muito Baixa Vulnerabilidade;471657;171394;892
GUARULHOS;Baixa Vulnerabilidade;156157;57341;297
GUARULHOS;Média Vulnerabilidade;121205;42164;214
GUARULHOS;Alta Vulnerabilidade;255335;86397;404
GUARULHOS;Muito Alta Vulnerabilidade;213993;69358;382
GUATAPARA;Muito Baixa Vulnerabilidade;2035;704;5
GUATAPARA;Média Vulnerabilidade;1964;694;4
GUATAPARA;Alta Vulnerabilidade;3180;1104;7
GUZOLANDIA;Muito Baixa Vulnerabilidade;699;286;3
GUZOLANDIA;Média Vulnerabilidade;1166;466;4
GUZOLANDIA;Alta Vulnerabilidade;2088;776;5
HERCULANDIA;Muito Baixa Vulnerabilidade;3132;1180;10
HERCULANDIA;Baixa Vulnerabilidade;475;171;3
HERCULANDIA;Média Vulnerabilidade;1752;586;5
HERCULANDIA;Alta Vulnerabilidade;3319;1221;8
HOLAMBRA;Baixíssima Vulnerabilidade;2305;862;5
HOLAMBRA;Muito Baixa Vulnerabilidade;6199;2180;12
HOLAMBRA;Baixa Vulnerabilidade;1038;378;4
HOLAMBRA;Média Vulnerabilidade;1632;518;3
HOLAMBRA;Alta Vulnerabilidade;3737;1184;6
HORTOLANDIA;Baixíssima Vulnerabilidade;7634;2412;12
HORTOLANDIA;Muito Baixa Vulnerabilidade;101001;35521;157
HORTOLANDIA;Baixa Vulnerabilidade;50871;18457;82
HORTOLANDIA;Média Vulnerabilidade;29071;9799;41
HORTOLANDIA;Alta Vulnerabilidade;38637;12989;56
HORTOLANDIA;Muito Alta Vulnerabilidade;4072;1319;10
IACANGA;Muito Baixa Vulnerabilidade;5451;2118;14
IACANGA;Baixa Vulnerabilidade;1122;409;2
IACANGA;Média Vulnerabilidade;1815;703;5
IACANGA;Alta Vulnerabilidade;1826;626;3
IACRI;Muito Baixa Vulnerabilidade;1339;515;4
IACRI;Baixa Vulnerabilidade;176;58;1
IACRI;Média Vulnerabilidade;2712;962;9
IACRI;Alta Vulnerabilidade;1413;531;4
IARAS;Muito Baixa Vulnerabilidade;570;217;2
IARAS;Baixa Vulnerabilidade;800;273;2
IARAS;Média Vulnerabilidade;1112;385;3
IARAS;Alta Vulnerabilidade;2499;881;5
IBATE;Muito Baixa Vulnerabilidade;7891;2850;15
IBATE;Baixa Vulnerabilidade;3686;1273;7
IBATE;Média Vulnerabilidade;8577;2911;13
IBATE;Alta Vulnerabilidade;11646;3939;15
IBIRA;Muito Baixa Vulnerabilidade;5497;2087;17
IBIRA;Baixa Vulnerabilidade;882;317;2
IBIRA;Média Vulnerabilidade;2127;815;6
IBIRA;Alta Vulnerabilidade;2807;1055;7
IBIRAREMA;Baixíssima Vulnerabilidade;342;138;1
IBIRAREMA;Muito Baixa Vulnerabilidade;2246;887;6
IBIRAREMA;Média Vulnerabilidade;1429;555;4
IBIRAREMA;Alta Vulnerabilidade;1912;675;5
IBIRAREMA;Muito Alta Vulnerabilidade;268;87;1
IBITINGA;Baixíssima Vulnerabilidade;275;95;1
IBITINGA;Muito Baixa Vulnerabilidade;22920;8791;57
IBITINGA;Baixa Vulnerabilidade;5824;2141;12
IBITINGA;Média Vulnerabilidade;11525;4262;27
IBITINGA;Alta Vulnerabilidade;18727;6687;32
IBIUNA;Baixíssima Vulnerabilidade;951;323;3
IBIUNA;Muito Baixa Vulnerabilidade;15013;5420;45
IBIUNA;Baixa Vulnerabilidade;3808;1343;10
IBIUNA;Média Vulnerabilidade;28591;10016;107
IBIUNA;Alta Vulnerabilidade;22241;7545;64
IBIUNA;Muito Alta Vulnerabilidade;1251;408;4
ICEM;Muito Baixa Vulnerabilidade;2457;944;6
ICEM;Média Vulnerabilidade;2250;867;5
ICEM;Alta Vulnerabilidade;2044;719;3
IEPE;Muito Baixa Vulnerabilidade;2239;893;5
IEPE;Baixa Vulnerabilidade;1266;455;3
IEPE;Média Vulnerabilidade;441;167;3
IEPE;Alta Vulnerabilidade;3046;1168;7
IGARACU DO TIETE;Muito Baixa Vulnerabilidade;5584;2063;12
IGARACU DO TIETE;Baixa Vulnerabilidade;2665;943;5
IGARACU DO TIETE;Média Vulnerabilidade;10810;3915;20
IGARACU DO TIETE;Alta Vulnerabilidade;3733;1248;8
IGARAPAVA;Muito Baixa Vulnerabilidade;10952;4203;26
IGARAPAVA;Baixa Vulnerabilidade;323;114;1
IGARAPAVA;Média Vulnerabilidade;8054;3041;16
IGARAPAVA;Alta Vulnerabilidade;6746;2453;15
IGARATA;Muito Baixa Vulnerabilidade;3698;1392;8
IGARATA;Baixa Vulnerabilidade;1094;391;2
IGARATA;Média Vulnerabilidade;3718;1376;13
IGARATA;Alta Vulnerabilidade;1528;564;5
IGUAPE;Muito Baixa Vulnerabilidade;10293;3971;23
IGUAPE;Média Vulnerabilidade;15149;5637;43
IGUAPE;Alta Vulnerabilidade;1723;550;4
ILHABELA;Baixíssima Vulnerabilidade;429;171;3
ILHABELA;Muito Baixa Vulnerabilidade;15082;5684;48
ILHABELA;Baixa Vulnerabilidade;8454;3091;19
ILHABELA;Média Vulnerabilidade;319;116;2
ILHABELA;Alta Vulnerabilidade;2482;888;5
ILHABELA;Muito Alta Vulnerabilidade;6829;2318;19
ILHA COMPRIDA;Muito Baixa Vulnerabilidade;7747;3078;30
ILHA COMPRIDA;Baixa Vulnerabilidade;512;202;2
ILHA COMPRIDA;Média Vulnerabilidade;3732;1459;15
ILHA COMPRIDA;Alta Vulnerabilidade;941;363;4
ILHA SOLTEIRA;Baixíssima Vulnerabilidade;1695;628;5
ILHA SOLTEIRA;Muito Baixa Vulnerabilidade;17187;6567;38
ILHA SOLTEIRA;Baixa Vulnerabilidade;2542;1001;7
ILHA SOLTEIRA;Média Vulnerabilidade;2817;1035;6
ILHA SOLTEIRA;Alta Vulnerabilidade;1077;393;3
INDAIATUBA;Baixíssima Vulnerabilidade;45853;16354;69
INDAIATUBA;Muito Baixa Vulnerabilidade;132729;48221;193
INDAIATUBA;Baixa Vulnerabilidade;41337;14366;51
INDAIATUBA;Média Vulnerabilidade;14866;4969;18
INDAIATUBA;Alta Vulnerabilidade;19041;6384;25
INDIANA;Muito Baixa Vulnerabilidade;2401;899;5
INDIANA;Baixa Vulnerabilidade;175;61;1
INDIANA;Média Vulnerabilidade;2350;898;5
INDIANA;Alta Vulnerabilidade;151;56;1
INDIAPORA;Muito Baixa Vulnerabilidade;1182;453;4
INDIAPORA;Média Vulnerabilidade;2335;996;7
INDIAPORA;Alta Vulnerabilidade;452;191;1
INUBIA PAULISTA;Muito Baixa Vulnerabilidade;107;41;1
INUBIA PAULISTA;Média Vulnerabilidade;3303;1213;5
IPAUSSU;Muito Baixa Vulnerabilidade;5284;1957;15
IPAUSSU;Baixa Vulnerabilidade;706;237;2
IPAUSSU;Média Vulnerabilidade;4720;1697;11
IPAUSSU;Alta Vulnerabilidade;2660;878;5
IPERO;Muito Baixa Vulnerabilidade;13412;4736;21
IPERO;Baixa Vulnerabilidade;3070;1052;5
IPERO;Média Vulnerabilidade;2039;733;6
IPERO;Alta Vulnerabilidade;14671;5094;23
IPEUNA;Muito Baixa Vulnerabilidade;2135;751;5
IPEUNA;Baixa Vulnerabilidade;1445;538;3
IPEUNA;Média Vulnerabilidade;1200;379;3
IPEUNA;Alta Vulnerabilidade;1992;699;4
IPIGUA;Muito Baixa Vulnerabilidade;2283;811;8
IPIGUA;Média Vulnerabilidade;3372;1237;7
IPIGUA;Alta Vulnerabilidade;894;316;3
IPORANGA;Muito Baixa Vulnerabilidade;969;381;2
IPORANGA;Média Vulnerabilidade;1529;543;4
IPORANGA;Alta Vulnerabilidade;258;89;1
IPUA;Muito Baixa Vulnerabilidade;6815;2565;11
IPUA;Média Vulnerabilidade;4336;1560;7
IPUA;Alta Vulnerabilidade;2929;1080;5
IRACEMAPOLIS;Baixíssima Vulnerabilidade;376;123;1
IRACEMAPOLIS;Muito Baixa Vulnerabilidade;14025;4912;30
IRACEMAPOLIS;Baixa Vulnerabilidade;3724;1287;7
IRACEMAPOLIS;Média Vulnerabilidade;2012;630;5
IRACEMAPOLIS;Alta Vulnerabilidade;1625;529;3
IRAPUA;Muito Baixa Vulnerabilidade;1476;537;4
IRAPUA;Média Vulnerabilidade;3784;1364;8
IRAPUA;Alta Vulnerabilidade;1574;556;4
IRAPURU;Muito Baixa Vulnerabilidade;1591;655;5
IRAPURU;Média Vulnerabilidade;3545;1423;9
IRAPURU;Alta Vulnerabilidade;451;173;1
ITABERA;Muito Baixa Vulnerabilidade;2215;810;5
ITABERA;Baixa Vulnerabilidade;2879;1094;8
ITABERA;Média Vulnerabilidade;3456;1281;14
ITABERA;Alta Vulnerabilidade;7810;2785;20
ITAI;Baixíssima Vulnerabilidade;152;52;1
ITAI;Muito Baixa Vulnerabilidade;6514;2379;20
ITAI;Baixa Vulnerabilidade;2355;835;5
ITAI;Média Vulnerabilidade;2901;1087;11
ITAI;Alta Vulnerabilidade;11706;4140;26
ITAJOBI;Muito Baixa Vulnerabilidade;6163;2284;17
ITAJOBI;Baixa Vulnerabilidade;3950;1439;8
ITAJOBI;Média Vulnerabilidade;3716;1393;9
ITAJOBI;Alta Vulnerabilidade;2906;1023;6
ITAJU;Muito Baixa Vulnerabilidade;1067;394;3
ITAJU;Baixa Vulnerabilidade;467;169;1
ITAJU;Média Vulnerabilidade;684;221;3
ITAJU;Alta Vulnerabilidade;1267;455;3
ITANHAEM;Baixíssima Vulnerabilidade;570;259;1
ITANHAEM;Muito Baixa Vulnerabilidade;49902;19406;160
ITANHAEM;Baixa Vulnerabilidade;6016;2327;13
ITANHAEM;Média Vulnerabilidade;26356;9672;52
ITANHAEM;Alta Vulnerabilidade;27518;9588;48
ITANHAEM;Muito Alta Vulnerabilidade;554;192;3
ITAOCA;Baixa Vulnerabilidade;412;145;1
ITAOCA;Média Vulnerabilidade;2144;808;8
ITAOCA;Alta Vulnerabilidade;660;243;2
ITAPECERICA DA SERRA;Baixíssima Vulnerabilidade;1409;454;3
ITAPECERICA DA SERRA;Muito Baixa Vulnerabilidade;37264;13133;102
ITAPECERICA DA SERRA;Baixa Vulnerabilidade;15758;5549;35
ITAPECERICA DA SERRA;Média Vulnerabilidade;44986;15650;110
ITAPECERICA DA SERRA;Alta Vulnerabilidade;42332;14155;88
ITAPECERICA DA SERRA;Muito Alta Vulnerabilidade;13642;4651;34
ITAPETININGA;Baixíssima Vulnerabilidade;3337;1110;8
ITAPETININGA;Muito Baixa Vulnerabilidade;74740;27241;118
ITAPETININGA;Baixa Vulnerabilidade;26621;9380;37
ITAPETININGA;Média Vulnerabilidade;20523;7174;39
ITAPETININGA;Alta Vulnerabilidade;28017;9286;42
ITAPEVA;Baixíssima Vulnerabilidade;1626;615;4
ITAPEVA;Muito Baixa Vulnerabilidade;29076;10822;51
ITAPEVA;Baixa Vulnerabilidade;9894;3632;19
ITAPEVA;Média Vulnerabilidade;19321;6789;46
ITAPEVA;Alta Vulnerabilidade;27923;9349;44
ITAPEVI;Baixíssima Vulnerabilidade;2863;978;3
ITAPEVI;Muito Baixa Vulnerabilidade;46859;16782;64
ITAPEVI;Baixa Vulnerabilidade;36206;12932;44
ITAPEVI;Média Vulnerabilidade;26267;9418;36
ITAPEVI;Alta Vulnerabilidade;105351;36635;128
ITAPEVI;Muito Alta Vulnerabilidade;13820;4868;26
ITAPIRA;Baixíssima Vulnerabilidade;1058;382;5
ITAPIRA;Muito Baixa Vulnerabilidade;43295;16331;89
ITAPIRA;Baixa Vulnerabilidade;4439;1653;10
ITAPIRA;Média Vulnerabilidade;13429;4674;27
ITAPIRA;Alta Vulnerabilidade;8457;2884;12
ITAPIRAPUA PAULISTA;Média Vulnerabilidade;1342;482;6
ITAPIRAPUA PAULISTA;Alta Vulnerabilidade;2963;1077;9
ITAPOLIS;Muito Baixa Vulnerabilidade;19478;7725;48
ITAPOLIS;Baixa Vulnerabilidade;2844;1059;7
ITAPOLIS;Média Vulnerabilidade;8680;3179;20
ITAPOLIS;Alta Vulnerabilidade;7534;2724;17
ITAPORANGA;Muito Baixa Vulnerabilidade;3753;1455;11
ITAPORANGA;Baixa Vulnerabilidade;710;274;2
ITAPORANGA;Média Vulnerabilidade;5487;2039;20
ITAPORANGA;Alta Vulnerabilidade;3825;1362;10
ITAPUI;Muito Baixa Vulnerabilidade;3797;1390;8
ITAPUI;Média Vulnerabilidade;3907;1348;6
ITAPUI;Alta Vulnerabilidade;5401;1825;9
ITAPURA;Baixa Vulnerabilidade;879;336;2
ITAPURA;Média Vulnerabilidade;1133;438;3
ITAPURA;Alta Vulnerabilidade;1851;694;5
ITAQUAQUECETUBA;Baixíssima Vulnerabilidade;297;88;1
ITAQUAQUECETUBA;Muito Baixa Vulnerabilidade;83949;28384;140
ITAQUAQUECETUBA;Baixa Vulnerabilidade;34428;11736;58
ITAQUAQUECETUBA;Média Vulnerabilidade;73998;24629;115
ITAQUAQUECETUBA;Alta Vulnerabilidade;83599;27624;129
ITAQUAQUECETUBA;Muito Alta Vulnerabilidade;90935;29102;142
ITARARE;Baixíssima Vulnerabilidade;220;86;1
ITARARE;Muito Baixa Vulnerabilidade;15966;6112;52
ITARARE;Baixa Vulnerabilidade;4440;1699;13
ITARARE;Média Vulnerabilidade;9164;3487;30
ITARARE;Alta Vulnerabilidade;13253;4660;29
ITARIRI;Muito Baixa Vulnerabilidade;3762;1380;9
ITARIRI;Baixa Vulnerabilidade;739;288;1
ITARIRI;Média Vulnerabilidade;5486;2063;20
ITARIRI;Alta Vulnerabilidade;4990;1743;9
ITATIBA;Baixíssima Vulnerabilidade;9646;3349;23
ITATIBA;Muito Baixa Vulnerabilidade;60878;22361;128
ITATIBA;Baixa Vulnerabilidade;20692;7577;27
ITATIBA;Média Vulnerabilidade;4867;1711;12
ITATIBA;Alta Vulnerabilidade;23768;8276;35
ITATINGA;Muito Baixa Vulnerabilidade;5791;1997;16
ITATINGA;Baixa Vulnerabilidade;1546;532;5
ITATINGA;Média Vulnerabilidade;4374;1424;11
ITATINGA;Alta Vulnerabilidade;5413;1760;11
ITIRAPINA;Muito Baixa Vulnerabilidade;7051;2678;20
ITIRAPINA;Baixa Vulnerabilidade;2028;719;4
ITIRAPINA;Média Vulnerabilidade;691;248;2
ITIRAPINA;Alta Vulnerabilidade;2180;725;5
ITIRAPINA;Muito Alta Vulnerabilidade;708;247;4
ITIRAPUA;Muito Baixa Vulnerabilidade;803;296;2
ITIRAPUA;Média Vulnerabilidade;3592;1248;7
ITIRAPUA;Alta Vulnerabilidade;1361;461;4
ITOBI;Muito Baixa Vulnerabilidade;3016;1117;6
ITOBI;Baixa Vulnerabilidade;392;148;1
ITOBI;Média Vulnerabilidade;1432;518;4
ITOBI;Alta Vulnerabilidade;3025;1083;4
ITU;Baixíssima Vulnerabilidade;10112;3609;19
ITU;Muito Baixa Vulnerabilidade;83082;29834;128
ITU;Baixa Vulnerabilidade;23072;8570;37
ITU;Média Vulnerabilidade;18494;6302;39
ITU;Alta Vulnerabilidade;28130;9606;41
ITU;Muito Alta Vulnerabilidade;3226;1061;6
ITUPEVA;Baixíssima Vulnerabilidade;7465;2475;22
ITUPEVA;Muito Baixa Vulnerabilidade;21783;7358;51
ITUPEVA;Baixa Vulnerabilidade;17034;5888;30
ITUPEVA;Média Vulnerabilidade;2131;703;5
ITUPEVA;Alta Vulnerabilidade;21100;6908;34
ITUVERAVA;Baixíssima Vulnerabilidade;1955;723;4
ITUVERAVA;Muito Baixa Vulnerabilidade;16741;6388;36
ITUVERAVA;Baixa Vulnerabilidade;638;235;3
ITUVERAVA;Média Vulnerabilidade;9985;3725;22
ITUVERAVA;Alta Vulnerabilidade;7811;2823;14
JABORANDI;Muito Baixa Vulnerabilidade;2406;936;7
JABORANDI;Média Vulnerabilidade;3449;1223;5
JABOTICABAL;Baixíssima Vulnerabilidade;4125;1578;11
JABOTICABAL;Muito Baixa Vulnerabilidade;37775;14674;94
JABOTICABAL;Baixa Vulnerabilidade;7718;3240;20
JABOTICABAL;Média Vulnerabilidade;9497;3470;21
JABOTICABAL;Alta Vulnerabilidade;11763;4161;21
JACAREI;Baixíssima Vulnerabilidade;12644;4170;31
JACAREI;Muito Baixa Vulnerabilidade;136385;49196;279
JACAREI;Baixa Vulnerabilidade;29290;10908;66
JACAREI;Média Vulnerabilidade;23837;8078;42
JACAREI;Alta Vulnerabilidade;29158;9819;52
JACAREI;Muito Alta Vulnerabilidade;6365;2109;14
JACI;Muito Baixa Vulnerabilidade;569;197;2
JACI;Baixa Vulnerabilidade;3729;1322;5
JACI;Média Vulnerabilidade;1370;514;4
JACI;Alta Vulnerabilidade;1746;592;3
JACUPIRANGA;Muito Baixa Vulnerabilidade;6945;2620;12
JACUPIRANGA;Baixa Vulnerabilidade;191;69;1
JACUPIRANGA;Média Vulnerabilidade;4884;1728;17
JACUPIRANGA;Alta Vulnerabilidade;3714;1290;6
JAGUARIUNA;Baixíssima Vulnerabilidade;2867;986;8
JAGUARIUNA;Muito Baixa Vulnerabilidade;25921;9635;42
JAGUARIUNA;Baixa Vulnerabilidade;21601;7794;31
JAGUARIUNA;Média Vulnerabilidade;1611;616;6
JAGUARIUNA;Alta Vulnerabilidade;6528;2193;9
JALES;Baixíssima Vulnerabilidade;343;110;1
JALES;Muito Baixa Vulnerabilidade;28454;11190;66
JALES;Baixa Vulnerabilidade;3853;1563;9
JALES;Média Vulnerabilidade;10184;4013;23
JALES;Alta Vulnerabilidade;5731;2174;10
JAMBEIRO;Baixíssima Vulnerabilidade;408;140;2
JAMBEIRO;Muito Baixa Vulnerabilidade;2564;941;8
JAMBEIRO;Média Vulnerabilidade;1920;677;8
JAMBEIRO;Alta Vulnerabilidade;1228;433;2
JANDIRA;Baixíssima Vulnerabilidade;6947;2198;9
JANDIRA;Muito Baixa Vulnerabilidade;31856;11602;42
JANDIRA;Baixa Vulnerabilidade;35113;12651;45
JANDIRA;Média Vulnerabilidade;6177;2195;9
JANDIRA;Alta Vulnerabilidade;32847;11635;45
JANDIRA;Muito Alta Vulnerabilidade;4963;1692;11
JARDINOPOLIS;Baixíssima Vulnerabilidade;521;175;1
JARDINOPOLIS;Muito Baixa Vulnerabilidade;21191;7558;36
JARDINOPOLIS;Baixa Vulnerabilidade;8011;2728;14
JARDINOPOLIS;Média Vulnerabilidade;4588;1526;7
JARDINOPOLIS;Alta Vulnerabilidade;8626;2750;12
JARINU;Baixíssima Vulnerabilidade;320;104;1
JARINU;Muito Baixa Vulnerabilidade;11916;4264;44
JARINU;Baixa Vulnerabilidade;4450;1557;11
JARINU;Média Vulnerabilidade;4476;1528;17
JARINU;Alta Vulnerabilidade;14297;4819;26
JAU;Baixíssima Vulnerabilidade;2183;769;7
JAU;Muito Baixa Vulnerabilidade;77911;29359;164
JAU;Baixa Vulnerabilidade;15869;5896;33
JAU;Média Vulnerabilidade;13365;4528;27
JAU;Alta Vulnerabilidade;22680;7679;40
JERIQUARA;Muito Baixa Vulnerabilidade;1664;572;4
JERIQUARA;Média Vulnerabilidade;1663;575;3
JERIQUARA;Alta Vulnerabilidade;454;144;1
JOANOPOLIS;Muito Baixa Vulnerabilidade;5946;2183;15
JOANOPOLIS;Baixa Vulnerabilidade;774;307;2
JOANOPOLIS;Média Vulnerabilidade;2735;971;8
JOANOPOLIS;Alta Vulnerabilidade;2879;1032;9
JOAO RAMALHO;Muito Baixa Vulnerabilidade;1155;381;1
JOAO RAMALHO;Média Vulnerabilidade;3007;1090;6
JOSE BONIFACIO;Muito Baixa Vulnerabilidade;11276;4200;25
JOSE BONIFACIO;Baixa Vulnerabilidade;9202;3375;15
JOSE BONIFACIO;Média Vulnerabilidade;3322;1204;8
JOSE BONIFACIO;Alta Vulnerabilidade;12614;4513;22
JULIO MESQUITA;Média Vulnerabilidade;618;240;1
JULIO MESQUITA;Alta Vulnerabilidade;3482;1266;6
JUMIRIM;Muito Baixa Vulnerabilidade;1921;645;7
JUMIRIM;Média Vulnerabilidade;130;46;1
JUMIRIM;Alta Vulnerabilidade;660;193;2
JUNDIAI;Baixíssima Vulnerabilidade;71373;27082;176
JUNDIAI;Muito Baixa Vulnerabilidade;245216;92031;639
JUNDIAI;Baixa Vulnerabilidade;65079;23881;144
JUNDIAI;Média Vulnerabilidade;8270;2892;23
JUNDIAI;Alta Vulnerabilidade;28423;9775;47
JUNDIAI;Muito Alta Vulnerabilidade;17917;5783;32
JUNQUEIROPOLIS;Muito Baixa Vulnerabilidade;9603;3654;27
JUNQUEIROPOLIS;Baixa Vulnerabilidade;469;169;1
JUNQUEIROPOLIS;Média Vulnerabilidade;4042;1502;8
JUNQUEIROPOLIS;Alta Vulnerabilidade;4372;1590;6
JUQUIA;Muito Baixa Vulnerabilidade;4098;1559;7
JUQUIA;Baixa Vulnerabilidade;562;212;2
JUQUIA;Média Vulnerabilidade;10164;3746;30
JUQUIA;Alta Vulnerabilidade;2167;771;7
JUQUITIBA;Muito Baixa Vulnerabilidade;883;324;4
JUQUITIBA;Baixa Vulnerabilidade;1722;635;4
JUQUITIBA;Média Vulnerabilidade;10445;3897;53
JUQUITIBA;Alta Vulnerabilidade;13146;4754;41
LAGOINHA;Muito Baixa Vulnerabilidade;1287;537;5
LAGOINHA;Média Vulnerabilidade;2309;985;7
LAGOINHA;Alta Vulnerabilidade;1293;513;3
LARANJAL PAULISTA;Baixíssima Vulnerabilidade;783;302;1
LARANJAL PAULISTA;Muito Baixa Vulnerabilidade;12599;4567;25
LARANJAL PAULISTA;Baixa Vulnerabilidade;5824;2072;11
LARANJAL PAULISTA;Média Vulnerabilidade;1399;482;6
LARANJAL PAULISTA;Alta Vulnerabilidade;5300;1757;7
LAVINIA;Muito Baixa Vulnerabilidade;2278;895;7
LAVINIA;Média Vulnerabilidade;1669;632;5
LAVINIA;Alta Vulnerabilidade;600;216;3
LAVRINHAS;Muito Baixa Vulnerabilidade;2193;738;5
LAVRINHAS;Baixa Vulnerabilidade;812;281;2
LAVRINHAS;Média Vulnerabilidade;3342;1082;7
LAVRINHAS;Alta Vulnerabilidade;654;233;1
LEME;Baixíssima Vulnerabilidade;3103;1209;4
LEME;Muito Baixa Vulnerabilidade;36490;14175;71
LEME;Baixa Vulnerabilidade;6523;2482;8
LEME;Média Vulnerabilidade;21704;7580;35
LEME;Alta Vulnerabilidade;29606;10131;40
LENCOIS PAULISTA;Baixíssima Vulnerabilidade;2235;864;7
LENCOIS PAULISTA;Muito Baixa Vulnerabilidade;42649;14725;65
LENCOIS PAULISTA;Baixa Vulnerabilidade;7249;2529;7
LENCOIS PAULISTA;Média Vulnerabilidade;9694;3239;14
LENCOIS PAULISTA;Alta Vulnerabilidade;4223;1381;6
LIMEIRA;Baixíssima Vulnerabilidade;15957;5950;44
LIMEIRA;Muito Baixa Vulnerabilidade;153609;56537;375
LIMEIRA;Baixa Vulnerabilidade;44905;16692;109
LIMEIRA;Média Vulnerabilidade;39317;13255;82
LIMEIRA;Alta Vulnerabilidade;34046;11093;65
LINDOIA;Muito Baixa Vulnerabilidade;3218;1241;10
LINDOIA;Baixa Vulnerabilidade;1641;564;3
LINDOIA;Média Vulnerabilidade;832;300;3
LINDOIA;Alta Vulnerabilidade;1164;426;2
LINS;Baixíssima Vulnerabilidade;2837;1056;8
LINS;Muito Baixa Vulnerabilidade;42004;16408;90
LINS;Baixa Vulnerabilidade;11633;4513;24
LINS;Média Vulnerabilidade;7973;2879;18
LINS;Alta Vulnerabilidade;8978;3311;21
LORENA;Baixíssima Vulnerabilidade;648;267;2
LORENA;Muito Baixa Vulnerabilidade;53574;19430;110
LORENA;Baixa Vulnerabilidade;5847;2249;15
LORENA;Média Vulnerabilidade;12681;4228;22
LORENA;Alta Vulnerabilidade;10358;3391;16
LORENA;Muito Alta Vulnerabilidade;1025;306;1
LOURDES;Média Vulnerabilidade;1635;674;5
LOURDES;Alta Vulnerabilidade;192;69;1
LOUVEIRA;Baixíssima Vulnerabilidade;3741;1280;10
LOUVEIRA;Muito Baixa Vulnerabilidade;15033;5082;30
LOUVEIRA;Baixa Vulnerabilidade;9714;3408;14
LOUVEIRA;Média Vulnerabilidade;2167;735;6
LOUVEIRA;Alta Vulnerabilidade;20494;7201;26
LOUVEIRA;Muito Alta Vulnerabilidade;246;79;1
LUCELIA;Muito Baixa Vulnerabilidade;7171;2822;19
LUCELIA;Baixa Vulnerabilidade;622;223;2
LUCELIA;Média Vulnerabilidade;3008;1136;7
LUCELIA;Alta Vulnerabilidade;6371;2311;10
LUCIANOPOLIS;Muito Baixa Vulnerabilidade;550;194;3
LUCIANOPOLIS;Média Vulnerabilidade;1656;636;3
LUCIANOPOLIS;Alta Vulnerabilidade;160;59;1
LUIS ANTONIO;Muito Baixa Vulnerabilidade;3806;1363;7
LUIS ANTONIO;Média Vulnerabilidade;3005;1001;4
LUIS ANTONIO;Alta Vulnerabilidade;5296;1746;7
LUIZIANIA;Muito Baixa Vulnerabilidade;310;109;1
LUIZIANIA;Baixa Vulnerabilidade;340;115;1
LUIZIANIA;Média Vulnerabilidade;3022;1151;6
LUIZIANIA;Alta Vulnerabilidade;903;319;2
LUPERCIO;Muito Baixa Vulnerabilidade;230;85;1
LUPERCIO;Média Vulnerabilidade;3370;1251;6
LUPERCIO;Alta Vulnerabilidade;159;50;1
LUTECIA;Muito Baixa Vulnerabilidade;214;85;2
LUTECIA;Baixa Vulnerabilidade;103;36;1
LUTECIA;Média Vulnerabilidade;704;295;2
LUTECIA;Alta Vulnerabilidade;1407;533;3
MACATUBA;Muito Baixa Vulnerabilidade;7856;2788;13
MACATUBA;Baixa Vulnerabilidade;2855;916;3
MACATUBA;Média Vulnerabilidade;3109;992;4
MACATUBA;Alta Vulnerabilidade;2737;874;4
MACAUBAL;Muito Baixa Vulnerabilidade;2214;882;5
MACAUBAL;Baixa Vulnerabilidade;321;118;1
MACAUBAL;Média Vulnerabilidade;2698;1108;5
MACAUBAL;Alta Vulnerabilidade;2068;845;5
MACEDONIA;Muito Baixa Vulnerabilidade;1136;419;5
MACEDONIA;Média Vulnerabilidade;2212;876;4
MACEDONIA;Alta Vulnerabilidade;579;212;2
MAGDA;Muito Baixa Vulnerabilidade;1154;470;3
MAGDA;Baixa Vulnerabilidade;187;58;1
MAGDA;Média Vulnerabilidade;1822;729;5
MAIRINQUE;Baixíssima Vulnerabilidade;160;61;1
MAIRINQUE;Muito Baixa Vulnerabilidade;28364;9996;52
MAIRINQUE;Baixa Vulnerabilidade;3046;1047;6
MAIRINQUE;Média Vulnerabilidade;6691;2317;19
MAIRINQUE;Alta Vulnerabilidade;9135;3072;16
MAIRINQUE;Muito Alta Vulnerabilidade;492;149;2
MAIRIPORA;Baixíssima Vulnerabilidade;5040;1749;24
MAIRIPORA;Muito Baixa Vulnerabilidade;36945;13193;133
MAIRIPORA;Baixa Vulnerabilidade;11048;3949;35
MAIRIPORA;Média Vulnerabilidade;12002;4229;47
MAIRIPORA;Alta Vulnerabilidade;19550;6752;49
MAIRIPORA;Muito Alta Vulnerabilidade;3391;1155;13
MANDURI;Muito Baixa Vulnerabilidade;5365;2072;17
MANDURI;Baixa Vulnerabilidade;664;260;3
MANDURI;Média Vulnerabilidade;1303;479;3
MANDURI;Alta Vulnerabilidade;2301;802;4
MARABA PAULISTA;Muito Baixa Vulnerabilidade;97;38;1
MARABA PAULISTA;Média Vulnerabilidade;3399;1343;8
MARACAI;Muito Baixa Vulnerabilidade;6152;2316;16
MARACAI;Média Vulnerabilidade;4441;1748;8
MARACAI;Alta Vulnerabilidade;1773;656;3
MARAPOAMA;Muito Baixa Vulnerabilidade;1621;611;4
MARAPOAMA;Baixa Vulnerabilidade;354;132;1
MARAPOAMA;Média Vulnerabilidade;1007;388;3
MARAPOAMA;Alta Vulnerabilidade;250;88;2
MARIAPOLIS;Baixíssima Vulnerabilidade;154;53;1
MARIAPOLIS;Muito Baixa Vulnerabilidade;694;286;2
MARIAPOLIS;Média Vulnerabilidade;2331;915;6
MARILIA;Baixíssima Vulnerabilidade;14526;5529;32
MARILIA;Muito Baixa Vulnerabilidade;126653;47380;271
MARILIA;Baixa Vulnerabilidade;39960;16067;87
MARILIA;Média Vulnerabilidade;25018;8887;51
MARILIA;Alta Vulnerabilidade;24966;8854;46
MARILIA;Muito Alta Vulnerabilidade;2868;977;14
MARINOPOLIS;Muito Baixa Vulnerabilidade;135;45;1
MARINOPOLIS;Média Vulnerabilidade;1519;598;3
MARINOPOLIS;Alta Vulnerabilidade;175;62;1
MARTINOPOLIS;Muito Baixa Vulnerabilidade;5966;2286;11
MARTINOPOLIS;Baixa Vulnerabilidade;117;36;1
MARTINOPOLIS;Média Vulnerabilidade;10594;4017;19
MARTINOPOLIS;Alta Vulnerabilidade;6066;2197;9
MATAO;Baixíssima Vulnerabilidade;1515;577;5
MATAO;Muito Baixa Vulnerabilidade;48005;17578;96
MATAO;Baixa Vulnerabilidade;5975;2265;11
MATAO;Média Vulnerabilidade;15063;5476;27
MATAO;Alta Vulnerabilidade;7739;2702;13
MAUA;Muito Baixa Vulnerabilidade;202762;75943;405
MAUA;Baixa Vulnerabilidade;46409;17358;94
MAUA;Média Vulnerabilidade;26062;9448;51
MAUA;Alta Vulnerabilidade;26029;9436;50
MAUA;Muito Alta Vulnerabilidade;114476;39917;203
MENDONCA;Muito Baixa Vulnerabilidade;1579;593;4
MENDONCA;Baixa Vulnerabilidade;1267;460;3
MENDONCA;Média Vulnerabilidade;2640;1012;4
MENDONCA;Alta Vulnerabilidade;546;193;2
MERIDIANO;Muito Baixa Vulnerabilidade;2980;1114;7
MERIDIANO;Média Vulnerabilidade;1426;550;4
MESOPOLIS;Muito Baixa Vulnerabilidade;141;56;1
MESOPOLIS;Média Vulnerabilidade;677;277;2
MESOPOLIS;Alta Vulnerabilidade;1041;379;3
MIGUELOPOLIS;Muito Baixa Vulnerabilidade;3585;1380;7
MIGUELOPOLIS;Baixa Vulnerabilidade;1033;368;2
MIGUELOPOLIS;Média Vulnerabilidade;8024;2992;17
MIGUELOPOLIS;Alta Vulnerabilidade;6045;2132;11
MINEIROS DO TIETE;Muito Baixa Vulnerabilidade;1393;565;5
MINEIROS DO TIETE;Baixa Vulnerabilidade;422;154;1
MINEIROS DO TIETE;Média Vulnerabilidade;2918;1124;7
MINEIROS DO TIETE;Alta Vulnerabilidade;6314;2232;11
MIRACATU;Muito Baixa Vulnerabilidade;2336;924;6
MIRACATU;Média Vulnerabilidade;10260;3761;34
MIRACATU;Alta Vulnerabilidade;5248;1927;14
MIRA ESTRELA;Muito Baixa Vulnerabilidade;728;286;3
MIRA ESTRELA;Baixa Vulnerabilidade;416;152;1
MIRA ESTRELA;Média Vulnerabilidade;1515;631;5
MIRA ESTRELA;Alta Vulnerabilidade;261;90;1
MIRANDOPOLIS;Muito Baixa Vulnerabilidade;12795;4971;38
MIRANDOPOLIS;Baixa Vulnerabilidade;400;177;3
MIRANDOPOLIS;Média Vulnerabilidade;8853;3398;26
MIRANDOPOLIS;Alta Vulnerabilidade;1183;429;2
MIRANTE DO PARANAPANEMA;Muito Baixa Vulnerabilidade;2421;994;6
MIRANTE DO PARANAPANEMA;Média Vulnerabilidade;11124;4278;26
MIRANTE DO PARANAPANEMA;Alta Vulnerabilidade;2030;748;5
MIRASSOL;Baixíssima Vulnerabilidade;4750;1537;6
MIRASSOL;Muito Baixa Vulnerabilidade;37600;13881;64
MIRASSOL;Baixa Vulnerabilidade;8202;3061;12
MIRASSOL;Média Vulnerabilidade;7693;2929;16
MIRASSOL;Alta Vulnerabilidade;4611;1675;6
MIRASSOLANDIA;Muito Baixa Vulnerabilidade;1559;572;5
MIRASSOLANDIA;Baixa Vulnerabilidade;595;229;2
MIRASSOLANDIA;Média Vulnerabilidade;683;262;1
MIRASSOLANDIA;Alta Vulnerabilidade;1668;606;5
MOCOCA;Baixíssima Vulnerabilidade;984;358;2
MOCOCA;Muito Baixa Vulnerabilidade;39619;14742;77
MOCOCA;Baixa Vulnerabilidade;3622;1332;8
MOCOCA;Média Vulnerabilidade;14290;5222;31
MOCOCA;Alta Vulnerabilidade;7990;2760;17
MOGI DAS CRUZES;Baixíssima Vulnerabilidade;31990;11546;74
MOGI DAS CRUZES;Muito Baixa Vulnerabilidade;225316;80689;441
MOGI DAS CRUZES;Baixa Vulnerabilidade;41553;16023;87
MOGI DAS CRUZES;Média Vulnerabilidade;45244;15356;107
MOGI DAS CRUZES;Alta Vulnerabilidade;86611;28618;149
MOGI DAS CRUZES;Muito Alta Vulnerabilidade;17486;5621;38
MOGI GUACU;Baixíssima Vulnerabilidade;4883;1831;6
MOGI GUACU;Muito Baixa Vulnerabilidade;100742;36782;187
MOGI GUACU;Baixa Vulnerabilidade;12251;4606;21
MOGI GUACU;Média Vulnerabilidade;21469;7163;40
MOGI GUACU;Alta Vulnerabilidade;12180;3978;20
MOGI MIRIM;Baixíssima Vulnerabilidade;5230;1849;7
MOGI MIRIM;Muito Baixa Vulnerabilidade;53594;20286;102
MOGI MIRIM;Baixa Vulnerabilidade;10585;4044;15
MOGI MIRIM;Média Vulnerabilidade;12188;4210;18
MOGI MIRIM;Alta Vulnerabilidade;9532;3118;13
MOMBUCA;Muito Baixa Vulnerabilidade;1163;417;4
MOMBUCA;Alta Vulnerabilidade;2460;782;3
MONCOES;Muito Baixa Vulnerabilidade;299;130;1
MONCOES;Média Vulnerabilidade;1368;560;5
MONCOES;Alta Vulnerabilidade;119;45;1
MONGAGUA;Baixíssima Vulnerabilidade;150;62;1
MONGAGUA;Muito Baixa Vulnerabilidade;27765;10517;91
MONGAGUA;Baixa Vulnerabilidade;3069;1093;10
MONGAGUA;Média Vulnerabilidade;15724;5578;33
MONGAGUA;Alta Vulnerabilidade;11761;4073;23
MONTE ALEGRE DO SUL;Baixíssima Vulnerabilidade;107;45;1
MONTE ALEGRE DO SUL;Muito Baixa Vulnerabilidade;5245;1997;16
MONTE ALEGRE DO SUL;Baixa Vulnerabilidade;640;231;1
MONTE ALEGRE DO SUL;Média Vulnerabilidade;1632;600;5
MONTE ALEGRE DO SUL;Alta Vulnerabilidade;875;325;3
MONTE ALTO;Baixíssima Vulnerabilidade;200;75;1
MONTE ALTO;Muito Baixa Vulnerabilidade;29287;11283;71
MONTE ALTO;Baixa Vulnerabilidade;2907;1087;7
MONTE ALTO;Média Vulnerabilidade;10489;3976;21
MONTE ALTO;Alta Vulnerabilidade;4130;1482;8
MONTE APRAZIVEL;Muito Baixa Vulnerabilidade;13941;5470;27
MONTE APRAZIVEL;Baixa Vulnerabilidade;1232;461;3
MONTE APRAZIVEL;Média Vulnerabilidade;3689;1420;9
MONTE APRAZIVEL;Alta Vulnerabilidade;3322;1279;7
MONTE AZUL PAULISTA;Baixíssima Vulnerabilidade;606;225;1
MONTE AZUL PAULISTA;Muito Baixa Vulnerabilidade;8495;3252;22
MONTE AZUL PAULISTA;Baixa Vulnerabilidade;1093;387;2
MONTE AZUL PAULISTA;Média Vulnerabilidade;5703;2117;11
MONTE AZUL PAULISTA;Alta Vulnerabilidade;2050;726;4
MONTE CASTELO;Muito Baixa Vulnerabilidade;1151;446;4
MONTE CASTELO;Média Vulnerabilidade;2892;1122;6
MONTEIRO LOBATO;Muito Baixa Vulnerabilidade;1636;641;7
MONTEIRO LOBATO;Média Vulnerabilidade;2401;893;10
MONTE MOR;Muito Baixa Vulnerabilidade;21500;7739;40
MONTE MOR;Baixa Vulnerabilidade;6033;2097;10
MONTE MOR;Média Vulnerabilidade;18740;6413;28
MONTE MOR;Alta Vulnerabilidade;17778;5951;27
MORRO AGUDO;Muito Baixa Vulnerabilidade;11537;4167;23
MORRO AGUDO;Baixa Vulnerabilidade;2381;819;4
MORRO AGUDO;Média Vulnerabilidade;6129;2229;11
MORRO AGUDO;Alta Vulnerabilidade;7201;2593;14
MORUNGABA;Muito Baixa Vulnerabilidade;5183;1860;12
MORUNGABA;Baixa Vulnerabilidade;2301;814;5
MORUNGABA;Média Vulnerabilidade;2921;1000;4
MORUNGABA;Alta Vulnerabilidade;2672;932;5
MOTUCA;Muito Baixa Vulnerabilidade;1290;462;4
MOTUCA;Baixa Vulnerabilidade;100;37;1
MOTUCA;Média Vulnerabilidade;2263;783;4
MURUTINGA DO SUL;Muito Baixa Vulnerabilidade;2047;817;4
MURUTINGA DO SUL;Média Vulnerabilidade;1246;503;4
MURUTINGA DO SUL;Alta Vulnerabilidade;419;160;1
NANTES;Muito Baixa Vulnerabilidade;457;167;2
NANTES;Média Vulnerabilidade;1659;653;3
NANTES;Alta Vulnerabilidade;401;159;1
NARANDIBA;Muito Baixa Vulnerabilidade;2184;765;7
NARANDIBA;Baixa Vulnerabilidade;190;66;1
NARANDIBA;Média Vulnerabilidade;1336;530;3
NARANDIBA;Alta Vulnerabilidade;1864;643;4
NATIVIDADE DA SERRA;Muito Baixa Vulnerabilidade;910;367;3
NATIVIDADE DA SERRA;Média Vulnerabilidade;3390;1398;15
NATIVIDADE DA SERRA;Alta Vulnerabilidade;2507;994;7
NAZARE PAULISTA;Muito Baixa Vulnerabilidade;2258;841;8
NAZARE PAULISTA;Baixa Vulnerabilidade;1690;626;4
NAZARE PAULISTA;Média Vulnerabilidade;8481;3202;35
NAZARE PAULISTA;Alta Vulnerabilidade;4790;1692;13
NEVES PAULISTA;Muito Baixa Vulnerabilidade;6590;2548;12
NEVES PAULISTA;Média Vulnerabilidade;2949;1118;7
NHANDEARA;Muito Baixa Vulnerabilidade;5561;2321;12
NHANDEARA;Baixa Vulnerabilidade;564;210;2
NHANDEARA;Média Vulnerabilidade;3067;1286;5
NHANDEARA;Alta Vulnerabilidade;393;136;1
NIPOA;Muito Baixa Vulnerabilidade;1081;397;2
NIPOA;Média Vulnerabilidade;3030;1121;6
NIPOA;Alta Vulnerabilidade;637;243;1
NOVA ALIANCA;Muito Baixa Vulnerabilidade;4050;1508;8
NOVA ALIANCA;Baixa Vulnerabilidade;879;328;1
NOVA ALIANCA;Média Vulnerabilidade;1588;600;3
NOVA CAMPINA;Baixíssima Vulnerabilidade;498;177;1
NOVA CAMPINA;Baixa Vulnerabilidade;1020;341;2
NOVA CAMPINA;Média Vulnerabilidade;1577;557;6
NOVA CAMPINA;Alta Vulnerabilidade;5205;1774;14
NOVA CANAA PAULISTA;Muito Baixa Vulnerabilidade;524;217;3
NOVA CANAA PAULISTA;Média Vulnerabilidade;1345;544;5
NOVA CANAA PAULISTA;Alta Vulnerabilidade;125;44;1
NOVA CASTILHO;Muito Baixa Vulnerabilidade;546;214;2
NOVA CASTILHO;Média Vulnerabilidade;350;123;1
NOVA EUROPA;Muito Baixa Vulnerabilidade;3224;1211;7
NOVA EUROPA;Média Vulnerabilidade;2705;976;6
NOVA EUROPA;Alta Vulnerabilidade;3227;1135;7
NOVA GRANADA;Muito Baixa Vulnerabilidade;7656;2911;21
NOVA GRANADA;Baixa Vulnerabilidade;405;135;1
NOVA GRANADA;Média Vulnerabilidade;8139;3100;21
NOVA GRANADA;Alta Vulnerabilidade;2711;964;6
NOVA GUATAPORANGA;Muito Baixa Vulnerabilidade;221;85;2
NOVA GUATAPORANGA;Média Vulnerabilidade;1313;529;3
NOVA GUATAPORANGA;Alta Vulnerabilidade;539;220;1
NOVA INDEPENDENCIA;Muito Baixa Vulnerabilidade;804;284;2
NOVA INDEPENDENCIA;Baixa Vulnerabilidade;922;332;2
NOVA INDEPENDENCIA;Média Vulnerabilidade;1355;519;3
NOVA INDEPENDENCIA;Alta Vulnerabilidade;799;282;2
NOVAIS;Muito Baixa Vulnerabilidade;1407;486;3
NOVAIS;Média Vulnerabilidade;1482;550;4
NOVAIS;Alta Vulnerabilidade;1477;540;3
NOVA LUZITANIA;Muito Baixa Vulnerabilidade;737;300;1
NOVA LUZITANIA;Média Vulnerabilidade;1657;663;4
NOVA LUZITANIA;Alta Vulnerabilidade;250;95;1
NOVA ODESSA;Baixíssima Vulnerabilidade;1776;570;4
NOVA ODESSA;Muito Baixa Vulnerabilidade;41442;14885;97
NOVA ODESSA;Baixa Vulnerabilidade;16118;5848;33
NOVA ODESSA;Média Vulnerabilidade;1331;455;3
NOVA ODESSA;Alta Vulnerabilidade;735;267;2
NOVO HORIZONTE;Baixíssima Vulnerabilidade;291;107;1
NOVO HORIZONTE;Muito Baixa Vulnerabilidade;18411;7145;42
NOVO HORIZONTE;Baixa Vulnerabilidade;3121;1146;6
NOVO HORIZONTE;Média Vulnerabilidade;9350;3639;25
NOVO HORIZONTE;Alta Vulnerabilidade;6519;2495;13
NUPORANGA;Muito Baixa Vulnerabilidade;5866;2137;15
NUPORANGA;Baixa Vulnerabilidade;310;106;1
NUPORANGA;Média Vulnerabilidade;958;360;2
OCAUCU;Muito Baixa Vulnerabilidade;1443;559;3
OCAUCU;Média Vulnerabilidade;605;237;3
OCAUCU;Alta Vulnerabilidade;2221;802;6
OLEO;Muito Baixa Vulnerabilidade;1188;462;5
OLEO;Média Vulnerabilidade;141;64;1
OLEO;Alta Vulnerabilidade;953;362;3
OLIMPIA;Baixíssima Vulnerabilidade;1493;581;3
OLIMPIA;Muito Baixa Vulnerabilidade;30147;11478;57
OLIMPIA;Baixa Vulnerabilidade;4337;1545;8
OLIMPIA;Média Vulnerabilidade;5906;2219;13
OLIMPIA;Alta Vulnerabilidade;12321;4334;20
ONDA VERDE;Muito Baixa Vulnerabilidade;1067;394;5
ONDA VERDE;Baixa Vulnerabilidade;783;279;1
ONDA VERDE;Média Vulnerabilidade;2916;1030;6
ORIENTE;Muito Baixa Vulnerabilidade;3332;1219;6
ORIENTE;Média Vulnerabilidade;1724;609;4
ORIENTE;Alta Vulnerabilidade;666;248;1
ORINDIUVA;Muito Baixa Vulnerabilidade;2998;1069;7
ORINDIUVA;Baixa Vulnerabilidade;917;319;2
ORINDIUVA;Média Vulnerabilidade;1052;367;3
ORINDIUVA;Alta Vulnerabilidade;981;343;2
ORLANDIA;Muito Baixa Vulnerabilidade;21881;7993;41
ORLANDIA;Baixa Vulnerabilidade;2666;926;4
ORLANDIA;Média Vulnerabilidade;8501;2888;17
ORLANDIA;Alta Vulnerabilidade;4965;1670;9
OSASCO;Baixíssima Vulnerabilidade;41382;15887;91
OSASCO;Muito Baixa Vulnerabilidade;340654;125650;698
OSASCO;Baixa Vulnerabilidade;127824;47252;249
OSASCO;Média Vulnerabilidade;46895;16357;90
OSASCO;Alta Vulnerabilidade;70637;24260;129
OSASCO;Muito Alta Vulnerabilidade;95953;31297;196
OSCAR BRESSANE;Média Vulnerabilidade;516;227;1
OSCAR BRESSANE;Alta Vulnerabilidade;1534;575;3
OSVALDO CRUZ;Baixíssima Vulnerabilidade;216;76;1
OSVALDO CRUZ;Muito Baixa Vulnerabilidade;14734;5843;31
OSVALDO CRUZ;Baixa Vulnerabilidade;2917;1127;7
OSVALDO CRUZ;Média Vulnerabilidade;8239;3273;18
OSVALDO CRUZ;Alta Vulnerabilidade;3218;1196;5
OURINHOS;Baixíssima Vulnerabilidade;2924;1139;9
OURINHOS;Muito Baixa Vulnerabilidade;50447;19116;148
OURINHOS;Baixa Vulnerabilidade;10338;3940;28
OURINHOS;Média Vulnerabilidade;17891;6285;43
OURINHOS;Alta Vulnerabilidade;21243;7249;51
OUROESTE;Muito Baixa Vulnerabilidade;3888;1494;11
OUROESTE;Baixa Vulnerabilidade;882;317;2
OUROESTE;Média Vulnerabilidade;3374;1389;8
OUROESTE;Alta Vulnerabilidade;2102;830;5
OURO VERDE;Muito Baixa Vulnerabilidade;465;180;3
OURO VERDE;Baixa Vulnerabilidade;753;266;1
OURO VERDE;Média Vulnerabilidade;4144;1578;11
OURO VERDE;Alta Vulnerabilidade;2184;812;5
PACAEMBU;Muito Baixa Vulnerabilidade;5848;2329;11
PACAEMBU;Média Vulnerabilidade;3231;1243;8
PACAEMBU;Alta Vulnerabilidade;227;87;1
PALESTINA;Muito Baixa Vulnerabilidade;3174;1292;9
PALESTINA;Baixa Vulnerabilidade;1179;419;4
PALESTINA;Média Vulnerabilidade;4510;1771;14
PALESTINA;Alta Vulnerabilidade;2358;890;6
PALMARES PAULISTA;Muito Baixa Vulnerabilidade;2685;971;5
PALMARES PAULISTA;Baixa Vulnerabilidade;505;173;1
PALMARES PAULISTA;Média Vulnerabilidade;700;242;2
PALMARES PAULISTA;Alta Vulnerabilidade;5653;2015;11
PALMEIRA D'OESTE;Muito Baixa Vulnerabilidade;2826;1144;12
PALMEIRA D'OESTE;Baixa Vulnerabilidade;605;252;2
PALMEIRA D'OESTE;Média Vulnerabilidade;3451;1409;11
PALMEIRA D'OESTE;Alta Vulnerabilidade;1848;673;4
PALMITAL;Muito Baixa Vulnerabilidade;11861;4585;22
PALMITAL;Baixa Vulnerabilidade;546;197;1
PALMITAL;Média Vulnerabilidade;4802;1745;10
PALMITAL;Alta Vulnerabilidade;1671;592;3
PANORAMA;Muito Baixa Vulnerabilidade;3262;1255;10
PANORAMA;Baixa Vulnerabilidade;1376;488;3
PANORAMA;Média Vulnerabilidade;4903;1802;10
PANORAMA;Alta Vulnerabilidade;5328;1917;9
PARAGUACU PAULISTA;Muito Baixa Vulnerabilidade;18509;7098;39
PARAGUACU PAULISTA;Baixa Vulnerabilidade;2311;893;6
PARAGUACU PAULISTA;Média Vulnerabilidade;9688;3608;23
PARAGUACU PAULISTA;Alta Vulnerabilidade;8756;3013;14
PARAIBUNA;Muito Baixa Vulnerabilidade;5394;2053;18
PARAIBUNA;Baixa Vulnerabilidade;358;156;1
PARAIBUNA;Média Vulnerabilidade;7453;2821;25
PARAIBUNA;Alta Vulnerabilidade;3723;1316;9
PARAISO;Muito Baixa Vulnerabilidade;3332;1232;7
PARAISO;Média Vulnerabilidade;2335;884;6
PARAISO;Alta Vulnerabilidade;432;152;1
PARANAPANEMA;Baixíssima Vulnerabilidade;523;198;3
PARANAPANEMA;Muito Baixa Vulnerabilidade;4719;1637;10
PARANAPANEMA;Baixa Vulnerabilidade;3271;1205;9
PARANAPANEMA;Média Vulnerabilidade;4172;1560;13
PARANAPANEMA;Alta Vulnerabilidade;6067;2026;15
PARANAPUA;Muito Baixa Vulnerabilidade;782;300;3
PARANAPUA;Baixa Vulnerabilidade;779;293;2
PARANAPUA;Média Vulnerabilidade;1330;529;2
PARANAPUA;Alta Vulnerabilidade;1076;392;2
PARAPUA;Muito Baixa Vulnerabilidade;2633;1067;9
PARAPUA;Média Vulnerabilidade;4830;1862;14
PARAPUA;Alta Vulnerabilidade;2409;926;7
PARDINHO;Baixíssima Vulnerabilidade;333;141;1
PARDINHO;Muito Baixa Vulnerabilidade;1703;595;7
PARDINHO;Baixa Vulnerabilidade;702;248;2
PARDINHO;Média Vulnerabilidade;2184;751;5
PARDINHO;Alta Vulnerabilidade;2024;709;4
PARIQUERA-ACU;Baixíssima Vulnerabilidade;766;313;1
PARIQUERA-ACU;Muito Baixa Vulnerabilidade;3520;1348;7
PARIQUERA-ACU;Baixa Vulnerabilidade;1135;392;2
PARIQUERA-ACU;Média Vulnerabilidade;10632;3720;20
PARIQUERA-ACU;Alta Vulnerabilidade;2365;831;5
PARISI;Muito Baixa Vulnerabilidade;392;139;1
PARISI;Média Vulnerabilidade;1777;714;2
PARISI;Alta Vulnerabilidade;721;255;1
PATROCINIO PAULISTA;Muito Baixa Vulnerabilidade;4607;1665;12
PATROCINIO PAULISTA;Baixa Vulnerabilidade;2114;743;5
PATROCINIO PAULISTA;Média Vulnerabilidade;4121;1359;9
PATROCINIO PAULISTA;Alta Vulnerabilidade;3445;1193;7
PAULICEIA;Muito Baixa Vulnerabilidade;1307;508;4
PAULICEIA;Baixa Vulnerabilidade;638;235;3
PAULICEIA;Média Vulnerabilidade;640;250;2
PAULICEIA;Alta Vulnerabilidade;4893;1755;13
PAULINIA;Baixíssima Vulnerabilidade;22530;7599;40
PAULINIA;Muito Baixa Vulnerabilidade;59852;20849;99
PAULINIA;Baixa Vulnerabilidade;18223;6401;32
PAULINIA;Média Vulnerabilidade;5156;1596;7
PAULINIA;Alta Vulnerabilidade;3880;1271;4
PAULISTANIA;Muito Baixa Vulnerabilidade;481;178;2
PAULISTANIA;Média Vulnerabilidade;829;327;2
PAULISTANIA;Alta Vulnerabilidade;678;225;2
PAULO DE FARIA;Muito Baixa Vulnerabilidade;1088;466;4
PAULO DE FARIA;Média Vulnerabilidade;4206;1714;10
PAULO DE FARIA;Alta Vulnerabilidade;1786;699;5
PEDERNEIRAS;Muito Baixa Vulnerabilidade;23956;8634;50
PEDERNEIRAS;Baixa Vulnerabilidade;3237;1135;6
PEDERNEIRAS;Média Vulnerabilidade;9544;3182;19
PEDERNEIRAS;Alta Vulnerabilidade;7128;2374;12
PEDERNEIRAS;Muito Alta Vulnerabilidade;152;58;1
PEDRA BELA;Muito Baixa Vulnerabilidade;880;336;3
PEDRA BELA;Baixa Vulnerabilidade;518;192;1
PEDRA BELA;Média Vulnerabilidade;5128;1934;17
PEDRANOPOLIS;Muito Baixa Vulnerabilidade;1667;647;5
PEDRANOPOLIS;Média Vulnerabilidade;964;365;4
PEDREGULHO;Muito Baixa Vulnerabilidade;4417;1663;15
PEDREGULHO;Baixa Vulnerabilidade;93;37;1
PEDREGULHO;Média Vulnerabilidade;7695;2738;18
PEDREGULHO;Alta Vulnerabilidade;3243;1119;7
PEDREIRA;Baixíssima Vulnerabilidade;324;114;1
PEDREIRA;Muito Baixa Vulnerabilidade;18865;7068;41
PEDREIRA;Baixa Vulnerabilidade;6420;2423;13
PEDREIRA;Média Vulnerabilidade;7066;2529;13
PEDREIRA;Alta Vulnerabilidade;9943;3476;15
PEDRINHAS PAULISTA;Muito Baixa Vulnerabilidade;1987;753;4
PEDRINHAS PAULISTA;Alta Vulnerabilidade;814;310;1
PEDRO DE TOLEDO;Muito Baixa Vulnerabilidade;1674;636;4
PEDRO DE TOLEDO;Média Vulnerabilidade;6891;2358;17
PEDRO DE TOLEDO;Alta Vulnerabilidade;2312;789;6
PENAPOLIS;Baixíssima Vulnerabilidade;852;312;2
PENAPOLIS;Muito Baixa Vulnerabilidade;32771;12745;68
PENAPOLIS;Baixa Vulnerabilidade;6804;2522;13
PENAPOLIS;Média Vulnerabilidade;13223;5029;28
PENAPOLIS;Alta Vulnerabilidade;7375;2454;13
PEREIRA BARRETO;Muito Baixa Vulnerabilidade;9026;3595;20
PEREIRA BARRETO;Baixa Vulnerabilidade;1745;673;3
PEREIRA BARRETO;Média Vulnerabilidade;10249;3876;18
PEREIRA BARRETO;Alta Vulnerabilidade;2568;905;5
PEREIRAS;Muito Baixa Vulnerabilidade;2938;1096;7
PEREIRAS;Média Vulnerabilidade;3593;1283;11
PEREIRAS;Alta Vulnerabilidade;1920;635;4
PERUIBE;Baixíssima Vulnerabilidade;349;131;2
PERUIBE;Muito Baixa Vulnerabilidade;31084;12103;94
PERUIBE;Baixa Vulnerabilidade;2699;975;5
PERUIBE;Média Vulnerabilidade;14503;5191;29
PERUIBE;Alta Vulnerabilidade;17843;6090;30
PERUIBE;Muito Alta Vulnerabilidade;277;87;1
PIACATU;Muito Baixa Vulnerabilidade;719;291;3
PIACATU;Média Vulnerabilidade;3397;1299;8
PIACATU;Alta Vulnerabilidade;1234;430;3
PIEDADE;Muito Baixa Vulnerabilidade;19924;7237;51
PIEDADE;Baixa Vulnerabilidade;1448;542;3
PIEDADE;Média Vulnerabilidade;21168;7650;62
PIEDADE;Alta Vulnerabilidade;9646;3386;20
PILAR DO SUL;Muito Baixa Vulnerabilidade;12117;4277;24
PILAR DO SUL;Baixa Vulnerabilidade;198;68;1
PILAR DO SUL;Média Vulnerabilidade;8365;2931;20
PILAR DO SUL;Alta Vulnerabilidade;6830;2286;10
PINDAMONHANGABA;Baixíssima Vulnerabilidade;5941;2080;12
PINDAMONHANGABA;Muito Baixa Vulnerabilidade;89135;32265;194
PINDAMONHANGABA;Baixa Vulnerabilidade;23960;8783;46
PINDAMONHANGABA;Média Vulnerabilidade;13685;4481;31
PINDAMONHANGABA;Alta Vulnerabilidade;31057;9954;53
PINDAMONHANGABA;Muito Alta Vulnerabilidade;148;48;1
PINDORAMA;Muito Baixa Vulnerabilidade;7973;3060;21
PINDORAMA;Baixa Vulnerabilidade;832;297;2
PINDORAMA;Média Vulnerabilidade;4934;1815;11
PINDORAMA;Alta Vulnerabilidade;487;189;1
PINHALZINHO;Muito Baixa Vulnerabilidade;6995;2579;25
PINHALZINHO;Baixa Vulnerabilidade;1720;647;4
PINHALZINHO;Média Vulnerabilidade;2899;1112;11
PINHALZINHO;Alta Vulnerabilidade;2935;1075;8
PIQUEROBI;Muito Baixa Vulnerabilidade;660;261;2
PIQUEROBI;Média Vulnerabilidade;2138;860;4
PIQUEROBI;Alta Vulnerabilidade;320;114;1
PIQUETE;Muito Baixa Vulnerabilidade;9191;3425;21
PIQUETE;Baixa Vulnerabilidade;398;158;1
PIQUETE;Média Vulnerabilidade;2589;893;7
PIRACAIA;Muito Baixa Vulnerabilidade;10505;3943;26
PIRACAIA;Baixa Vulnerabilidade;1426;528;4
PIRACAIA;Média Vulnerabilidade;8285;3051;23
PIRACAIA;Alta Vulnerabilidade;4381;1515;10
PIRACICABA;Baixíssima Vulnerabilidade;28197;11066;64
PIRACICABA;Muito Baixa Vulnerabilidade;222635;82719;448
PIRACICABA;Baixa Vulnerabilidade;81278;32029;150
PIRACICABA;Média Vulnerabilidade;28080;9383;55
PIRACICABA;Alta Vulnerabilidade;47140;15715;73
PIRACICABA;Muito Alta Vulnerabilidade;9633;3424;19
PIRAJU;Muito Baixa Vulnerabilidade;13731;5291;30
PIRAJU;Baixa Vulnerabilidade;3916;1530;8
PIRAJU;Média Vulnerabilidade;8085;2898;16
PIRAJU;Alta Vulnerabilidade;3148;1148;6
PIRAJUI;Muito Baixa Vulnerabilidade;9070;3640;19
PIRAJUI;Baixa Vulnerabilidade;1309;507;3
PIRAJUI;Média Vulnerabilidade;3253;1275;8
PIRAJUI;Alta Vulnerabilidade;5011;1891;8
PIRANGI;Muito Baixa Vulnerabilidade;5201;1979;12
PIRANGI;Baixa Vulnerabilidade;1248;456;2
PIRANGI;Média Vulnerabilidade;3782;1390;8
PIRANGI;Alta Vulnerabilidade;521;169;1
PIRAPORA DO BOM JESUS;Muito Baixa Vulnerabilidade;2085;781;4
PIRAPORA DO BOM JESUS;Baixa Vulnerabilidade;1234;407;3
PIRAPORA DO BOM JESUS;Média Vulnerabilidade;3101;1043;6
PIRAPORA DO BOM JESUS;Alta Vulnerabilidade;8716;2898;11
PIRAPORA DO BOM JESUS;Muito Alta Vulnerabilidade;2972;901;6
PIRAPOZINHO;Muito Baixa Vulnerabilidade;16514;6080;29
PIRAPOZINHO;Baixa Vulnerabilidade;1412;492;3
PIRAPOZINHO;Média Vulnerabilidade;5245;1927;10
PIRAPOZINHO;Alta Vulnerabilidade;1966;681;3
PIRASSUNUNGA;Baixíssima Vulnerabilidade;2302;856;4
PIRASSUNUNGA;Muito Baixa Vulnerabilidade;42100;16403;80
PIRASSUNUNGA;Baixa Vulnerabilidade;7377;2894;15
PIRASSUNUNGA;Média Vulnerabilidade;9271;3164;16
PIRASSUNUNGA;Alta Vulnerabilidade;10478;3645;16
PIRATININGA;Baixíssima Vulnerabilidade;2122;697;3
PIRATININGA;Muito Baixa Vulnerabilidade;10154;3611;18
PIRATININGA;Média Vulnerabilidade;2273;777;5
PITANGUEIRAS;Muito Baixa Vulnerabilidade;13050;4751;28
PITANGUEIRAS;Baixa Vulnerabilidade;2213;816;4
PITANGUEIRAS;Média Vulnerabilidade;6499;2300;14
PITANGUEIRAS;Alta Vulnerabilidade;11720;3988;22
PLANALTO;Muito Baixa Vulnerabilidade;367;150;1
PLANALTO;Média Vulnerabilidade;2700;1013;7
PLANALTO;Alta Vulnerabilidade;1319;482;3
PLATINA;Muito Baixa Vulnerabilidade;285;119;2
PLATINA;Média Vulnerabilidade;1774;660;4
PLATINA;Alta Vulnerabilidade;826;305;2
POA;Muito Baixa Vulnerabilidade;58700;20114;123
POA;Baixa Vulnerabilidade;15566;5408;30
POA;Média Vulnerabilidade;12344;4212;25
POA;Alta Vulnerabilidade;14713;4889;27
POA;Muito Alta Vulnerabilidade;2003;665;6
POLONI;Muito Baixa Vulnerabilidade;1900;725;5
POLONI;Baixa Vulnerabilidade;601;216;1
POLONI;Média Vulnerabilidade;2558;1015;5
POLONI;Alta Vulnerabilidade;472;197;1
POMPEIA;Baixíssima Vulnerabilidade;160;53;1
POMPEIA;Muito Baixa Vulnerabilidade;13657;4981;28
POMPEIA;Baixa Vulnerabilidade;2132;765;4
POMPEIA;Média Vulnerabilidade;1195;450;3
POMPEIA;Alta Vulnerabilidade;2740;954;7
PONGAI;Muito Baixa Vulnerabilidade;1859;780;6
PONGAI;Média Vulnerabilidade;1520;576;5
PONTAL;Muito Baixa Vulnerabilidade;10490;3820;21
PONTAL;Baixa Vulnerabilidade;3204;1165;7
PONTAL;Média Vulnerabilidade;5299;1834;10
PONTAL;Alta Vulnerabilidade;17652;6174;31
PONTALINDA;Muito Baixa Vulnerabilidade;260;103;1
PONTALINDA;Média Vulnerabilidade;1942;718;5
PONTALINDA;Alta Vulnerabilidade;1779;676;5
PONTES GESTAL;Muito Baixa Vulnerabilidade;495;197;1
PONTES GESTAL;Alta Vulnerabilidade;1647;667;3
POPULINA;Muito Baixa Vulnerabilidade;701;284;3
POPULINA;Média Vulnerabilidade;3276;1281;9
PORANGABA;Baixíssima Vulnerabilidade;174;66;1
PORANGABA;Muito Baixa Vulnerabilidade;4706;1829;17
PORANGABA;Baixa Vulnerabilidade;662;255;1
PORANGABA;Média Vulnerabilidade;2899;1039;7
PORANGABA;Alta Vulnerabilidade;1763;628;6
PORTO FELIZ;Baixíssima Vulnerabilidade;1242;429;3
PORTO FELIZ;Muito Baixa Vulnerabilidade;27962;9550;41
PORTO FELIZ;Baixa Vulnerabilidade;7613;2778;12
PORTO FELIZ;Média Vulnerabilidade;8464;2705;13
PORTO FELIZ;Alta Vulnerabilidade;8643;2819;17
PORTO FERREIRA;Baixíssima Vulnerabilidade;337;119;1
PORTO FERREIRA;Muito Baixa Vulnerabilidade;31962;11970;53
PORTO FERREIRA;Baixa Vulnerabilidade;1419;536;2
PORTO FERREIRA;Média Vulnerabilidade;6420;2231;11
PORTO FERREIRA;Alta Vulnerabilidade;10534;3576;12
PORTO FERREIRA;Muito Alta Vulnerabilidade;1234;375;2
POTIM;Muito Baixa Vulnerabilidade;1326;455;2
POTIM;Baixa Vulnerabilidade;1060;343;2
POTIM;Média Vulnerabilidade;5906;1893;9
POTIM;Alta Vulnerabilidade;8955;2972;15
POTIRENDABA;Muito Baixa Vulnerabilidade;8275;3111;20
POTIRENDABA;Baixa Vulnerabilidade;1996;745;5
POTIRENDABA;Média Vulnerabilidade;1897;721;5
POTIRENDABA;Alta Vulnerabilidade;5865;2083;11
PRACINHA;Média Vulnerabilidade;1419;539;3
PRADOPOLIS;Muito Baixa Vulnerabilidade;8365;2991;18
PRADOPOLIS;Baixa Vulnerabilidade;1442;450;3
PRADOPOLIS;Média Vulnerabilidade;4698;1588;7
PRADOPOLIS;Alta Vulnerabilidade;2451;799;5
PRAIA GRANDE;Baixíssima Vulnerabilidade;10604;4334;44
PRAIA GRANDE;Muito Baixa Vulnerabilidade;181158;71720;586
PRAIA GRANDE;Baixa Vulnerabilidade;40299;14662;85
PRAIA GRANDE;Média Vulnerabilidade;22889;7856;45
PRAIA GRANDE;Alta Vulnerabilidade;69678;23343;107
PRAIA GRANDE;Muito Alta Vulnerabilidade;21242;6962;49
PRATANIA;Muito Baixa Vulnerabilidade;350;122;1
PRATANIA;Baixa Vulnerabilidade;467;165;1
PRATANIA;Média Vulnerabilidade;1308;448;4
PRATANIA;Alta Vulnerabilidade;3001;1015;6
PRESIDENTE ALVES;Muito Baixa Vulnerabilidade;1091;417;3
PRESIDENTE ALVES;Baixa Vulnerabilidade;267;94;1
PRESIDENTE ALVES;Média Vulnerabilidade;2211;851;5
PRESIDENTE BERNARDES;Muito Baixa Vulnerabilidade;6353;2488;16
PRESIDENTE BERNARDES;Média Vulnerabilidade;3828;1470;11
PRESIDENTE BERNARDES;Alta Vulnerabilidade;1616;587;3
PRESIDENTE EPITACIO;Baixíssima Vulnerabilidade;438;150;1
PRESIDENTE EPITACIO;Muito Baixa Vulnerabilidade;12370;4823;23
PRESIDENTE EPITACIO;Baixa Vulnerabilidade;3662;1384;5
PRESIDENTE EPITACIO;Média Vulnerabilidade;13330;5102;26
PRESIDENTE EPITACIO;Alta Vulnerabilidade;8567;3190;16
PRESIDENTE PRUDENTE;Baixíssima Vulnerabilidade;12011;4511;25
PRESIDENTE PRUDENTE;Muito Baixa Vulnerabilidade;123970;47271;220
PRESIDENTE PRUDENTE;Baixa Vulnerabilidade;36249;14907;67
PRESIDENTE PRUDENTE;Média Vulnerabilidade;23594;8692;40
PRESIDENTE PRUDENTE;Alta Vulnerabilidade;27421;9681;40
PRESIDENTE VENCESLAU;Baixíssima Vulnerabilidade;1052;405;3
PRESIDENTE VENCESLAU;Muito Baixa Vulnerabilidade;16743;6746;34
PRESIDENTE VENCESLAU;Baixa Vulnerabilidade;740;313;2
PRESIDENTE VENCESLAU;Média Vulnerabilidade;10754;4289;21
PRESIDENTE VENCESLAU;Alta Vulnerabilidade;4935;1903;7
PROMISSAO;Muito Baixa Vulnerabilidade;16744;6357;36
PROMISSAO;Baixa Vulnerabilidade;3822;1374;8
PROMISSAO;Média Vulnerabilidade;6001;2174;13
PROMISSAO;Alta Vulnerabilidade;8249;2880;14
QUADRA;Muito Baixa Vulnerabilidade;531;199;2
QUADRA;Baixa Vulnerabilidade;843;304;1
QUADRA;Média Vulnerabilidade;368;133;2
QUADRA;Alta Vulnerabilidade;1499;515;5
QUATA;Muito Baixa Vulnerabilidade;5575;2089;12
QUATA;Média Vulnerabilidade;4134;1524;7
QUATA;Alta Vulnerabilidade;3030;1071;6
QUEIROZ;Muito Baixa Vulnerabilidade;293;96;2
QUEIROZ;Baixa Vulnerabilidade;201;69;1
QUEIROZ;Média Vulnerabilidade;1883;727;6
QUEIROZ;Alta Vulnerabilidade;755;282;2
QUELUZ;Muito Baixa Vulnerabilidade;2981;1118;10
QUELUZ;Baixa Vulnerabilidade;354;130;1
QUELUZ;Média Vulnerabilidade;916;321;3
QUELUZ;Alta Vulnerabilidade;4608;1593;9
QUINTANA;Muito Baixa Vulnerabilidade;1491;542;3
QUINTANA;Baixa Vulnerabilidade;111;39;1
QUINTANA;Média Vulnerabilidade;3281;1204;4
QUINTANA;Alta Vulnerabilidade;1853;632;3
RAFARD;Muito Baixa Vulnerabilidade;5872;2066;9
RAFARD;Média Vulnerabilidade;1698;584;3
RAFARD;Alta Vulnerabilidade;1257;413;3
RANCHARIA;Muito Baixa Vulnerabilidade;12224;4753;29
RANCHARIA;Baixa Vulnerabilidade;843;344;3
RANCHARIA;Média Vulnerabilidade;5512;1997;10
RANCHARIA;Alta Vulnerabilidade;9620;3531;17
REDENCAO DA SERRA;Muito Baixa Vulnerabilidade;419;152;1
REDENCAO DA SERRA;Média Vulnerabilidade;2754;1044;11
REDENCAO DA SERRA;Alta Vulnerabilidade;946;326;3
REGENTE FEIJO;Baixíssima Vulnerabilidade;116;39;1
REGENTE FEIJO;Muito Baixa Vulnerabilidade;9117;3459;19
REGENTE FEIJO;Baixa Vulnerabilidade;1158;432;2
REGENTE FEIJO;Média Vulnerabilidade;5344;1967;8
REGENTE FEIJO;Alta Vulnerabilidade;4154;1538;8
REGINOPOLIS;Muito Baixa Vulnerabilidade;2767;1064;6
REGINOPOLIS;Baixa Vulnerabilidade;251;100;1
REGINOPOLIS;Média Vulnerabilidade;740;316;2
REGINOPOLIS;Alta Vulnerabilidade;1752;611;3
REGISTRO;Baixíssima Vulnerabilidade;201;65;1
REGISTRO;Muito Baixa Vulnerabilidade;30438;11450;51
REGISTRO;Baixa Vulnerabilidade;1685;587;4
REGISTRO;Média Vulnerabilidade;14616;5113;31
REGISTRO;Alta Vulnerabilidade;11181;3894;19
RESTINGA;Muito Baixa Vulnerabilidade;614;214;2
RESTINGA;Média Vulnerabilidade;2287;733;5
RESTINGA;Alta Vulnerabilidade;3435;1215;8
RIBEIRA;Muito Baixa Vulnerabilidade;378;146;1
RIBEIRA;Média Vulnerabilidade;2300;858;9
RIBEIRA;Alta Vulnerabilidade;382;133;1
RIBEIRAO BONITO;Muito Baixa Vulnerabilidade;3183;1262;9
RIBEIRAO BONITO;Média Vulnerabilidade;2465;905;5
RIBEIRAO BONITO;Alta Vulnerabilidade;5149;1809;9
RIBEIRAO BRANCO;Muito Baixa Vulnerabilidade;2166;813;5
RIBEIRAO BRANCO;Média Vulnerabilidade;6778;2350;20
RIBEIRAO BRANCO;Alta Vulnerabilidade;9216;3240;24
RIBEIRAO CORRENTE;Média Vulnerabilidade;2268;783;5
RIBEIRAO CORRENTE;Alta Vulnerabilidade;2253;767;4
RIBEIRAO DO SUL;Muito Baixa Vulnerabilidade;1241;447;5
RIBEIRAO DO SUL;Baixa Vulnerabilidade;222;83;2
RIBEIRAO DO SUL;Média Vulnerabilidade;2398;921;9
RIBEIRAO DO SUL;Alta Vulnerabilidade;635;221;3
RIBEIRAO DOS INDIOS;Média Vulnerabilidade;1591;636;4
RIBEIRAO DOS INDIOS;Alta Vulnerabilidade;307;129;1
RIBEIRAO GRANDE;Muito Baixa Vulnerabilidade;1113;424;3
RIBEIRAO GRANDE;Média Vulnerabilidade;5837;2078;19
RIBEIRAO GRANDE;Alta Vulnerabilidade;252;89;1
RIBEIRAO PIRES;Baixíssima Vulnerabilidade;910;324;2
RIBEIRAO PIRES;Muito Baixa Vulnerabilidade;82827;30069;142
RIBEIRAO PIRES;Baixa Vulnerabilidade;9494;3367;16
RIBEIRAO PIRES;Média Vulnerabilidade;9512;3366;22
RIBEIRAO PIRES;Alta Vulnerabilidade;7218;2501;13
RIBEIRAO PIRES;Muito Alta Vulnerabilidade;4586;1629;6
RIBEIRAO PRETO;Baixíssima Vulnerabilidade;86955;33796;174
RIBEIRAO PRETO;Muito Baixa Vulnerabilidade;328918;124887;616
RIBEIRAO PRETO;Baixa Vulnerabilidade;165853;68870;317
RIBEIRAO PRETO;Média Vulnerabilidade;21899;7405;34
RIBEIRAO PRETO;Alta Vulnerabilidade;65127;22375;103
RIBEIRAO PRETO;Muito Alta Vulnerabilidade;22793;7572;68
RIVERSUL;Baixa Vulnerabilidade;342;131;1
RIVERSUL;Média Vulnerabilidade;1565;615;8
RIVERSUL;Alta Vulnerabilidade;3474;1282;7
RIFAINA;Muito Baixa Vulnerabilidade;1836;676;6
RIFAINA;Baixa Vulnerabilidade;354;152;1
RIFAINA;Média Vulnerabilidade;763;280;2
RIFAINA;Alta Vulnerabilidade;824;269;1
RINCAO;Muito Baixa Vulnerabilidade;2996;1120;7
RINCAO;Baixa Vulnerabilidade;594;203;1
RINCAO;Média Vulnerabilidade;4499;1657;10
RINCAO;Alta Vulnerabilidade;927;310;2
RINOPOLIS;Muito Baixa Vulnerabilidade;2091;843;8
RINOPOLIS;Baixa Vulnerabilidade;1036;381;4
RINOPOLIS;Média Vulnerabilidade;3291;1237;8
RINOPOLIS;Alta Vulnerabilidade;2180;804;4
RIO CLARO;Baixíssima Vulnerabilidade;9027;3443;16
RIO CLARO;Muito Baixa Vulnerabilidade;107470;41050;205
RIO CLARO;Baixa Vulnerabilidade;34173;12774;57
RIO CLARO;Média Vulnerabilidade;14498;4935;24
RIO CLARO;Alta Vulnerabilidade;32976;11127;47
RIO CLARO;Muito Alta Vulnerabilidade;419;137;3
RIO DAS PEDRAS;Baixíssima Vulnerabilidade;911;309;2
RIO DAS PEDRAS;Muito Baixa Vulnerabilidade;20149;7058;38
RIO DAS PEDRAS;Baixa Vulnerabilidade;1583;520;3
RIO DAS PEDRAS;Média Vulnerabilidade;2906;968;8
RIO DAS PEDRAS;Alta Vulnerabilidade;5524;1735;7
RIO GRANDE DA SERRA;Muito Baixa Vulnerabilidade;16366;5864;33
RIO GRANDE DA SERRA;Baixa Vulnerabilidade;1067;390;3
RIO GRANDE DA SERRA;Média Vulnerabilidade;10688;3864;25
RIO GRANDE DA SERRA;Alta Vulnerabilidade;10417;3667;19
RIO GRANDE DA SERRA;Muito Alta Vulnerabilidade;5166;1842;12
RIOLANDIA;Muito Baixa Vulnerabilidade;1081;457;2
RIOLANDIA;Baixa Vulnerabilidade;373;127;2
RIOLANDIA;Média Vulnerabilidade;2573;1011;6
RIOLANDIA;Alta Vulnerabilidade;3724;1359;6
ROSANA;Muito Baixa Vulnerabilidade;6819;2675;16
ROSANA;Baixa Vulnerabilidade;564;210;1
ROSANA;Média Vulnerabilidade;8647;3184;22
ROSANA;Alta Vulnerabilidade;934;356;2
ROSEIRA;Muito Baixa Vulnerabilidade;5494;1890;14
ROSEIRA;Baixa Vulnerabilidade;2185;719;3
ROSEIRA;Média Vulnerabilidade;1020;340;3
ROSEIRA;Alta Vulnerabilidade;2100;681;3
RUBIACEA;Média Vulnerabilidade;2015;764;5
RUBIACEA;Alta Vulnerabilidade;374;125;1
RUBINEIA;Muito Baixa Vulnerabilidade;2514;977;10
RUBINEIA;Baixa Vulnerabilidade;661;254;2
RUBINEIA;Média Vulnerabilidade;236;108;1
SABINO;Muito Baixa Vulnerabilidade;1034;425;5
SABINO;Média Vulnerabilidade;3595;1420;10
SABINO;Alta Vulnerabilidade;276;94;1
SAGRES;Média Vulnerabilidade;2381;883;6
SALES;Muito Baixa Vulnerabilidade;1840;727;6
SALES;Baixa Vulnerabilidade;812;293;2
SALES;Média Vulnerabilidade;1790;668;6
SALES;Alta Vulnerabilidade;1774;694;3
SALES OLIVEIRA;Muito Baixa Vulnerabilidade;7182;2604;17
SALES OLIVEIRA;Baixa Vulnerabilidade;1782;645;5
SALES OLIVEIRA;Média Vulnerabilidade;146;48;1
SALES OLIVEIRA;Alta Vulnerabilidade;2091;736;4
SALESOPOLIS;Muito Baixa Vulnerabilidade;4977;1737;13
SALESOPOLIS;Baixa Vulnerabilidade;509;202;1
SALESOPOLIS;Média Vulnerabilidade;6065;2210;22
SALESOPOLIS;Alta Vulnerabilidade;3110;1108;8
SALMOURAO;Muito Baixa Vulnerabilidade;597;225;3
SALMOURAO;Média Vulnerabilidade;2182;848;4
SALMOURAO;Alta Vulnerabilidade;1830;662;3
SALTINHO;Muito Baixa Vulnerabilidade;7414;2650;13
SALTINHO;Média Vulnerabilidade;599;211;2
SALTO;Baixíssima Vulnerabilidade;4251;1485;8
SALTO;Muito Baixa Vulnerabilidade;91889;32237;138
SALTO;Baixa Vulnerabilidade;20750;7386;28
SALTO;Média Vulnerabilidade;9234;3094;13
SALTO;Alta Vulnerabilidade;7240;2340;11
SALTO;Muito Alta Vulnerabilidade;335;113;1
SALTO DE PIRAPORA;Baixíssima Vulnerabilidade;824;279;2
SALTO DE PIRAPORA;Muito Baixa Vulnerabilidade;18954;6726;41
SALTO DE PIRAPORA;Baixa Vulnerabilidade;6652;2338;10
SALTO DE PIRAPORA;Média Vulnerabilidade;10021;3450;18
SALTO DE PIRAPORA;Alta Vulnerabilidade;6155;2119;9
SALTO GRANDE;Muito Baixa Vulnerabilidade;1702;688;7
SALTO GRANDE;Média Vulnerabilidade;2537;962;7
SALTO GRANDE;Alta Vulnerabilidade;4493;1603;13
SANDOVALINA;Média Vulnerabilidade;1893;661;3
SANDOVALINA;Alta Vulnerabilidade;1539;526;2
SANTA ADELIA;Muito Baixa Vulnerabilidade;8140;3082;18
SANTA ADELIA;Baixa Vulnerabilidade;201;77;1
SANTA ADELIA;Média Vulnerabilidade;2665;937;7
SANTA ADELIA;Alta Vulnerabilidade;2781;1092;5
SANTA ALBERTINA;Muito Baixa Vulnerabilidade;2736;1119;9
SANTA ALBERTINA;Média Vulnerabilidade;2615;1060;6
SANTA ALBERTINA;Alta Vulnerabilidade;864;335;3
SANTA BARBARA D'OESTE;Baixíssima Vulnerabilidade;4927;1710;11
SANTA BARBARA D'OESTE;Muito Baixa Vulnerabilidade;129130;46806;270
SANTA BARBARA D'OESTE;Baixa Vulnerabilidade;22481;8326;46
SANTA BARBARA D'OESTE;Média Vulnerabilidade;13011;4513;27
SANTA BARBARA D'OESTE;Alta Vulnerabilidade;13052;4555;27
SANTA BRANCA;Muito Baixa Vulnerabilidade;5685;2151;16
SANTA BRANCA;Baixa Vulnerabilidade;1157;413;2
SANTA BRANCA;Média Vulnerabilidade;4218;1620;17
SANTA BRANCA;Alta Vulnerabilidade;2558;858;5
SANTA CLARA D'OESTE;Muito Baixa Vulnerabilidade;839;306;4
SANTA CLARA D'OESTE;Baixa Vulnerabilidade;205;72;1
SANTA CLARA D'OESTE;Média Vulnerabilidade;1018;371;4
SANTA CLARA D'OESTE;Alta Vulnerabilidade;505;187;2
SANTA CRUZ DA CONCEICAO;Muito Baixa Vulnerabilidade;3580;1383;10
SANTA CRUZ DA CONCEICAO;Média Vulnerabilidade;378;136;2
SANTA CRUZ DA CONCEICAO;Alta Vulnerabilidade;250;89;1
SANTA CRUZ DA ESPERANCA;Muito Baixa Vulnerabilidade;2018;732;4
SANTA CRUZ DAS PALMEIRAS;Muito Baixa Vulnerabilidade;11875;4588;25
SANTA CRUZ DAS PALMEIRAS;Baixa Vulnerabilidade;1543;518;2
SANTA CRUZ DAS PALMEIRAS;Média Vulnerabilidade;7065;2452;12
SANTA CRUZ DAS PALMEIRAS;Alta Vulnerabilidade;7926;2721;12
SANTA CRUZ DO RIO PARDO;Baixíssima Vulnerabilidade;137;62;1
SANTA CRUZ DO RIO PARDO;Muito Baixa Vulnerabilidade;24854;9269;66
SANTA CRUZ DO RIO PARDO;Baixa Vulnerabilidade;7110;2490;15
SANTA CRUZ DO RIO PARDO;Média Vulnerabilidade;6070;2189;15
SANTA CRUZ DO RIO PARDO;Alta Vulnerabilidade;6446;2174;14
SANTA CRUZ DO RIO PARDO;Muito Alta Vulnerabilidade;995;293;2
SANTA ERNESTINA;Muito Baixa Vulnerabilidade;4226;1519;8
SANTA ERNESTINA;Média Vulnerabilidade;992;358;2
SANTA ERNESTINA;Alta Vulnerabilidade;779;284;2
SANTA FE DO SUL;Muito Baixa Vulnerabilidade;16845;6519;37
SANTA FE DO SUL;Baixa Vulnerabilidade;5149;1947;10
SANTA FE DO SUL;Média Vulnerabilidade;4609;1815;9
SANTA FE DO SUL;Alta Vulnerabilidade;7563;2926;18
SANTA GERTRUDES;Baixíssima Vulnerabilidade;768;239;1
SANTA GERTRUDES;Muito Baixa Vulnerabilidade;5334;1875;13
SANTA GERTRUDES;Baixa Vulnerabilidade;12468;4243;20
SANTA GERTRUDES;Média Vulnerabilidade;519;187;2
SANTA GERTRUDES;Alta Vulnerabilidade;4080;1506;8
SANTA ISABEL;Baixíssima Vulnerabilidade;698;257;2
SANTA ISABEL;Muito Baixa Vulnerabilidade;13833;4939;31
SANTA ISABEL;Baixa Vulnerabilidade;4644;1606;8
SANTA ISABEL;Média Vulnerabilidade;18286;6560;54
SANTA ISABEL;Alta Vulnerabilidade;14579;5012;24
SANTA LUCIA;Muito Baixa Vulnerabilidade;1463;515;3
SANTA LUCIA;Média Vulnerabilidade;3164;1110;5
SANTA LUCIA;Alta Vulnerabilidade;2449;814;3
SANTA MARIA DA SERRA;Muito Baixa Vulnerabilidade;2276;804;4
SANTA MARIA DA SERRA;Média Vulnerabilidade;833;320;2
SANTA MARIA DA SERRA;Alta Vulnerabilidade;2009;687;2
SANTA MERCEDES;Muito Baixa Vulnerabilidade;254;97;2
SANTA MERCEDES;Média Vulnerabilidade;1918;757;4
SANTA MERCEDES;Alta Vulnerabilidade;754;275;1
SANTANA DA PONTE PENSA;Muito Baixa Vulnerabilidade;574;236;2
SANTANA DA PONTE PENSA;Média Vulnerabilidade;1026;406;4
SANTANA DE PARNAIBA;Baixíssima Vulnerabilidade;45670;15356;62
SANTANA DE PARNAIBA;Muito Baixa Vulnerabilidade;16221;5613;23
SANTANA DE PARNAIBA;Baixa Vulnerabilidade;31093;10640;31
SANTANA DE PARNAIBA;Média Vulnerabilidade;5038;1703;9
SANTANA DE PARNAIBA;Alta Vulnerabilidade;51488;17457;48
SANTANA DE PARNAIBA;Muito Alta Vulnerabilidade;3790;1265;10
SANTA RITA D'OESTE;Muito Baixa Vulnerabilidade;542;203;4
SANTA RITA D'OESTE;Média Vulnerabilidade;2109;854;7
SANTA RITA DO PASSA QUATRO;Muito Baixa Vulnerabilidade;17489;6911;40
SANTA RITA DO PASSA QUATRO;Baixa Vulnerabilidade;877;324;2
SANTA RITA DO PASSA QUATRO;Média Vulnerabilidade;4913;1728;9
SANTA RITA DO PASSA QUATRO;Alta Vulnerabilidade;1090;390;2
SANTA ROSA DE VITERBO;Muito Baixa Vulnerabilidade;17284;6453;33
SANTA ROSA DE VITERBO;Média Vulnerabilidade;5933;2087;10
SANTA SALETE;Muito Baixa Vulnerabilidade;958;372;3
SANTA SALETE;Média Vulnerabilidade;583;241;2
SANTO ANASTACIO;Muito Baixa Vulnerabilidade;9136;3591;21
SANTO ANASTACIO;Baixa Vulnerabilidade;1184;463;2
SANTO ANASTACIO;Média Vulnerabilidade;4082;1561;9
SANTO ANASTACIO;Alta Vulnerabilidade;2974;1079;6
SANTO ANDRE;Baixíssima Vulnerabilidade;81845;32495;179
SANTO ANDRE;Muito Baixa Vulnerabilidade;465041;177754;975
SANTO ANDRE;Baixa Vulnerabilidade;52988;19908;112
SANTO ANDRE;Média Vulnerabilidade;14239;5028;31
SANTO ANDRE;Alta Vulnerabilidade;27929;9643;57
SANTO ANDRE;Muito Alta Vulnerabilidade;98153;33597;195
SANTO ANTONIO DA ALEGRIA;Muito Baixa Vulnerabilidade;2530;966;8
SANTO ANTONIO DA ALEGRIA;Baixa Vulnerabilidade;729;257;1
SANTO ANTONIO DA ALEGRIA;Média Vulnerabilidade;1993;742;3
SANTO ANTONIO DA ALEGRIA;Alta Vulnerabilidade;1504;601;2
SANTO ANTONIO DE POSSE;Muito Baixa Vulnerabilidade;7409;2653;18
SANTO ANTONIO DE POSSE;Baixa Vulnerabilidade;4341;1465;9
SANTO ANTONIO DE POSSE;Média Vulnerabilidade;978;355;2
SANTO ANTONIO DE POSSE;Alta Vulnerabilidade;10057;3400;15
SANTO ANTONIO DO ARACANGUA;Muito Baixa Vulnerabilidade;2507;936;11
SANTO ANTONIO DO ARACANGUA;Baixa Vulnerabilidade;199;63;1
SANTO ANTONIO DO ARACANGUA;Média Vulnerabilidade;3394;1318;11
SANTO ANTONIO DO ARACANGUA;Alta Vulnerabilidade;1493;534;5
SANTO ANTONIO DO JARDIM;Muito Baixa Vulnerabilidade;1458;536;3
SANTO ANTONIO DO JARDIM;Baixa Vulnerabilidade;599;210;1
SANTO ANTONIO DO JARDIM;Média Vulnerabilidade;3929;1343;9
SANTO ANTONIO DO PINHAL;Muito Baixa Vulnerabilidade;2729;1005;9
SANTO ANTONIO DO PINHAL;Baixa Vulnerabilidade;640;234;2
SANTO ANTONIO DO PINHAL;Média Vulnerabilidade;2400;873;7
SANTO ANTONIO DO PINHAL;Alta Vulnerabilidade;956;340;3
SANTO EXPEDITO;Muito Baixa Vulnerabilidade;122;46;1
SANTO EXPEDITO;Baixa Vulnerabilidade;115;42;1
SANTO EXPEDITO;Média Vulnerabilidade;1918;778;5
SANTO EXPEDITO;Alta Vulnerabilidade;760;292;4
SANTOPOLIS DO AGUAPEI;Muito Baixa Vulnerabilidade;417;156;1
SANTOPOLIS DO AGUAPEI;Média Vulnerabilidade;2132;790;4
SANTOPOLIS DO AGUAPEI;Alta Vulnerabilidade;1214;473;2
SANTOS;Baixíssima Vulnerabilidade;95718;40144;238
SANTOS;Muito Baixa Vulnerabilidade;232084;93338;528
SANTOS;Baixa Vulnerabilidade;24045;10210;55
SANTOS;Média Vulnerabilidade;7450;2861;20
SANTOS;Alta Vulnerabilidade;10446;3747;25
SANTOS;Muito Alta Vulnerabilidade;45789;16713;106
SAO BENTO DO SAPUCAI;Muito Baixa Vulnerabilidade;6451;2427;21
SAO BENTO DO SAPUCAI;Baixa Vulnerabilidade;1390;507;4
SAO BENTO DO SAPUCAI;Média Vulnerabilidade;2124;775;8
SAO BENTO DO SAPUCAI;Alta Vulnerabilidade;817;284;2
SAO BERNARDO DO CAMPO;Baixíssima Vulnerabilidade;75769;28107;178
SAO BERNARDO DO CAMPO;Muito Baixa Vulnerabilidade;414463;157611;859
SAO BERNARDO DO CAMPO;Baixa Vulnerabilidade;73822;28554;151
SAO BERNARDO DO CAMPO;Média Vulnerabilidade;54453;19492;114
SAO BERNARDO DO CAMPO;Alta Vulnerabilidade;31075;11005;65
SAO BERNARDO DO CAMPO;Muito Alta Vulnerabilidade;157549;55038;297
SAO CAETANO DO SUL;Baixíssima Vulnerabilidade;52426;19663;140
SAO CAETANO DO SUL;Muito Baixa Vulnerabilidade;107655;40444;265
SAO CAETANO DO SUL;Baixa Vulnerabilidade;4059;1576;11
SAO CAETANO DO SUL;Média Vulnerabilidade;678;257;2
SAO CARLOS;Baixíssima Vulnerabilidade;18349;7001;32
SAO CARLOS;Muito Baixa Vulnerabilidade;126728;48206;228
SAO CARLOS;Baixa Vulnerabilidade;45789;19722;91
SAO CARLOS;Média Vulnerabilidade;22503;7783;38
SAO CARLOS;Alta Vulnerabilidade;39049;13479;52
SAO CARLOS;Muito Alta Vulnerabilidade;362;111;3
SAO FRANCISCO;Muito Baixa Vulnerabilidade;1086;432;3
SAO FRANCISCO;Média Vulnerabilidade;1381;568;3
SAO FRANCISCO;Alta Vulnerabilidade;135;44;1
SAO JOAO DA BOA VISTA;Baixíssima Vulnerabilidade;2410;859;5
SAO JOAO DA BOA VISTA;Muito Baixa Vulnerabilidade;53499;20586;103
SAO JOAO DA BOA VISTA;Baixa Vulnerabilidade;14166;5332;26
SAO JOAO DA BOA VISTA;Média Vulnerabilidade;16254;5625;27
SAO JOAO DA BOA VISTA;Alta Vulnerabilidade;5192;1980;9
SAO JOAO DAS DUAS PONTES;Muito Baixa Vulnerabilidade;131;48;1
SAO JOAO DAS DUAS PONTES;Média Vulnerabilidade;2444;932;7
SAO JOAO DE IRACEMA;Muito Baixa Vulnerabilidade;296;106;2
SAO JOAO DE IRACEMA;Média Vulnerabilidade;1182;446;2
SAO JOAO DE IRACEMA;Alta Vulnerabilidade;345;126;1
SAO JOAO DO PAU D'ALHO;Muito Baixa Vulnerabilidade;423;169;3
SAO JOAO DO PAU D'ALHO;Média Vulnerabilidade;1469;626;4
SAO JOAO DO PAU D'ALHO;Alta Vulnerabilidade;135;49;1
SAO JOAQUIM DA BARRA;Muito Baixa Vulnerabilidade;31142;11388;58
SAO JOAQUIM DA BARRA;Baixa Vulnerabilidade;4834;1728;9
SAO JOAQUIM DA BARRA;Média Vulnerabilidade;5204;1786;10
SAO JOAQUIM DA BARRA;Alta Vulnerabilidade;6806;2340;9
SAO JOSE DA BELA VISTA;Muito Baixa Vulnerabilidade;365;138;3
SAO JOSE DA BELA VISTA;Baixa Vulnerabilidade;302;111;1
SAO JOSE DA BELA VISTA;Média Vulnerabilidade;1118;396;3
SAO JOSE DA BELA VISTA;Alta Vulnerabilidade;5812;2022;10
SAO JOSE DO BARREIRO;Muito Baixa Vulnerabilidade;418;164;1
SAO JOSE DO BARREIRO;Média Vulnerabilidade;2452;912;8
SAO JOSE DO BARREIRO;Alta Vulnerabilidade;899;339;2
SAO JOSE DO RIO PARDO;Baixíssima Vulnerabilidade;188;62;1
SAO JOSE DO RIO PARDO;Muito Baixa Vulnerabilidade;29577;11088;59
SAO JOSE DO RIO PARDO;Baixa Vulnerabilidade;2344;910;5
SAO JOSE DO RIO PARDO;Média Vulnerabilidade;14216;4877;27
SAO JOSE DO RIO PARDO;Alta Vulnerabilidade;5024;1601;7
SAO JOSE DO RIO PRETO;Baixíssima Vulnerabilidade;51395;19934;115
SAO JOSE DO RIO PRETO;Muito Baixa Vulnerabilidade;224317;86665;498
SAO JOSE DO RIO PRETO;Baixa Vulnerabilidade;107949;44768;248
SAO JOSE DO RIO PRETO;Média Vulnerabilidade;35420;12978;72
SAO JOSE DO RIO PRETO;Alta Vulnerabilidade;56406;20619;101
SAO JOSE DOS CAMPOS;Baixíssima Vulnerabilidade;85458;33034;231
SAO JOSE DOS CAMPOS;Muito Baixa Vulnerabilidade;353016;126417;719
SAO JOSE DOS CAMPOS;Baixa Vulnerabilidade;94587;35457;210
SAO JOSE DOS CAMPOS;Média Vulnerabilidade;67278;22333;133
SAO JOSE DOS CAMPOS;Alta Vulnerabilidade;84123;27057;143
SAO JOSE DOS CAMPOS;Muito Alta Vulnerabilidade;6441;2157;19
SAO LOURENCO DA SERRA;Muito Baixa Vulnerabilidade;4360;1543;12
SAO LOURENCO DA SERRA;Baixa Vulnerabilidade;1860;683;5
SAO LOURENCO DA SERRA;Média Vulnerabilidade;4270;1575;15
SAO LOURENCO DA SERRA;Alta Vulnerabilidade;4944;1819;13
SAO LUIZ DO PARAITINGA;Muito Baixa Vulnerabilidade;2963;1238;9
SAO LUIZ DO PARAITINGA;Média Vulnerabilidade;6781;2713;19
SAO LUIZ DO PARAITINGA;Alta Vulnerabilidade;511;196;1
SAO MANUEL;Muito Baixa Vulnerabilidade;18259;6835;45
SAO MANUEL;Baixa Vulnerabilidade;1508;528;3
SAO MANUEL;Média Vulnerabilidade;9272;3442;22
SAO MANUEL;Alta Vulnerabilidade;7393;2408;12
SAO MIGUEL ARCANJO;Muito Baixa Vulnerabilidade;9605;3486;21
SAO MIGUEL ARCANJO;Baixa Vulnerabilidade;836;302;2
SAO MIGUEL ARCANJO;Média Vulnerabilidade;11374;3897;24
SAO MIGUEL ARCANJO;Alta Vulnerabilidade;9738;3427;18
SAO PAULO;Baixíssima Vulnerabilidade;1874333;808101;5816
SAO PAULO;Muito Baixa Vulnerabilidade;4651411;1752049;9949
SAO PAULO;Baixa Vulnerabilidade;1308816;510069;2859
SAO PAULO;Média Vulnerabilidade;717837;254498;1464
SAO PAULO;Alta Vulnerabilidade;1085667;381445;2114
SAO PAULO;Muito Alta Vulnerabilidade;1703098;582319;3673
SAO PEDRO;Baixíssima Vulnerabilidade;412;152;1
SAO PEDRO;Muito Baixa Vulnerabilidade;24470;9224;59
SAO PEDRO;Baixa Vulnerabilidade;3457;1252;8
SAO PEDRO;Média Vulnerabilidade;3063;1094;5
SAO PEDRO;Alta Vulnerabilidade;4650;1557;7
SAO PEDRO;Muito Alta Vulnerabilidade;1506;441;1
SAO PEDRO DO TURVO;Muito Baixa Vulnerabilidade;3009;1108;12
SAO PEDRO DO TURVO;Média Vulnerabilidade;1757;630;7
SAO PEDRO DO TURVO;Alta Vulnerabilidade;2308;820;5
SAO ROQUE;Baixíssima Vulnerabilidade;2467;904;7
SAO ROQUE;Muito Baixa Vulnerabilidade;46642;17298;86
SAO ROQUE;Baixa Vulnerabilidade;9293;3439;15
SAO ROQUE;Média Vulnerabilidade;10376;3388;24
SAO ROQUE;Alta Vulnerabilidade;5276;1760;9
SAO ROQUE;Muito Alta Vulnerabilidade;2216;698;6
SAO SEBASTIAO;Baixíssima Vulnerabilidade;1149;428;5
SAO SEBASTIAO;Muito Baixa Vulnerabilidade;30179;11337;101
SAO SEBASTIAO;Baixa Vulnerabilidade;5770;2134;18
SAO SEBASTIAO;Média Vulnerabilidade;3568;1216;8
SAO SEBASTIAO;Alta Vulnerabilidade;13092;4472;30
SAO SEBASTIAO;Muito Alta Vulnerabilidade;24678;8326;50
SAO SEBASTIAO DA GRAMA;Muito Baixa Vulnerabilidade;5071;1934;11
SAO SEBASTIAO DA GRAMA;Baixa Vulnerabilidade;810;293;3
SAO SEBASTIAO DA GRAMA;Média Vulnerabilidade;4144;1512;8
SAO SEBASTIAO DA GRAMA;Alta Vulnerabilidade;215;71;1
SAO SIMAO;Muito Baixa Vulnerabilidade;9545;3597;23
SAO SIMAO;Média Vulnerabilidade;2785;913;5
SAO SIMAO;Alta Vulnerabilidade;885;290;1
SAO VICENTE;Baixíssima Vulnerabilidade;871;337;2
SAO VICENTE;Muito Baixa Vulnerabilidade;160874;62744;317
SAO VICENTE;Baixa Vulnerabilidade;28059;10474;51
SAO VICENTE;Média Vulnerabilidade;28541;10138;53
SAO VICENTE;Alta Vulnerabilidade;19992;6934;33
SAO VICENTE;Muito Alta Vulnerabilidade;84765;28704;160
SARAPUI;Baixíssima Vulnerabilidade;685;230;1
SARAPUI;Muito Baixa Vulnerabilidade;2339;834;7
SARAPUI;Baixa Vulnerabilidade;2584;953;4
SARAPUI;Média Vulnerabilidade;3239;1147;10
SARAPUI;Alta Vulnerabilidade;1219;456;3
SARUTAIA;Muito Baixa Vulnerabilidade;472;189;2
SARUTAIA;Média Vulnerabilidade;1710;622;5
SARUTAIA;Alta Vulnerabilidade;1381;519;3
SEBASTIANOPOLIS DO SUL;Muito Baixa Vulnerabilidade;1156;446;3
SEBASTIANOPOLIS DO SUL;Média Vulnerabilidade;1683;692;4
SEBASTIANOPOLIS DO SUL;Alta Vulnerabilidade;285;108;1
SERRA AZUL;Muito Baixa Vulnerabilidade;2189;766;4
SERRA AZUL;Média Vulnerabilidade;4381;1508;9
SERRA AZUL;Alta Vulnerabilidade;2046;655;3
SERRANA;Baixíssima Vulnerabilidade;810;290;1
SERRANA;Muito Baixa Vulnerabilidade;5914;2032;10
SERRANA;Baixa Vulnerabilidade;8573;2927;14
SERRANA;Média Vulnerabilidade;4892;1638;11
SERRANA;Alta Vulnerabilidade;23566;7990;36
SERRA NEGRA;Muito Baixa Vulnerabilidade;17060;6769;47
SERRA NEGRA;Baixa Vulnerabilidade;1940;702;4
SERRA NEGRA;Média Vulnerabilidade;7009;2331;14
SERRA NEGRA;Alta Vulnerabilidade;3074;1113;7
SERTAOZINHO;Baixíssima Vulnerabilidade;5399;1986;13
SERTAOZINHO;Muito Baixa Vulnerabilidade;63859;23255;139
SERTAOZINHO;Baixa Vulnerabilidade;15065;5633;36
SERTAOZINHO;Média Vulnerabilidade;18029;6322;37
SERTAOZINHO;Alta Vulnerabilidade;24167;8605;50
SETE BARRAS;Muito Baixa Vulnerabilidade;1826;633;2
SETE BARRAS;Baixa Vulnerabilidade;179;66;1
SETE BARRAS;Média Vulnerabilidade;6472;2335;18
SETE BARRAS;Alta Vulnerabilidade;3775;1311;8
SEVERINIA;Muito Baixa Vulnerabilidade;2668;945;8
SEVERINIA;Baixa Vulnerabilidade;996;314;2
SEVERINIA;Média Vulnerabilidade;3370;1224;7
SEVERINIA;Alta Vulnerabilidade;7423;2548;14
SILVEIRAS;Muito Baixa Vulnerabilidade;1647;603;3
SILVEIRAS;Média Vulnerabilidade;4171;1487;15
SILVEIRAS;Alta Vulnerabilidade;202;80;1
SOCORRO;Baixíssima Vulnerabilidade;212;75;1
SOCORRO;Muito Baixa Vulnerabilidade;20101;7749;63
SOCORRO;Baixa Vulnerabilidade;3083;1216;9
SOCORRO;Média Vulnerabilidade;10684;3862;34
SOCORRO;Alta Vulnerabilidade;4999;1884;14
SOROCABA;Baixíssima Vulnerabilidade;63610;23655;112
SOROCABA;Muito Baixa Vulnerabilidade;369689;134684;549
SOROCABA;Baixa Vulnerabilidade;182069;68365;262
SOROCABA;Média Vulnerabilidade;23644;8065;38
SOROCABA;Alta Vulnerabilidade;67002;22376;96
SOROCABA;Muito Alta Vulnerabilidade;11731;3777;35
SUD MENNUCCI;Muito Baixa Vulnerabilidade;1377;524;5
SUD MENNUCCI;Média Vulnerabilidade;5395;2082;12
SUD MENNUCCI;Alta Vulnerabilidade;160;56;1
SUMARE;Baixíssima Vulnerabilidade;5313;1757;6
SUMARE;Muito Baixa Vulnerabilidade;122124;43927;200
SUMARE;Baixa Vulnerabilidade;61638;21878;87
SUMARE;Média Vulnerabilidade;25661;8977;39
SUMARE;Alta Vulnerabilidade;52932;18114;69
SUMARE;Muito Alta Vulnerabilidade;10979;3670;20
SUZANO;Baixíssima Vulnerabilidade;2848;987;8
SUZANO;Muito Baixa Vulnerabilidade;126592;44608;253
SUZANO;Baixa Vulnerabilidade;28103;10276;58
SUZANO;Média Vulnerabilidade;61533;20750;120
SUZANO;Alta Vulnerabilidade;65055;21820;116
SUZANO;Muito Alta Vulnerabilidade;20714;6637;52
SUZANAPOLIS;Muito Baixa Vulnerabilidade;225;77;1
SUZANAPOLIS;Baixa Vulnerabilidade;260;102;1
SUZANAPOLIS;Média Vulnerabilidade;2922;1100;7
TABAPUA;Muito Baixa Vulnerabilidade;4050;1617;11
TABAPUA;Baixa Vulnerabilidade;842;289;2
TABAPUA;Média Vulnerabilidade;5401;2085;14
TABAPUA;Alta Vulnerabilidade;553;195;2
TABATINGA;Muito Baixa Vulnerabilidade;3828;1428;10
TABATINGA;Baixa Vulnerabilidade;2132;837;5
TABATINGA;Média Vulnerabilidade;3948;1460;9
TABATINGA;Alta Vulnerabilidade;4569;1699;9
TABATINGA;Muito Alta Vulnerabilidade;154;55;1
TABOAO DA SERRA;Baixíssima Vulnerabilidade;10804;3731;22
TABOAO DA SERRA;Muito Baixa Vulnerabilidade;104601;38855;225
TABOAO DA SERRA;Baixa Vulnerabilidade;53923;19960;113
TABOAO DA SERRA;Média Vulnerabilidade;22507;8026;49
TABOAO DA SERRA;Alta Vulnerabilidade;38960;14083;80
TABOAO DA SERRA;Muito Alta Vulnerabilidade;41909;14551;91
TACIBA;Muito Baixa Vulnerabilidade;2494;964;7
TACIBA;Baixa Vulnerabilidade;229;86;1
TACIBA;Média Vulnerabilidade;2198;831;4
TACIBA;Alta Vulnerabilidade;1154;376;2
TAGUAI;Muito Baixa Vulnerabilidade;2009;721;6
TAGUAI;Baixa Vulnerabilidade;1466;497;3
TAGUAI;Média Vulnerabilidade;1913;664;6
TAGUAI;Alta Vulnerabilidade;7183;2440;16
TAIACU;Muito Baixa Vulnerabilidade;498;196;2
TAIACU;Média Vulnerabilidade;4110;1524;9
TAIACU;Alta Vulnerabilidade;1069;366;3
TAIUVA;Muito Baixa Vulnerabilidade;2046;795;5
TAIUVA;Baixa Vulnerabilidade;751;274;2
TAIUVA;Média Vulnerabilidade;1809;679;5
TAIUVA;Alta Vulnerabilidade;843;319;2
TAMBAU;Baixíssima Vulnerabilidade;158;57;1
TAMBAU;Muito Baixa Vulnerabilidade;14288;5192;30
TAMBAU;Média Vulnerabilidade;4964;1746;10
TAMBAU;Alta Vulnerabilidade;1641;511;2
TANABI;Baixíssima Vulnerabilidade;364;122;1
TANABI;Muito Baixa Vulnerabilidade;11392;4417;24
TANABI;Baixa Vulnerabilidade;969;364;2
TANABI;Média Vulnerabilidade;7230;2764;17
TANABI;Alta Vulnerabilidade;5213;1860;10
TAPIRAI;Muito Baixa Vulnerabilidade;934;336;2
TAPIRAI;Média Vulnerabilidade;3124;1114;9
TAPIRAI;Alta Vulnerabilidade;3704;1300;8
TAPIRATIBA;Muito Baixa Vulnerabilidade;5404;1993;11
TAPIRATIBA;Baixa Vulnerabilidade;960;349;2
TAPIRATIBA;Média Vulnerabilidade;3534;1251;7
TAPIRATIBA;Alta Vulnerabilidade;1538;497;3
TAQUARAL;Muito Baixa Vulnerabilidade;299;95;2
TAQUARAL;Média Vulnerabilidade;2187;810;4
TAQUARAL;Alta Vulnerabilidade;133;44;1
TAQUARITINGA;Muito Baixa Vulnerabilidade;20100;8028;50
TAQUARITINGA;Baixa Vulnerabilidade;5574;2122;11
TAQUARITINGA;Média Vulnerabilidade;14314;5443;34
TAQUARITINGA;Alta Vulnerabilidade;11901;4132;22
TAQUARITUBA;Muito Baixa Vulnerabilidade;8216;3103;27
TAQUARITUBA;Baixa Vulnerabilidade;736;265;2
TAQUARITUBA;Média Vulnerabilidade;5974;2072;15
TAQUARITUBA;Alta Vulnerabilidade;8013;2854;20
TAQUARIVAI;Muito Baixa Vulnerabilidade;1912;645;4
TAQUARIVAI;Baixa Vulnerabilidade;329;110;1
TAQUARIVAI;Média Vulnerabilidade;1772;618;4
TAQUARIVAI;Alta Vulnerabilidade;2776;932;7
TARABAI;Muito Baixa Vulnerabilidade;1164;401;2
TARABAI;Média Vulnerabilidade;4279;1548;8
TARABAI;Alta Vulnerabilidade;1032;358;3
TARUMA;Muito Baixa Vulnerabilidade;5256;1832;10
TARUMA;Baixa Vulnerabilidade;1570;519;3
TARUMA;Média Vulnerabilidade;6734;2459;13
TARUMA;Alta Vulnerabilidade;1219;390;2
TATUI;Baixíssima Vulnerabilidade;4422;1543;9
TATUI;Muito Baixa Vulnerabilidade;50744;18918;127
TATUI;Baixa Vulnerabilidade;18459;6632;38
TATUI;Média Vulnerabilidade;12959;4546;32
TATUI;Alta Vulnerabilidade;35051;11827;63
TAUBATE;Baixíssima Vulnerabilidade;14873;5484;32
TAUBATE;Muito Baixa Vulnerabilidade;193288;71537;404
TAUBATE;Baixa Vulnerabilidade;39071;15361;87
TAUBATE;Média Vulnerabilidade;31438;10588;63
TAUBATE;Alta Vulnerabilidade;29913;9483;49
TEJUPA;Muito Baixa Vulnerabilidade;191;65;1
TEJUPA;Média Vulnerabilidade;3022;1055;7
TEJUPA;Alta Vulnerabilidade;657;231;2
TEODORO SAMPAIO;Muito Baixa Vulnerabilidade;4015;1538;9
TEODORO SAMPAIO;Baixa Vulnerabilidade;3036;1094;7
TEODORO SAMPAIO;Média Vulnerabilidade;5465;1978;12
TEODORO SAMPAIO;Alta Vulnerabilidade;9578;3486;17
TERRA ROXA;Muito Baixa Vulnerabilidade;5209;1988;11
TERRA ROXA;Média Vulnerabilidade;1071;382;2
TERRA ROXA;Alta Vulnerabilidade;1343;471;2
TIETE;Baixíssima Vulnerabilidade;265;104;1
TIETE;Muito Baixa Vulnerabilidade;22662;8810;44
TIETE;Baixa Vulnerabilidade;3594;1247;4
TIETE;Média Vulnerabilidade;5993;1997;8
TIETE;Alta Vulnerabilidade;4876;1621;6
TIMBURI;Média Vulnerabilidade;1604;647;5
TIMBURI;Alta Vulnerabilidade;847;328;1
TORRE DE PEDRA;Muito Baixa Vulnerabilidade;529;218;2
TORRE DE PEDRA;Média Vulnerabilidade;995;393;3
TORRE DE PEDRA;Alta Vulnerabilidade;271;97;1
TORRINHA;Muito Baixa Vulnerabilidade;6089;2291;15
TORRINHA;Média Vulnerabilidade;1722;625;4
TORRINHA;Alta Vulnerabilidade;1214;411;2
TRABIJU;Média Vulnerabilidade;1476;528;3
TRABIJU;Alta Vulnerabilidade;204;70;1
TREMEMBE;Baixíssima Vulnerabilidade;5017;1657;11
TREMEMBE;Muito Baixa Vulnerabilidade;22922;8130;50
TREMEMBE;Baixa Vulnerabilidade;3004;996;6
TREMEMBE;Média Vulnerabilidade;2969;989;6
TREMEMBE;Alta Vulnerabilidade;6925;2217;14
TREMEMBE;Muito Alta Vulnerabilidade;2787;902;7
TRES FRONTEIRAS;Muito Baixa Vulnerabilidade;2191;807;6
TRES FRONTEIRAS;Média Vulnerabilidade;3569;1398;7
TRES FRONTEIRAS;Alta Vulnerabilidade;803;294;2
TUIUTI;Muito Baixa Vulnerabilidade;1831;694;7
TUIUTI;Média Vulnerabilidade;4095;1512;14
TUIUTI;Alta Vulnerabilidade;797;301;3
TUPA;Baixíssima Vulnerabilidade;854;311;2
TUPA;Muito Baixa Vulnerabilidade;31544;12281;71
TUPA;Baixa Vulnerabilidade;3641;1502;8
TUPA;Média Vulnerabilidade;16657;6227;34
TUPA;Alta Vulnerabilidade;9479;3329;13
TUPI PAULISTA;Muito Baixa Vulnerabilidade;11473;4580;29
TUPI PAULISTA;Baixa Vulnerabilidade;1019;399;2
TUPI PAULISTA;Média Vulnerabilidade;1373;530;5
TURIUBA;Muito Baixa Vulnerabilidade;339;148;1
TURIUBA;Média Vulnerabilidade;900;386;3
TURIUBA;Alta Vulnerabilidade;333;122;2
TURMALINA;Muito Baixa Vulnerabilidade;404;163;3
TURMALINA;Média Vulnerabilidade;1109;490;3
TURMALINA;Alta Vulnerabilidade;152;58;1
UBARANA;Média Vulnerabilidade;2160;785;4
UBARANA;Alta Vulnerabilidade;3201;1135;7
UBATUBA;Baixíssima Vulnerabilidade;1098;436;6
UBATUBA;Muito Baixa Vulnerabilidade;35177;13687;145
UBATUBA;Baixa Vulnerabilidade;7118;2642;17
UBATUBA;Média Vulnerabilidade;7970;2835;21
UBATUBA;Alta Vulnerabilidade;19118;6668;43
UBATUBA;Muito Alta Vulnerabilidade;16095;5416;38
UBIRAJARA;Muito Baixa Vulnerabilidade;750;269;3
UBIRAJARA;Baixa Vulnerabilidade;983;347;2
UBIRAJARA;Média Vulnerabilidade;1547;556;5
UBIRAJARA;Alta Vulnerabilidade;1661;599;5
UCHOA;Muito Baixa Vulnerabilidade;5991;2276;14
UCHOA;Baixa Vulnerabilidade;538;208;2
UCHOA;Média Vulnerabilidade;2483;961;6
UCHOA;Alta Vulnerabilidade;1086;426;2
UNIAO PAULISTA;Média Vulnerabilidade;935;345;2
UNIAO PAULISTA;Alta Vulnerabilidade;668;240;1
URANIA;Muito Baixa Vulnerabilidade;3891;1518;10
URANIA;Média Vulnerabilidade;4818;1881;11
URU;Média Vulnerabilidade;1311;506;3
URUPES;Muito Baixa Vulnerabilidade;7506;2882;16
URUPES;Baixa Vulnerabilidade;257;91;1
URUPES;Média Vulnerabilidade;5377;2004;13
URUPES;Alta Vulnerabilidade;574;228;2
VALENTIM GENTIL;Muito Baixa Vulnerabilidade;8955;3295;14
VALENTIM GENTIL;Baixa Vulnerabilidade;1432;493;2
VALENTIM GENTIL;Média Vulnerabilidade;1159;417;3
VALENTIM GENTIL;Alta Vulnerabilidade;2421;933;4
VALINHOS;Baixíssima Vulnerabilidade;26601;9260;50
VALINHOS;Muito Baixa Vulnerabilidade;77460;28960;134
VALINHOS;Baixa Vulnerabilidade;13825;5335;21
VALINHOS;Média Vulnerabilidade;5326;1752;7
VALINHOS;Alta Vulnerabilidade;1775;606;3
VALPARAISO;Muito Baixa Vulnerabilidade;8425;3203;20
VALPARAISO;Baixa Vulnerabilidade;1703;578;3
VALPARAISO;Média Vulnerabilidade;4566;1696;10
VALPARAISO;Alta Vulnerabilidade;6248;2168;11
VARGEM;Muito Baixa Vulnerabilidade;3114;1091;9
VARGEM;Baixa Vulnerabilidade;510;173;1
VARGEM;Média Vulnerabilidade;2908;1031;11
VARGEM;Alta Vulnerabilidade;3640;1247;7
VARGEM GRANDE DO SUL;Muito Baixa Vulnerabilidade;18474;6933;40
VARGEM GRANDE DO SUL;Baixa Vulnerabilidade;694;268;1
VARGEM GRANDE DO SUL;Média Vulnerabilidade;17299;6157;26
VARGEM GRANDE DO SUL;Alta Vulnerabilidade;3397;1180;6
VARGEM GRANDE PAULISTA;Baixíssima Vulnerabilidade;6692;2176;20
VARGEM GRANDE PAULISTA;Muito Baixa Vulnerabilidade;21062;7475;53
VARGEM GRANDE PAULISTA;Baixa Vulnerabilidade;8431;3075;19
VARGEM GRANDE PAULISTA;Média Vulnerabilidade;3183;1165;7
VARGEM GRANDE PAULISTA;Alta Vulnerabilidade;10610;3640;20
VARZEA PAULISTA;Baixíssima Vulnerabilidade;463;145;1
VARZEA PAULISTA;Muito Baixa Vulnerabilidade;58373;20751;124
VARZEA PAULISTA;Baixa Vulnerabilidade;19384;6756;37
VARZEA PAULISTA;Média Vulnerabilidade;8681;3243;18
VARZEA PAULISTA;Alta Vulnerabilidade;12650;4410;25
VARZEA PAULISTA;Muito Alta Vulnerabilidade;15337;4948;27
VERA CRUZ;Muito Baixa Vulnerabilidade;6042;2149;13
VERA CRUZ;Baixa Vulnerabilidade;363;122;1
VERA CRUZ;Média Vulnerabilidade;955;359;3
VERA CRUZ;Alta Vulnerabilidade;2724;924;4
VINHEDO;Baixíssima Vulnerabilidade;22317;7957;43
VINHEDO;Muito Baixa Vulnerabilidade;28867;10576;57
VINHEDO;Baixa Vulnerabilidade;18387;6524;27
VINHEDO;Alta Vulnerabilidade;5935;2091;9
VIRADOURO;Baixíssima Vulnerabilidade;210;76;1
VIRADOURO;Muito Baixa Vulnerabilidade;5541;2107;14
VIRADOURO;Baixa Vulnerabilidade;2259;814;4
VIRADOURO;Média Vulnerabilidade;4621;1577;9
VIRADOURO;Alta Vulnerabilidade;4573;1594;9
VISTA ALEGRE DO ALTO;Muito Baixa Vulnerabilidade;3734;1377;8
VISTA ALEGRE DO ALTO;Baixa Vulnerabilidade;502;164;1
VISTA ALEGRE DO ALTO;Média Vulnerabilidade;1170;403;2
VISTA ALEGRE DO ALTO;Alta Vulnerabilidade;2641;899;4
VITORIA BRASIL;Muito Baixa Vulnerabilidade;249;93;1
VITORIA BRASIL;Baixa Vulnerabilidade;154;54;1
VITORIA BRASIL;Média Vulnerabilidade;1359;533;3
VOTORANTIM;Baixíssima Vulnerabilidade;4606;1640;9
VOTORANTIM;Muito Baixa Vulnerabilidade;70115;24434;101
VOTORANTIM;Baixa Vulnerabilidade;33751;12401;52
VOTORANTIM;Média Vulnerabilidade;2360;764;6
VOTORANTIM;Alta Vulnerabilidade;10883;3497;16
VOTORANTIM;Muito Alta Vulnerabilidade;4465;1373;11
VOTUPORANGA;Baixíssima Vulnerabilidade;2019;766;4
VOTUPORANGA;Muito Baixa Vulnerabilidade;46540;18139;68
VOTUPORANGA;Baixa Vulnerabilidade;19316;7756;26
VOTUPORANGA;Média Vulnerabilidade;9123;3481;15
VOTUPORANGA;Alta Vulnerabilidade;19360;7140;29
ZACARIAS;Muito Baixa Vulnerabilidade;942;364;4
ZACARIAS;Baixa Vulnerabilidade;104;39;1
ZACARIAS;Média Vulnerabilidade;1535;609;4
CHAVANTES;Muito Baixa Vulnerabilidade;4549;1703;11
CHAVANTES;Baixa Vulnerabilidade;539;200;1
CHAVANTES;Média Vulnerabilidade;3966;1365;8
CHAVANTES;Alta Vulnerabilidade;2846;984;8
ESTIVA GERBI;Baixíssima Vulnerabilidade;485;175;1
ESTIVA GERBI;Muito Baixa Vulnerabilidade;6343;2117;12
ESTIVA GERBI;Baixa Vulnerabilidade;624;211;1
ESTIVA GERBI;Média Vulnerabilidade;2968;1019;7
ESTIVA GERBI;Alta Vulnerabilidade;523;182;1
