municipio;clinica_estadual;consultorio_estadual;diagnose_terapia_estadual;hospital_estadual;outros_estadual;pronto_atendimento_estadual;saude_mental_estadual;ubs_estadual;unidade_movel_estadual;vigilancia_estadual;clinica_federal;consultorio_federal;diagnose_terapia_federal;hospital_federal;outros_federal;pronto_atendimento_federal;saude_mental_federal;ubs_federal;unidade_movel_federal;vigilancia_federal;clinica_municipal;consultorio_municipal;diagnose_terapia_municipal;hospital_municipal;outros_municipal;pronto_atendimento_municipal;saude_mental_municipal;ubs_municipal;unidade_movel_municipal;vigilancia_municipal;clinica_particular;consultorio_particular;diagnose_terapia_particular;hospital_particular;outros_particular;pronto_atendimento_particular;saude_mental_particular;ubs_particular;unidade_movel_particular;vigilancia_particular;clinica_total;consultorio_total;diagnose_terapia_total;hospital_total;outros_total;pronto_atendimento_total;saude_mental_total;ubs_total;unidade_movel_total;vigilancia_total
ADAMANTINA;0.0;0.0;0.0;0.0;0.0;0.0;0.0;0.0;1.0;0.0;0.0;0.0;0.0;0.0;0.0;0.0;0.0;0.0;0.0;0.0;3.0;0.0;1.0;0.0;3.0;0.0;1.0;9.0;1.0;3.0;18.0;131.0;17.0;2.0;2.0;0.0;0.0;0.0;1.0;0.0;21.0;131.0;18.0;2.0;5.0;0.0;1.0;9.0;3.0;3.0
ADOLFO;0.0;0.0;0.0;0.0;0.0;0.0;0.0;0.0;0.0;0.0;0.0;0.0;0.0;0.0;0.0;0.0;0.0;0.0;0.0;0.0;1.0;0.0;0.0;0.0;1.0;0.0;0.0;1.0;0.0;0.0;0.0;1.0;1.0;0.0;0.0;0.0;0.0;0.0;0.0;0.0;1.0;1.0;1.0;0.0;1.0;0.0;0.0;1.0;0.0;0.0
AGUAI;0.0;0.0;0.0;0.0;0.0;0.0;0.0;1.0;0.0;0.0;0.0;0.0;0.0;0.0;0.0;0.0;0.0;0.0;0.0;0.0;1.0;0.0;2.0;1.0;2.0;1.0;1.0;6.0;1.0;2.0;3.0;47.0;5.0;0.0;4.0;0.0;0.0;0.0;0.0;0.0;4.0;47.0;7.0;1.0;6.0;1.0;1.0;7.0;1.0;2.0
AGUAS DA PRATA;0.0;0.0;0.0;0.0;0.0;0.0;0.0;0.0;0.0;0.0;0.0;0.0;0.0;0.0;0.0;0.0;0.0;0.0;0.0;0.0;0.0;0.0;0.0;0.0;1.0;0.0;0.0;3.0;0.0;0.0;1.0;1.0;0.0;0.0;0.0;0.0;0.0;0.0;0.0;0.0;1.0;1.0;0.0;0.0;1.0;0.0;0.0;3.0;0.0;0.0
AGUAS DE LINDOIA;0.0;0.0;0.0;0.0;0.0;0.0;0.0;0.0;0.0;0.0;0.0;0.0;0.0;0.0;0.0;0.0;0.0;0.0;0.0;0.0;0.0;0.0;0.0;0.0;2.0;0.0;1.0;5.0;0.0;0.0;7.0;34.0;4.0;1.0;2.0;0.0;0.0;0.0;0.0;0.0;7.0;34.0;4.0;1.0;4.0;0.0;1.0;5.0;0.0;0.0
AGUAS DE SANTA BARBARA;0.0;0.0;0.0;0.0;0.0;0.0;0.0;0.0;0.0;0.0;0.0;0.0;0.0;0.0;0.0;0.0;0.0;0.0;0.0;0.0;0.0;0.0;0.0;0.0;1.0;0.0;0.0;4.0;0.0;0.0;0.0;5.0;1.0;0.0;0.0;0.0;0.0;0.0;0.0;0.0;0.0;5.0;1.0;0.0;1.0;0.0;0.0;4.0;0.0;0.0
AGUAS DE SAO PEDRO;0.0;0.0;0.0;0.0;0.0;0.0;0.0;0.0;0.0;0.0;0.0;0.0;0.0;0.0;0.0;0.0;0.0;0.0;0.0;0.0;0.0;0.0;0.0;0.0;1.0;1.0;0.0;1.0;0.0;0.0;0.0;2.0;0.0;0.0;0.0;0.0;0.0;0.0;0.0;0.0;0.0;2.0;0.0;0.0;1.0;1.0;0.0;1.0;0.0;0.0
AGUDOS;0.0;0.0;0.0;0.0;0.0;0.0;0.0;0.0;0.0;0.0;0.0;0.0;0.0;0.0;0.0;0.0;0.0;0.0;0.0;0.0;2.0;0.0;0.0;0.0;1.0;1.0;1.0;7.0;1.0;0.0;2.0;25.0;1.0;1.0;0.0;0.0;0.0;0.0;0.0;0.0;4.0;25.0;1.0;1.0;1.0;1.0;1.0;7.0;1.0;0.0
ALAMBARI;0.0;0.0;0.0;0.0;0.0;0.0;0.0;0.0;0.0;0.0;0.0;0.0;0.0;0.0;0.0;0.0;0.0;0.0;0.0;0.0;0.0;0.0;0.0;0.0;2.0;0.0;0.0;4.0;1.0;0.0;1.0;2.0;0.0;0.0;0.0;0.0;0.0;0.0;0.0;0.0;1.0;2.0;0.0;0.0;2.0;0.0;0.0;4.0;1.0;0.0
ALFREDO MARCONDES;0.0;0.0;0.0;0.0;0.0;0.0;0.0;0.0;0.0;0.0;0.0;0.0;0.0;0.0;0.0;0.0;0.0;0.0;0.0;0.0;0.0;0.0;0.0;0.0;2.0;0.0;0.0;2.0;0.0;2.0;0.0;2.0;0.0;0.0;0.0;0.0;0.0;0.0;0.0;0.0;0.0;2.0;0.0;0.0;2.0;0.0;0.0;2.0;0.0;2.0
ALTAIR;0.0;0.0;0.0;0.0;0.0;0.0;0.0;0.0;0.0;0.0;0.0;0.0;0.0;0.0;0.0;0.0;0.0;0.0;0.0;0.0;1.0;0.0;0.0;0.0;2.0;0.0;0.0;3.0;1.0;0.0;0.0;1.0;0.0;0.0;0.0;0.0;0.0;0.0;0.0;0.0;1.0;1.0;0.0;0.0;2.0;0.0;0.0;3.0;1.0;0.0
ALTINOPOLIS;0.0;0.0;0.0;0.0;0.0;0.0;0.0;0.0;0.0;0.0;0.0;0.0;0.0;0.0;0.0;0.0;0.0;0.0;0.0;0.0;3.0;0.0;1.0;0.0;2.0;0.0;0.0;8.0;1.0;1.0;6.0;27.0;0.0;1.0;0.0;0.0;0.0;0.0;0.0;0.0;9.0;27.0;1.0;1.0;2.0;0.0;0.0;8.0;1.0;1.0
ALTO ALEGRE;0.0;0.0;0.0;0.0;0.0;0.0;0.0;0.0;0.0;0.0;0.0;0.0;0.0;0.0;0.0;0.0;0.0;0.0;0.0;0.0;1.0;0.0;0.0;1.0;1.0;0.0;0.0;3.0;0.0;0.0;0.0;2.0;0.0;0.0;0.0;0.0;0.0;0.0;0.0;0.0;1.0;2.0;0.0;1.0;1.0;0.0;0.0;3.0;0.0;0.0
ALUMINIO;0.0;0.0;0.0;0.0;0.0;0.0;0.0;0.0;0.0;0.0;0.0;0.0;0.0;0.0;0.0;0.0;0.0;0.0;0.0;0.0;1.0;1.0;0.0;0.0;2.0;1.0;0.0;2.0;0.0;0.0;6.0;4.0;1.0;0.0;0.0;0.0;0.0;0.0;0.0;0.0;7.0;5.0;1.0;0.0;2.0;1.0;0.0;2.0;0.0;0.0
ALVARES FLORENCE;0.0;0.0;0.0;0.0;0.0;0.0;0.0;0.0;0.0;0.0;0.0;0.0;0.0;0.0;0.0;0.0;0.0;0.0;0.0;0.0;1.0;0.0;0.0;0.0;1.0;0.0;0.0;3.0;0.0;0.0;0.0;1.0;0.0;0.0;0.0;0.0;0.0;0.0;0.0;0.0;1.0;1.0;0.0;0.0;1.0;0.0;0.0;3.0;0.0;0.0
ALVARES MACHADO;0.0;0.0;0.0;0.0;0.0;0.0;0.0;0.0;0.0;0.0;0.0;0.0;0.0;0.0;0.0;0.0;0.0;0.0;0.0;0.0;2.0;0.0;0.0;0.0;3.0;0.0;1.0;7.0;0.0;0.0;3.0;5.0;4.0;1.0;0.0;0.0;0.0;0.0;0.0;0.0;5.0;5.0;4.0;1.0;3.0;0.0;1.0;7.0;0.0;0.0
ALVARO DE CARVALHO;0.0;0.0;0.0;0.0;0.0;0.0;0.0;2.0;0.0;0.0;0.0;0.0;0.0;0.0;0.0;0.0;0.0;0.0;0.0;0.0;0.0;0.0;0.0;0.0;1.0;0.0;0.0;1.0;0.0;0.0;0.0;0.0;0.0;0.0;0.0;0.0;0.0;0.0;0.0;0.0;0.0;0.0;0.0;0.0;1.0;0.0;0.0;3.0;0.0;0.0
ALVINLANDIA;0.0;0.0;0.0;0.0;0.0;0.0;0.0;0.0;0.0;0.0;0.0;0.0;0.0;0.0;0.0;0.0;0.0;0.0;0.0;0.0;0.0;0.0;0.0;0.0;2.0;0.0;0.0;1.0;0.0;0.0;0.0;0.0;0.0;0.0;0.0;0.0;0.0;0.0;0.0;0.0;0.0;0.0;0.0;0.0;2.0;0.0;0.0;1.0;0.0;0.0
AMERICANA;0.0;0.0;0.0;0.0;0.0;0.0;0.0;1.0;1.0;0.0;0.0;0.0;0.0;0.0;0.0;0.0;0.0;0.0;0.0;0.0;4.0;0.0;0.0;1.0;5.0;3.0;3.0;21.0;0.0;1.0;46.0;968.0;52.0;5.0;9.0;0.0;0.0;0.0;0.0;0.0;50.0;968.0;52.0;6.0;14.0;3.0;3.0;22.0;1.0;1.0
AMERICO BRASILIENSE;0.0;0.0;0.0;2.0;0.0;0.0;0.0;0.0;0.0;0.0;0.0;0.0;0.0;0.0;0.0;0.0;0.0;0.0;0.0;0.0;2.0;0.0;0.0;0.0;6.0;0.0;1.0;6.0;2.0;2.0;3.0;11.0;1.0;0.0;0.0;1.0;0.0;0.0;0.0;0.0;5.0;11.0;1.0;2.0;6.0;1.0;1.0;6.0;2.0;2.0
AMERICO DE CAMPOS;0.0;0.0;0.0;0.0;0.0;0.0;0.0;0.0;0.0;0.0;0.0;0.0;0.0;0.0;0.0;0.0;0.0;0.0;0.0;0.0;1.0;0.0;0.0;0.0;1.0;0.0;0.0;2.0;0.0;1.0;1.0;3.0;1.0;0.0;1.0;0.0;0.0;0.0;0.0;0.0;2.0;3.0;1.0;0.0;2.0;0.0;0.0;2.0;0.0;1.0
AMPARO;1.0;0.0;0.0;0.0;0.0;0.0;0.0;0.0;0.0;0.0;0.0;0.0;0.0;0.0;0.0;0.0;0.0;0.0;0.0;0.0;6.0;0.0;1.0;0.0;5.0;1.0;2.0;16.0;1.0;1.0;18.0;223.0;37.0;3.0;6.0;1.0;0.0;0.0;1.0;0.0;25.0;223.0;38.0;3.0;11.0;2.0;2.0;16.0;2.0;1.0
ANALANDIA;0.0;0.0;0.0;0.0;0.0;0.0;0.0;0.0;0.0;0.0;0.0;0.0;0.0;0.0;0.0;0.0;0.0;0.0;0.0;0.0;0.0;0.0;0.0;0.0;2.0;0.0;0.0;2.0;0.0;0.0;0.0;3.0;1.0;0.0;0.0;0.0;0.0;0.0;0.0;0.0;0.0;3.0;1.0;0.0;2.0;0.0;0.0;2.0;0.0;0.0
ANDRADINA;1.0;0.0;0.0;0.0;0.0;0.0;0.0;1.0;0.0;0.0;0.0;0.0;0.0;0.0;0.0;0.0;0.0;0.0;0.0;0.0;6.0;0.0;1.0;0.0;4.0;1.0;2.0;6.0;0.0;2.0;11.0;258.0;10.0;2.0;7.0;1.0;0.0;0.0;22.0;0.0;18.0;258.0;11.0;2.0;11.0;2.0;2.0;7.0;22.0;2.0
APIAI;0.0;0.0;0.0;0.0;0.0;0.0;0.0;0.0;0.0;0.0;0.0;0.0;0.0;0.0;0.0;0.0;0.0;0.0;0.0;0.0;5.0;0.0;1.0;0.0;3.0;0.0;1.0;9.0;1.0;0.0;0.0;26.0;3.0;1.0;0.0;0.0;0.0;0.0;0.0;0.0;5.0;26.0;4.0;1.0;3.0;0.0;1.0;9.0;1.0;0.0
ARACARIGUAMA;0.0;0.0;0.0;0.0;0.0;0.0;0.0;0.0;0.0;0.0;0.0;0.0;0.0;0.0;0.0;0.0;0.0;0.0;0.0;0.0;2.0;0.0;0.0;0.0;2.0;1.0;1.0;3.0;1.0;0.0;2.0;11.0;2.0;0.0;0.0;0.0;0.0;0.0;1.0;0.0;4.0;11.0;2.0;0.0;2.0;1.0;1.0;3.0;2.0;0.0
ARACATUBA;5.0;3.0;1.0;0.0;4.0;0.0;0.0;1.0;1.0;1.0;0.0;0.0;0.0;0.0;0.0;0.0;0.0;0.0;0.0;0.0;7.0;5.0;1.0;0.0;3.0;1.0;3.0;20.0;3.0;2.0;52.0;489.0;33.0;4.0;24.0;1.0;0.0;0.0;2.0;0.0;64.0;497.0;35.0;4.0;31.0;2.0;3.0;21.0;6.0;3.0
ARACOIABA DA SERRA;0.0;0.0;0.0;0.0;0.0;0.0;0.0;0.0;0.0;0.0;0.0;0.0;0.0;0.0;0.0;0.0;0.0;0.0;0.0;0.0;2.0;0.0;0.0;0.0;3.0;1.0;1.0;8.0;0.0;0.0;5.0;9.0;2.0;8.0;2.0;0.0;0.0;0.0;0.0;0.0;7.0;9.0;2.0;8.0;5.0;1.0;1.0;8.0;0.0;0.0
ARAMINA;0.0;0.0;0.0;0.0;0.0;0.0;0.0;0.0;0.0;0.0;0.0;0.0;0.0;0.0;0.0;0.0;0.0;0.0;0.0;0.0;0.0;3.0;1.0;0.0;2.0;0.0;0.0;5.0;0.0;1.0;0.0;3.0;0.0;0.0;1.0;0.0;0.0;0.0;0.0;0.0;0.0;6.0;1.0;0.0;3.0;0.0;0.0;5.0;0.0;1.0
ARANDU;0.0;0.0;0.0;0.0;0.0;0.0;0.0;0.0;0.0;0.0;0.0;0.0;0.0;0.0;0.0;0.0;0.0;0.0;0.0;0.0;0.0;0.0;0.0;1.0;1.0;0.0;0.0;1.0;0.0;0.0;0.0;2.0;0.0;0.0;0.0;0.0;0.0;0.0;0.0;0.0;0.0;2.0;0.0;1.0;1.0;0.0;0.0;1.0;0.0;0.0
ARAPEI;0.0;0.0;0.0;0.0;0.0;0.0;0.0;0.0;0.0;0.0;0.0;0.0;0.0;0.0;0.0;0.0;0.0;0.0;0.0;0.0;0.0;0.0;0.0;0.0;1.0;0.0;0.0;2.0;0.0;0.0;0.0;0.0;0.0;0.0;0.0;0.0;0.0;0.0;0.0;0.0;0.0;0.0;0.0;0.0;1.0;0.0;0.0;2.0;0.0;0.0
ARARAQUARA;1.0;1.0;1.0;0.0;4.0;0.0;0.0;4.0;1.0;0.0;0.0;0.0;0.0;0.0;0.0;0.0;0.0;0.0;0.0;0.0;12.0;3.0;3.0;2.0;10.0;3.0;2.0;37.0;12.0;3.0;83.0;721.0;24.0;7.0;14.0;1.0;0.0;0.0;3.0;0.0;96.0;725.0;28.0;9.0;28.0;4.0;2.0;41.0;16.0;3.0
ARARAS;0.0;0.0;0.0;0.0;0.0;0.0;0.0;0.0;0.0;0.0;0.0;0.0;0.0;0.0;0.0;0.0;0.0;0.0;0.0;0.0;3.0;0.0;0.0;0.0;3.0;1.0;3.0;26.0;5.0;2.0;32.0;258.0;14.0;4.0;8.0;0.0;0.0;0.0;0.0;0.0;35.0;258.0;14.0;4.0;11.0;1.0;3.0;26.0;5.0;2.0
ARCO-IRIS;0.0;0.0;0.0;0.0;0.0;0.0;0.0;0.0;0.0;0.0;0.0;0.0;0.0;0.0;0.0;0.0;0.0;0.0;0.0;0.0;0.0;0.0;0.0;0.0;1.0;0.0;0.0;1.0;0.0;0.0;0.0;0.0;0.0;0.0;0.0;0.0;0.0;0.0;0.0;0.0;0.0;0.0;0.0;0.0;1.0;0.0;0.0;1.0;0.0;0.0
AREALVA;0.0;0.0;0.0;0.0;0.0;0.0;0.0;0.0;0.0;0.0;0.0;0.0;0.0;0.0;0.0;0.0;0.0;0.0;0.0;0.0;0.0;0.0;0.0;0.0;3.0;0.0;0.0;5.0;1.0;0.0;1.0;0.0;0.0;1.0;2.0;0.0;0.0;0.0;0.0;0.0;1.0;0.0;0.0;1.0;5.0;0.0;0.0;5.0;1.0;0.0
AREIAS;0.0;0.0;0.0;0.0;0.0;0.0;0.0;0.0;0.0;0.0;0.0;0.0;0.0;0.0;0.0;0.0;0.0;0.0;0.0;0.0;0.0;0.0;0.0;0.0;2.0;0.0;0.0;2.0;0.0;0.0;0.0;0.0;0.0;0.0;0.0;0.0;0.0;0.0;0.0;0.0;0.0;0.0;0.0;0.0;2.0;0.0;0.0;2.0;0.0;0.0
AREIOPOLIS;0.0;0.0;0.0;0.0;0.0;0.0;0.0;0.0;0.0;0.0;0.0;0.0;0.0;0.0;0.0;0.0;0.0;0.0;0.0;0.0;1.0;0.0;0.0;0.0;2.0;0.0;0.0;3.0;1.0;0.0;1.0;5.0;2.0;0.0;0.0;0.0;0.0;0.0;0.0;0.0;2.0;5.0;2.0;0.0;2.0;0.0;0.0;3.0;1.0;0.0
ARIRANHA;0.0;0.0;0.0;0.0;0.0;0.0;0.0;0.0;0.0;0.0;0.0;0.0;0.0;0.0;0.0;0.0;0.0;0.0;0.0;0.0;1.0;0.0;1.0;0.0;1.0;1.0;0.0;3.0;0.0;0.0;0.0;6.0;1.0;0.0;0.0;0.0;0.0;0.0;0.0;0.0;1.0;6.0;2.0;0.0;1.0;1.0;0.0;3.0;0.0;0.0
ARTUR NOGUEIRA;0.0;0.0;0.0;0.0;0.0;0.0;0.0;0.0;0.0;0.0;0.0;0.0;0.0;0.0;0.0;0.0;0.0;0.0;0.0;0.0;2.0;0.0;1.0;1.0;4.0;0.0;1.0;13.0;1.0;0.0;8.0;62.0;7.0;0.0;4.0;0.0;0.0;4.0;0.0;0.0;10.0;62.0;8.0;1.0;8.0;0.0;1.0;17.0;1.0;0.0
ARUJA;0.0;0.0;0.0;0.0;0.0;0.0;0.0;0.0;0.0;0.0;0.0;0.0;0.0;0.0;0.0;0.0;0.0;0.0;0.0;0.0;3.0;0.0;0.0;1.0;2.0;0.0;0.0;8.0;1.0;1.0;23.0;39.0;8.0;0.0;2.0;3.0;0.0;0.0;0.0;0.0;26.0;39.0;8.0;1.0;4.0;3.0;0.0;8.0;1.0;1.0
ASPASIA;0.0;0.0;0.0;0.0;0.0;0.0;0.0;0.0;0.0;0.0;0.0;0.0;0.0;0.0;0.0;0.0;0.0;0.0;0.0;0.0;0.0;0.0;0.0;0.0;1.0;0.0;0.0;1.0;0.0;0.0;0.0;0.0;0.0;0.0;0.0;0.0;0.0;0.0;0.0;0.0;0.0;0.0;0.0;0.0;1.0;0.0;0.0;1.0;0.0;0.0
ASSIS;1.0;0.0;0.0;1.0;3.0;0.0;0.0;1.0;0.0;0.0;0.0;0.0;0.0;0.0;0.0;0.0;0.0;0.0;0.0;0.0;13.0;0.0;0.0;0.0;10.0;2.0;3.0;22.0;2.0;0.0;27.0;425.0;21.0;9.0;9.0;0.0;0.0;0.0;0.0;0.0;41.0;425.0;21.0;10.0;22.0;2.0;3.0;23.0;2.0;0.0
ATIBAIA;1.0;0.0;1.0;0.0;0.0;0.0;0.0;0.0;0.0;0.0;0.0;0.0;0.0;0.0;0.0;0.0;0.0;0.0;0.0;0.0;5.0;0.0;3.0;0.0;4.0;1.0;3.0;18.0;4.0;2.0;62.0;309.0;46.0;6.0;17.0;0.0;0.0;0.0;0.0;0.0;68.0;309.0;50.0;6.0;21.0;1.0;3.0;18.0;4.0;2.0
AURIFLAMA;0.0;0.0;0.0;0.0;0.0;0.0;0.0;0.0;0.0;0.0;0.0;0.0;0.0;0.0;0.0;0.0;0.0;0.0;0.0;0.0;1.0;0.0;0.0;0.0;2.0;0.0;0.0;5.0;0.0;1.0;1.0;19.0;3.0;1.0;0.0;0.0;0.0;0.0;0.0;0.0;2.0;19.0;3.0;1.0;2.0;0.0;0.0;5.0;0.0;1.0
AVAI;0.0;0.0;0.0;0.0;0.0;0.0;0.0;0.0;0.0;0.0;0.0;0.0;0.0;0.0;0.0;0.0;0.0;0.0;0.0;0.0;0.0;0.0;0.0;0.0;1.0;0.0;0.0;3.0;0.0;0.0;0.0;0.0;0.0;0.0;0.0;0.0;0.0;0.0;0.0;0.0;0.0;0.0;0.0;0.0;1.0;0.0;0.0;3.0;0.0;0.0
AVANHANDAVA;0.0;0.0;0.0;0.0;0.0;0.0;0.0;1.0;0.0;0.0;0.0;0.0;0.0;0.0;0.0;0.0;0.0;0.0;0.0;0.0;1.0;0.0;0.0;0.0;2.0;0.0;0.0;4.0;0.0;0.0;1.0;4.0;1.0;0.0;2.0;0.0;0.0;0.0;0.0;0.0;2.0;4.0;1.0;0.0;4.0;0.0;0.0;5.0;0.0;0.0
AVARE;1.0;0.0;0.0;0.0;1.0;0.0;0.0;3.0;0.0;0.0;0.0;0.0;0.0;0.0;0.0;0.0;0.0;0.0;0.0;0.0;6.0;1.0;0.0;0.0;2.0;1.0;1.0;18.0;2.0;2.0;9.0;254.0;19.0;1.0;9.0;0.0;0.0;0.0;0.0;0.0;16.0;255.0;19.0;1.0;12.0;1.0;1.0;21.0;2.0;2.0
BADY BASSITT;0.0;0.0;0.0;0.0;0.0;0.0;0.0;0.0;0.0;0.0;0.0;0.0;0.0;0.0;0.0;0.0;0.0;0.0;0.0;0.0;1.0;0.0;0.0;0.0;1.0;1.0;0.0;3.0;0.0;0.0;2.0;8.0;1.0;0.0;0.0;0.0;0.0;0.0;0.0;0.0;3.0;8.0;1.0;0.0;1.0;1.0;0.0;3.0;0.0;0.0
BALBINOS;0.0;0.0;0.0;0.0;0.0;0.0;0.0;2.0;0.0;0.0;0.0;0.0;0.0;0.0;0.0;0.0;0.0;0.0;0.0;0.0;0.0;0.0;0.0;0.0;1.0;0.0;0.0;2.0;0.0;0.0;0.0;0.0;0.0;0.0;0.0;0.0;0.0;0.0;0.0;0.0;0.0;0.0;0.0;0.0;1.0;0.0;0.0;4.0;0.0;0.0
BALSAMO;0.0;0.0;0.0;0.0;0.0;0.0;0.0;0.0;0.0;0.0;0.0;0.0;0.0;0.0;0.0;0.0;0.0;0.0;0.0;0.0;0.0;0.0;0.0;0.0;1.0;0.0;0.0;5.0;0.0;0.0;0.0;1.0;1.0;0.0;0.0;0.0;0.0;0.0;0.0;0.0;0.0;1.0;1.0;0.0;1.0;0.0;0.0;5.0;0.0;0.0
BANANAL;0.0;0.0;0.0;0.0;0.0;0.0;0.0;0.0;0.0;0.0;0.0;0.0;0.0;0.0;0.0;0.0;0.0;0.0;0.0;0.0;2.0;0.0;0.0;0.0;3.0;0.0;1.0;6.0;1.0;1.0;1.0;2.0;1.0;0.0;0.0;0.0;0.0;0.0;0.0;0.0;3.0;2.0;1.0;0.0;3.0;0.0;1.0;6.0;1.0;1.0
BARAO DE ANTONINA;0.0;0.0;0.0;0.0;0.0;0.0;0.0;0.0;0.0;0.0;0.0;0.0;0.0;0.0;0.0;0.0;0.0;0.0;0.0;0.0;0.0;0.0;0.0;0.0;2.0;0.0;0.0;2.0;0.0;0.0;0.0;0.0;0.0;0.0;0.0;0.0;0.0;0.0;0.0;0.0;0.0;0.0;0.0;0.0;2.0;0.0;0.0;2.0;0.0;0.0
BARBOSA;0.0;0.0;0.0;0.0;0.0;0.0;0.0;0.0;0.0;0.0;0.0;0.0;0.0;0.0;0.0;0.0;0.0;0.0;0.0;0.0;0.0;0.0;0.0;0.0;2.0;0.0;0.0;1.0;0.0;0.0;0.0;0.0;0.0;0.0;0.0;0.0;0.0;0.0;0.0;0.0;0.0;0.0;0.0;0.0;2.0;0.0;0.0;1.0;0.0;0.0
BARIRI;0.0;0.0;0.0;0.0;0.0;0.0;0.0;0.0;0.0;0.0;0.0;0.0;0.0;0.0;0.0;0.0;0.0;0.0;0.0;0.0;3.0;0.0;1.0;0.0;2.0;0.0;1.0;7.0;0.0;2.0;4.0;66.0;23.0;1.0;4.0;0.0;0.0;0.0;0.0;0.0;7.0;66.0;24.0;1.0;6.0;0.0;1.0;7.0;0.0;2.0
BARRA BONITA;0.0;0.0;0.0;0.0;0.0;0.0;0.0;0.0;0.0;0.0;0.0;0.0;0.0;0.0;0.0;0.0;0.0;0.0;0.0;0.0;1.0;0.0;1.0;0.0;3.0;0.0;1.0;8.0;0.0;0.0;6.0;78.0;11.0;1.0;2.0;0.0;0.0;0.0;0.0;0.0;7.0;78.0;12.0;1.0;5.0;0.0;1.0;8.0;0.0;0.0
BARRA DO CHAPEU;0.0;0.0;0.0;0.0;0.0;0.0;0.0;0.0;0.0;0.0;0.0;0.0;0.0;0.0;0.0;0.0;0.0;0.0;0.0;0.0;0.0;0.0;0.0;0.0;3.0;1.0;0.0;3.0;0.0;0.0;0.0;0.0;0.0;0.0;0.0;0.0;0.0;0.0;0.0;0.0;0.0;0.0;0.0;0.0;3.0;1.0;0.0;3.0;0.0;0.0
BARRA DO TURVO;0.0;0.0;0.0;0.0;0.0;0.0;0.0;0.0;0.0;0.0;0.0;0.0;0.0;0.0;0.0;0.0;0.0;0.0;0.0;0.0;0.0;0.0;0.0;0.0;1.0;1.0;0.0;5.0;1.0;0.0;0.0;0.0;0.0;0.0;0.0;0.0;0.0;0.0;0.0;0.0;0.0;0.0;0.0;0.0;1.0;1.0;0.0;5.0;1.0;0.0
BARRETOS;2.0;0.0;0.0;1.0;5.0;0.0;0.0;0.0;0.0;0.0;0.0;0.0;0.0;0.0;0.0;0.0;0.0;0.0;0.0;0.0;6.0;1.0;1.0;0.0;6.0;1.0;1.0;18.0;4.0;1.0;34.0;242.0;11.0;5.0;5.0;1.0;0.0;0.0;1.0;0.0;42.0;243.0;12.0;6.0;16.0;2.0;1.0;18.0;5.0;1.0
BARRINHA;0.0;0.0;0.0;0.0;0.0;0.0;0.0;0.0;0.0;0.0;0.0;0.0;0.0;0.0;0.0;0.0;0.0;0.0;0.0;0.0;5.0;0.0;2.0;0.0;2.0;0.0;0.0;7.0;1.0;3.0;5.0;21.0;4.0;0.0;0.0;1.0;0.0;1.0;0.0;0.0;10.0;21.0;6.0;0.0;2.0;1.0;0.0;8.0;1.0;3.0
BARUERI;0.0;0.0;0.0;1.0;0.0;0.0;0.0;0.0;0.0;0.0;0.0;0.0;0.0;0.0;0.0;0.0;0.0;0.0;0.0;0.0;8.0;6.0;1.0;2.0;8.0;6.0;3.0;21.0;0.0;2.0;106.0;514.0;21.0;6.0;18.0;1.0;0.0;0.0;1.0;0.0;114.0;520.0;22.0;9.0;26.0;7.0;3.0;21.0;1.0;2.0
BASTOS;0.0;0.0;0.0;0.0;0.0;0.0;0.0;0.0;0.0;0.0;0.0;0.0;0.0;0.0;0.0;0.0;0.0;0.0;0.0;0.0;4.0;0.0;2.0;0.0;6.0;1.0;1.0;6.0;0.0;1.0;8.0;14.0;2.0;1.0;0.0;0.0;0.0;0.0;0.0;0.0;12.0;14.0;4.0;1.0;6.0;1.0;1.0;6.0;0.0;1.0
BATATAIS;0.0;0.0;0.0;0.0;0.0;0.0;0.0;0.0;0.0;0.0;0.0;0.0;0.0;0.0;0.0;0.0;0.0;0.0;0.0;0.0;4.0;1.0;1.0;0.0;5.0;1.0;1.0;9.0;2.0;1.0;6.0;275.0;9.0;1.0;6.0;1.0;0.0;0.0;0.0;0.0;10.0;276.0;10.0;1.0;11.0;2.0;1.0;9.0;2.0;1.0
BAURU;2.0;0.0;1.0;7.0;4.0;0.0;0.0;5.0;0.0;0.0;0.0;0.0;0.0;0.0;1.0;0.0;0.0;0.0;0.0;0.0;13.0;0.0;0.0;0.0;8.0;5.0;5.0;25.0;11.0;4.0;79.0;799.0;37.0;7.0;26.0;0.0;0.0;1.0;1.0;0.0;94.0;799.0;38.0;14.0;39.0;5.0;5.0;31.0;12.0;4.0
BEBEDOURO;0.0;0.0;0.0;1.0;0.0;0.0;0.0;0.0;0.0;0.0;0.0;0.0;0.0;0.0;0.0;0.0;0.0;0.0;0.0;0.0;5.0;1.0;1.0;1.0;4.0;1.0;2.0;18.0;0.0;0.0;60.0;268.0;12.0;6.0;5.0;0.0;0.0;0.0;1.0;0.0;65.0;269.0;13.0;8.0;9.0;1.0;2.0;18.0;1.0;0.0
BENTO DE ABREU;0.0;0.0;0.0;0.0;0.0;0.0;0.0;0.0;0.0;0.0;0.0;0.0;0.0;0.0;0.0;0.0;0.0;0.0;0.0;0.0;0.0;0.0;0.0;0.0;1.0;0.0;0.0;1.0;0.0;0.0;0.0;0.0;0.0;0.0;0.0;0.0;0.0;0.0;0.0;0.0;0.0;0.0;0.0;0.0;1.0;0.0;0.0;1.0;0.0;0.0
BERNARDINO DE CAMPOS;0.0;0.0;0.0;0.0;0.0;0.0;0.0;1.0;0.0;0.0;0.0;0.0;0.0;0.0;0.0;0.0;0.0;0.0;0.0;0.0;2.0;0.0;0.0;0.0;1.0;0.0;1.0;3.0;1.0;0.0;1.0;7.0;3.0;1.0;0.0;0.0;0.0;0.0;0.0;0.0;3.0;7.0;3.0;1.0;1.0;0.0;1.0;4.0;1.0;0.0
BERTIOGA;0.0;0.0;0.0;0.0;0.0;0.0;0.0;0.0;0.0;0.0;0.0;0.0;0.0;0.0;0.0;0.0;0.0;0.0;0.0;0.0;5.0;0.0;0.0;1.0;3.0;0.0;1.0;7.0;3.0;2.0;11.0;33.0;8.0;0.0;34.0;0.0;0.0;0.0;2.0;0.0;16.0;33.0;8.0;1.0;37.0;0.0;1.0;7.0;5.0;2.0
BILAC;0.0;0.0;0.0;0.0;0.0;0.0;0.0;0.0;0.0;0.0;0.0;0.0;0.0;0.0;0.0;0.0;0.0;0.0;0.0;0.0;0.0;1.0;0.0;0.0;2.0;0.0;0.0;1.0;0.0;0.0;0.0;5.0;1.0;1.0;2.0;0.0;0.0;0.0;0.0;0.0;0.0;6.0;1.0;1.0;4.0;0.0;0.0;1.0;0.0;0.0
BIRIGUI;1.0;0.0;0.0;0.0;0.0;0.0;0.0;1.0;0.0;0.0;0.0;0.0;0.0;0.0;0.0;0.0;0.0;0.0;0.0;0.0;6.0;7.0;0.0;0.0;1.0;1.0;0.0;12.0;0.0;0.0;35.0;219.0;24.0;2.0;15.0;0.0;0.0;0.0;0.0;0.0;42.0;226.0;24.0;2.0;16.0;1.0;0.0;13.0;0.0;0.0
BIRITIBA-MIRIM;0.0;0.0;0.0;0.0;0.0;0.0;0.0;0.0;0.0;0.0;0.0;0.0;0.0;0.0;0.0;0.0;0.0;0.0;0.0;0.0;1.0;0.0;0.0;0.0;3.0;1.0;1.0;6.0;1.0;1.0;2.0;7.0;1.0;0.0;0.0;0.0;0.0;0.0;0.0;0.0;3.0;7.0;1.0;0.0;3.0;1.0;1.0;6.0;1.0;1.0
BOA ESPERANCA DO SUL;0.0;0.0;0.0;0.0;0.0;0.0;0.0;0.0;0.0;0.0;0.0;0.0;0.0;0.0;0.0;0.0;0.0;0.0;0.0;0.0;1.0;0.0;2.0;0.0;3.0;0.0;0.0;4.0;1.0;0.0;0.0;7.0;0.0;1.0;0.0;0.0;0.0;0.0;0.0;0.0;1.0;7.0;2.0;1.0;3.0;0.0;0.0;4.0;1.0;0.0
BOCAINA;0.0;0.0;0.0;0.0;0.0;0.0;0.0;0.0;0.0;0.0;0.0;0.0;0.0;0.0;0.0;0.0;0.0;0.0;0.0;0.0;1.0;0.0;0.0;0.0;1.0;0.0;0.0;4.0;0.0;0.0;2.0;15.0;2.0;1.0;0.0;0.0;0.0;0.0;0.0;0.0;3.0;15.0;2.0;1.0;1.0;0.0;0.0;4.0;0.0;0.0
BOFETE;0.0;0.0;0.0;0.0;0.0;0.0;0.0;0.0;0.0;0.0;0.0;0.0;0.0;0.0;0.0;0.0;0.0;0.0;0.0;0.0;0.0;0.0;0.0;0.0;0.0;1.0;0.0;7.0;1.0;1.0;1.0;2.0;1.0;0.0;0.0;0.0;0.0;0.0;0.0;0.0;1.0;2.0;1.0;0.0;0.0;1.0;0.0;7.0;1.0;1.0
BOITUVA;0.0;0.0;0.0;0.0;0.0;0.0;0.0;0.0;0.0;0.0;0.0;1.0;0.0;0.0;0.0;0.0;0.0;0.0;0.0;0.0;2.0;0.0;0.0;0.0;5.0;1.0;2.0;9.0;2.0;0.0;19.0;91.0;13.0;1.0;3.0;0.0;0.0;0.0;0.0;0.0;21.0;92.0;13.0;1.0;8.0;1.0;2.0;9.0;2.0;0.0
BOM JESUS DOS PERDOES;0.0;0.0;0.0;0.0;0.0;0.0;0.0;0.0;0.0;0.0;0.0;0.0;0.0;0.0;0.0;0.0;0.0;0.0;0.0;0.0;0.0;0.0;1.0;0.0;1.0;0.0;0.0;4.0;1.0;0.0;1.0;12.0;4.0;0.0;1.0;0.0;0.0;0.0;0.0;0.0;1.0;12.0;5.0;0.0;2.0;0.0;0.0;4.0;1.0;0.0
BOM SUCESSO DE ITARARE;0.0;0.0;0.0;0.0;0.0;0.0;0.0;0.0;0.0;0.0;0.0;0.0;0.0;0.0;0.0;0.0;0.0;0.0;0.0;0.0;0.0;0.0;0.0;0.0;3.0;0.0;0.0;2.0;1.0;1.0;0.0;0.0;0.0;0.0;0.0;0.0;0.0;0.0;0.0;0.0;0.0;0.0;0.0;0.0;3.0;0.0;0.0;2.0;1.0;1.0
BORA;0.0;0.0;0.0;0.0;0.0;0.0;0.0;0.0;0.0;0.0;0.0;0.0;0.0;0.0;0.0;0.0;0.0;0.0;0.0;0.0;0.0;0.0;0.0;0.0;1.0;0.0;0.0;1.0;0.0;0.0;0.0;0.0;0.0;0.0;0.0;0.0;0.0;0.0;0.0;0.0;0.0;0.0;0.0;0.0;1.0;0.0;0.0;1.0;0.0;0.0
BORACEIA;0.0;0.0;0.0;0.0;0.0;0.0;0.0;0.0;0.0;0.0;0.0;0.0;0.0;0.0;0.0;0.0;0.0;0.0;0.0;0.0;0.0;0.0;0.0;0.0;2.0;1.0;0.0;2.0;0.0;0.0;0.0;1.0;0.0;0.0;0.0;0.0;0.0;0.0;0.0;0.0;0.0;1.0;0.0;0.0;2.0;1.0;0.0;2.0;0.0;0.0
BORBOREMA;0.0;0.0;0.0;0.0;0.0;0.0;0.0;0.0;0.0;0.0;0.0;0.0;0.0;0.0;0.0;0.0;0.0;0.0;0.0;0.0;1.0;0.0;0.0;0.0;1.0;1.0;1.0;6.0;0.0;0.0;7.0;18.0;3.0;1.0;0.0;0.0;0.0;0.0;0.0;0.0;8.0;18.0;3.0;1.0;1.0;1.0;1.0;6.0;0.0;0.0
BOREBI;0.0;0.0;0.0;0.0;0.0;0.0;0.0;0.0;0.0;0.0;0.0;0.0;0.0;0.0;0.0;0.0;0.0;0.0;0.0;0.0;1.0;0.0;0.0;0.0;1.0;0.0;0.0;2.0;0.0;0.0;0.0;0.0;0.0;0.0;0.0;0.0;0.0;0.0;0.0;0.0;1.0;0.0;0.0;0.0;1.0;0.0;0.0;2.0;0.0;0.0
BOTUCATU;4.0;1.0;0.0;1.0;3.0;0.0;2.0;1.0;0.0;0.0;0.0;0.0;0.0;0.0;0.0;0.0;0.0;0.0;0.0;0.0;3.0;1.0;0.0;1.0;8.0;0.0;2.0;20.0;3.0;1.0;34.0;715.0;11.0;3.0;10.0;0.0;0.0;1.0;0.0;0.0;41.0;717.0;11.0;5.0;21.0;0.0;4.0;22.0;3.0;1.0
BRAGANCA PAULISTA;0.0;0.0;1.0;0.0;0.0;0.0;0.0;0.0;1.0;0.0;0.0;0.0;0.0;0.0;0.0;0.0;0.0;0.0;0.0;0.0;7.0;1.0;0.0;0.0;7.0;2.0;2.0;29.0;6.0;2.0;94.0;348.0;30.0;7.0;15.0;1.0;0.0;0.0;0.0;0.0;101.0;349.0;31.0;7.0;22.0;3.0;2.0;29.0;7.0;2.0
BRAUNA;0.0;0.0;0.0;0.0;0.0;0.0;0.0;0.0;0.0;0.0;0.0;0.0;0.0;0.0;0.0;0.0;0.0;0.0;0.0;0.0;0.0;0.0;0.0;0.0;2.0;0.0;0.0;1.0;0.0;0.0;0.0;0.0;1.0;0.0;0.0;0.0;0.0;0.0;0.0;0.0;0.0;0.0;1.0;0.0;2.0;0.0;0.0;1.0;0.0;0.0
BREJO ALEGRE;0.0;0.0;0.0;0.0;0.0;0.0;0.0;0.0;0.0;0.0;0.0;0.0;0.0;0.0;0.0;0.0;0.0;0.0;0.0;0.0;0.0;0.0;0.0;0.0;2.0;0.0;0.0;2.0;0.0;1.0;0.0;0.0;0.0;0.0;0.0;0.0;0.0;0.0;0.0;0.0;0.0;0.0;0.0;0.0;2.0;0.0;0.0;2.0;0.0;1.0
BRODOWSKI;0.0;0.0;0.0;0.0;0.0;0.0;0.0;0.0;0.0;0.0;0.0;0.0;0.0;0.0;0.0;0.0;0.0;0.0;0.0;0.0;3.0;0.0;0.0;0.0;1.0;1.0;0.0;6.0;1.0;0.0;2.0;39.0;6.0;0.0;0.0;0.0;0.0;0.0;0.0;0.0;5.0;39.0;6.0;0.0;1.0;1.0;0.0;6.0;1.0;0.0
BROTAS;0.0;0.0;0.0;0.0;0.0;0.0;0.0;0.0;0.0;0.0;0.0;0.0;0.0;0.0;0.0;0.0;0.0;0.0;0.0;0.0;0.0;0.0;0.0;0.0;2.0;0.0;1.0;7.0;0.0;0.0;1.0;65.0;6.0;1.0;1.0;0.0;0.0;0.0;0.0;0.0;1.0;65.0;6.0;1.0;3.0;0.0;1.0;7.0;0.0;0.0
BURI;0.0;0.0;0.0;0.0;0.0;0.0;0.0;0.0;0.0;0.0;0.0;0.0;0.0;0.0;0.0;0.0;0.0;0.0;0.0;0.0;2.0;0.0;0.0;0.0;6.0;1.0;1.0;9.0;0.0;0.0;1.0;2.0;2.0;0.0;1.0;0.0;0.0;0.0;0.0;0.0;3.0;2.0;2.0;0.0;7.0;1.0;1.0;9.0;0.0;0.0
BURITAMA;0.0;0.0;0.0;0.0;0.0;0.0;0.0;0.0;0.0;0.0;0.0;0.0;0.0;0.0;0.0;0.0;0.0;0.0;0.0;0.0;3.0;0.0;0.0;0.0;3.0;0.0;1.0;2.0;0.0;1.0;4.0;19.0;1.0;1.0;0.0;0.0;0.0;0.0;0.0;0.0;7.0;19.0;1.0;1.0;3.0;0.0;1.0;2.0;0.0;1.0
BURITIZAL;0.0;0.0;0.0;0.0;0.0;0.0;0.0;0.0;0.0;0.0;0.0;0.0;0.0;0.0;0.0;0.0;0.0;0.0;0.0;0.0;0.0;0.0;0.0;0.0;1.0;0.0;0.0;2.0;0.0;0.0;0.0;4.0;2.0;0.0;0.0;0.0;0.0;0.0;0.0;0.0;0.0;4.0;2.0;0.0;1.0;0.0;0.0;2.0;0.0;0.0
CABRALIA PAULISTA;0.0;0.0;0.0;0.0;0.0;0.0;0.0;0.0;0.0;0.0;0.0;0.0;0.0;0.0;0.0;0.0;0.0;0.0;0.0;0.0;1.0;0.0;0.0;0.0;1.0;0.0;0.0;2.0;0.0;0.0;0.0;0.0;0.0;0.0;0.0;0.0;0.0;0.0;0.0;0.0;1.0;0.0;0.0;0.0;1.0;0.0;0.0;2.0;0.0;0.0
CABREUVA;0.0;0.0;0.0;0.0;0.0;0.0;0.0;0.0;0.0;0.0;0.0;0.0;0.0;0.0;0.0;0.0;0.0;0.0;0.0;0.0;5.0;0.0;0.0;0.0;4.0;1.0;1.0;8.0;0.0;0.0;10.0;8.0;6.0;2.0;1.0;0.0;0.0;0.0;0.0;0.0;15.0;8.0;6.0;2.0;5.0;1.0;1.0;8.0;0.0;0.0
CACAPAVA;0.0;0.0;0.0;0.0;0.0;0.0;0.0;0.0;0.0;0.0;0.0;0.0;0.0;0.0;0.0;0.0;0.0;0.0;0.0;0.0;5.0;0.0;0.0;0.0;6.0;1.0;3.0;21.0;3.0;3.0;20.0;287.0;7.0;4.0;5.0;0.0;0.0;0.0;0.0;0.0;25.0;287.0;7.0;4.0;11.0;1.0;3.0;21.0;3.0;3.0
CACHOEIRA PAULISTA;0.0;0.0;0.0;0.0;0.0;0.0;0.0;0.0;0.0;0.0;0.0;0.0;0.0;0.0;0.0;0.0;0.0;0.0;0.0;0.0;3.0;0.0;0.0;0.0;5.0;0.0;1.0;11.0;0.0;0.0;10.0;40.0;3.0;1.0;7.0;0.0;0.0;0.0;0.0;0.0;13.0;40.0;3.0;1.0;12.0;0.0;1.0;11.0;0.0;0.0
CACONDE;0.0;0.0;0.0;0.0;0.0;0.0;0.0;0.0;0.0;0.0;0.0;0.0;0.0;0.0;0.0;0.0;0.0;0.0;0.0;0.0;2.0;0.0;1.0;0.0;2.0;0.0;0.0;7.0;0.0;0.0;5.0;23.0;7.0;1.0;1.0;0.0;0.0;0.0;0.0;0.0;7.0;23.0;8.0;1.0;3.0;0.0;0.0;7.0;0.0;0.0
CAFELANDIA;0.0;0.0;0.0;0.0;0.0;0.0;0.0;0.0;0.0;0.0;0.0;0.0;0.0;0.0;0.0;0.0;0.0;0.0;0.0;0.0;0.0;0.0;0.0;0.0;2.0;0.0;1.0;7.0;0.0;0.0;3.0;30.0;4.0;1.0;0.0;0.0;0.0;0.0;0.0;0.0;3.0;30.0;4.0;1.0;2.0;0.0;1.0;7.0;0.0;0.0
CAIABU;0.0;0.0;0.0;0.0;0.0;0.0;0.0;0.0;0.0;0.0;0.0;0.0;0.0;0.0;0.0;0.0;0.0;0.0;0.0;0.0;1.0;0.0;0.0;0.0;2.0;0.0;0.0;2.0;0.0;1.0;0.0;0.0;0.0;0.0;0.0;0.0;0.0;0.0;0.0;0.0;1.0;0.0;0.0;0.0;2.0;0.0;0.0;2.0;0.0;1.0
CAIEIRAS;0.0;0.0;0.0;1.0;0.0;0.0;0.0;0.0;0.0;0.0;0.0;0.0;0.0;0.0;0.0;0.0;0.0;0.0;0.0;0.0;4.0;0.0;0.0;0.0;4.0;1.0;2.0;16.0;0.0;3.0;27.0;42.0;6.0;2.0;5.0;1.0;0.0;1.0;0.0;0.0;31.0;42.0;6.0;3.0;9.0;2.0;2.0;17.0;0.0;3.0
CAIUA;0.0;0.0;0.0;0.0;0.0;0.0;0.0;2.0;0.0;0.0;0.0;0.0;0.0;0.0;0.0;0.0;0.0;0.0;0.0;0.0;0.0;0.0;0.0;0.0;1.0;0.0;0.0;3.0;0.0;1.0;0.0;0.0;0.0;0.0;0.0;0.0;0.0;0.0;0.0;0.0;0.0;0.0;0.0;0.0;1.0;0.0;0.0;5.0;0.0;1.0
CAJAMAR;0.0;0.0;0.0;0.0;0.0;0.0;0.0;0.0;0.0;0.0;0.0;0.0;0.0;0.0;0.0;0.0;0.0;0.0;0.0;0.0;2.0;0.0;0.0;1.0;4.0;1.0;2.0;11.0;0.0;2.0;26.0;61.0;8.0;1.0;2.0;0.0;0.0;0.0;0.0;0.0;28.0;61.0;8.0;2.0;6.0;1.0;2.0;11.0;0.0;2.0
CAJATI;0.0;0.0;0.0;0.0;0.0;0.0;0.0;0.0;0.0;0.0;0.0;0.0;0.0;0.0;0.0;0.0;0.0;0.0;0.0;0.0;3.0;0.0;0.0;0.0;6.0;1.0;1.0;11.0;1.0;1.0;6.0;14.0;4.0;0.0;0.0;0.0;0.0;0.0;0.0;0.0;9.0;14.0;4.0;0.0;6.0;1.0;1.0;11.0;1.0;1.0
CAJOBI;0.0;0.0;0.0;0.0;0.0;0.0;0.0;0.0;0.0;0.0;0.0;0.0;0.0;0.0;0.0;0.0;0.0;0.0;0.0;0.0;0.0;0.0;0.0;0.0;3.0;0.0;0.0;3.0;1.0;0.0;1.0;2.0;1.0;1.0;0.0;0.0;0.0;0.0;0.0;0.0;1.0;2.0;1.0;1.0;3.0;0.0;0.0;3.0;1.0;0.0
CAJURU;0.0;0.0;0.0;0.0;0.0;0.0;0.0;0.0;0.0;0.0;0.0;0.0;0.0;0.0;0.0;0.0;0.0;0.0;0.0;0.0;4.0;0.0;1.0;0.0;3.0;1.0;0.0;8.0;2.0;1.0;12.0;47.0;2.0;1.0;0.0;0.0;0.0;0.0;1.0;0.0;16.0;47.0;3.0;1.0;3.0;1.0;0.0;8.0;3.0;1.0
CAMPINA DO MONTE ALEGRE;0.0;0.0;0.0;0.0;0.0;0.0;0.0;0.0;0.0;0.0;0.0;0.0;0.0;0.0;0.0;0.0;0.0;0.0;0.0;0.0;0.0;0.0;0.0;0.0;2.0;0.0;0.0;2.0;0.0;0.0;0.0;0.0;0.0;0.0;1.0;0.0;0.0;0.0;0.0;0.0;0.0;0.0;0.0;0.0;3.0;0.0;0.0;2.0;0.0;0.0
CAMPINAS;1.0;2.0;1.0;1.0;5.0;0.0;0.0;0.0;0.0;0.0;0.0;0.0;0.0;0.0;0.0;0.0;0.0;0.0;0.0;0.0;22.0;0.0;2.0;2.0;13.0;4.0;14.0;71.0;17.0;8.0;331.0;2445.0;173.0;34.0;111.0;1.0;0.0;0.0;4.0;0.0;354.0;2447.0;176.0;37.0;129.0;5.0;14.0;71.0;21.0;8.0
CAMPO LIMPO PAULISTA;0.0;0.0;0.0;0.0;0.0;0.0;0.0;0.0;0.0;0.0;0.0;0.0;0.0;0.0;0.0;0.0;0.0;0.0;0.0;0.0;4.0;0.0;0.0;1.0;3.0;0.0;1.0;9.0;0.0;1.0;16.0;16.0;5.0;0.0;2.0;0.0;0.0;0.0;0.0;0.0;20.0;16.0;5.0;1.0;5.0;0.0;1.0;9.0;0.0;1.0
CAMPOS DO JORDAO;0.0;0.0;0.0;0.0;0.0;0.0;0.0;0.0;0.0;0.0;0.0;0.0;0.0;0.0;0.0;0.0;0.0;0.0;0.0;0.0;3.0;0.0;0.0;1.0;2.0;0.0;1.0;15.0;3.0;1.0;8.0;57.0;6.0;1.0;2.0;0.0;0.0;0.0;1.0;0.0;11.0;57.0;6.0;2.0;4.0;0.0;1.0;15.0;4.0;1.0
CAMPOS NOVOS PAULISTA;0.0;0.0;0.0;0.0;0.0;0.0;0.0;0.0;0.0;0.0;0.0;0.0;0.0;0.0;0.0;0.0;0.0;0.0;0.0;0.0;1.0;0.0;0.0;0.0;1.0;0.0;0.0;3.0;0.0;0.0;0.0;0.0;0.0;0.0;0.0;0.0;0.0;0.0;0.0;0.0;1.0;0.0;0.0;0.0;1.0;0.0;0.0;3.0;0.0;0.0
CANANEIA;0.0;0.0;0.0;0.0;0.0;0.0;0.0;0.0;0.0;0.0;0.0;0.0;0.0;0.0;0.0;0.0;0.0;0.0;0.0;0.0;0.0;0.0;0.0;0.0;1.0;0.0;0.0;6.0;0.0;0.0;1.0;4.0;0.0;0.0;0.0;0.0;0.0;0.0;0.0;0.0;1.0;4.0;0.0;0.0;1.0;0.0;0.0;6.0;0.0;0.0
CANAS;0.0;0.0;0.0;0.0;0.0;0.0;0.0;0.0;0.0;0.0;0.0;0.0;0.0;0.0;0.0;0.0;0.0;0.0;0.0;0.0;0.0;0.0;0.0;0.0;1.0;0.0;0.0;2.0;0.0;0.0;0.0;0.0;0.0;0.0;0.0;0.0;0.0;0.0;0.0;0.0;0.0;0.0;0.0;0.0;1.0;0.0;0.0;2.0;0.0;0.0
CANDIDO MOTA;0.0;0.0;0.0;0.0;0.0;0.0;0.0;0.0;0.0;0.0;0.0;0.0;0.0;0.0;0.0;0.0;0.0;0.0;0.0;0.0;2.0;0.0;0.0;0.0;4.0;0.0;1.0;6.0;0.0;0.0;4.0;57.0;16.0;1.0;1.0;0.0;0.0;0.0;0.0;0.0;6.0;57.0;16.0;1.0;5.0;0.0;1.0;6.0;0.0;0.0
CANDIDO RODRIGUES;0.0;0.0;0.0;0.0;0.0;0.0;0.0;0.0;0.0;0.0;0.0;0.0;0.0;0.0;0.0;0.0;0.0;0.0;0.0;0.0;0.0;0.0;0.0;0.0;1.0;0.0;0.0;1.0;0.0;0.0;0.0;0.0;0.0;0.0;0.0;0.0;0.0;0.0;0.0;0.0;0.0;0.0;0.0;0.0;1.0;0.0;0.0;1.0;0.0;0.0
CANITAR;0.0;0.0;0.0;0.0;0.0;0.0;0.0;0.0;0.0;0.0;0.0;0.0;0.0;0.0;0.0;0.0;0.0;0.0;0.0;0.0;0.0;0.0;1.0;0.0;1.0;0.0;0.0;3.0;0.0;0.0;0.0;0.0;0.0;0.0;0.0;0.0;0.0;0.0;0.0;0.0;0.0;0.0;1.0;0.0;1.0;0.0;0.0;3.0;0.0;0.0
CAPAO BONITO;0.0;0.0;0.0;0.0;0.0;0.0;0.0;0.0;0.0;0.0;0.0;0.0;0.0;0.0;0.0;0.0;0.0;0.0;0.0;0.0;6.0;0.0;1.0;0.0;6.0;0.0;1.0;10.0;1.0;0.0;6.0;27.0;4.0;1.0;4.0;0.0;0.0;0.0;0.0;0.0;12.0;27.0;5.0;1.0;10.0;0.0;1.0;10.0;1.0;0.0
CAPELA DO ALTO;0.0;0.0;0.0;0.0;0.0;0.0;0.0;2.0;0.0;0.0;0.0;0.0;0.0;0.0;0.0;0.0;0.0;0.0;0.0;0.0;2.0;0.0;0.0;0.0;2.0;1.0;1.0;4.0;0.0;0.0;2.0;5.0;1.0;0.0;0.0;0.0;0.0;0.0;0.0;0.0;4.0;5.0;1.0;0.0;2.0;1.0;1.0;6.0;0.0;0.0
CAPIVARI;0.0;0.0;0.0;0.0;0.0;0.0;0.0;0.0;0.0;0.0;0.0;0.0;0.0;0.0;0.0;0.0;0.0;0.0;0.0;0.0;3.0;0.0;3.0;0.0;1.0;0.0;2.0;8.0;0.0;0.0;11.0;96.0;25.0;2.0;4.0;1.0;0.0;0.0;0.0;0.0;14.0;96.0;28.0;2.0;5.0;1.0;2.0;8.0;0.0;0.0
CARAGUATATUBA;0.0;0.0;0.0;2.0;1.0;0.0;0.0;2.0;0.0;1.0;0.0;6.0;2.0;0.0;0.0;0.0;0.0;0.0;0.0;0.0;9.0;0.0;0.0;0.0;6.0;3.0;2.0;13.0;4.0;1.0;48.0;116.0;25.0;4.0;18.0;0.0;0.0;1.0;3.0;0.0;57.0;122.0;27.0;6.0;25.0;3.0;2.0;16.0;7.0;2.0
CARAPICUIBA;1.0;0.0;0.0;1.0;0.0;0.0;0.0;0.0;0.0;0.0;0.0;0.0;0.0;0.0;0.0;0.0;0.0;0.0;0.0;0.0;4.0;0.0;0.0;0.0;5.0;2.0;3.0;17.0;9.0;2.0;33.0;73.0;13.0;1.0;3.0;0.0;0.0;0.0;0.0;0.0;38.0;73.0;13.0;2.0;8.0;2.0;3.0;17.0;9.0;2.0
CARDOSO;0.0;0.0;0.0;0.0;0.0;0.0;0.0;0.0;0.0;0.0;0.0;0.0;0.0;0.0;0.0;0.0;0.0;0.0;0.0;0.0;0.0;0.0;1.0;0.0;2.0;0.0;0.0;6.0;1.0;0.0;0.0;10.0;2.0;1.0;0.0;0.0;0.0;0.0;0.0;0.0;0.0;10.0;3.0;1.0;2.0;0.0;0.0;6.0;1.0;0.0
CASA BRANCA;2.0;0.0;0.0;1.0;0.0;0.0;1.0;1.0;0.0;0.0;0.0;0.0;0.0;0.0;0.0;0.0;0.0;0.0;0.0;0.0;1.0;0.0;0.0;0.0;2.0;1.0;1.0;7.0;0.0;1.0;7.0;63.0;7.0;1.0;3.0;0.0;0.0;0.0;0.0;0.0;10.0;63.0;7.0;2.0;5.0;1.0;2.0;8.0;0.0;1.0
CASSIA DOS COQUEIROS;0.0;0.0;0.0;0.0;0.0;0.0;0.0;0.0;0.0;0.0;0.0;0.0;0.0;0.0;0.0;0.0;0.0;0.0;0.0;0.0;1.0;0.0;0.0;0.0;2.0;0.0;0.0;2.0;0.0;0.0;0.0;0.0;0.0;0.0;0.0;0.0;0.0;0.0;0.0;0.0;1.0;0.0;0.0;0.0;2.0;0.0;0.0;2.0;0.0;0.0
CASTILHO;0.0;0.0;0.0;0.0;0.0;0.0;0.0;0.0;0.0;0.0;0.0;0.0;0.0;0.0;0.0;0.0;0.0;0.0;0.0;0.0;0.0;0.0;1.0;0.0;0.0;0.0;0.0;5.0;0.0;1.0;4.0;21.0;2.0;1.0;0.0;0.0;0.0;0.0;0.0;0.0;4.0;21.0;3.0;1.0;0.0;0.0;0.0;5.0;0.0;1.0
CATANDUVA;1.0;0.0;0.0;0.0;0.0;0.0;0.0;0.0;0.0;0.0;0.0;0.0;0.0;0.0;0.0;0.0;0.0;0.0;0.0;0.0;6.0;0.0;0.0;0.0;6.0;1.0;3.0;23.0;4.0;1.0;265.0;289.0;18.0;12.0;11.0;0.0;0.0;0.0;0.0;0.0;272.0;289.0;18.0;12.0;17.0;1.0;3.0;23.0;4.0;1.0
CATIGUA;0.0;0.0;0.0;0.0;0.0;0.0;0.0;0.0;0.0;0.0;0.0;0.0;0.0;0.0;0.0;0.0;0.0;0.0;0.0;0.0;1.0;0.0;0.0;0.0;1.0;0.0;0.0;2.0;1.0;0.0;0.0;7.0;1.0;0.0;0.0;0.0;0.0;0.0;0.0;0.0;1.0;7.0;1.0;0.0;1.0;0.0;0.0;2.0;1.0;0.0
CEDRAL;0.0;0.0;0.0;0.0;0.0;0.0;0.0;0.0;0.0;0.0;0.0;0.0;0.0;0.0;0.0;0.0;0.0;0.0;0.0;0.0;1.0;0.0;0.0;0.0;1.0;0.0;0.0;3.0;1.0;1.0;3.0;7.0;1.0;0.0;0.0;0.0;0.0;2.0;0.0;0.0;4.0;7.0;1.0;0.0;1.0;0.0;0.0;5.0;1.0;1.0
CERQUEIRA CESAR;0.0;0.0;0.0;0.0;0.0;0.0;0.0;2.0;0.0;0.0;0.0;0.0;0.0;0.0;0.0;0.0;0.0;0.0;0.0;0.0;0.0;0.0;0.0;0.0;1.0;0.0;0.0;7.0;1.0;0.0;2.0;16.0;5.0;1.0;0.0;0.0;0.0;4.0;0.0;0.0;2.0;16.0;5.0;1.0;1.0;0.0;0.0;13.0;1.0;0.0
CERQUILHO;0.0;0.0;0.0;0.0;0.0;0.0;0.0;0.0;0.0;0.0;0.0;0.0;0.0;0.0;0.0;0.0;0.0;0.0;0.0;0.0;5.0;0.0;1.0;0.0;3.0;0.0;1.0;9.0;0.0;0.0;17.0;114.0;6.0;1.0;2.0;0.0;0.0;0.0;0.0;0.0;22.0;114.0;7.0;1.0;5.0;0.0;1.0;9.0;0.0;0.0
CESARIO LANGE;0.0;0.0;0.0;0.0;0.0;0.0;0.0;0.0;0.0;0.0;0.0;0.0;0.0;0.0;0.0;0.0;0.0;0.0;0.0;0.0;3.0;0.0;0.0;0.0;2.0;0.0;1.0;4.0;0.0;0.0;1.0;9.0;2.0;1.0;0.0;0.0;0.0;0.0;0.0;0.0;4.0;9.0;2.0;1.0;2.0;0.0;1.0;4.0;0.0;0.0
CHARQUEADA;0.0;0.0;0.0;0.0;0.0;0.0;0.0;0.0;0.0;0.0;0.0;0.0;0.0;0.0;0.0;0.0;0.0;0.0;0.0;0.0;1.0;0.0;0.0;0.0;1.0;0.0;1.0;5.0;0.0;0.0;3.0;8.0;2.0;2.0;0.0;0.0;0.0;0.0;0.0;0.0;4.0;8.0;2.0;2.0;1.0;0.0;1.0;5.0;0.0;0.0
CHAVANTES;0.0;0.0;0.0;0.0;0.0;0.0;0.0;0.0;0.0;0.0;0.0;0.0;0.0;0.0;0.0;0.0;0.0;0.0;0.0;0.0;0.0;0.0;0.0;0.0;1.0;0.0;1.0;4.0;0.0;1.0;0.0;15.0;2.0;1.0;0.0;0.0;0.0;0.0;0.0;0.0;0.0;15.0;2.0;1.0;1.0;0.0;1.0;4.0;0.0;1.0
CLEMENTINA;0.0;0.0;0.0;0.0;0.0;0.0;0.0;0.0;0.0;0.0;0.0;1.0;0.0;0.0;0.0;0.0;0.0;0.0;0.0;0.0;0.0;0.0;0.0;0.0;2.0;0.0;0.0;1.0;0.0;1.0;0.0;4.0;1.0;1.0;1.0;0.0;0.0;0.0;0.0;0.0;0.0;5.0;1.0;1.0;3.0;0.0;0.0;1.0;0.0;1.0
COLINA;0.0;0.0;0.0;0.0;0.0;0.0;0.0;0.0;0.0;0.0;0.0;0.0;0.0;0.0;0.0;0.0;0.0;0.0;0.0;0.0;1.0;0.0;0.0;0.0;2.0;1.0;0.0;6.0;1.0;0.0;1.0;34.0;3.0;1.0;1.0;0.0;0.0;0.0;0.0;0.0;2.0;34.0;3.0;1.0;3.0;1.0;0.0;6.0;1.0;0.0
COLOMBIA;0.0;0.0;0.0;0.0;0.0;0.0;0.0;0.0;0.0;0.0;0.0;0.0;0.0;0.0;0.0;0.0;0.0;0.0;0.0;0.0;0.0;0.0;1.0;0.0;2.0;0.0;0.0;4.0;1.0;0.0;1.0;3.0;1.0;0.0;0.0;0.0;0.0;0.0;0.0;0.0;1.0;3.0;2.0;0.0;2.0;0.0;0.0;4.0;1.0;0.0
CONCHAL;0.0;0.0;0.0;0.0;0.0;0.0;0.0;0.0;0.0;0.0;0.0;0.0;0.0;0.0;0.0;0.0;0.0;0.0;0.0;0.0;1.0;0.0;0.0;0.0;2.0;0.0;1.0;7.0;2.0;1.0;2.0;19.0;4.0;1.0;0.0;0.0;0.0;1.0;0.0;0.0;3.0;19.0;4.0;1.0;2.0;0.0;1.0;8.0;2.0;1.0
CONCHAS;0.0;0.0;0.0;0.0;0.0;0.0;0.0;0.0;0.0;0.0;0.0;0.0;0.0;0.0;0.0;0.0;0.0;0.0;0.0;0.0;1.0;0.0;1.0;1.0;3.0;0.0;0.0;7.0;0.0;0.0;1.0;23.0;6.0;0.0;0.0;0.0;0.0;0.0;0.0;0.0;2.0;23.0;7.0;1.0;3.0;0.0;0.0;7.0;0.0;0.0
CORDEIROPOLIS;0.0;0.0;0.0;0.0;0.0;0.0;0.0;0.0;0.0;0.0;0.0;0.0;0.0;0.0;0.0;0.0;0.0;0.0;0.0;0.0;3.0;0.0;1.0;0.0;3.0;1.0;1.0;7.0;1.0;0.0;7.0;30.0;3.0;0.0;0.0;0.0;0.0;0.0;0.0;0.0;10.0;30.0;4.0;0.0;3.0;1.0;1.0;7.0;1.0;0.0
COROADOS;0.0;0.0;0.0;0.0;0.0;0.0;0.0;0.0;0.0;0.0;0.0;0.0;0.0;0.0;0.0;0.0;0.0;0.0;0.0;0.0;0.0;0.0;0.0;0.0;1.0;0.0;0.0;1.0;0.0;0.0;0.0;0.0;0.0;0.0;0.0;0.0;0.0;0.0;0.0;0.0;0.0;0.0;0.0;0.0;1.0;0.0;0.0;1.0;0.0;0.0
CORONEL MACEDO;0.0;0.0;0.0;0.0;0.0;0.0;0.0;0.0;0.0;0.0;0.0;0.0;0.0;0.0;0.0;0.0;0.0;0.0;0.0;0.0;0.0;0.0;0.0;0.0;3.0;0.0;0.0;3.0;0.0;0.0;0.0;0.0;0.0;0.0;0.0;0.0;0.0;0.0;0.0;0.0;0.0;0.0;0.0;0.0;3.0;0.0;0.0;3.0;0.0;0.0
CORUMBATAI;0.0;0.0;0.0;0.0;0.0;0.0;0.0;0.0;0.0;0.0;0.0;0.0;0.0;0.0;0.0;0.0;0.0;0.0;0.0;0.0;0.0;0.0;0.0;0.0;1.0;0.0;0.0;2.0;1.0;0.0;0.0;1.0;0.0;0.0;0.0;0.0;0.0;0.0;0.0;0.0;0.0;1.0;0.0;0.0;1.0;0.0;0.0;2.0;1.0;0.0
COSMOPOLIS;0.0;0.0;0.0;0.0;0.0;0.0;0.0;0.0;0.0;0.0;0.0;0.0;0.0;0.0;0.0;0.0;0.0;0.0;0.0;0.0;4.0;0.0;0.0;0.0;4.0;0.0;2.0;9.0;0.0;2.0;14.0;38.0;6.0;1.0;3.0;0.0;0.0;0.0;0.0;0.0;18.0;38.0;6.0;1.0;7.0;0.0;2.0;9.0;0.0;2.0
COSMORAMA;0.0;0.0;0.0;0.0;0.0;0.0;0.0;0.0;0.0;0.0;0.0;0.0;0.0;0.0;0.0;0.0;0.0;0.0;0.0;0.0;1.0;0.0;0.0;0.0;2.0;0.0;0.0;3.0;0.0;0.0;0.0;1.0;2.0;0.0;0.0;0.0;0.0;1.0;0.0;0.0;1.0;1.0;2.0;0.0;2.0;0.0;0.0;4.0;0.0;0.0
COTIA;0.0;0.0;0.0;1.0;0.0;0.0;0.0;0.0;0.0;0.0;0.0;0.0;0.0;0.0;0.0;0.0;0.0;0.0;0.0;0.0;8.0;0.0;0.0;0.0;4.0;4.0;3.0;26.0;5.0;4.0;36.0;187.0;18.0;4.0;8.0;0.0;0.0;5.0;0.0;0.0;44.0;187.0;18.0;5.0;12.0;4.0;3.0;31.0;5.0;4.0
CRAVINHOS;0.0;0.0;0.0;0.0;0.0;0.0;0.0;0.0;0.0;0.0;0.0;1.0;0.0;0.0;0.0;0.0;0.0;0.0;0.0;0.0;6.0;0.0;0.0;0.0;2.0;1.0;0.0;7.0;1.0;4.0;2.0;61.0;4.0;1.0;12.0;0.0;0.0;0.0;0.0;0.0;8.0;62.0;4.0;1.0;14.0;1.0;0.0;7.0;1.0;4.0
CRISTAIS PAULISTA;0.0;0.0;0.0;0.0;0.0;0.0;0.0;0.0;0.0;0.0;0.0;1.0;0.0;0.0;0.0;0.0;0.0;0.0;0.0;0.0;1.0;0.0;1.0;0.0;1.0;0.0;0.0;4.0;0.0;0.0;0.0;5.0;0.0;0.0;0.0;0.0;0.0;0.0;0.0;0.0;1.0;6.0;1.0;0.0;1.0;0.0;0.0;4.0;0.0;0.0
CRUZALIA;0.0;0.0;0.0;0.0;0.0;0.0;0.0;0.0;0.0;0.0;0.0;0.0;0.0;0.0;0.0;0.0;0.0;0.0;0.0;0.0;0.0;0.0;0.0;0.0;1.0;0.0;0.0;2.0;0.0;0.0;0.0;0.0;0.0;0.0;0.0;0.0;0.0;0.0;0.0;0.0;0.0;0.0;0.0;0.0;1.0;0.0;0.0;2.0;0.0;0.0
CRUZEIRO;0.0;0.0;0.0;0.0;0.0;0.0;0.0;0.0;0.0;0.0;0.0;1.0;0.0;0.0;0.0;0.0;0.0;0.0;0.0;0.0;9.0;0.0;1.0;0.0;5.0;0.0;1.0;14.0;2.0;1.0;67.0;201.0;24.0;3.0;10.0;0.0;0.0;0.0;2.0;0.0;76.0;202.0;25.0;3.0;15.0;0.0;1.0;14.0;4.0;1.0
CUBATAO;0.0;0.0;0.0;0.0;0.0;0.0;0.0;0.0;0.0;0.0;0.0;0.0;0.0;0.0;0.0;0.0;0.0;0.0;0.0;0.0;7.0;0.0;1.0;1.0;3.0;3.0;3.0;18.0;3.0;1.0;13.0;110.0;8.0;0.0;1.0;1.0;0.0;0.0;0.0;0.0;20.0;110.0;9.0;1.0;4.0;4.0;3.0;18.0;3.0;1.0
CUNHA;0.0;0.0;0.0;0.0;0.0;0.0;0.0;0.0;0.0;0.0;0.0;0.0;0.0;0.0;0.0;0.0;0.0;0.0;0.0;0.0;1.0;0.0;1.0;0.0;2.0;0.0;1.0;7.0;1.0;0.0;2.0;7.0;2.0;1.0;1.0;0.0;0.0;0.0;0.0;0.0;3.0;7.0;3.0;1.0;3.0;0.0;1.0;7.0;1.0;0.0
DESCALVADO;0.0;0.0;0.0;0.0;0.0;0.0;0.0;0.0;0.0;0.0;0.0;0.0;0.0;0.0;0.0;0.0;0.0;0.0;0.0;0.0;3.0;0.0;0.0;0.0;2.0;1.0;1.0;11.0;0.0;1.0;5.0;106.0;4.0;1.0;4.0;1.0;0.0;0.0;0.0;0.0;8.0;106.0;4.0;1.0;6.0;2.0;1.0;11.0;0.0;1.0
DIADEMA;1.0;0.0;0.0;1.0;1.0;0.0;0.0;1.0;0.0;0.0;0.0;0.0;0.0;0.0;0.0;0.0;0.0;0.0;0.0;0.0;2.0;0.0;0.0;2.0;5.0;3.0;5.0;21.0;12.0;2.0;51.0;101.0;13.0;2.0;7.0;2.0;0.0;0.0;0.0;0.0;54.0;101.0;13.0;5.0;13.0;5.0;5.0;22.0;12.0;2.0
DIRCE REIS;0.0;0.0;0.0;0.0;0.0;0.0;0.0;0.0;0.0;0.0;0.0;0.0;0.0;0.0;0.0;0.0;0.0;0.0;0.0;0.0;0.0;0.0;0.0;0.0;2.0;0.0;0.0;1.0;0.0;0.0;0.0;0.0;0.0;0.0;0.0;0.0;0.0;0.0;0.0;0.0;0.0;0.0;0.0;0.0;2.0;0.0;0.0;1.0;0.0;0.0
DIVINOLANDIA;0.0;0.0;0.0;0.0;0.0;0.0;0.0;0.0;0.0;0.0;0.0;0.0;0.0;0.0;0.0;0.0;0.0;0.0;0.0;0.0;0.0;0.0;0.0;0.0;1.0;0.0;0.0;7.0;1.0;0.0;8.0;3.0;0.0;1.0;1.0;0.0;0.0;0.0;1.0;0.0;8.0;3.0;0.0;1.0;2.0;0.0;0.0;7.0;2.0;0.0
DOBRADA;0.0;0.0;0.0;0.0;0.0;0.0;0.0;0.0;0.0;0.0;0.0;0.0;0.0;0.0;0.0;0.0;0.0;0.0;0.0;0.0;0.0;0.0;0.0;0.0;2.0;0.0;0.0;2.0;0.0;0.0;3.0;3.0;2.0;0.0;3.0;0.0;0.0;0.0;0.0;0.0;3.0;3.0;2.0;0.0;5.0;0.0;0.0;2.0;0.0;0.0
DOIS CORREGOS;0.0;0.0;0.0;0.0;0.0;0.0;0.0;0.0;0.0;0.0;0.0;0.0;0.0;0.0;0.0;0.0;0.0;0.0;0.0;0.0;1.0;0.0;0.0;0.0;3.0;0.0;1.0;5.0;0.0;0.0;5.0;30.0;6.0;1.0;0.0;0.0;0.0;0.0;0.0;0.0;6.0;30.0;6.0;1.0;3.0;0.0;1.0;5.0;0.0;0.0
DOLCINOPOLIS;0.0;0.0;0.0;0.0;0.0;0.0;0.0;0.0;0.0;0.0;0.0;0.0;0.0;0.0;0.0;0.0;0.0;0.0;0.0;0.0;0.0;0.0;0.0;0.0;1.0;0.0;0.0;2.0;0.0;0.0;0.0;0.0;0.0;0.0;0.0;0.0;0.0;0.0;0.0;0.0;0.0;0.0;0.0;0.0;1.0;0.0;0.0;2.0;0.0;0.0
DOURADO;0.0;0.0;0.0;0.0;0.0;0.0;0.0;0.0;0.0;0.0;0.0;0.0;0.0;0.0;0.0;0.0;0.0;0.0;0.0;0.0;0.0;0.0;0.0;1.0;1.0;1.0;0.0;4.0;0.0;0.0;3.0;7.0;1.0;0.0;0.0;0.0;0.0;0.0;0.0;0.0;3.0;7.0;1.0;1.0;1.0;1.0;0.0;4.0;0.0;0.0
DRACENA;1.0;0.0;0.0;0.0;0.0;0.0;0.0;1.0;0.0;0.0;0.0;0.0;0.0;0.0;0.0;0.0;0.0;0.0;0.0;0.0;1.0;0.0;2.0;0.0;1.0;1.0;2.0;12.0;0.0;1.0;20.0;216.0;11.0;1.0;6.0;1.0;0.0;0.0;0.0;0.0;22.0;216.0;13.0;1.0;7.0;2.0;2.0;13.0;0.0;1.0
DUARTINA;0.0;0.0;0.0;0.0;0.0;0.0;0.0;0.0;0.0;0.0;0.0;0.0;0.0;0.0;0.0;0.0;0.0;0.0;0.0;0.0;0.0;0.0;0.0;0.0;1.0;0.0;1.0;4.0;1.0;0.0;1.0;36.0;5.0;1.0;0.0;0.0;0.0;0.0;0.0;0.0;1.0;36.0;5.0;1.0;1.0;0.0;1.0;4.0;1.0;0.0
DUMONT;0.0;0.0;0.0;0.0;0.0;0.0;0.0;0.0;0.0;0.0;0.0;0.0;0.0;0.0;0.0;0.0;0.0;0.0;0.0;0.0;0.0;0.0;0.0;0.0;2.0;0.0;0.0;2.0;1.0;0.0;0.0;1.0;0.0;0.0;0.0;0.0;0.0;0.0;0.0;0.0;0.0;1.0;0.0;0.0;2.0;0.0;0.0;2.0;1.0;0.0
ECHAPORA;0.0;0.0;0.0;0.0;0.0;0.0;0.0;0.0;0.0;0.0;0.0;0.0;0.0;0.0;0.0;0.0;0.0;0.0;0.0;0.0;0.0;0.0;0.0;0.0;2.0;1.0;0.0;2.0;0.0;0.0;0.0;1.0;1.0;0.0;0.0;0.0;0.0;0.0;0.0;0.0;0.0;1.0;1.0;0.0;2.0;1.0;0.0;2.0;0.0;0.0
ELDORADO;0.0;0.0;0.0;0.0;0.0;0.0;0.0;0.0;0.0;0.0;0.0;0.0;0.0;0.0;0.0;0.0;0.0;0.0;0.0;0.0;1.0;0.0;0.0;0.0;2.0;1.0;1.0;9.0;0.0;1.0;0.0;1.0;1.0;0.0;0.0;0.0;0.0;0.0;0.0;0.0;1.0;1.0;1.0;0.0;2.0;1.0;1.0;9.0;0.0;1.0
ELIAS FAUSTO;0.0;0.0;0.0;0.0;0.0;0.0;0.0;0.0;0.0;0.0;0.0;0.0;0.0;0.0;0.0;0.0;0.0;0.0;0.0;0.0;1.0;0.0;0.0;0.0;2.0;1.0;0.0;5.0;0.0;0.0;2.0;5.0;2.0;0.0;0.0;0.0;0.0;0.0;0.0;0.0;3.0;5.0;2.0;0.0;2.0;1.0;0.0;5.0;0.0;0.0
ELISIARIO;0.0;0.0;0.0;0.0;0.0;0.0;0.0;0.0;0.0;0.0;0.0;0.0;0.0;0.0;0.0;0.0;0.0;0.0;0.0;0.0;0.0;0.0;0.0;0.0;1.0;0.0;0.0;1.0;1.0;0.0;0.0;1.0;0.0;0.0;0.0;0.0;0.0;0.0;0.0;0.0;0.0;1.0;0.0;0.0;1.0;0.0;0.0;1.0;1.0;0.0
EMBAUBA;0.0;0.0;0.0;0.0;0.0;0.0;0.0;0.0;0.0;0.0;0.0;0.0;0.0;0.0;0.0;0.0;0.0;0.0;0.0;0.0;0.0;0.0;0.0;0.0;1.0;0.0;0.0;1.0;0.0;0.0;0.0;1.0;2.0;0.0;0.0;0.0;0.0;0.0;0.0;0.0;0.0;1.0;2.0;0.0;1.0;0.0;0.0;1.0;0.0;0.0
EMBU DAS ARTES;0.0;0.0;0.0;0.0;0.0;0.0;0.0;0.0;0.0;0.0;0.0;1.0;0.0;0.0;0.0;0.0;0.0;0.0;0.0;0.0;7.0;0.0;0.0;2.0;7.0;1.0;3.0;19.0;4.0;3.0;7.0;138.0;2.0;1.0;0.0;0.0;0.0;0.0;0.0;0.0;14.0;139.0;2.0;3.0;7.0;1.0;3.0;19.0;4.0;3.0
EMBU-GUACU;0.0;0.0;0.0;0.0;0.0;0.0;0.0;0.0;0.0;0.0;0.0;0.0;0.0;0.0;0.0;0.0;0.0;0.0;0.0;0.0;4.0;0.0;0.0;0.0;3.0;1.0;1.0;13.0;3.0;1.0;8.0;10.0;2.0;0.0;4.0;0.0;0.0;0.0;0.0;0.0;12.0;10.0;2.0;0.0;7.0;1.0;1.0;13.0;3.0;1.0
EMILIANOPOLIS;0.0;0.0;0.0;0.0;0.0;0.0;0.0;0.0;0.0;0.0;0.0;0.0;0.0;0.0;0.0;0.0;0.0;0.0;0.0;0.0;0.0;0.0;0.0;0.0;1.0;0.0;0.0;1.0;0.0;1.0;0.0;1.0;0.0;0.0;1.0;0.0;0.0;0.0;0.0;0.0;0.0;1.0;0.0;0.0;2.0;0.0;0.0;1.0;0.0;1.0
ENGENHEIRO COELHO;0.0;0.0;0.0;0.0;0.0;0.0;0.0;0.0;0.0;0.0;0.0;0.0;0.0;0.0;0.0;0.0;0.0;0.0;0.0;0.0;1.0;0.0;1.0;0.0;4.0;1.0;1.0;5.0;0.0;0.0;4.0;32.0;1.0;0.0;0.0;0.0;0.0;0.0;0.0;0.0;5.0;32.0;2.0;0.0;4.0;1.0;1.0;5.0;0.0;0.0
ESPIRITO SANTO DO PINHAL;0.0;0.0;0.0;0.0;0.0;0.0;0.0;0.0;0.0;0.0;0.0;0.0;0.0;0.0;0.0;0.0;0.0;0.0;0.0;0.0;1.0;0.0;2.0;0.0;3.0;0.0;2.0;7.0;1.0;0.0;26.0;134.0;4.0;3.0;3.0;0.0;0.0;0.0;0.0;0.0;27.0;134.0;6.0;3.0;6.0;0.0;2.0;7.0;1.0;0.0
ESPIRITO SANTO DO TURVO;0.0;0.0;0.0;0.0;0.0;0.0;0.0;0.0;0.0;0.0;0.0;0.0;0.0;0.0;0.0;0.0;0.0;0.0;0.0;0.0;0.0;0.0;0.0;0.0;1.0;0.0;0.0;3.0;0.0;0.0;0.0;0.0;1.0;0.0;0.0;0.0;0.0;0.0;0.0;0.0;0.0;0.0;1.0;0.0;1.0;0.0;0.0;3.0;0.0;0.0
ESTIVA GERBI;0.0;0.0;0.0;0.0;0.0;0.0;0.0;0.0;0.0;0.0;0.0;0.0;0.0;0.0;0.0;0.0;0.0;0.0;0.0;0.0;1.0;1.0;1.0;0.0;2.0;1.0;0.0;5.0;1.0;0.0;1.0;3.0;1.0;0.0;0.0;0.0;0.0;0.0;0.0;0.0;2.0;4.0;2.0;0.0;2.0;1.0;0.0;5.0;1.0;0.0
ESTRELA D OESTE;0.0;0.0;0.0;0.0;0.0;0.0;0.0;0.0;0.0;0.0;0.0;0.0;0.0;0.0;0.0;0.0;0.0;0.0;0.0;0.0;0.0;0.0;0.0;0.0;2.0;0.0;0.0;3.0;1.0;0.0;4.0;15.0;1.0;1.0;0.0;0.0;0.0;0.0;0.0;0.0;4.0;15.0;1.0;1.0;2.0;0.0;0.0;3.0;1.0;0.0
ESTRELA DO NORTE;0.0;0.0;0.0;0.0;0.0;0.0;0.0;0.0;0.0;0.0;0.0;0.0;0.0;0.0;0.0;0.0;0.0;0.0;0.0;0.0;0.0;0.0;0.0;0.0;1.0;0.0;0.0;1.0;0.0;0.0;0.0;0.0;0.0;0.0;0.0;0.0;0.0;0.0;0.0;0.0;0.0;0.0;0.0;0.0;1.0;0.0;0.0;1.0;0.0;0.0
EUCLIDES DA CUNHA PAULISTA;0.0;0.0;0.0;0.0;0.0;0.0;0.0;0.0;0.0;0.0;0.0;0.0;0.0;0.0;0.0;0.0;0.0;0.0;0.0;0.0;1.0;0.0;0.0;0.0;3.0;0.0;0.0;5.0;0.0;1.0;1.0;6.0;1.0;0.0;0.0;0.0;0.0;0.0;0.0;0.0;2.0;6.0;1.0;0.0;3.0;0.0;0.0;5.0;0.0;1.0
FARTURA;0.0;0.0;0.0;0.0;0.0;0.0;0.0;0.0;0.0;0.0;0.0;0.0;0.0;0.0;0.0;0.0;0.0;0.0;0.0;0.0;0.0;0.0;0.0;0.0;2.0;0.0;0.0;4.0;1.0;1.0;3.0;22.0;4.0;1.0;7.0;0.0;0.0;0.0;0.0;0.0;3.0;22.0;4.0;1.0;9.0;0.0;0.0;4.0;1.0;1.0
FERNANDO PRESTES;0.0;0.0;0.0;0.0;0.0;0.0;0.0;0.0;0.0;0.0;0.0;0.0;0.0;0.0;0.0;0.0;0.0;0.0;0.0;0.0;1.0;0.0;0.0;0.0;1.0;0.0;0.0;3.0;0.0;0.0;0.0;3.0;1.0;0.0;0.0;0.0;0.0;0.0;0.0;0.0;1.0;3.0;1.0;0.0;1.0;0.0;0.0;3.0;0.0;0.0
FERNANDOPOLIS;2.0;0.0;0.0;0.0;0.0;0.0;0.0;0.0;0.0;0.0;0.0;0.0;0.0;0.0;0.0;0.0;0.0;0.0;0.0;0.0;5.0;0.0;1.0;0.0;8.0;1.0;2.0;18.0;4.0;1.0;166.0;276.0;28.0;3.0;24.0;0.0;0.0;0.0;0.0;0.0;173.0;276.0;29.0;3.0;32.0;1.0;2.0;18.0;4.0;1.0
FERNAO;0.0;0.0;0.0;0.0;0.0;0.0;0.0;0.0;0.0;0.0;0.0;0.0;0.0;0.0;0.0;0.0;0.0;0.0;0.0;0.0;0.0;0.0;0.0;0.0;2.0;0.0;0.0;1.0;0.0;0.0;0.0;0.0;0.0;0.0;0.0;0.0;0.0;0.0;0.0;0.0;0.0;0.0;0.0;0.0;2.0;0.0;0.0;1.0;0.0;0.0
FERRAZ DE VASCONCELOS;0.0;0.0;0.0;1.0;0.0;0.0;0.0;0.0;0.0;0.0;0.0;0.0;0.0;0.0;0.0;0.0;0.0;0.0;0.0;0.0;8.0;0.0;0.0;0.0;5.0;0.0;2.0;14.0;4.0;3.0;5.0;26.0;7.0;0.0;1.0;0.0;0.0;0.0;0.0;0.0;13.0;26.0;7.0;1.0;6.0;0.0;2.0;14.0;4.0;3.0
FLORA RICA;0.0;0.0;0.0;0.0;0.0;0.0;0.0;0.0;0.0;0.0;0.0;0.0;0.0;0.0;0.0;0.0;0.0;0.0;0.0;0.0;1.0;0.0;0.0;0.0;1.0;0.0;0.0;1.0;0.0;0.0;0.0;0.0;0.0;0.0;0.0;0.0;0.0;0.0;0.0;0.0;1.0;0.0;0.0;0.0;1.0;0.0;0.0;1.0;0.0;0.0
FLOREAL;0.0;0.0;0.0;0.0;0.0;0.0;0.0;0.0;0.0;0.0;0.0;0.0;0.0;0.0;0.0;0.0;0.0;0.0;0.0;0.0;0.0;0.0;0.0;0.0;1.0;0.0;0.0;1.0;0.0;0.0;0.0;1.0;0.0;0.0;0.0;0.0;0.0;0.0;0.0;0.0;0.0;1.0;0.0;0.0;1.0;0.0;0.0;1.0;0.0;0.0
FLORIDA PAULISTA;0.0;0.0;0.0;0.0;0.0;0.0;0.0;1.0;0.0;0.0;0.0;0.0;0.0;0.0;0.0;0.0;0.0;0.0;0.0;0.0;0.0;0.0;1.0;0.0;2.0;0.0;1.0;5.0;0.0;0.0;0.0;6.0;3.0;1.0;2.0;0.0;0.0;0.0;0.0;0.0;0.0;6.0;4.0;1.0;4.0;0.0;1.0;6.0;0.0;0.0
FLORINEA;0.0;0.0;0.0;0.0;0.0;0.0;0.0;1.0;0.0;0.0;0.0;0.0;0.0;0.0;0.0;0.0;0.0;0.0;0.0;0.0;1.0;0.0;1.0;0.0;3.0;0.0;0.0;2.0;0.0;0.0;0.0;0.0;0.0;0.0;0.0;0.0;0.0;0.0;0.0;0.0;1.0;0.0;1.0;0.0;3.0;0.0;0.0;3.0;0.0;0.0
FRANCA;1.0;1.0;0.0;0.0;4.0;0.0;0.0;1.0;1.0;0.0;0.0;0.0;0.0;0.0;0.0;0.0;0.0;0.0;0.0;0.0;7.0;2.0;2.0;0.0;6.0;4.0;2.0;23.0;5.0;3.0;68.0;347.0;23.0;4.0;15.0;0.0;0.0;0.0;1.0;0.0;76.0;350.0;25.0;4.0;25.0;4.0;2.0;24.0;7.0;3.0
FRANCISCO MORATO;0.0;0.0;0.0;1.0;0.0;0.0;0.0;0.0;0.0;0.0;0.0;0.0;0.0;0.0;0.0;0.0;0.0;0.0;0.0;0.0;2.0;0.0;1.0;0.0;3.0;1.0;3.0;13.0;1.0;1.0;6.0;46.0;4.0;1.0;4.0;0.0;0.0;0.0;0.0;0.0;8.0;46.0;5.0;2.0;7.0;1.0;3.0;13.0;1.0;1.0
FRANCO DA ROCHA;1.0;1.0;0.0;2.0;2.0;0.0;0.0;7.0;0.0;1.0;0.0;0.0;0.0;0.0;0.0;0.0;0.0;0.0;0.0;0.0;6.0;3.0;1.0;0.0;7.0;1.0;3.0;16.0;0.0;1.0;9.0;53.0;10.0;1.0;1.0;0.0;0.0;0.0;0.0;0.0;16.0;57.0;11.0;3.0;10.0;1.0;3.0;23.0;0.0;2.0
GABRIEL MONTEIRO;0.0;0.0;0.0;0.0;0.0;0.0;0.0;0.0;0.0;0.0;0.0;0.0;0.0;0.0;0.0;0.0;0.0;0.0;0.0;0.0;1.0;0.0;0.0;0.0;1.0;0.0;0.0;1.0;0.0;0.0;0.0;0.0;0.0;0.0;1.0;0.0;0.0;0.0;0.0;0.0;1.0;0.0;0.0;0.0;2.0;0.0;0.0;1.0;0.0;0.0
GALIA;0.0;0.0;0.0;0.0;0.0;0.0;0.0;2.0;0.0;0.0;0.0;0.0;0.0;0.0;0.0;0.0;0.0;0.0;0.0;0.0;0.0;0.0;0.0;0.0;2.0;0.0;0.0;2.0;0.0;0.0;0.0;5.0;0.0;1.0;0.0;0.0;0.0;0.0;0.0;0.0;0.0;5.0;0.0;1.0;2.0;0.0;0.0;4.0;0.0;0.0
GARCA;0.0;0.0;0.0;0.0;0.0;0.0;0.0;0.0;0.0;0.0;0.0;0.0;0.0;0.0;0.0;0.0;0.0;0.0;0.0;0.0;4.0;0.0;0.0;0.0;3.0;1.0;2.0;13.0;1.0;1.0;4.0;45.0;8.0;3.0;2.0;0.0;0.0;0.0;0.0;0.0;8.0;45.0;8.0;3.0;5.0;1.0;2.0;13.0;1.0;1.0
GASTAO VIDIGAL;0.0;0.0;0.0;0.0;0.0;0.0;0.0;0.0;0.0;0.0;0.0;0.0;0.0;0.0;0.0;0.0;0.0;0.0;0.0;0.0;0.0;0.0;0.0;0.0;1.0;0.0;0.0;1.0;0.0;0.0;0.0;0.0;0.0;0.0;0.0;0.0;0.0;0.0;0.0;0.0;0.0;0.0;0.0;0.0;1.0;0.0;0.0;1.0;0.0;0.0
GAVIAO PEIXOTO;0.0;0.0;0.0;0.0;0.0;0.0;0.0;0.0;0.0;0.0;0.0;0.0;0.0;0.0;0.0;0.0;0.0;0.0;0.0;0.0;0.0;0.0;0.0;0.0;1.0;1.0;0.0;3.0;0.0;0.0;0.0;1.0;0.0;0.0;0.0;0.0;0.0;0.0;0.0;0.0;0.0;1.0;0.0;0.0;1.0;1.0;0.0;3.0;0.0;0.0
GENERAL SALGADO;0.0;0.0;0.0;0.0;0.0;0.0;0.0;0.0;0.0;0.0;0.0;0.0;0.0;0.0;0.0;0.0;0.0;0.0;0.0;0.0;1.0;0.0;1.0;0.0;2.0;1.0;0.0;5.0;0.0;0.0;2.0;8.0;3.0;1.0;0.0;0.0;0.0;0.0;0.0;0.0;3.0;8.0;4.0;1.0;2.0;1.0;0.0;5.0;0.0;0.0
GETULINA;0.0;0.0;0.0;0.0;0.0;0.0;0.0;1.0;0.0;0.0;0.0;0.0;0.0;0.0;0.0;0.0;0.0;0.0;0.0;0.0;0.0;0.0;0.0;0.0;1.0;0.0;0.0;5.0;0.0;0.0;0.0;11.0;0.0;1.0;0.0;0.0;0.0;0.0;0.0;0.0;0.0;11.0;0.0;1.0;1.0;0.0;0.0;6.0;0.0;0.0
GLICERIO;0.0;0.0;0.0;0.0;0.0;0.0;0.0;0.0;0.0;0.0;0.0;0.0;0.0;0.0;0.0;0.0;0.0;0.0;0.0;0.0;0.0;0.0;0.0;0.0;1.0;0.0;0.0;2.0;0.0;0.0;0.0;0.0;0.0;0.0;0.0;0.0;0.0;0.0;0.0;0.0;0.0;0.0;0.0;0.0;1.0;0.0;0.0;2.0;0.0;0.0
GUAICARA;0.0;0.0;0.0;0.0;0.0;0.0;0.0;0.0;0.0;0.0;0.0;0.0;0.0;0.0;0.0;0.0;0.0;0.0;0.0;0.0;1.0;0.0;0.0;0.0;1.0;0.0;0.0;5.0;0.0;0.0;0.0;7.0;1.0;0.0;0.0;0.0;0.0;0.0;0.0;0.0;1.0;7.0;1.0;0.0;1.0;0.0;0.0;5.0;0.0;0.0
GUAIMBE;0.0;0.0;0.0;0.0;0.0;0.0;0.0;0.0;0.0;0.0;0.0;0.0;0.0;0.0;0.0;0.0;0.0;0.0;0.0;0.0;0.0;0.0;0.0;0.0;2.0;1.0;0.0;3.0;0.0;0.0;0.0;0.0;0.0;0.0;0.0;0.0;0.0;0.0;0.0;0.0;0.0;0.0;0.0;0.0;2.0;1.0;0.0;3.0;0.0;0.0
GUAIRA;0.0;0.0;0.0;0.0;0.0;0.0;0.0;0.0;0.0;0.0;0.0;0.0;0.0;0.0;0.0;0.0;0.0;0.0;0.0;0.0;2.0;0.0;1.0;0.0;3.0;0.0;1.0;7.0;1.0;0.0;10.0;68.0;5.0;1.0;2.0;0.0;0.0;0.0;0.0;0.0;12.0;68.0;6.0;1.0;5.0;0.0;1.0;7.0;1.0;0.0
GUAPIACU;0.0;0.0;0.0;0.0;0.0;0.0;0.0;0.0;0.0;0.0;0.0;0.0;0.0;0.0;0.0;0.0;0.0;0.0;0.0;0.0;0.0;0.0;0.0;0.0;2.0;1.0;1.0;9.0;0.0;0.0;2.0;7.0;1.0;0.0;0.0;0.0;0.0;0.0;0.0;0.0;2.0;7.0;1.0;0.0;2.0;1.0;1.0;9.0;0.0;0.0
GUAPIARA;0.0;0.0;0.0;0.0;0.0;0.0;0.0;0.0;0.0;0.0;0.0;0.0;0.0;0.0;0.0;0.0;0.0;0.0;0.0;0.0;1.0;0.0;1.0;1.0;4.0;0.0;1.0;7.0;1.0;0.0;1.0;1.0;2.0;0.0;0.0;0.0;0.0;0.0;0.0;0.0;2.0;1.0;3.0;1.0;4.0;0.0;1.0;7.0;1.0;0.0
GUARA;0.0;0.0;0.0;0.0;0.0;0.0;0.0;0.0;0.0;0.0;0.0;0.0;0.0;0.0;0.0;0.0;0.0;0.0;0.0;0.0;2.0;0.0;0.0;0.0;4.0;1.0;1.0;7.0;0.0;1.0;2.0;41.0;3.0;1.0;0.0;0.0;0.0;0.0;0.0;0.0;4.0;41.0;3.0;1.0;4.0;1.0;1.0;7.0;0.0;1.0
GUARACAI;0.0;0.0;0.0;0.0;0.0;0.0;0.0;0.0;0.0;0.0;0.0;0.0;0.0;0.0;0.0;0.0;0.0;0.0;0.0;0.0;0.0;0.0;0.0;0.0;2.0;0.0;0.0;2.0;0.0;1.0;1.0;6.0;0.0;1.0;0.0;0.0;0.0;0.0;0.0;0.0;1.0;6.0;0.0;1.0;2.0;0.0;0.0;2.0;0.0;1.0
GUARACI;0.0;0.0;0.0;0.0;0.0;0.0;0.0;0.0;0.0;0.0;0.0;0.0;0.0;0.0;0.0;0.0;0.0;0.0;0.0;0.0;1.0;0.0;1.0;0.0;1.0;1.0;0.0;3.0;1.0;0.0;0.0;7.0;2.0;0.0;2.0;0.0;0.0;0.0;0.0;0.0;1.0;7.0;3.0;0.0;3.0;1.0;0.0;3.0;1.0;0.0
GUARANI DOESTE;0.0;0.0;0.0;0.0;0.0;0.0;0.0;0.0;0.0;0.0;0.0;0.0;0.0;0.0;0.0;0.0;0.0;0.0;0.0;0.0;0.0;0.0;0.0;0.0;1.0;0.0;0.0;1.0;0.0;1.0;0.0;1.0;1.0;0.0;0.0;0.0;0.0;0.0;0.0;0.0;0.0;1.0;1.0;0.0;1.0;0.0;0.0;1.0;0.0;1.0
GUARANTA;0.0;0.0;0.0;0.0;0.0;0.0;0.0;0.0;0.0;0.0;0.0;0.0;0.0;0.0;0.0;0.0;0.0;0.0;0.0;0.0;0.0;0.0;0.0;0.0;2.0;1.0;0.0;3.0;0.0;0.0;0.0;0.0;0.0;0.0;0.0;0.0;0.0;0.0;0.0;0.0;0.0;0.0;0.0;0.0;2.0;1.0;0.0;3.0;0.0;0.0
GUARARAPES;0.0;0.0;0.0;0.0;0.0;0.0;0.0;0.0;0.0;0.0;0.0;10.0;0.0;0.0;0.0;0.0;0.0;0.0;0.0;0.0;0.0;0.0;0.0;0.0;2.0;0.0;1.0;4.0;0.0;1.0;4.0;48.0;9.0;1.0;2.0;0.0;0.0;0.0;0.0;0.0;4.0;58.0;9.0;1.0;4.0;0.0;1.0;4.0;0.0;1.0
GUARAREMA;0.0;0.0;0.0;0.0;0.0;0.0;0.0;0.0;0.0;0.0;0.0;0.0;0.0;0.0;0.0;0.0;0.0;0.0;0.0;0.0;1.0;0.0;0.0;0.0;2.0;0.0;1.0;3.0;1.0;1.0;4.0;7.0;2.0;1.0;1.0;0.0;0.0;0.0;0.0;0.0;5.0;7.0;2.0;1.0;3.0;0.0;1.0;3.0;1.0;1.0
GUARATINGUETA;0.0;1.0;0.0;0.0;1.0;0.0;0.0;0.0;0.0;1.0;0.0;0.0;0.0;1.0;0.0;0.0;0.0;0.0;0.0;0.0;4.0;1.0;1.0;0.0;4.0;1.0;2.0;18.0;4.0;0.0;37.0;306.0;21.0;5.0;22.0;0.0;0.0;0.0;1.0;0.0;41.0;308.0;22.0;6.0;27.0;1.0;2.0;18.0;5.0;1.0
GUAREI;0.0;0.0;0.0;0.0;0.0;0.0;0.0;2.0;0.0;0.0;0.0;0.0;0.0;0.0;0.0;0.0;0.0;0.0;0.0;0.0;0.0;0.0;0.0;0.0;3.0;1.0;1.0;5.0;1.0;0.0;0.0;1.0;7.0;0.0;0.0;0.0;0.0;0.0;0.0;0.0;0.0;1.0;7.0;0.0;3.0;1.0;1.0;7.0;1.0;0.0
GUARIBA;0.0;0.0;0.0;0.0;0.0;0.0;0.0;1.0;0.0;0.0;0.0;0.0;0.0;0.0;0.0;0.0;0.0;0.0;0.0;0.0;4.0;0.0;1.0;0.0;2.0;0.0;1.0;6.0;1.0;0.0;10.0;33.0;2.0;1.0;0.0;0.0;0.0;0.0;0.0;0.0;14.0;33.0;3.0;1.0;2.0;0.0;1.0;7.0;1.0;0.0
GUARUJA;0.0;0.0;0.0;1.0;0.0;0.0;0.0;0.0;0.0;0.0;0.0;0.0;0.0;0.0;0.0;0.0;0.0;0.0;0.0;0.0;11.0;0.0;1.0;1.0;7.0;5.0;4.0;23.0;13.0;2.0;72.0;235.0;47.0;5.0;23.0;2.0;0.0;1.0;1.0;0.0;83.0;235.0;48.0;7.0;30.0;7.0;4.0;24.0;14.0;2.0
GUARULHOS;3.0;0.0;0.0;2.0;1.0;0.0;0.0;4.0;0.0;0.0;0.0;0.0;0.0;0.0;0.0;0.0;0.0;0.0;0.0;0.0;18.0;0.0;2.0;3.0;11.0;9.0;8.0;69.0;23.0;3.0;305.0;412.0;67.0;13.0;44.0;1.0;0.0;2.0;2.0;0.0;326.0;412.0;69.0;18.0;56.0;10.0;8.0;75.0;25.0;3.0
GUATAPARA;0.0;0.0;0.0;0.0;0.0;0.0;0.0;0.0;0.0;0.0;0.0;0.0;0.0;0.0;0.0;0.0;0.0;0.0;0.0;0.0;1.0;0.0;0.0;0.0;3.0;1.0;0.0;4.0;1.0;0.0;0.0;1.0;0.0;0.0;0.0;0.0;0.0;0.0;0.0;0.0;1.0;1.0;0.0;0.0;3.0;1.0;0.0;4.0;1.0;0.0
GUZOLANDIA;0.0;0.0;0.0;0.0;0.0;0.0;0.0;0.0;0.0;0.0;0.0;0.0;0.0;0.0;0.0;0.0;0.0;0.0;0.0;0.0;0.0;0.0;0.0;0.0;1.0;0.0;0.0;2.0;0.0;0.0;0.0;0.0;0.0;0.0;0.0;0.0;0.0;0.0;0.0;0.0;0.0;0.0;0.0;0.0;1.0;0.0;0.0;2.0;0.0;0.0
HERCULANDIA;0.0;0.0;0.0;0.0;0.0;0.0;0.0;0.0;0.0;0.0;0.0;0.0;0.0;0.0;0.0;0.0;0.0;0.0;0.0;0.0;1.0;0.0;0.0;0.0;2.0;1.0;1.0;4.0;0.0;1.0;0.0;5.0;1.0;1.0;0.0;0.0;0.0;0.0;0.0;0.0;1.0;5.0;1.0;1.0;2.0;1.0;1.0;4.0;0.0;1.0
HOLAMBRA;0.0;0.0;0.0;0.0;0.0;0.0;0.0;0.0;0.0;0.0;0.0;0.0;0.0;0.0;0.0;0.0;0.0;0.0;0.0;0.0;1.0;0.0;0.0;0.0;2.0;0.0;1.0;4.0;0.0;0.0;3.0;27.0;1.0;0.0;1.0;0.0;0.0;0.0;0.0;0.0;4.0;27.0;1.0;0.0;3.0;0.0;1.0;4.0;0.0;0.0
HORTOLANDIA;0.0;0.0;0.0;0.0;0.0;0.0;0.0;4.0;0.0;0.0;0.0;0.0;0.0;0.0;0.0;0.0;0.0;0.0;0.0;0.0;7.0;0.0;0.0;1.0;4.0;3.0;3.0;17.0;11.0;1.0;50.0;109.0;23.0;1.0;5.0;0.0;0.0;0.0;0.0;0.0;57.0;109.0;23.0;2.0;9.0;3.0;3.0;21.0;11.0;1.0
IACANGA;0.0;0.0;0.0;0.0;0.0;0.0;0.0;0.0;0.0;0.0;0.0;0.0;0.0;0.0;0.0;0.0;0.0;0.0;0.0;0.0;0.0;0.0;0.0;0.0;2.0;0.0;1.0;4.0;1.0;0.0;2.0;9.0;0.0;1.0;1.0;0.0;0.0;0.0;0.0;0.0;2.0;9.0;0.0;1.0;3.0;0.0;1.0;4.0;1.0;0.0
IACRI;0.0;0.0;0.0;0.0;0.0;0.0;0.0;0.0;0.0;0.0;0.0;0.0;0.0;0.0;0.0;0.0;0.0;0.0;0.0;0.0;0.0;0.0;0.0;0.0;2.0;1.0;0.0;2.0;0.0;0.0;0.0;0.0;1.0;0.0;1.0;0.0;0.0;0.0;0.0;0.0;0.0;0.0;1.0;0.0;3.0;1.0;0.0;2.0;0.0;0.0
IARAS;0.0;0.0;0.0;0.0;0.0;0.0;0.0;2.0;0.0;0.0;0.0;0.0;0.0;0.0;0.0;0.0;0.0;0.0;0.0;0.0;0.0;0.0;0.0;0.0;2.0;0.0;0.0;4.0;0.0;0.0;0.0;0.0;1.0;0.0;0.0;0.0;0.0;0.0;0.0;0.0;0.0;0.0;1.0;0.0;2.0;0.0;0.0;6.0;0.0;0.0
IBATE;0.0;0.0;0.0;0.0;0.0;0.0;0.0;0.0;0.0;0.0;0.0;0.0;0.0;0.0;0.0;0.0;0.0;0.0;0.0;0.0;1.0;0.0;0.0;1.0;2.0;0.0;0.0;9.0;0.0;1.0;3.0;36.0;5.0;0.0;0.0;0.0;0.0;1.0;0.0;0.0;4.0;36.0;5.0;1.0;2.0;0.0;0.0;10.0;0.0;1.0
IBIRA;0.0;0.0;0.0;0.0;0.0;0.0;0.0;0.0;0.0;0.0;0.0;0.0;0.0;0.0;0.0;0.0;0.0;0.0;0.0;0.0;1.0;0.0;0.0;0.0;1.0;0.0;0.0;3.0;1.0;0.0;0.0;10.0;6.0;1.0;0.0;0.0;0.0;0.0;0.0;0.0;1.0;10.0;6.0;1.0;1.0;0.0;0.0;3.0;1.0;0.0
IBIRAREMA;0.0;0.0;0.0;0.0;0.0;0.0;0.0;0.0;0.0;0.0;0.0;0.0;0.0;0.0;0.0;0.0;0.0;0.0;0.0;0.0;0.0;0.0;0.0;0.0;2.0;0.0;0.0;4.0;0.0;0.0;0.0;0.0;1.0;0.0;0.0;0.0;0.0;0.0;0.0;0.0;0.0;0.0;1.0;0.0;2.0;0.0;0.0;4.0;0.0;0.0
IBITINGA;0.0;0.0;0.0;0.0;0.0;0.0;0.0;0.0;0.0;0.0;0.0;0.0;0.0;0.0;0.0;0.0;0.0;0.0;0.0;0.0;3.0;0.0;0.0;0.0;2.0;2.0;1.0;13.0;1.0;3.0;15.0;129.0;12.0;2.0;5.0;0.0;0.0;0.0;0.0;0.0;18.0;129.0;12.0;2.0;7.0;2.0;1.0;13.0;1.0;3.0
IBIUNA;0.0;0.0;0.0;0.0;0.0;0.0;0.0;0.0;0.0;0.0;0.0;0.0;0.0;0.0;0.0;0.0;0.0;0.0;0.0;0.0;3.0;0.0;0.0;1.0;1.0;0.0;2.0;16.0;1.0;1.0;8.0;19.0;2.0;2.0;4.0;0.0;0.0;0.0;0.0;0.0;11.0;19.0;2.0;3.0;5.0;0.0;2.0;16.0;1.0;1.0
ICEM;0.0;0.0;0.0;0.0;0.0;0.0;0.0;1.0;0.0;0.0;0.0;0.0;0.0;0.0;0.0;0.0;0.0;0.0;0.0;0.0;0.0;0.0;1.0;0.0;2.0;0.0;0.0;5.0;1.0;0.0;5.0;6.0;2.0;0.0;0.0;0.0;0.0;0.0;0.0;0.0;5.0;6.0;3.0;0.0;2.0;0.0;0.0;6.0;1.0;0.0
IEPE;0.0;0.0;0.0;0.0;0.0;0.0;0.0;0.0;0.0;0.0;0.0;0.0;0.0;0.0;0.0;0.0;0.0;0.0;0.0;0.0;1.0;0.0;0.0;1.0;2.0;0.0;0.0;4.0;0.0;1.0;1.0;6.0;2.0;0.0;7.0;0.0;0.0;0.0;0.0;0.0;2.0;6.0;2.0;1.0;9.0;0.0;0.0;4.0;0.0;1.0
IGARACU DO TIETE;0.0;0.0;0.0;0.0;0.0;0.0;0.0;0.0;0.0;0.0;0.0;0.0;0.0;0.0;0.0;0.0;0.0;0.0;0.0;0.0;2.0;0.0;0.0;0.0;1.0;1.0;1.0;4.0;0.0;0.0;1.0;9.0;0.0;0.0;0.0;0.0;0.0;0.0;0.0;0.0;3.0;9.0;0.0;0.0;1.0;1.0;1.0;4.0;0.0;0.0
IGARAPAVA;0.0;0.0;0.0;0.0;0.0;0.0;0.0;0.0;0.0;0.0;0.0;0.0;0.0;0.0;0.0;0.0;0.0;0.0;0.0;0.0;3.0;0.0;0.0;1.0;5.0;0.0;1.0;8.0;0.0;0.0;5.0;51.0;4.0;0.0;0.0;0.0;0.0;0.0;0.0;0.0;8.0;51.0;4.0;1.0;5.0;0.0;1.0;8.0;0.0;0.0
IGARATA;0.0;0.0;0.0;0.0;0.0;0.0;0.0;0.0;0.0;0.0;0.0;0.0;0.0;0.0;0.0;0.0;0.0;0.0;0.0;0.0;0.0;0.0;1.0;0.0;3.0;0.0;0.0;4.0;1.0;0.0;1.0;1.0;2.0;0.0;0.0;0.0;0.0;0.0;0.0;0.0;1.0;1.0;3.0;0.0;3.0;0.0;0.0;4.0;1.0;0.0
IGUAPE;0.0;0.0;0.0;0.0;0.0;0.0;0.0;0.0;0.0;0.0;0.0;0.0;0.0;0.0;0.0;0.0;0.0;0.0;0.0;0.0;2.0;0.0;0.0;0.0;1.0;1.0;1.0;9.0;0.0;1.0;5.0;8.0;3.0;0.0;1.0;0.0;0.0;0.0;0.0;0.0;7.0;8.0;3.0;0.0;2.0;1.0;1.0;9.0;0.0;1.0
ILHA COMPRIDA;0.0;0.0;0.0;0.0;0.0;0.0;0.0;0.0;0.0;0.0;0.0;0.0;0.0;0.0;0.0;0.0;0.0;0.0;0.0;0.0;0.0;0.0;0.0;0.0;2.0;1.0;0.0;7.0;0.0;0.0;1.0;1.0;1.0;0.0;0.0;0.0;0.0;0.0;0.0;0.0;1.0;1.0;1.0;0.0;2.0;1.0;0.0;7.0;0.0;0.0
ILHA SOLTEIRA;0.0;0.0;0.0;0.0;0.0;0.0;0.0;0.0;0.0;0.0;0.0;0.0;0.0;0.0;0.0;0.0;0.0;0.0;0.0;0.0;4.0;0.0;0.0;0.0;3.0;0.0;1.0;7.0;0.0;0.0;16.0;94.0;8.0;1.0;0.0;0.0;0.0;1.0;0.0;0.0;20.0;94.0;8.0;1.0;3.0;0.0;1.0;8.0;0.0;0.0
ILHABELA;0.0;0.0;0.0;0.0;0.0;0.0;0.0;0.0;0.0;0.0;0.0;0.0;0.0;0.0;0.0;0.0;0.0;0.0;0.0;0.0;4.0;0.0;0.0;1.0;8.0;0.0;1.0;12.0;2.0;2.0;4.0;8.0;4.0;0.0;3.0;0.0;0.0;1.0;0.0;0.0;8.0;8.0;4.0;1.0;11.0;0.0;1.0;13.0;2.0;2.0
INDAIATUBA;0.0;0.0;0.0;0.0;0.0;0.0;0.0;0.0;0.0;0.0;0.0;0.0;0.0;0.0;0.0;0.0;0.0;0.0;0.0;0.0;7.0;1.0;1.0;1.0;5.0;1.0;3.0;17.0;1.0;1.0;69.0;272.0;31.0;5.0;29.0;1.0;0.0;0.0;3.0;0.0;76.0;273.0;32.0;6.0;34.0;2.0;3.0;17.0;4.0;1.0
INDIANA;0.0;0.0;0.0;0.0;0.0;0.0;0.0;0.0;0.0;0.0;0.0;0.0;0.0;0.0;0.0;0.0;0.0;0.0;0.0;0.0;1.0;0.0;0.0;0.0;1.0;0.0;0.0;3.0;0.0;1.0;0.0;3.0;0.0;0.0;0.0;0.0;0.0;0.0;0.0;0.0;1.0;3.0;0.0;0.0;1.0;0.0;0.0;3.0;0.0;1.0
INDIAPORA;0.0;0.0;0.0;0.0;0.0;0.0;0.0;0.0;0.0;0.0;0.0;0.0;0.0;0.0;0.0;0.0;0.0;0.0;0.0;0.0;0.0;0.0;0.0;0.0;1.0;0.0;0.0;2.0;0.0;0.0;1.0;2.0;0.0;1.0;0.0;0.0;0.0;0.0;0.0;0.0;1.0;2.0;0.0;1.0;1.0;0.0;0.0;2.0;0.0;0.0
INUBIA PAULISTA;0.0;0.0;0.0;0.0;0.0;0.0;0.0;0.0;0.0;0.0;0.0;0.0;0.0;0.0;0.0;0.0;0.0;0.0;0.0;0.0;0.0;0.0;0.0;0.0;1.0;0.0;0.0;1.0;0.0;0.0;0.0;0.0;0.0;0.0;0.0;0.0;0.0;0.0;0.0;0.0;0.0;0.0;0.0;0.0;1.0;0.0;0.0;1.0;0.0;0.0
IPAUSSU;0.0;0.0;0.0;0.0;0.0;0.0;0.0;0.0;0.0;0.0;0.0;0.0;0.0;0.0;0.0;0.0;0.0;0.0;0.0;0.0;0.0;0.0;0.0;0.0;1.0;0.0;1.0;3.0;1.0;0.0;1.0;7.0;3.0;1.0;3.0;0.0;0.0;0.0;0.0;0.0;1.0;7.0;3.0;1.0;4.0;0.0;1.0;3.0;1.0;0.0
IPERO;0.0;0.0;0.0;0.0;0.0;0.0;0.0;0.0;0.0;0.0;0.0;0.0;0.0;0.0;0.0;0.0;0.0;0.0;0.0;0.0;1.0;0.0;0.0;0.0;4.0;2.0;1.0;5.0;1.0;0.0;1.0;14.0;2.0;0.0;0.0;0.0;0.0;1.0;0.0;0.0;2.0;14.0;2.0;0.0;4.0;2.0;1.0;6.0;1.0;0.0
IPEUNA;0.0;0.0;0.0;0.0;0.0;0.0;0.0;0.0;0.0;0.0;0.0;0.0;0.0;0.0;0.0;0.0;0.0;0.0;0.0;0.0;1.0;0.0;0.0;0.0;2.0;0.0;0.0;3.0;1.0;1.0;0.0;0.0;0.0;0.0;0.0;0.0;0.0;0.0;0.0;0.0;1.0;0.0;0.0;0.0;2.0;0.0;0.0;3.0;1.0;1.0
IPIGUA;0.0;0.0;0.0;0.0;0.0;0.0;0.0;0.0;0.0;0.0;0.0;0.0;0.0;0.0;0.0;0.0;0.0;0.0;0.0;0.0;1.0;0.0;0.0;0.0;1.0;0.0;0.0;1.0;0.0;0.0;0.0;0.0;0.0;0.0;0.0;0.0;0.0;0.0;0.0;0.0;1.0;0.0;0.0;0.0;1.0;0.0;0.0;1.0;0.0;0.0
IPORANGA;0.0;0.0;0.0;0.0;0.0;0.0;0.0;0.0;0.0;0.0;0.0;0.0;0.0;0.0;0.0;0.0;0.0;0.0;0.0;0.0;0.0;0.0;0.0;0.0;1.0;1.0;0.0;2.0;1.0;0.0;0.0;0.0;0.0;0.0;0.0;0.0;0.0;0.0;0.0;0.0;0.0;0.0;0.0;0.0;1.0;1.0;0.0;2.0;1.0;0.0
IPUA;0.0;0.0;0.0;0.0;0.0;0.0;0.0;0.0;0.0;0.0;0.0;0.0;0.0;0.0;0.0;0.0;0.0;0.0;0.0;0.0;1.0;0.0;0.0;0.0;1.0;1.0;1.0;7.0;0.0;0.0;0.0;51.0;3.0;1.0;0.0;0.0;0.0;0.0;0.0;0.0;1.0;51.0;3.0;1.0;1.0;1.0;1.0;7.0;0.0;0.0
IRACEMAPOLIS;0.0;0.0;0.0;0.0;0.0;0.0;0.0;0.0;0.0;0.0;0.0;0.0;0.0;0.0;0.0;0.0;0.0;0.0;0.0;0.0;2.0;0.0;0.0;0.0;2.0;1.0;1.0;4.0;0.0;0.0;3.0;12.0;6.0;0.0;0.0;0.0;0.0;0.0;0.0;0.0;5.0;12.0;6.0;0.0;2.0;1.0;1.0;4.0;0.0;0.0
IRAPUA;0.0;0.0;0.0;0.0;0.0;0.0;0.0;0.0;0.0;0.0;0.0;0.0;0.0;0.0;0.0;0.0;0.0;0.0;0.0;0.0;0.0;0.0;0.0;0.0;1.0;0.0;0.0;3.0;1.0;0.0;0.0;4.0;2.0;0.0;0.0;0.0;0.0;0.0;0.0;0.0;0.0;4.0;2.0;0.0;1.0;0.0;0.0;3.0;1.0;0.0
IRAPURU;0.0;0.0;0.0;0.0;0.0;0.0;0.0;0.0;0.0;0.0;0.0;0.0;0.0;0.0;0.0;0.0;0.0;0.0;0.0;0.0;0.0;0.0;0.0;0.0;1.0;1.0;0.0;3.0;0.0;1.0;0.0;1.0;0.0;0.0;0.0;0.0;0.0;2.0;0.0;0.0;0.0;1.0;0.0;0.0;1.0;1.0;0.0;5.0;0.0;1.0
ITABERA;0.0;0.0;0.0;0.0;0.0;0.0;0.0;0.0;0.0;0.0;0.0;0.0;0.0;0.0;0.0;0.0;0.0;0.0;0.0;0.0;2.0;0.0;0.0;1.0;5.0;0.0;1.0;9.0;0.0;0.0;2.0;2.0;2.0;0.0;0.0;0.0;0.0;0.0;0.0;0.0;4.0;2.0;2.0;1.0;5.0;0.0;1.0;9.0;0.0;0.0
ITAI;0.0;0.0;0.0;0.0;0.0;0.0;0.0;0.0;0.0;0.0;0.0;0.0;0.0;0.0;0.0;0.0;0.0;0.0;0.0;0.0;2.0;0.0;0.0;0.0;5.0;0.0;1.0;5.0;1.0;1.0;2.0;3.0;6.0;1.0;0.0;0.0;0.0;1.0;0.0;0.0;4.0;3.0;6.0;1.0;5.0;0.0;1.0;6.0;1.0;1.0
ITAJOBI;0.0;0.0;0.0;0.0;0.0;0.0;0.0;0.0;0.0;0.0;0.0;0.0;0.0;0.0;0.0;0.0;0.0;0.0;0.0;0.0;1.0;0.0;0.0;0.0;3.0;1.0;1.0;5.0;0.0;0.0;3.0;15.0;4.0;1.0;0.0;0.0;0.0;0.0;0.0;0.0;4.0;15.0;4.0;1.0;3.0;1.0;1.0;5.0;0.0;0.0
ITAJU;0.0;0.0;0.0;0.0;0.0;0.0;0.0;0.0;0.0;0.0;0.0;0.0;0.0;0.0;0.0;0.0;0.0;0.0;0.0;0.0;0.0;0.0;0.0;0.0;1.0;0.0;0.0;1.0;0.0;0.0;0.0;0.0;0.0;0.0;0.0;0.0;0.0;0.0;0.0;0.0;0.0;0.0;0.0;0.0;1.0;0.0;0.0;1.0;0.0;0.0
ITANHAEM;0.0;0.0;0.0;0.0;0.0;0.0;0.0;0.0;0.0;0.0;0.0;0.0;0.0;0.0;0.0;0.0;0.0;0.0;0.0;0.0;7.0;0.0;1.0;1.0;7.0;1.0;3.0;11.0;7.0;0.0;17.0;34.0;5.0;2.0;7.0;0.0;0.0;0.0;0.0;0.0;24.0;34.0;6.0;3.0;14.0;1.0;3.0;11.0;7.0;0.0
ITAOCA;0.0;0.0;0.0;0.0;0.0;0.0;0.0;0.0;0.0;0.0;0.0;0.0;0.0;0.0;0.0;0.0;0.0;0.0;0.0;0.0;0.0;0.0;0.0;0.0;2.0;0.0;0.0;1.0;1.0;0.0;0.0;0.0;0.0;0.0;0.0;0.0;0.0;0.0;0.0;0.0;0.0;0.0;0.0;0.0;2.0;0.0;0.0;1.0;1.0;0.0
ITAPECERICA DA SERRA;0.0;0.0;0.0;0.0;0.0;0.0;0.0;0.0;0.0;0.0;0.0;0.0;0.0;0.0;0.0;0.0;0.0;0.0;0.0;0.0;2.0;0.0;1.0;1.0;1.0;2.0;1.0;14.0;2.0;1.0;21.0;36.0;3.0;3.0;8.0;0.0;0.0;1.0;0.0;0.0;23.0;36.0;4.0;5.0;9.0;2.0;1.0;15.0;2.0;1.0
ITAPETININGA;0.0;0.0;0.0;0.0;0.0;0.0;0.0;0.0;0.0;0.0;0.0;0.0;0.0;0.0;0.0;0.0;0.0;0.0;0.0;0.0;1.0;1.0;1.0;0.0;7.0;0.0;3.0;19.0;9.0;1.0;11.0;359.0;18.0;2.0;18.0;0.0;0.0;3.0;1.0;0.0;12.0;360.0;19.0;2.0;25.0;0.0;3.0;22.0;10.0;1.0
ITAPEVA;0.0;0.0;0.0;0.0;0.0;0.0;0.0;0.0;0.0;0.0;0.0;0.0;0.0;0.0;0.0;0.0;0.0;0.0;0.0;0.0;1.0;0.0;0.0;1.0;7.0;1.0;2.0;24.0;2.0;1.0;5.0;257.0;8.0;2.0;11.0;0.0;0.0;1.0;0.0;0.0;6.0;257.0;8.0;3.0;18.0;1.0;2.0;25.0;2.0;1.0
ITAPEVI;0.0;0.0;0.0;0.0;0.0;0.0;0.0;0.0;0.0;0.0;0.0;0.0;0.0;0.0;0.0;0.0;0.0;0.0;0.0;0.0;1.0;0.0;0.0;1.0;5.0;4.0;3.0;15.0;8.0;3.0;6.0;58.0;8.0;2.0;2.0;2.0;0.0;0.0;0.0;0.0;7.0;58.0;8.0;3.0;7.0;6.0;3.0;15.0;8.0;3.0
ITAPIRA;0.0;0.0;0.0;0.0;0.0;0.0;0.0;0.0;0.0;0.0;0.0;0.0;0.0;0.0;0.0;0.0;0.0;0.0;0.0;0.0;6.0;0.0;0.0;1.0;3.0;0.0;2.0;13.0;2.0;0.0;12.0;125.0;10.0;3.0;1.0;0.0;0.0;1.0;0.0;0.0;18.0;125.0;10.0;4.0;4.0;0.0;2.0;14.0;2.0;0.0
ITAPIRAPUA PAULISTA;0.0;0.0;0.0;0.0;0.0;0.0;0.0;0.0;0.0;0.0;0.0;0.0;0.0;0.0;0.0;0.0;0.0;0.0;0.0;0.0;1.0;0.0;0.0;0.0;3.0;0.0;0.0;2.0;1.0;0.0;0.0;0.0;0.0;0.0;0.0;0.0;0.0;0.0;0.0;0.0;1.0;0.0;0.0;0.0;3.0;0.0;0.0;2.0;1.0;0.0
ITAPOLIS;0.0;0.0;0.0;0.0;0.0;0.0;0.0;0.0;0.0;0.0;0.0;0.0;0.0;0.0;0.0;0.0;0.0;0.0;0.0;0.0;3.0;0.0;0.0;0.0;1.0;0.0;1.0;8.0;1.0;0.0;9.0;81.0;6.0;1.0;1.0;0.0;0.0;0.0;0.0;0.0;12.0;81.0;6.0;1.0;2.0;0.0;1.0;8.0;1.0;0.0
ITAPORANGA;0.0;0.0;0.0;0.0;0.0;0.0;0.0;0.0;0.0;0.0;0.0;0.0;0.0;0.0;0.0;0.0;0.0;0.0;0.0;0.0;2.0;0.0;0.0;0.0;4.0;0.0;0.0;4.0;1.0;0.0;2.0;6.0;2.0;1.0;1.0;0.0;0.0;0.0;0.0;0.0;4.0;6.0;2.0;1.0;5.0;0.0;0.0;4.0;1.0;0.0
ITAPUI;0.0;0.0;0.0;0.0;0.0;0.0;0.0;0.0;0.0;0.0;0.0;0.0;0.0;0.0;0.0;0.0;0.0;0.0;0.0;0.0;1.0;0.0;0.0;1.0;1.0;1.0;1.0;4.0;1.0;0.0;1.0;2.0;3.0;0.0;0.0;0.0;0.0;0.0;0.0;0.0;2.0;2.0;3.0;1.0;1.0;1.0;1.0;4.0;1.0;0.0
ITAPURA;0.0;0.0;0.0;0.0;0.0;0.0;0.0;0.0;0.0;0.0;0.0;0.0;0.0;0.0;0.0;0.0;0.0;0.0;0.0;0.0;0.0;0.0;0.0;0.0;2.0;0.0;0.0;2.0;0.0;1.0;0.0;0.0;1.0;0.0;0.0;0.0;0.0;0.0;0.0;0.0;0.0;0.0;1.0;0.0;2.0;0.0;0.0;2.0;0.0;1.0
ITAQUAQUECETUBA;0.0;0.0;0.0;0.0;0.0;0.0;0.0;0.0;0.0;0.0;0.0;0.0;0.0;0.0;0.0;0.0;0.0;0.0;0.0;0.0;4.0;1.0;0.0;1.0;5.0;3.0;2.0;19.0;7.0;2.0;18.0;49.0;8.0;0.0;2.0;2.0;0.0;0.0;0.0;0.0;22.0;50.0;8.0;1.0;7.0;5.0;2.0;19.0;7.0;2.0
ITARARE;0.0;0.0;0.0;0.0;0.0;0.0;0.0;0.0;0.0;0.0;0.0;0.0;0.0;0.0;0.0;0.0;0.0;0.0;0.0;0.0;4.0;1.0;0.0;0.0;5.0;0.0;1.0;12.0;1.0;0.0;5.0;54.0;6.0;1.0;2.0;0.0;0.0;0.0;0.0;0.0;9.0;55.0;6.0;1.0;7.0;0.0;1.0;12.0;1.0;0.0
ITARIRI;0.0;0.0;0.0;0.0;0.0;0.0;0.0;0.0;0.0;0.0;0.0;0.0;0.0;0.0;0.0;0.0;0.0;0.0;0.0;0.0;0.0;0.0;0.0;0.0;2.0;1.0;0.0;7.0;0.0;0.0;0.0;1.0;1.0;0.0;1.0;0.0;0.0;0.0;0.0;0.0;0.0;1.0;1.0;0.0;3.0;1.0;0.0;7.0;0.0;0.0
ITATIBA;0.0;0.0;0.0;0.0;0.0;0.0;0.0;0.0;0.0;0.0;0.0;0.0;0.0;0.0;0.0;0.0;0.0;0.0;0.0;0.0;7.0;0.0;0.0;0.0;3.0;1.0;2.0;25.0;2.0;2.0;42.0;137.0;19.0;3.0;5.0;1.0;0.0;0.0;0.0;0.0;49.0;137.0;19.0;3.0;8.0;2.0;2.0;25.0;2.0;2.0
ITATINGA;0.0;0.0;0.0;0.0;0.0;0.0;0.0;0.0;0.0;0.0;0.0;0.0;0.0;0.0;0.0;0.0;0.0;0.0;0.0;0.0;0.0;0.0;0.0;0.0;2.0;0.0;0.0;3.0;0.0;0.0;0.0;16.0;2.0;1.0;0.0;0.0;0.0;1.0;0.0;0.0;0.0;16.0;2.0;1.0;2.0;0.0;0.0;4.0;0.0;0.0
ITIRAPINA;0.0;0.0;0.0;0.0;0.0;0.0;0.0;0.0;0.0;0.0;0.0;0.0;0.0;0.0;0.0;0.0;0.0;0.0;0.0;0.0;1.0;0.0;0.0;1.0;1.0;0.0;0.0;4.0;1.0;1.0;0.0;17.0;2.0;0.0;1.0;0.0;0.0;2.0;0.0;0.0;1.0;17.0;2.0;1.0;2.0;0.0;0.0;6.0;1.0;1.0
ITIRAPUA;0.0;0.0;0.0;0.0;0.0;0.0;0.0;0.0;0.0;0.0;0.0;0.0;0.0;0.0;0.0;0.0;0.0;0.0;0.0;0.0;2.0;0.0;0.0;0.0;1.0;0.0;0.0;3.0;0.0;1.0;0.0;0.0;0.0;0.0;0.0;0.0;0.0;0.0;0.0;0.0;2.0;0.0;0.0;0.0;1.0;0.0;0.0;3.0;0.0;1.0
ITOBI;0.0;0.0;0.0;0.0;0.0;0.0;0.0;0.0;0.0;0.0;0.0;0.0;0.0;0.0;0.0;0.0;0.0;0.0;0.0;0.0;0.0;0.0;0.0;0.0;1.0;0.0;0.0;2.0;0.0;0.0;1.0;2.0;1.0;0.0;0.0;0.0;0.0;0.0;0.0;0.0;1.0;2.0;1.0;0.0;1.0;0.0;0.0;2.0;0.0;0.0
ITU;0.0;0.0;0.0;0.0;0.0;0.0;0.0;0.0;0.0;0.0;0.0;0.0;0.0;0.0;0.0;0.0;0.0;0.0;0.0;0.0;1.0;0.0;2.0;1.0;7.0;3.0;2.0;17.0;2.0;1.0;16.0;214.0;28.0;2.0;14.0;0.0;0.0;0.0;0.0;0.0;17.0;214.0;30.0;3.0;21.0;3.0;2.0;17.0;2.0;1.0
ITUPEVA;0.0;0.0;0.0;0.0;0.0;0.0;0.0;0.0;0.0;0.0;0.0;0.0;0.0;0.0;0.0;0.0;0.0;0.0;0.0;0.0;6.0;4.0;0.0;1.0;3.0;0.0;1.0;12.0;0.0;0.0;15.0;37.0;5.0;1.0;3.0;0.0;0.0;1.0;1.0;0.0;21.0;41.0;5.0;2.0;6.0;0.0;1.0;13.0;1.0;0.0
ITUVERAVA;0.0;0.0;0.0;0.0;0.0;0.0;0.0;0.0;0.0;0.0;0.0;0.0;0.0;0.0;0.0;0.0;0.0;0.0;0.0;0.0;1.0;0.0;1.0;0.0;2.0;0.0;1.0;12.0;1.0;1.0;2.0;203.0;10.0;2.0;3.0;0.0;0.0;0.0;1.0;0.0;3.0;203.0;11.0;2.0;5.0;0.0;1.0;12.0;2.0;1.0
JABORANDI;0.0;0.0;0.0;0.0;0.0;0.0;0.0;0.0;0.0;0.0;0.0;0.0;0.0;0.0;0.0;0.0;0.0;0.0;0.0;0.0;1.0;1.0;0.0;1.0;2.0;0.0;0.0;3.0;1.0;0.0;0.0;4.0;1.0;0.0;0.0;0.0;0.0;0.0;0.0;0.0;1.0;5.0;1.0;1.0;2.0;0.0;0.0;3.0;1.0;0.0
JABOTICABAL;0.0;0.0;0.0;0.0;0.0;0.0;0.0;0.0;0.0;0.0;0.0;0.0;0.0;0.0;0.0;0.0;0.0;0.0;0.0;0.0;5.0;1.0;1.0;0.0;4.0;1.0;1.0;12.0;4.0;1.0;28.0;179.0;7.0;2.0;10.0;2.0;0.0;0.0;0.0;0.0;33.0;180.0;8.0;2.0;14.0;3.0;1.0;12.0;4.0;1.0
JACAREI;0.0;0.0;0.0;0.0;0.0;0.0;0.0;0.0;0.0;0.0;0.0;0.0;0.0;0.0;0.0;0.0;0.0;0.0;0.0;0.0;3.0;1.0;2.0;0.0;5.0;2.0;3.0;19.0;4.0;1.0;55.0;393.0;37.0;6.0;17.0;2.0;0.0;0.0;0.0;0.0;58.0;394.0;39.0;6.0;22.0;4.0;3.0;19.0;4.0;1.0
JACI;0.0;0.0;0.0;0.0;0.0;0.0;0.0;0.0;0.0;0.0;0.0;0.0;0.0;0.0;0.0;0.0;0.0;0.0;0.0;0.0;0.0;0.0;0.0;0.0;1.0;0.0;0.0;3.0;0.0;0.0;2.0;0.0;0.0;1.0;0.0;0.0;0.0;0.0;0.0;0.0;2.0;0.0;0.0;1.0;1.0;0.0;0.0;3.0;0.0;0.0
JACUPIRANGA;0.0;0.0;0.0;0.0;0.0;0.0;0.0;0.0;0.0;0.0;0.0;0.0;0.0;0.0;0.0;0.0;0.0;0.0;0.0;0.0;1.0;0.0;1.0;0.0;2.0;1.0;0.0;7.0;0.0;1.0;0.0;9.0;2.0;0.0;0.0;0.0;0.0;0.0;0.0;0.0;1.0;9.0;3.0;0.0;2.0;1.0;0.0;7.0;0.0;1.0
JAGUARIUNA;0.0;0.0;0.0;0.0;0.0;0.0;0.0;0.0;0.0;0.0;0.0;0.0;0.0;0.0;0.0;0.0;0.0;0.0;0.0;0.0;6.0;0.0;1.0;1.0;6.0;1.0;1.0;12.0;3.0;1.0;32.0;60.0;11.0;1.0;4.0;0.0;0.0;0.0;1.0;0.0;38.0;60.0;12.0;2.0;10.0;1.0;1.0;12.0;4.0;1.0
JALES;0.0;0.0;0.0;0.0;0.0;0.0;0.0;0.0;0.0;0.0;0.0;0.0;0.0;0.0;0.0;0.0;0.0;0.0;0.0;0.0;1.0;0.0;1.0;0.0;1.0;1.0;1.0;12.0;3.0;1.0;6.0;160.0;16.0;2.0;4.0;0.0;0.0;0.0;0.0;1.0;7.0;160.0;17.0;2.0;5.0;1.0;1.0;12.0;3.0;2.0
JAMBEIRO;0.0;0.0;0.0;0.0;0.0;0.0;0.0;0.0;0.0;0.0;0.0;0.0;0.0;0.0;0.0;0.0;0.0;0.0;0.0;0.0;1.0;0.0;0.0;0.0;1.0;0.0;0.0;3.0;1.0;0.0;1.0;2.0;0.0;0.0;0.0;0.0;0.0;0.0;0.0;0.0;2.0;2.0;0.0;0.0;1.0;0.0;0.0;3.0;1.0;0.0
JANDIRA;0.0;0.0;0.0;0.0;0.0;0.0;0.0;0.0;0.0;0.0;0.0;0.0;0.0;0.0;0.0;0.0;0.0;0.0;0.0;0.0;5.0;0.0;0.0;0.0;5.0;1.0;1.0;10.0;4.0;3.0;19.0;26.0;1.0;1.0;2.0;0.0;0.0;0.0;0.0;0.0;24.0;26.0;1.0;1.0;7.0;1.0;1.0;10.0;4.0;3.0
JARDINOPOLIS;0.0;0.0;0.0;0.0;0.0;0.0;0.0;0.0;0.0;0.0;0.0;0.0;0.0;0.0;0.0;0.0;0.0;0.0;0.0;0.0;4.0;1.0;0.0;0.0;4.0;1.0;0.0;11.0;1.0;1.0;9.0;41.0;3.0;0.0;1.0;0.0;0.0;1.0;0.0;0.0;13.0;42.0;3.0;0.0;5.0;1.0;0.0;12.0;1.0;1.0
JARINU;0.0;0.0;0.0;0.0;0.0;0.0;0.0;0.0;0.0;0.0;0.0;0.0;0.0;0.0;0.0;0.0;0.0;0.0;0.0;0.0;2.0;0.0;0.0;0.0;3.0;0.0;1.0;6.0;1.0;1.0;3.0;12.0;4.0;1.0;0.0;0.0;0.0;0.0;0.0;0.0;5.0;12.0;4.0;1.0;3.0;0.0;1.0;6.0;1.0;1.0
JAU;0.0;0.0;0.0;0.0;0.0;0.0;0.0;0.0;0.0;0.0;0.0;0.0;0.0;0.0;0.0;0.0;0.0;0.0;0.0;0.0;10.0;0.0;1.0;0.0;6.0;2.0;2.0;18.0;4.0;1.0;116.0;332.0;17.0;4.0;9.0;0.0;0.0;0.0;0.0;0.0;126.0;332.0;18.0;4.0;15.0;2.0;2.0;18.0;4.0;1.0
JERIQUARA;0.0;0.0;0.0;0.0;0.0;0.0;0.0;0.0;0.0;0.0;0.0;0.0;0.0;0.0;0.0;0.0;0.0;0.0;0.0;0.0;0.0;0.0;0.0;0.0;1.0;0.0;0.0;2.0;0.0;0.0;0.0;0.0;0.0;0.0;0.0;0.0;0.0;0.0;0.0;0.0;0.0;0.0;0.0;0.0;1.0;0.0;0.0;2.0;0.0;0.0
JOANOPOLIS;0.0;0.0;0.0;0.0;0.0;0.0;0.0;0.0;0.0;0.0;0.0;0.0;0.0;0.0;0.0;0.0;0.0;0.0;0.0;0.0;0.0;0.0;0.0;0.0;2.0;0.0;0.0;2.0;1.0;1.0;0.0;14.0;2.0;1.0;5.0;0.0;0.0;0.0;0.0;0.0;0.0;14.0;2.0;1.0;7.0;0.0;0.0;2.0;1.0;1.0
JOAO RAMALHO;0.0;0.0;0.0;0.0;0.0;0.0;0.0;0.0;0.0;0.0;0.0;0.0;0.0;0.0;0.0;0.0;0.0;0.0;0.0;0.0;0.0;0.0;0.0;0.0;1.0;0.0;0.0;3.0;0.0;1.0;0.0;1.0;0.0;0.0;0.0;0.0;0.0;0.0;0.0;0.0;0.0;1.0;0.0;0.0;1.0;0.0;0.0;3.0;0.0;1.0
JOSE BONIFACIO;0.0;0.0;0.0;0.0;0.0;0.0;0.0;0.0;0.0;0.0;0.0;0.0;0.0;0.0;0.0;0.0;0.0;0.0;0.0;0.0;2.0;0.0;1.0;0.0;2.0;0.0;0.0;8.0;1.0;0.0;4.0;63.0;4.0;1.0;2.0;0.0;0.0;0.0;0.0;0.0;6.0;63.0;5.0;1.0;4.0;0.0;0.0;8.0;1.0;0.0
JULIO MESQUITA;0.0;0.0;0.0;0.0;0.0;0.0;0.0;0.0;0.0;0.0;0.0;0.0;0.0;0.0;0.0;0.0;0.0;0.0;0.0;0.0;0.0;0.0;0.0;0.0;1.0;0.0;0.0;2.0;0.0;0.0;1.0;0.0;0.0;0.0;0.0;0.0;0.0;0.0;0.0;0.0;1.0;0.0;0.0;0.0;1.0;0.0;0.0;2.0;0.0;0.0
JUMIRIM;0.0;0.0;0.0;0.0;0.0;0.0;0.0;0.0;0.0;0.0;0.0;0.0;0.0;0.0;0.0;0.0;0.0;0.0;0.0;0.0;0.0;0.0;0.0;0.0;2.0;0.0;0.0;1.0;0.0;0.0;0.0;2.0;0.0;0.0;0.0;0.0;0.0;0.0;0.0;0.0;0.0;2.0;0.0;0.0;2.0;0.0;0.0;1.0;0.0;0.0
JUNDIAI;0.0;0.0;0.0;0.0;0.0;0.0;0.0;0.0;0.0;0.0;0.0;0.0;0.0;0.0;0.0;0.0;0.0;0.0;0.0;0.0;14.0;0.0;1.0;1.0;9.0;5.0;4.0;35.0;6.0;4.0;291.0;1623.0;73.0;11.0;47.0;2.0;0.0;1.0;1.0;0.0;305.0;1623.0;74.0;12.0;56.0;7.0;4.0;36.0;7.0;4.0
JUNQUEIROPOLIS;0.0;0.0;0.0;0.0;0.0;0.0;0.0;0.0;0.0;0.0;0.0;0.0;0.0;0.0;0.0;0.0;0.0;0.0;0.0;0.0;1.0;0.0;2.0;0.0;3.0;1.0;1.0;9.0;0.0;0.0;0.0;15.0;2.0;2.0;1.0;0.0;0.0;1.0;0.0;0.0;1.0;15.0;4.0;2.0;4.0;1.0;1.0;10.0;0.0;0.0
JUQUIA;0.0;0.0;0.0;0.0;0.0;0.0;0.0;0.0;0.0;0.0;0.0;0.0;0.0;0.0;0.0;0.0;0.0;0.0;0.0;0.0;0.0;0.0;1.0;0.0;3.0;1.0;0.0;7.0;0.0;1.0;0.0;2.0;1.0;0.0;0.0;0.0;0.0;0.0;0.0;0.0;0.0;2.0;2.0;0.0;3.0;1.0;0.0;7.0;0.0;1.0
JUQUITIBA;0.0;0.0;0.0;0.0;0.0;0.0;0.0;0.0;0.0;0.0;0.0;0.0;0.0;0.0;0.0;0.0;0.0;0.0;0.0;0.0;1.0;0.0;0.0;0.0;1.0;0.0;1.0;10.0;2.0;0.0;0.0;3.0;2.0;0.0;0.0;0.0;0.0;0.0;0.0;0.0;1.0;3.0;2.0;0.0;1.0;0.0;1.0;10.0;2.0;0.0
LAGOINHA;0.0;0.0;0.0;0.0;0.0;0.0;0.0;0.0;0.0;0.0;0.0;0.0;0.0;0.0;0.0;0.0;0.0;0.0;0.0;0.0;0.0;0.0;0.0;0.0;2.0;0.0;0.0;4.0;1.0;0.0;1.0;1.0;0.0;0.0;0.0;0.0;0.0;0.0;0.0;0.0;1.0;1.0;0.0;0.0;2.0;0.0;0.0;4.0;1.0;0.0
LARANJAL PAULISTA;0.0;0.0;0.0;0.0;0.0;0.0;0.0;0.0;0.0;0.0;0.0;0.0;0.0;0.0;0.0;0.0;0.0;0.0;0.0;0.0;2.0;0.0;2.0;0.0;2.0;0.0;1.0;8.0;0.0;0.0;3.0;75.0;6.0;1.0;1.0;0.0;0.0;0.0;0.0;0.0;5.0;75.0;8.0;1.0;3.0;0.0;1.0;8.0;0.0;0.0
LAVINIA;0.0;0.0;0.0;0.0;0.0;0.0;0.0;0.0;0.0;0.0;0.0;0.0;0.0;0.0;0.0;0.0;0.0;0.0;0.0;0.0;0.0;0.0;0.0;0.0;2.0;0.0;0.0;2.0;0.0;1.0;0.0;0.0;0.0;0.0;0.0;0.0;0.0;4.0;0.0;0.0;0.0;0.0;0.0;0.0;2.0;0.0;0.0;6.0;0.0;1.0
LAVRINHAS;0.0;0.0;0.0;0.0;0.0;0.0;0.0;0.0;0.0;0.0;0.0;0.0;0.0;0.0;0.0;0.0;0.0;0.0;0.0;0.0;1.0;0.0;1.0;0.0;1.0;0.0;0.0;4.0;0.0;0.0;0.0;1.0;0.0;0.0;1.0;0.0;0.0;0.0;0.0;0.0;1.0;1.0;1.0;0.0;2.0;0.0;0.0;4.0;0.0;0.0
LEME;0.0;0.0;0.0;0.0;0.0;0.0;0.0;0.0;0.0;0.0;0.0;0.0;0.0;0.0;0.0;0.0;0.0;0.0;0.0;0.0;7.0;2.0;0.0;0.0;2.0;1.0;3.0;18.0;0.0;3.0;22.0;171.0;18.0;2.0;3.0;1.0;0.0;0.0;1.0;0.0;29.0;173.0;18.0;2.0;5.0;2.0;3.0;18.0;1.0;3.0
LENCOIS PAULISTA;0.0;0.0;0.0;0.0;0.0;0.0;0.0;0.0;0.0;0.0;0.0;0.0;0.0;0.0;0.0;0.0;0.0;0.0;0.0;0.0;3.0;1.0;0.0;0.0;3.0;1.0;1.0;12.0;2.0;0.0;18.0;250.0;29.0;2.0;7.0;0.0;0.0;0.0;1.0;0.0;21.0;251.0;29.0;2.0;10.0;1.0;1.0;12.0;3.0;0.0
LIMEIRA;0.0;0.0;0.0;0.0;0.0;0.0;0.0;0.0;0.0;0.0;0.0;0.0;0.0;0.0;0.0;0.0;0.0;0.0;0.0;0.0;6.0;0.0;3.0;0.0;4.0;1.0;3.0;34.0;4.0;3.0;54.0;849.0;117.0;4.0;44.0;0.0;0.0;4.0;0.0;0.0;60.0;849.0;120.0;4.0;48.0;1.0;3.0;38.0;4.0;3.0
LINDOIA;0.0;0.0;0.0;0.0;0.0;0.0;0.0;0.0;0.0;0.0;0.0;0.0;0.0;0.0;0.0;0.0;0.0;0.0;0.0;0.0;2.0;0.0;0.0;0.0;1.0;0.0;0.0;4.0;1.0;1.0;0.0;8.0;3.0;0.0;0.0;0.0;0.0;0.0;0.0;0.0;2.0;8.0;3.0;0.0;1.0;0.0;0.0;4.0;1.0;1.0
LINS;0.0;0.0;0.0;0.0;0.0;0.0;0.0;0.0;0.0;0.0;0.0;0.0;0.0;0.0;0.0;0.0;0.0;0.0;0.0;0.0;6.0;0.0;2.0;1.0;6.0;0.0;3.0;15.0;0.0;0.0;29.0;510.0;34.0;3.0;6.0;0.0;0.0;1.0;1.0;0.0;35.0;510.0;36.0;4.0;12.0;0.0;3.0;16.0;1.0;0.0
LORENA;0.0;0.0;0.0;0.0;0.0;0.0;0.0;0.0;0.0;0.0;0.0;0.0;0.0;0.0;0.0;0.0;0.0;0.0;0.0;0.0;5.0;1.0;2.0;0.0;3.0;0.0;1.0;18.0;1.0;0.0;24.0;253.0;16.0;3.0;25.0;0.0;0.0;0.0;1.0;0.0;29.0;254.0;18.0;3.0;28.0;0.0;1.0;18.0;2.0;0.0
LOURDES;0.0;0.0;0.0;0.0;0.0;0.0;0.0;0.0;0.0;0.0;0.0;0.0;0.0;0.0;0.0;0.0;0.0;0.0;0.0;0.0;0.0;0.0;0.0;0.0;2.0;0.0;0.0;2.0;0.0;0.0;0.0;0.0;0.0;0.0;0.0;0.0;0.0;0.0;0.0;0.0;0.0;0.0;0.0;0.0;2.0;0.0;0.0;2.0;0.0;0.0
LOUVEIRA;0.0;0.0;0.0;0.0;0.0;0.0;0.0;0.0;0.0;0.0;0.0;0.0;0.0;0.0;0.0;0.0;0.0;0.0;0.0;0.0;3.0;0.0;1.0;1.0;1.0;0.0;1.0;6.0;0.0;1.0;11.0;23.0;5.0;1.0;1.0;0.0;0.0;0.0;0.0;0.0;14.0;23.0;6.0;2.0;2.0;0.0;1.0;6.0;0.0;1.0
LUCELIA;0.0;0.0;0.0;0.0;0.0;0.0;0.0;0.0;0.0;0.0;0.0;0.0;0.0;0.0;0.0;0.0;0.0;0.0;0.0;0.0;0.0;0.0;0.0;0.0;4.0;0.0;1.0;5.0;0.0;0.0;1.0;27.0;4.0;1.0;0.0;0.0;0.0;1.0;0.0;0.0;1.0;27.0;4.0;1.0;4.0;0.0;1.0;6.0;0.0;0.0
LUCIANOPOLIS;0.0;0.0;0.0;0.0;0.0;0.0;0.0;0.0;0.0;0.0;0.0;0.0;0.0;0.0;0.0;0.0;0.0;0.0;0.0;0.0;0.0;0.0;0.0;0.0;2.0;0.0;0.0;1.0;0.0;0.0;0.0;0.0;0.0;0.0;0.0;0.0;0.0;0.0;0.0;0.0;0.0;0.0;0.0;0.0;2.0;0.0;0.0;1.0;0.0;0.0
LUIZ ANTONIO;0.0;0.0;0.0;0.0;0.0;0.0;0.0;0.0;0.0;0.0;0.0;0.0;0.0;0.0;0.0;0.0;0.0;0.0;0.0;0.0;1.0;0.0;1.0;0.0;4.0;0.0;0.0;8.0;1.0;1.0;1.0;11.0;1.0;0.0;0.0;0.0;0.0;0.0;0.0;0.0;2.0;11.0;2.0;0.0;4.0;0.0;0.0;8.0;1.0;1.0
LUIZIANIA;0.0;0.0;0.0;0.0;0.0;0.0;0.0;0.0;0.0;0.0;0.0;0.0;0.0;0.0;0.0;0.0;0.0;0.0;0.0;0.0;0.0;0.0;0.0;0.0;2.0;0.0;0.0;1.0;0.0;0.0;1.0;3.0;0.0;0.0;1.0;0.0;0.0;0.0;0.0;0.0;1.0;3.0;0.0;0.0;3.0;0.0;0.0;1.0;0.0;0.0
LUPERCIO;0.0;0.0;0.0;0.0;0.0;0.0;0.0;0.0;0.0;0.0;0.0;0.0;0.0;0.0;0.0;0.0;0.0;0.0;0.0;0.0;0.0;0.0;0.0;0.0;2.0;0.0;0.0;2.0;0.0;0.0;0.0;0.0;0.0;0.0;0.0;0.0;0.0;0.0;0.0;0.0;0.0;0.0;0.0;0.0;2.0;0.0;0.0;2.0;0.0;0.0
LUTECIA;0.0;0.0;0.0;0.0;0.0;0.0;0.0;0.0;0.0;0.0;0.0;0.0;0.0;0.0;0.0;0.0;0.0;0.0;0.0;0.0;0.0;0.0;0.0;0.0;2.0;0.0;0.0;1.0;0.0;0.0;0.0;1.0;0.0;0.0;0.0;0.0;0.0;0.0;0.0;0.0;0.0;1.0;0.0;0.0;2.0;0.0;0.0;1.0;0.0;0.0
MACATUBA;0.0;0.0;0.0;0.0;0.0;0.0;0.0;0.0;0.0;0.0;0.0;0.0;0.0;0.0;0.0;0.0;0.0;0.0;0.0;0.0;4.0;0.0;1.0;0.0;1.0;0.0;1.0;4.0;0.0;1.0;13.0;18.0;2.0;1.0;0.0;0.0;0.0;0.0;0.0;0.0;17.0;18.0;3.0;1.0;1.0;0.0;1.0;4.0;0.0;1.0
MACAUBAL;0.0;0.0;0.0;0.0;0.0;0.0;0.0;0.0;0.0;0.0;0.0;0.0;0.0;0.0;0.0;0.0;0.0;0.0;0.0;0.0;1.0;0.0;0.0;0.0;1.0;0.0;0.0;2.0;0.0;0.0;0.0;5.0;2.0;1.0;0.0;0.0;0.0;0.0;0.0;0.0;1.0;5.0;2.0;1.0;1.0;0.0;0.0;2.0;0.0;0.0
MACEDONIA;0.0;0.0;0.0;0.0;0.0;0.0;0.0;0.0;0.0;0.0;0.0;0.0;0.0;0.0;0.0;0.0;0.0;0.0;0.0;0.0;0.0;0.0;0.0;0.0;1.0;0.0;0.0;1.0;0.0;0.0;0.0;2.0;0.0;0.0;0.0;0.0;0.0;0.0;0.0;0.0;0.0;2.0;0.0;0.0;1.0;0.0;0.0;1.0;0.0;0.0
MAGDA;0.0;0.0;0.0;0.0;0.0;0.0;0.0;0.0;0.0;0.0;0.0;0.0;0.0;0.0;0.0;0.0;0.0;0.0;0.0;0.0;1.0;0.0;0.0;0.0;1.0;0.0;0.0;1.0;0.0;0.0;0.0;1.0;0.0;0.0;0.0;0.0;0.0;0.0;0.0;0.0;1.0;1.0;0.0;0.0;1.0;0.0;0.0;1.0;0.0;0.0
MAIRINQUE;0.0;0.0;0.0;0.0;0.0;0.0;0.0;0.0;0.0;0.0;0.0;0.0;0.0;0.0;0.0;0.0;0.0;0.0;0.0;0.0;3.0;1.0;0.0;0.0;2.0;1.0;1.0;12.0;1.0;0.0;12.0;39.0;1.0;0.0;0.0;0.0;0.0;1.0;0.0;0.0;15.0;40.0;1.0;0.0;2.0;1.0;1.0;13.0;1.0;0.0
MAIRIPORA;0.0;0.0;0.0;0.0;0.0;0.0;0.0;0.0;0.0;0.0;0.0;0.0;0.0;0.0;0.0;0.0;0.0;0.0;0.0;0.0;5.0;0.0;0.0;1.0;4.0;1.0;3.0;16.0;0.0;1.0;8.0;8.0;3.0;1.0;6.0;0.0;0.0;0.0;0.0;0.0;13.0;8.0;3.0;2.0;10.0;1.0;3.0;16.0;0.0;1.0
MANDURI;0.0;0.0;0.0;0.0;0.0;0.0;0.0;0.0;0.0;0.0;0.0;0.0;0.0;0.0;0.0;0.0;0.0;0.0;0.0;0.0;0.0;0.0;0.0;0.0;1.0;0.0;0.0;3.0;0.0;1.0;0.0;0.0;0.0;0.0;0.0;0.0;0.0;1.0;0.0;0.0;0.0;0.0;0.0;0.0;1.0;0.0;0.0;4.0;0.0;1.0
MARABA PAULISTA;0.0;0.0;0.0;0.0;0.0;0.0;0.0;0.0;0.0;0.0;0.0;0.0;0.0;0.0;0.0;0.0;0.0;0.0;0.0;0.0;0.0;0.0;0.0;0.0;1.0;0.0;0.0;3.0;0.0;1.0;0.0;0.0;0.0;0.0;0.0;0.0;0.0;0.0;0.0;0.0;0.0;0.0;0.0;0.0;1.0;0.0;0.0;3.0;0.0;1.0
MARACAI;0.0;0.0;0.0;0.0;0.0;0.0;0.0;0.0;0.0;0.0;0.0;0.0;0.0;0.0;0.0;0.0;0.0;0.0;0.0;0.0;0.0;0.0;0.0;0.0;3.0;0.0;1.0;4.0;0.0;0.0;2.0;3.0;4.0;1.0;1.0;0.0;0.0;0.0;0.0;0.0;2.0;3.0;4.0;1.0;4.0;0.0;1.0;4.0;0.0;0.0
MARAPOAMA;0.0;0.0;0.0;0.0;0.0;0.0;0.0;0.0;0.0;0.0;0.0;0.0;0.0;0.0;0.0;0.0;0.0;0.0;0.0;0.0;1.0;0.0;0.0;0.0;1.0;0.0;0.0;1.0;0.0;0.0;0.0;0.0;1.0;0.0;0.0;0.0;0.0;0.0;0.0;0.0;1.0;0.0;1.0;0.0;1.0;0.0;0.0;1.0;0.0;0.0
MARIAPOLIS;0.0;0.0;0.0;0.0;0.0;0.0;0.0;0.0;0.0;0.0;0.0;0.0;0.0;0.0;0.0;0.0;0.0;0.0;0.0;0.0;0.0;0.0;0.0;0.0;1.0;0.0;0.0;2.0;0.0;0.0;0.0;1.0;0.0;0.0;0.0;0.0;0.0;0.0;0.0;0.0;0.0;1.0;0.0;0.0;1.0;0.0;0.0;2.0;0.0;0.0
MARILIA;0.0;0.0;0.0;0.0;0.0;0.0;0.0;0.0;0.0;0.0;0.0;0.0;0.0;0.0;0.0;0.0;0.0;0.0;0.0;0.0;8.0;1.0;1.0;0.0;8.0;2.0;2.0;57.0;8.0;2.0;32.0;959.0;33.0;7.0;8.0;2.0;1.0;2.0;1.0;0.0;40.0;960.0;34.0;7.0;16.0;4.0;3.0;59.0;9.0;2.0
MARINOPOLIS;0.0;0.0;0.0;0.0;0.0;0.0;0.0;0.0;0.0;0.0;0.0;0.0;0.0;0.0;0.0;0.0;0.0;0.0;0.0;0.0;0.0;0.0;0.0;0.0;1.0;0.0;0.0;2.0;0.0;0.0;0.0;0.0;0.0;0.0;0.0;0.0;0.0;0.0;0.0;0.0;0.0;0.0;0.0;0.0;1.0;0.0;0.0;2.0;0.0;0.0
MARTINOPOLIS;0.0;0.0;0.0;0.0;0.0;0.0;0.0;0.0;0.0;0.0;0.0;0.0;0.0;0.0;0.0;0.0;0.0;0.0;0.0;0.0;0.0;0.0;1.0;0.0;3.0;0.0;2.0;11.0;0.0;1.0;4.0;19.0;3.0;1.0;0.0;0.0;0.0;1.0;0.0;0.0;4.0;19.0;4.0;1.0;3.0;0.0;2.0;12.0;0.0;1.0
MATAO;0.0;0.0;0.0;0.0;0.0;0.0;0.0;0.0;0.0;0.0;0.0;0.0;0.0;0.0;0.0;0.0;0.0;0.0;0.0;0.0;6.0;1.0;0.0;0.0;2.0;0.0;2.0;19.0;3.0;0.0;32.0;204.0;12.0;1.0;1.0;1.0;0.0;0.0;1.0;0.0;38.0;205.0;12.0;1.0;3.0;1.0;2.0;19.0;4.0;0.0
MAUA;0.0;0.0;0.0;0.0;0.0;0.0;0.0;0.0;0.0;0.0;0.0;0.0;0.0;0.0;0.0;0.0;0.0;0.0;0.0;0.0;6.0;1.0;1.0;1.0;5.0;4.0;3.0;24.0;17.0;2.0;34.0;246.0;35.0;3.0;6.0;2.0;0.0;0.0;1.0;0.0;40.0;247.0;36.0;4.0;11.0;6.0;3.0;24.0;18.0;2.0
MENDONCA;0.0;0.0;0.0;0.0;0.0;0.0;0.0;0.0;0.0;0.0;0.0;0.0;0.0;0.0;0.0;0.0;0.0;0.0;0.0;0.0;0.0;0.0;0.0;0.0;2.0;0.0;0.0;2.0;0.0;0.0;0.0;2.0;1.0;0.0;0.0;0.0;0.0;0.0;0.0;0.0;0.0;2.0;1.0;0.0;2.0;0.0;0.0;2.0;0.0;0.0
MERIDIANO;0.0;0.0;0.0;0.0;0.0;0.0;0.0;0.0;0.0;0.0;0.0;0.0;0.0;0.0;0.0;0.0;0.0;0.0;0.0;0.0;1.0;1.0;0.0;0.0;2.0;0.0;0.0;2.0;0.0;0.0;0.0;1.0;0.0;0.0;0.0;0.0;0.0;0.0;0.0;0.0;1.0;2.0;0.0;0.0;2.0;0.0;0.0;2.0;0.0;0.0
MESOPOLIS;0.0;0.0;0.0;0.0;0.0;0.0;0.0;0.0;0.0;0.0;0.0;0.0;0.0;0.0;0.0;0.0;0.0;0.0;0.0;0.0;0.0;0.0;0.0;0.0;1.0;0.0;0.0;1.0;0.0;0.0;0.0;1.0;0.0;0.0;0.0;0.0;0.0;0.0;0.0;0.0;0.0;1.0;0.0;0.0;1.0;0.0;0.0;1.0;0.0;0.0
MIGUELOPOLIS;0.0;0.0;0.0;0.0;0.0;0.0;0.0;0.0;0.0;0.0;0.0;0.0;0.0;0.0;0.0;0.0;0.0;0.0;0.0;0.0;1.0;1.0;0.0;0.0;2.0;0.0;0.0;2.0;0.0;0.0;0.0;1.0;0.0;0.0;0.0;0.0;0.0;0.0;0.0;0.0;1.0;2.0;0.0;0.0;2.0;0.0;0.0;2.0;0.0;0.0
MINEIROS DO TIETE;0.0;0.0;0.0;0.0;0.0;0.0;0.0;0.0;0.0;0.0;0.0;0.0;0.0;0.0;0.0;0.0;0.0;0.0;0.0;0.0;3.0;0.0;0.0;0.0;1.0;1.0;1.0;8.0;1.0;0.0;3.0;40.0;4.0;1.0;1.0;0.0;0.0;0.0;0.0;0.0;6.0;40.0;4.0;1.0;2.0;1.0;1.0;8.0;1.0;0.0
MIRA ESTRELA;0.0;0.0;0.0;0.0;0.0;0.0;0.0;0.0;0.0;0.0;0.0;0.0;0.0;0.0;0.0;0.0;0.0;0.0;0.0;0.0;1.0;0.0;0.0;0.0;2.0;0.0;0.0;1.0;0.0;0.0;0.0;1.0;0.0;0.0;0.0;0.0;0.0;0.0;0.0;0.0;1.0;1.0;0.0;0.0;2.0;0.0;0.0;1.0;0.0;0.0
MIRACATU;0.0;0.0;0.0;0.0;0.0;0.0;0.0;0.0;0.0;0.0;0.0;0.0;0.0;0.0;0.0;0.0;0.0;0.0;0.0;0.0;1.0;0.0;0.0;0.0;1.0;1.0;1.0;9.0;0.0;1.0;0.0;3.0;1.0;1.0;0.0;0.0;0.0;0.0;0.0;0.0;1.0;3.0;1.0;1.0;1.0;1.0;1.0;9.0;0.0;1.0
MIRANDOPOLIS;0.0;0.0;0.0;0.0;0.0;0.0;0.0;0.0;0.0;0.0;0.0;0.0;0.0;0.0;0.0;0.0;0.0;0.0;0.0;0.0;1.0;0.0;1.0;1.0;4.0;1.0;1.0;6.0;0.0;1.0;2.0;46.0;8.0;0.0;0.0;0.0;0.0;2.0;0.0;0.0;3.0;46.0;9.0;1.0;4.0;1.0;1.0;8.0;0.0;1.0
MIRANTE DO PARANAPANEMA;0.0;0.0;0.0;0.0;0.0;0.0;0.0;0.0;0.0;0.0;0.0;0.0;0.0;0.0;0.0;0.0;0.0;0.0;0.0;0.0;2.0;0.0;0.0;0.0;3.0;1.0;1.0;8.0;0.0;1.0;2.0;7.0;1.0;0.0;0.0;0.0;0.0;0.0;0.0;0.0;4.0;7.0;1.0;0.0;3.0;1.0;1.0;8.0;0.0;1.0
MIRASSOL;0.0;0.0;0.0;0.0;0.0;0.0;0.0;0.0;0.0;0.0;0.0;0.0;0.0;0.0;0.0;0.0;0.0;0.0;0.0;0.0;5.0;1.0;0.0;0.0;2.0;1.0;1.0;7.0;1.0;0.0;15.0;114.0;10.0;2.0;6.0;0.0;0.0;0.0;0.0;0.0;20.0;115.0;10.0;2.0;8.0;1.0;1.0;7.0;1.0;0.0
MIRASSOLANDIA;0.0;0.0;0.0;0.0;0.0;0.0;0.0;0.0;0.0;0.0;0.0;0.0;0.0;0.0;0.0;0.0;0.0;0.0;0.0;0.0;0.0;0.0;0.0;0.0;1.0;0.0;0.0;1.0;0.0;0.0;0.0;0.0;0.0;0.0;0.0;0.0;0.0;0.0;0.0;0.0;0.0;0.0;0.0;0.0;1.0;0.0;0.0;1.0;0.0;0.0
MOCOCA;0.0;0.0;0.0;0.0;0.0;0.0;0.0;0.0;0.0;0.0;0.0;0.0;0.0;0.0;0.0;0.0;0.0;0.0;0.0;0.0;4.0;1.0;1.0;0.0;4.0;1.0;5.0;13.0;1.0;3.0;101.0;130.0;11.0;1.0;5.0;1.0;0.0;0.0;0.0;0.0;105.0;131.0;12.0;1.0;9.0;2.0;5.0;13.0;1.0;3.0
MOGI DAS CRUZES;0.0;0.0;0.0;0.0;0.0;0.0;0.0;0.0;0.0;0.0;0.0;0.0;0.0;0.0;0.0;0.0;0.0;0.0;0.0;0.0;11.0;2.0;1.0;2.0;5.0;4.0;2.0;37.0;10.0;2.0;212.0;192.0;25.0;6.0;17.0;0.0;0.0;0.0;1.0;1.0;223.0;194.0;26.0;8.0;22.0;4.0;2.0;37.0;11.0;3.0
MOGI GUACU;0.0;0.0;0.0;0.0;0.0;0.0;0.0;0.0;0.0;0.0;0.0;0.0;0.0;0.0;0.0;0.0;0.0;0.0;0.0;0.0;5.0;0.0;0.0;1.0;5.0;2.0;3.0;23.0;4.0;0.0;45.0;321.0;30.0;2.0;8.0;0.0;0.0;0.0;0.0;0.0;50.0;321.0;30.0;3.0;13.0;2.0;3.0;23.0;4.0;0.0
MOGI MIRIM;0.0;0.0;0.0;0.0;0.0;0.0;0.0;0.0;0.0;0.0;0.0;0.0;0.0;0.0;0.0;0.0;0.0;0.0;0.0;0.0;3.0;0.0;1.0;0.0;4.0;1.0;3.0;14.0;2.0;0.0;15.0;216.0;22.0;3.0;4.0;0.0;0.0;3.0;0.0;0.0;18.0;216.0;23.0;3.0;8.0;1.0;3.0;17.0;2.0;0.0
MOMBUCA;0.0;0.0;0.0;0.0;0.0;0.0;0.0;0.0;0.0;0.0;0.0;0.0;0.0;0.0;0.0;0.0;0.0;0.0;0.0;0.0;0.0;0.0;0.0;0.0;2.0;0.0;0.0;2.0;0.0;0.0;0.0;0.0;0.0;0.0;0.0;0.0;0.0;0.0;0.0;0.0;0.0;0.0;0.0;0.0;2.0;0.0;0.0;2.0;0.0;0.0
MONCOES;0.0;0.0;0.0;0.0;0.0;0.0;0.0;0.0;0.0;0.0;0.0;0.0;0.0;0.0;0.0;0.0;0.0;0.0;0.0;0.0;0.0;0.0;2.0;0.0;2.0;0.0;0.0;2.0;0.0;0.0;0.0;1.0;0.0;0.0;0.0;0.0;0.0;0.0;0.0;0.0;0.0;1.0;2.0;0.0;2.0;0.0;0.0;2.0;0.0;0.0
MONGAGUA;0.0;0.0;0.0;0.0;0.0;0.0;0.0;0.0;0.0;0.0;0.0;0.0;0.0;0.0;1.0;0.0;0.0;0.0;0.0;0.0;3.0;0.0;0.0;1.0;3.0;2.0;0.0;10.0;4.0;1.0;9.0;6.0;3.0;0.0;0.0;0.0;0.0;0.0;0.0;0.0;12.0;6.0;3.0;1.0;4.0;2.0;0.0;10.0;4.0;1.0
MONTE ALEGRE DO SUL;0.0;0.0;0.0;0.0;0.0;0.0;0.0;0.0;0.0;0.0;0.0;0.0;0.0;0.0;0.0;0.0;0.0;0.0;0.0;0.0;1.0;0.0;1.0;0.0;2.0;1.0;0.0;3.0;1.0;1.0;0.0;9.0;1.0;0.0;1.0;0.0;0.0;0.0;0.0;0.0;1.0;9.0;2.0;0.0;3.0;1.0;0.0;3.0;1.0;1.0
MONTE ALTO;0.0;0.0;0.0;0.0;0.0;0.0;0.0;0.0;0.0;0.0;0.0;0.0;0.0;0.0;0.0;0.0;0.0;0.0;0.0;0.0;6.0;1.0;0.0;0.0;3.0;2.0;1.0;8.0;3.0;1.0;54.0;162.0;3.0;2.0;9.0;0.0;0.0;0.0;0.0;0.0;60.0;163.0;3.0;2.0;12.0;2.0;1.0;8.0;3.0;1.0
MONTE APRAZIVEL;0.0;0.0;0.0;0.0;0.0;0.0;0.0;0.0;0.0;0.0;0.0;0.0;0.0;0.0;0.0;0.0;0.0;0.0;0.0;0.0;0.0;0.0;0.0;0.0;1.0;0.0;0.0;7.0;1.0;1.0;8.0;35.0;2.0;1.0;1.0;0.0;0.0;0.0;0.0;0.0;8.0;35.0;2.0;1.0;2.0;0.0;0.0;7.0;1.0;1.0
MONTE AZUL PAULISTA;0.0;0.0;0.0;0.0;0.0;0.0;0.0;0.0;0.0;0.0;0.0;0.0;0.0;0.0;0.0;0.0;0.0;0.0;0.0;0.0;0.0;0.0;0.0;0.0;2.0;1.0;0.0;7.0;0.0;0.0;6.0;36.0;6.0;2.0;1.0;0.0;0.0;2.0;0.0;0.0;6.0;36.0;6.0;2.0;3.0;1.0;0.0;9.0;0.0;0.0
MONTE CASTELO;0.0;0.0;0.0;0.0;0.0;0.0;0.0;0.0;0.0;0.0;0.0;0.0;0.0;0.0;0.0;0.0;0.0;0.0;0.0;0.0;0.0;0.0;1.0;0.0;2.0;0.0;0.0;2.0;0.0;1.0;0.0;0.0;0.0;0.0;0.0;0.0;0.0;0.0;0.0;0.0;0.0;0.0;1.0;0.0;2.0;0.0;0.0;2.0;0.0;1.0
MONTE MOR;0.0;0.0;0.0;0.0;0.0;0.0;0.0;0.0;0.0;0.0;0.0;0.0;0.0;0.0;0.0;0.0;0.0;0.0;0.0;0.0;3.0;0.0;0.0;0.0;3.0;1.0;1.0;11.0;0.0;2.0;4.0;41.0;7.0;1.0;2.0;0.0;0.0;0.0;0.0;0.0;7.0;41.0;7.0;1.0;5.0;1.0;1.0;11.0;0.0;2.0
MONTEIRO LOBATO;0.0;0.0;0.0;0.0;0.0;0.0;0.0;0.0;0.0;0.0;0.0;0.0;0.0;0.0;0.0;0.0;0.0;0.0;0.0;0.0;0.0;0.0;0.0;0.0;3.0;1.0;0.0;1.0;0.0;0.0;1.0;2.0;0.0;0.0;0.0;0.0;0.0;0.0;0.0;0.0;1.0;2.0;0.0;0.0;3.0;1.0;0.0;1.0;0.0;0.0
MORRO AGUDO;0.0;0.0;0.0;0.0;0.0;0.0;0.0;0.0;0.0;0.0;0.0;0.0;0.0;0.0;0.0;0.0;0.0;0.0;0.0;0.0;1.0;0.0;0.0;0.0;4.0;0.0;1.0;13.0;0.0;0.0;3.0;60.0;8.0;1.0;4.0;0.0;0.0;0.0;0.0;0.0;4.0;60.0;8.0;1.0;8.0;0.0;1.0;13.0;0.0;0.0
MORUNGABA;0.0;0.0;0.0;0.0;0.0;0.0;0.0;0.0;0.0;0.0;0.0;0.0;0.0;0.0;0.0;0.0;0.0;0.0;0.0;0.0;2.0;0.0;0.0;1.0;1.0;0.0;1.0;5.0;0.0;1.0;3.0;7.0;4.0;0.0;0.0;0.0;0.0;0.0;0.0;0.0;5.0;7.0;4.0;1.0;1.0;0.0;1.0;5.0;0.0;1.0
MOTUCA;0.0;0.0;0.0;0.0;0.0;0.0;0.0;0.0;0.0;0.0;0.0;0.0;0.0;0.0;0.0;0.0;0.0;0.0;0.0;0.0;0.0;0.0;0.0;0.0;2.0;0.0;0.0;2.0;0.0;1.0;0.0;1.0;0.0;0.0;0.0;0.0;0.0;0.0;0.0;0.0;0.0;1.0;0.0;0.0;2.0;0.0;0.0;2.0;0.0;1.0
MURUTINGA DO SUL;0.0;0.0;0.0;0.0;0.0;0.0;0.0;0.0;0.0;0.0;0.0;0.0;0.0;0.0;0.0;0.0;0.0;0.0;0.0;0.0;0.0;0.0;0.0;0.0;2.0;0.0;0.0;1.0;0.0;0.0;1.0;1.0;1.0;0.0;0.0;0.0;0.0;0.0;0.0;0.0;1.0;1.0;1.0;0.0;2.0;0.0;0.0;1.0;0.0;0.0
NANTES;0.0;0.0;0.0;0.0;0.0;0.0;0.0;0.0;0.0;0.0;0.0;0.0;0.0;0.0;0.0;0.0;0.0;0.0;0.0;0.0;0.0;0.0;1.0;0.0;2.0;0.0;0.0;2.0;0.0;1.0;0.0;0.0;0.0;0.0;0.0;0.0;0.0;0.0;0.0;0.0;0.0;0.0;1.0;0.0;2.0;0.0;0.0;2.0;0.0;1.0
NARANDIBA;0.0;0.0;0.0;0.0;0.0;0.0;0.0;0.0;0.0;0.0;0.0;0.0;0.0;0.0;0.0;0.0;0.0;0.0;0.0;0.0;1.0;0.0;0.0;0.0;2.0;0.0;0.0;2.0;0.0;1.0;0.0;0.0;0.0;0.0;0.0;0.0;0.0;0.0;0.0;0.0;1.0;0.0;0.0;0.0;2.0;0.0;0.0;2.0;0.0;1.0
NATIVIDADE DA SERRA;0.0;0.0;0.0;0.0;0.0;0.0;0.0;0.0;0.0;0.0;0.0;0.0;0.0;0.0;0.0;0.0;0.0;0.0;0.0;0.0;0.0;0.0;0.0;0.0;2.0;0.0;0.0;3.0;1.0;0.0;0.0;0.0;0.0;0.0;0.0;0.0;0.0;0.0;0.0;0.0;0.0;0.0;0.0;0.0;2.0;0.0;0.0;3.0;1.0;0.0
NAZARE PAULISTA;0.0;0.0;0.0;0.0;0.0;0.0;0.0;0.0;0.0;0.0;0.0;0.0;0.0;0.0;0.0;0.0;0.0;0.0;0.0;0.0;0.0;0.0;0.0;1.0;1.0;0.0;0.0;2.0;1.0;0.0;3.0;1.0;1.0;0.0;0.0;0.0;0.0;0.0;0.0;0.0;3.0;1.0;1.0;1.0;1.0;0.0;0.0;2.0;1.0;0.0
NEVES PAULISTA;0.0;0.0;0.0;0.0;0.0;0.0;0.0;0.0;0.0;0.0;0.0;0.0;0.0;0.0;0.0;0.0;0.0;0.0;0.0;0.0;0.0;0.0;0.0;1.0;1.0;0.0;0.0;5.0;1.0;0.0;0.0;6.0;1.0;0.0;0.0;0.0;0.0;0.0;0.0;0.0;0.0;6.0;1.0;1.0;1.0;0.0;0.0;5.0;1.0;0.0
NHANDEARA;0.0;0.0;0.0;0.0;0.0;0.0;0.0;0.0;0.0;0.0;0.0;0.0;0.0;0.0;0.0;0.0;0.0;0.0;0.0;0.0;0.0;0.0;0.0;0.0;1.0;0.0;0.0;5.0;1.0;0.0;4.0;28.0;3.0;2.0;0.0;0.0;0.0;0.0;1.0;0.0;4.0;28.0;3.0;2.0;1.0;0.0;0.0;5.0;2.0;0.0
NIPOA;0.0;0.0;0.0;0.0;0.0;0.0;0.0;0.0;0.0;0.0;0.0;0.0;0.0;0.0;0.0;0.0;0.0;0.0;0.0;0.0;0.0;0.0;0.0;0.0;1.0;0.0;0.0;1.0;0.0;0.0;0.0;3.0;0.0;0.0;0.0;0.0;0.0;0.0;0.0;0.0;0.0;3.0;0.0;0.0;1.0;0.0;0.0;1.0;0.0;0.0
NOVA ALIANCA;0.0;0.0;0.0;0.0;0.0;0.0;0.0;0.0;0.0;0.0;0.0;0.0;0.0;0.0;0.0;0.0;0.0;0.0;0.0;0.0;1.0;0.0;0.0;0.0;1.0;0.0;0.0;2.0;0.0;0.0;0.0;1.0;0.0;0.0;0.0;0.0;0.0;0.0;0.0;0.0;1.0;1.0;0.0;0.0;1.0;0.0;0.0;2.0;0.0;0.0
NOVA CAMPINA;0.0;0.0;0.0;0.0;0.0;0.0;0.0;0.0;0.0;0.0;0.0;0.0;0.0;0.0;0.0;0.0;0.0;0.0;0.0;0.0;0.0;0.0;0.0;0.0;4.0;0.0;0.0;5.0;1.0;0.0;0.0;0.0;0.0;0.0;0.0;0.0;0.0;0.0;0.0;0.0;0.0;0.0;0.0;0.0;4.0;0.0;0.0;5.0;1.0;0.0
NOVA CANAA PAULISTA;0.0;0.0;0.0;0.0;0.0;0.0;0.0;0.0;0.0;0.0;0.0;0.0;0.0;0.0;0.0;0.0;0.0;0.0;0.0;0.0;0.0;0.0;0.0;0.0;1.0;0.0;0.0;2.0;0.0;0.0;0.0;0.0;0.0;0.0;0.0;0.0;0.0;0.0;0.0;0.0;0.0;0.0;0.0;0.0;1.0;0.0;0.0;2.0;0.0;0.0
NOVA CASTILHO;0.0;0.0;0.0;0.0;0.0;0.0;0.0;0.0;0.0;0.0;0.0;0.0;0.0;0.0;0.0;0.0;0.0;0.0;0.0;0.0;0.0;0.0;0.0;0.0;2.0;0.0;0.0;1.0;0.0;0.0;0.0;0.0;0.0;0.0;0.0;0.0;0.0;0.0;0.0;0.0;0.0;0.0;0.0;0.0;2.0;0.0;0.0;1.0;0.0;0.0
NOVA EUROPA;0.0;0.0;0.0;0.0;0.0;0.0;0.0;0.0;0.0;0.0;0.0;0.0;0.0;0.0;0.0;0.0;0.0;0.0;0.0;0.0;0.0;0.0;0.0;1.0;1.0;1.0;0.0;5.0;0.0;0.0;2.0;14.0;1.0;0.0;0.0;0.0;0.0;0.0;0.0;0.0;2.0;14.0;1.0;1.0;1.0;1.0;0.0;5.0;0.0;0.0
NOVA GRANADA;0.0;0.0;0.0;0.0;0.0;0.0;0.0;0.0;0.0;0.0;0.0;0.0;0.0;0.0;0.0;0.0;0.0;0.0;0.0;0.0;0.0;0.0;0.0;1.0;1.0;1.0;1.0;8.0;1.0;1.0;9.0;12.0;3.0;0.0;0.0;0.0;0.0;0.0;0.0;0.0;9.0;12.0;3.0;1.0;1.0;1.0;1.0;8.0;1.0;1.0
NOVA GUATAPORANGA;0.0;0.0;0.0;0.0;0.0;0.0;0.0;0.0;0.0;0.0;0.0;0.0;0.0;0.0;0.0;0.0;0.0;0.0;0.0;0.0;1.0;0.0;0.0;0.0;2.0;0.0;0.0;1.0;0.0;1.0;0.0;0.0;0.0;0.0;0.0;0.0;0.0;0.0;0.0;0.0;1.0;0.0;0.0;0.0;2.0;0.0;0.0;1.0;0.0;1.0
NOVA INDEPENDENCIA;0.0;0.0;0.0;0.0;0.0;0.0;0.0;0.0;0.0;0.0;0.0;0.0;0.0;0.0;0.0;0.0;0.0;0.0;0.0;0.0;0.0;0.0;1.0;0.0;2.0;0.0;0.0;2.0;0.0;0.0;0.0;2.0;1.0;0.0;0.0;0.0;0.0;1.0;0.0;0.0;0.0;2.0;2.0;0.0;2.0;0.0;0.0;3.0;0.0;0.0
NOVA LUZITANIA;0.0;0.0;0.0;0.0;0.0;0.0;0.0;0.0;0.0;0.0;0.0;0.0;0.0;0.0;0.0;0.0;0.0;0.0;0.0;0.0;0.0;0.0;0.0;0.0;2.0;0.0;0.0;1.0;0.0;0.0;0.0;1.0;1.0;0.0;0.0;0.0;0.0;0.0;0.0;0.0;0.0;1.0;1.0;0.0;2.0;0.0;0.0;1.0;0.0;0.0
NOVA ODESSA;0.0;0.0;0.0;0.0;0.0;0.0;0.0;0.0;0.0;0.0;0.0;0.0;0.0;0.0;0.0;0.0;0.0;0.0;0.0;0.0;3.0;0.0;0.0;1.0;5.0;1.0;1.0;7.0;0.0;0.0;5.0;66.0;5.0;0.0;0.0;0.0;0.0;0.0;0.0;0.0;8.0;66.0;5.0;1.0;5.0;1.0;1.0;7.0;0.0;0.0
NOVAIS;0.0;0.0;0.0;0.0;0.0;0.0;0.0;0.0;0.0;0.0;0.0;0.0;0.0;0.0;0.0;0.0;0.0;0.0;0.0;0.0;1.0;0.0;0.0;0.0;1.0;0.0;0.0;1.0;0.0;0.0;0.0;0.0;1.0;0.0;0.0;0.0;0.0;0.0;0.0;0.0;1.0;0.0;1.0;0.0;1.0;0.0;0.0;1.0;0.0;0.0
NOVO HORIZONTE;0.0;0.0;0.0;0.0;0.0;0.0;0.0;0.0;0.0;0.0;0.0;0.0;0.0;0.0;0.0;0.0;0.0;0.0;0.0;0.0;2.0;0.0;2.0;0.0;1.0;0.0;1.0;8.0;1.0;0.0;24.0;80.0;6.0;2.0;4.0;0.0;0.0;0.0;0.0;0.0;26.0;80.0;8.0;2.0;5.0;0.0;1.0;8.0;1.0;0.0
NUPORANGA;0.0;0.0;0.0;0.0;0.0;0.0;0.0;0.0;0.0;0.0;0.0;0.0;0.0;0.0;0.0;0.0;0.0;0.0;0.0;0.0;0.0;8.0;1.0;0.0;1.0;0.0;0.0;6.0;0.0;0.0;0.0;0.0;8.0;0.0;0.0;1.0;0.0;0.0;0.0;0.0;0.0;8.0;9.0;0.0;1.0;1.0;0.0;6.0;0.0;0.0
OCAUCU;0.0;0.0;0.0;0.0;0.0;0.0;0.0;0.0;0.0;0.0;0.0;0.0;0.0;0.0;0.0;0.0;0.0;0.0;0.0;0.0;0.0;0.0;0.0;0.0;1.0;0.0;0.0;3.0;0.0;0.0;0.0;0.0;0.0;0.0;0.0;0.0;0.0;0.0;0.0;0.0;0.0;0.0;0.0;0.0;1.0;0.0;0.0;3.0;0.0;0.0
OLEO;0.0;0.0;0.0;0.0;0.0;0.0;0.0;0.0;0.0;0.0;0.0;0.0;0.0;0.0;0.0;0.0;0.0;0.0;0.0;0.0;0.0;0.0;0.0;0.0;1.0;0.0;0.0;4.0;0.0;0.0;0.0;0.0;0.0;0.0;0.0;0.0;0.0;0.0;0.0;0.0;0.0;0.0;0.0;0.0;1.0;0.0;0.0;4.0;0.0;0.0
OLIMPIA;0.0;0.0;0.0;0.0;0.0;0.0;0.0;0.0;0.0;0.0;0.0;0.0;0.0;0.0;0.0;0.0;0.0;0.0;0.0;0.0;4.0;0.0;3.0;0.0;7.0;1.0;1.0;9.0;1.0;0.0;25.0;126.0;12.0;2.0;3.0;2.0;0.0;1.0;0.0;0.0;29.0;126.0;15.0;2.0;10.0;3.0;1.0;10.0;1.0;0.0
ONDA VERDE;0.0;0.0;0.0;0.0;0.0;0.0;0.0;0.0;0.0;0.0;0.0;0.0;0.0;0.0;0.0;0.0;0.0;0.0;0.0;0.0;1.0;0.0;0.0;0.0;2.0;0.0;0.0;2.0;0.0;0.0;0.0;1.0;1.0;0.0;0.0;0.0;0.0;0.0;0.0;0.0;1.0;1.0;1.0;0.0;2.0;0.0;0.0;2.0;0.0;0.0
ORIENTE;0.0;0.0;0.0;0.0;0.0;0.0;0.0;0.0;0.0;0.0;0.0;0.0;0.0;0.0;0.0;0.0;0.0;0.0;0.0;0.0;0.0;0.0;0.0;0.0;2.0;1.0;0.0;3.0;0.0;0.0;0.0;7.0;0.0;0.0;0.0;0.0;0.0;0.0;0.0;0.0;0.0;7.0;0.0;0.0;2.0;1.0;0.0;3.0;0.0;0.0
ORINDIUVA;0.0;0.0;0.0;0.0;0.0;0.0;0.0;0.0;0.0;0.0;0.0;0.0;0.0;0.0;0.0;0.0;0.0;0.0;0.0;0.0;1.0;0.0;0.0;0.0;2.0;0.0;1.0;1.0;1.0;0.0;0.0;8.0;2.0;0.0;1.0;0.0;0.0;0.0;0.0;0.0;1.0;8.0;2.0;0.0;3.0;0.0;1.0;1.0;1.0;0.0
ORLANDIA;0.0;0.0;0.0;0.0;0.0;0.0;0.0;0.0;0.0;0.0;0.0;0.0;0.0;0.0;0.0;0.0;0.0;0.0;0.0;0.0;4.0;0.0;1.0;1.0;2.0;1.0;2.0;5.0;1.0;0.0;48.0;151.0;11.0;0.0;3.0;0.0;0.0;1.0;1.0;0.0;52.0;151.0;12.0;1.0;5.0;1.0;2.0;6.0;2.0;0.0
OSASCO;0.0;0.0;0.0;0.0;0.0;0.0;0.0;0.0;0.0;0.0;0.0;0.0;0.0;0.0;0.0;0.0;0.0;0.0;0.0;0.0;1.0;0.0;0.0;2.0;7.0;9.0;3.0;1.0;11.0;1.0;414.0;644.0;50.0;7.0;10.0;4.0;0.0;36.0;1.0;4.0;426.0;644.0;50.0;10.0;19.0;13.0;3.0;37.0;12.0;5.0
OSCAR BRESSANE;0.0;0.0;0.0;0.0;0.0;0.0;0.0;0.0;0.0;0.0;0.0;0.0;0.0;0.0;0.0;0.0;0.0;0.0;0.0;0.0;0.0;0.0;0.0;0.0;2.0;0.0;0.0;1.0;1.0;0.0;0.0;0.0;0.0;0.0;0.0;0.0;0.0;0.0;0.0;0.0;0.0;0.0;0.0;0.0;2.0;0.0;0.0;1.0;1.0;0.0
OSVALDO CRUZ;0.0;0.0;0.0;0.0;0.0;0.0;0.0;0.0;0.0;0.0;0.0;0.0;0.0;0.0;0.0;0.0;0.0;0.0;0.0;0.0;3.0;0.0;1.0;0.0;3.0;0.0;1.0;1.0;0.0;0.0;20.0;49.0;17.0;1.0;4.0;0.0;0.0;9.0;1.0;0.0;23.0;49.0;18.0;1.0;7.0;0.0;1.0;10.0;1.0;0.0
OURINHOS;0.0;0.0;0.0;0.0;0.0;0.0;0.0;0.0;0.0;0.0;0.0;0.0;0.0;0.0;0.0;0.0;0.0;0.0;0.0;0.0;7.0;0.0;0.0;1.0;5.0;1.0;3.0;1.0;3.0;1.0;16.0;388.0;45.0;5.0;7.0;0.0;0.0;18.0;1.0;0.0;23.0;388.0;45.0;6.0;12.0;1.0;3.0;19.0;4.0;1.0
OURO VERDE;0.0;0.0;0.0;0.0;0.0;0.0;0.0;0.0;0.0;0.0;0.0;0.0;0.0;0.0;0.0;0.0;0.0;0.0;0.0;0.0;0.0;0.0;2.0;0.0;1.0;0.0;0.0;0.0;0.0;1.0;0.0;1.0;1.0;0.0;0.0;0.0;0.0;4.0;0.0;0.0;0.0;1.0;3.0;0.0;1.0;0.0;0.0;4.0;0.0;1.0
OUROESTE;0.0;0.0;0.0;0.0;0.0;0.0;0.0;0.0;0.0;0.0;0.0;0.0;0.0;0.0;0.0;0.0;0.0;0.0;0.0;0.0;1.0;0.0;0.0;1.0;1.0;0.0;0.0;0.0;0.0;1.0;0.0;25.0;3.0;0.0;0.0;0.0;0.0;4.0;0.0;0.0;1.0;25.0;3.0;1.0;1.0;0.0;0.0;4.0;0.0;1.0
PACAEMBU;0.0;0.0;0.0;0.0;0.0;0.0;0.0;0.0;0.0;0.0;0.0;0.0;0.0;0.0;0.0;0.0;0.0;0.0;0.0;0.0;0.0;0.0;0.0;0.0;2.0;1.0;1.0;4.0;0.0;0.0;0.0;18.0;2.0;0.0;1.0;0.0;0.0;4.0;2.0;0.0;0.0;18.0;2.0;0.0;3.0;1.0;1.0;8.0;2.0;0.0
PALESTINA;0.0;0.0;0.0;0.0;0.0;0.0;0.0;0.0;0.0;0.0;0.0;0.0;0.0;0.0;0.0;0.0;0.0;0.0;0.0;0.0;1.0;0.0;0.0;0.0;1.0;0.0;0.0;0.0;1.0;0.0;1.0;10.0;7.0;0.0;0.0;0.0;0.0;4.0;0.0;0.0;2.0;10.0;7.0;0.0;1.0;0.0;0.0;4.0;1.0;0.0
PALMARES PAULISTA;0.0;0.0;0.0;0.0;0.0;0.0;0.0;0.0;0.0;0.0;0.0;0.0;0.0;0.0;0.0;0.0;0.0;0.0;0.0;0.0;1.0;0.0;0.0;0.0;1.0;0.0;0.0;0.0;0.0;0.0;2.0;9.0;4.0;0.0;0.0;0.0;0.0;4.0;0.0;0.0;3.0;9.0;4.0;0.0;1.0;0.0;0.0;4.0;0.0;0.0
PALMEIRA D OESTE;0.0;0.0;0.0;0.0;0.0;0.0;0.0;0.0;0.0;0.0;0.0;0.0;0.0;0.0;0.0;0.0;0.0;0.0;0.0;0.0;0.0;0.0;0.0;0.0;1.0;0.0;0.0;0.0;0.0;1.0;1.0;6.0;1.0;1.0;0.0;0.0;0.0;4.0;1.0;0.0;1.0;6.0;1.0;1.0;1.0;0.0;0.0;4.0;1.0;1.0
PALMITAL;0.0;0.0;0.0;0.0;0.0;0.0;0.0;0.0;0.0;0.0;0.0;0.0;0.0;0.0;0.0;0.0;0.0;0.0;0.0;0.0;2.0;0.0;0.0;0.0;4.0;0.0;0.0;0.0;1.0;1.0;3.0;31.0;5.0;1.0;0.0;0.0;0.0;6.0;0.0;0.0;5.0;31.0;5.0;1.0;4.0;0.0;0.0;6.0;1.0;1.0
PANORAMA;0.0;0.0;0.0;0.0;0.0;0.0;0.0;0.0;0.0;0.0;0.0;0.0;0.0;0.0;0.0;0.0;0.0;0.0;0.0;0.0;0.0;0.0;1.0;0.0;1.0;1.0;1.0;0.0;0.0;1.0;1.0;6.0;2.0;0.0;0.0;0.0;0.0;6.0;0.0;0.0;1.0;6.0;3.0;0.0;1.0;1.0;1.0;6.0;0.0;1.0
PARAGUACU PAULISTA;0.0;0.0;0.0;0.0;0.0;0.0;0.0;0.0;0.0;0.0;0.0;0.0;0.0;0.0;0.0;0.0;0.0;0.0;0.0;0.0;3.0;0.0;0.0;0.0;6.0;0.0;1.0;1.0;1.0;0.0;6.0;92.0;12.0;1.0;0.0;0.0;0.0;12.0;0.0;0.0;9.0;92.0;12.0;1.0;6.0;0.0;1.0;13.0;1.0;0.0
PARAIBUNA;0.0;0.0;0.0;0.0;0.0;0.0;0.0;0.0;0.0;0.0;0.0;0.0;0.0;0.0;0.0;0.0;0.0;0.0;0.0;0.0;0.0;0.0;0.0;0.0;1.0;1.0;1.0;0.0;1.0;1.0;0.0;6.0;3.0;0.0;0.0;0.0;0.0;6.0;1.0;0.0;0.0;6.0;3.0;0.0;1.0;1.0;1.0;6.0;2.0;1.0
PARAISO;0.0;0.0;0.0;0.0;0.0;0.0;0.0;0.0;0.0;0.0;0.0;0.0;0.0;0.0;0.0;0.0;0.0;0.0;0.0;0.0;0.0;0.0;0.0;0.0;2.0;0.0;0.0;0.0;0.0;1.0;0.0;9.0;2.0;0.0;0.0;0.0;0.0;2.0;0.0;0.0;0.0;9.0;2.0;0.0;2.0;0.0;0.0;2.0;0.0;1.0
PARANAPANEMA;0.0;0.0;0.0;0.0;0.0;0.0;0.0;0.0;0.0;0.0;0.0;0.0;0.0;0.0;0.0;0.0;0.0;0.0;0.0;0.0;0.0;0.0;0.0;1.0;1.0;0.0;1.0;0.0;1.0;0.0;1.0;26.0;4.0;0.0;11.0;0.0;0.0;6.0;0.0;0.0;1.0;26.0;4.0;1.0;12.0;0.0;1.0;6.0;1.0;0.0
PARANAPUA;0.0;0.0;0.0;0.0;0.0;0.0;0.0;0.0;0.0;0.0;0.0;0.0;0.0;0.0;0.0;0.0;0.0;0.0;0.0;0.0;0.0;0.0;0.0;0.0;1.0;0.0;0.0;0.0;0.0;0.0;0.0;0.0;0.0;0.0;0.0;0.0;0.0;1.0;0.0;0.0;0.0;0.0;0.0;0.0;1.0;0.0;0.0;1.0;0.0;0.0
PARAPUA;0.0;0.0;0.0;0.0;0.0;0.0;0.0;0.0;0.0;0.0;0.0;0.0;0.0;0.0;0.0;0.0;0.0;0.0;0.0;0.0;0.0;0.0;0.0;0.0;1.0;0.0;0.0;0.0;0.0;1.0;0.0;4.0;1.0;1.0;0.0;0.0;0.0;4.0;0.0;0.0;0.0;4.0;1.0;1.0;1.0;0.0;0.0;4.0;0.0;1.0
PARDINHO;0.0;0.0;0.0;0.0;0.0;0.0;0.0;0.0;0.0;0.0;0.0;0.0;0.0;0.0;0.0;0.0;0.0;0.0;0.0;0.0;0.0;0.0;0.0;0.0;1.0;0.0;0.0;0.0;1.0;0.0;0.0;1.0;0.0;0.0;0.0;0.0;0.0;1.0;0.0;0.0;0.0;1.0;0.0;0.0;1.0;0.0;0.0;1.0;1.0;0.0
PARIQUERA-ACU;0.0;0.0;0.0;0.0;0.0;0.0;0.0;0.0;0.0;0.0;0.0;0.0;0.0;0.0;0.0;0.0;0.0;0.0;0.0;0.0;2.0;0.0;0.0;1.0;1.0;0.0;1.0;0.0;0.0;0.0;1.0;11.0;5.0;0.0;0.0;0.0;0.0;8.0;1.0;0.0;5.0;11.0;5.0;1.0;1.0;0.0;1.0;8.0;1.0;0.0
PARISI;0.0;0.0;0.0;0.0;0.0;0.0;0.0;0.0;0.0;0.0;0.0;0.0;0.0;0.0;0.0;0.0;0.0;0.0;0.0;0.0;0.0;0.0;0.0;0.0;1.0;0.0;0.0;0.0;0.0;0.0;0.0;0.0;0.0;0.0;0.0;0.0;0.0;1.0;0.0;0.0;0.0;0.0;0.0;0.0;1.0;0.0;0.0;1.0;0.0;0.0
PATROCINIO PAULISTA;0.0;0.0;0.0;0.0;0.0;0.0;0.0;0.0;0.0;0.0;0.0;0.0;0.0;0.0;0.0;0.0;0.0;0.0;0.0;0.0;1.0;1.0;1.0;0.0;2.0;0.0;0.0;0.0;1.0;0.0;1.0;3.0;1.0;1.0;0.0;0.0;0.0;7.0;0.0;0.0;2.0;4.0;2.0;1.0;2.0;0.0;0.0;7.0;1.0;0.0
PAULICEIA;0.0;0.0;0.0;0.0;0.0;0.0;0.0;0.0;0.0;0.0;0.0;0.0;0.0;0.0;0.0;0.0;0.0;0.0;0.0;0.0;0.0;0.0;2.0;0.0;1.0;0.0;0.0;0.0;0.0;2.0;0.0;0.0;1.0;0.0;0.0;0.0;0.0;3.0;0.0;0.0;0.0;0.0;3.0;0.0;1.0;0.0;0.0;3.0;0.0;2.0
PAULINIA;0.0;0.0;0.0;0.0;0.0;0.0;0.0;0.0;0.0;0.0;0.0;0.0;0.0;0.0;0.0;0.0;0.0;0.0;0.0;0.0;7.0;0.0;0.0;1.0;4.0;1.0;2.0;0.0;2.0;1.0;70.0;127.0;17.0;0.0;6.0;1.0;0.0;12.0;1.0;0.0;77.0;127.0;17.0;1.0;10.0;2.0;2.0;12.0;3.0;1.0
PAULISTANIA;0.0;0.0;0.0;0.0;0.0;0.0;0.0;0.0;0.0;0.0;0.0;0.0;0.0;0.0;0.0;0.0;0.0;0.0;0.0;0.0;0.0;0.0;0.0;0.0;1.0;0.0;0.0;0.0;0.0;0.0;0.0;0.0;0.0;0.0;0.0;0.0;0.0;1.0;0.0;0.0;0.0;0.0;0.0;0.0;1.0;0.0;0.0;1.0;0.0;0.0
PAULO DE FARIA;0.0;0.0;0.0;0.0;0.0;0.0;0.0;0.0;0.0;0.0;0.0;0.0;0.0;0.0;0.0;0.0;0.0;0.0;0.0;0.0;0.0;0.0;1.0;0.0;1.0;0.0;0.0;1.0;1.0;0.0;1.0;2.0;1.0;1.0;0.0;0.0;0.0;1.0;0.0;0.0;1.0;2.0;2.0;1.0;1.0;0.0;0.0;2.0;1.0;0.0
PEDERNEIRAS;0.0;0.0;0.0;0.0;0.0;0.0;0.0;0.0;0.0;0.0;0.0;0.0;0.0;0.0;0.0;0.0;0.0;0.0;0.0;0.0;5.0;0.0;0.0;0.0;2.0;0.0;1.0;0.0;1.0;0.0;1.0;68.0;8.0;1.0;3.0;0.0;0.0;14.0;0.0;0.0;6.0;68.0;8.0;1.0;5.0;0.0;1.0;14.0;1.0;0.0
PEDRA BELA;0.0;0.0;0.0;0.0;0.0;0.0;0.0;0.0;0.0;0.0;0.0;0.0;0.0;0.0;0.0;0.0;0.0;0.0;0.0;0.0;0.0;0.0;0.0;0.0;2.0;0.0;0.0;0.0;1.0;0.0;0.0;0.0;0.0;0.0;0.0;0.0;0.0;2.0;0.0;0.0;0.0;0.0;0.0;0.0;2.0;0.0;0.0;2.0;1.0;0.0
PEDRANOPOLIS;0.0;0.0;0.0;0.0;0.0;0.0;0.0;0.0;0.0;0.0;0.0;0.0;0.0;0.0;0.0;0.0;0.0;0.0;0.0;0.0;0.0;1.0;0.0;0.0;2.0;0.0;0.0;3.0;0.0;0.0;0.0;0.0;0.0;0.0;0.0;0.0;0.0;0.0;0.0;0.0;0.0;1.0;0.0;0.0;2.0;0.0;0.0;3.0;0.0;0.0
PEDREGULHO;0.0;0.0;0.0;0.0;0.0;0.0;0.0;0.0;0.0;0.0;0.0;0.0;0.0;0.0;0.0;0.0;0.0;0.0;0.0;0.0;3.0;10.0;3.0;1.0;2.0;0.0;1.0;7.0;0.0;0.0;0.0;0.0;0.0;0.0;0.0;0.0;0.0;0.0;0.0;0.0;3.0;10.0;3.0;1.0;2.0;0.0;1.0;7.0;0.0;0.0
PEDREIRA;0.0;0.0;0.0;0.0;0.0;0.0;0.0;0.0;0.0;0.0;0.0;0.0;0.0;0.0;0.0;0.0;0.0;0.0;0.0;0.0;2.0;46.0;13.0;2.0;3.0;0.0;1.0;10.0;0.0;0.0;9.0;0.0;0.0;0.0;1.0;0.0;0.0;0.0;0.0;0.0;11.0;46.0;13.0;2.0;4.0;0.0;1.0;10.0;0.0;0.0
PEDRINHAS PAULISTA;0.0;0.0;0.0;0.0;0.0;0.0;0.0;0.0;0.0;0.0;0.0;0.0;0.0;0.0;0.0;0.0;0.0;0.0;0.0;0.0;0.0;1.0;1.0;0.0;4.0;0.0;0.0;2.0;0.0;0.0;0.0;0.0;0.0;0.0;0.0;0.0;0.0;0.0;0.0;0.0;0.0;1.0;1.0;0.0;4.0;0.0;0.0;2.0;0.0;0.0
PEDRO DE TOLEDO;0.0;0.0;0.0;0.0;0.0;0.0;0.0;0.0;0.0;0.0;0.0;0.0;0.0;0.0;0.0;0.0;0.0;0.0;0.0;0.0;1.0;1.0;0.0;0.0;3.0;0.0;0.0;7.0;1.0;1.0;0.0;0.0;0.0;0.0;0.0;0.0;0.0;0.0;0.0;0.0;1.0;1.0;0.0;0.0;3.0;0.0;0.0;7.0;1.0;1.0
PENAPOLIS;0.0;0.0;0.0;0.0;0.0;0.0;0.0;0.0;0.0;0.0;0.0;0.0;0.0;0.0;0.0;0.0;0.0;0.0;0.0;0.0;3.0;187.0;15.0;2.0;16.0;2.0;2.0;9.0;0.0;1.0;9.0;0.0;0.0;0.0;12.0;1.0;0.0;0.0;0.0;0.0;12.0;187.0;15.0;2.0;28.0;3.0;2.0;9.0;0.0;1.0
PEREIRA BARRETO;0.0;0.0;0.0;0.0;0.0;0.0;0.0;0.0;0.0;0.0;0.0;0.0;0.0;0.0;0.0;0.0;0.0;0.0;0.0;0.0;2.0;66.0;6.0;1.0;4.0;0.0;1.0;6.0;0.0;1.0;7.0;0.0;4.0;0.0;0.0;0.0;0.0;0.0;0.0;0.0;9.0;66.0;10.0;1.0;4.0;0.0;1.0;6.0;0.0;1.0
PEREIRAS;0.0;0.0;0.0;0.0;0.0;0.0;0.0;0.0;0.0;0.0;0.0;0.0;0.0;0.0;0.0;0.0;0.0;0.0;0.0;0.0;1.0;5.0;1.0;0.0;2.0;0.0;0.0;4.0;0.0;0.0;0.0;0.0;0.0;0.0;0.0;0.0;0.0;0.0;0.0;0.0;1.0;5.0;1.0;0.0;2.0;0.0;0.0;4.0;0.0;0.0
PERUIBE;0.0;0.0;0.0;0.0;0.0;0.0;0.0;0.0;0.0;0.0;0.0;0.0;0.0;0.0;0.0;0.0;0.0;0.0;0.0;0.0;5.0;33.0;9.0;1.0;7.0;1.0;1.0;14.0;4.0;1.0;25.0;0.0;0.0;0.0;3.0;0.0;0.0;0.0;0.0;0.0;30.0;33.0;9.0;1.0;10.0;1.0;1.0;14.0;4.0;1.0
PIACATU;0.0;0.0;0.0;0.0;0.0;0.0;0.0;0.0;0.0;0.0;0.0;0.0;0.0;0.0;0.0;0.0;0.0;0.0;0.0;0.0;1.0;5.0;0.0;0.0;3.0;0.0;0.0;1.0;0.0;1.0;0.0;0.0;0.0;0.0;1.0;0.0;0.0;0.0;0.0;0.0;1.0;5.0;0.0;0.0;4.0;0.0;0.0;1.0;0.0;1.0
PIEDADE;0.0;0.0;0.0;0.0;0.0;0.0;0.0;0.0;0.0;0.0;0.0;0.0;0.0;0.0;0.0;0.0;0.0;0.0;0.0;0.0;2.0;45.0;4.0;1.0;5.0;0.0;1.0;8.0;1.0;0.0;14.0;0.0;0.0;0.0;1.0;0.0;0.0;0.0;0.0;0.0;16.0;45.0;4.0;1.0;6.0;0.0;1.0;8.0;1.0;0.0
PILAR DO SUL;0.0;0.0;0.0;0.0;0.0;0.0;0.0;0.0;0.0;0.0;0.0;0.0;0.0;0.0;0.0;0.0;0.0;0.0;0.0;0.0;0.0;12.0;8.0;1.0;3.0;0.0;1.0;6.0;1.0;0.0;3.0;0.0;0.0;0.0;1.0;0.0;0.0;0.0;0.0;0.0;3.0;12.0;8.0;1.0;4.0;0.0;1.0;6.0;1.0;0.0
PINDAMONHANGABA;0.0;0.0;0.0;0.0;0.0;0.0;0.0;0.0;0.0;0.0;0.0;0.0;0.0;0.0;0.0;0.0;0.0;0.0;0.0;0.0;6.0;371.0;18.0;2.0;16.0;3.0;3.0;32.0;3.0;1.0;46.0;0.0;0.0;0.0;10.0;0.0;0.0;0.0;0.0;0.0;52.0;371.0;18.0;2.0;26.0;3.0;3.0;32.0;3.0;1.0
PINDORAMA;0.0;0.0;0.0;0.0;0.0;0.0;0.0;0.0;0.0;0.0;0.0;0.0;0.0;0.0;0.0;0.0;0.0;0.0;0.0;0.0;0.0;8.0;4.0;0.0;3.0;0.0;1.0;4.0;1.0;1.0;0.0;0.0;2.0;0.0;0.0;0.0;0.0;0.0;0.0;0.0;0.0;8.0;6.0;0.0;3.0;0.0;1.0;4.0;1.0;1.0
PINHALZINHO;0.0;0.0;0.0;0.0;0.0;0.0;0.0;0.0;0.0;0.0;0.0;0.0;0.0;0.0;0.0;0.0;0.0;0.0;0.0;0.0;0.0;7.0;2.0;0.0;1.0;1.0;0.0;4.0;1.0;2.0;6.0;0.0;0.0;0.0;0.0;0.0;0.0;0.0;0.0;0.0;6.0;7.0;2.0;0.0;1.0;1.0;0.0;4.0;1.0;2.0
PIQUEROBI;0.0;0.0;0.0;0.0;0.0;0.0;0.0;0.0;0.0;0.0;0.0;0.0;0.0;0.0;0.0;0.0;0.0;0.0;0.0;0.0;0.0;0.0;0.0;0.0;1.0;0.0;0.0;2.0;0.0;0.0;0.0;0.0;0.0;0.0;0.0;0.0;0.0;0.0;0.0;0.0;0.0;0.0;0.0;0.0;1.0;0.0;0.0;2.0;0.0;0.0
PIQUETE;0.0;0.0;0.0;0.0;0.0;0.0;0.0;0.0;0.0;0.0;0.0;0.0;0.0;0.0;0.0;0.0;0.0;0.0;0.0;0.0;1.0;4.0;1.0;0.0;3.0;1.0;0.0;5.0;1.0;0.0;0.0;0.0;0.0;0.0;1.0;0.0;0.0;0.0;0.0;0.0;1.0;4.0;1.0;0.0;4.0;1.0;0.0;5.0;1.0;0.0
PIRACAIA;0.0;0.0;0.0;0.0;0.0;0.0;0.0;0.0;0.0;0.0;0.0;0.0;0.0;0.0;0.0;0.0;0.0;0.0;0.0;0.0;0.0;8.0;3.0;1.0;3.0;0.0;1.0;4.0;2.0;0.0;18.0;0.0;2.0;0.0;1.0;0.0;0.0;0.0;0.0;0.0;18.0;8.0;5.0;1.0;4.0;0.0;1.0;4.0;2.0;0.0
PIRACICABA;0.0;0.0;0.0;0.0;0.0;0.0;0.0;0.0;0.0;0.0;0.0;0.0;0.0;0.0;0.0;0.0;0.0;0.0;0.0;0.0;1.0;909.0;85.0;8.0;35.0;5.0;4.0;77.0;8.0;1.0;17.0;0.0;0.0;0.0;27.0;0.0;0.0;0.0;0.0;0.0;18.0;909.0;85.0;8.0;62.0;5.0;4.0;77.0;8.0;1.0
PIRAJU;0.0;0.0;0.0;0.0;0.0;0.0;0.0;0.0;0.0;0.0;0.0;0.0;0.0;0.0;0.0;0.0;0.0;0.0;0.0;0.0;2.0;49.0;9.0;1.0;4.0;0.0;1.0;10.0;0.0;0.0;16.0;0.0;0.0;0.0;1.0;0.0;0.0;0.0;0.0;0.0;18.0;49.0;9.0;1.0;5.0;0.0;1.0;10.0;0.0;0.0
PIRAJUI;0.0;0.0;0.0;0.0;0.0;0.0;0.0;0.0;0.0;0.0;0.0;0.0;0.0;0.0;0.0;0.0;0.0;0.0;0.0;0.0;5.0;44.0;3.0;2.0;1.0;0.0;1.0;12.0;1.0;1.0;0.0;0.0;2.0;0.0;0.0;0.0;0.0;0.0;0.0;0.0;5.0;44.0;5.0;2.0;1.0;0.0;1.0;12.0;1.0;1.0
PIRANGI;0.0;0.0;0.0;0.0;0.0;0.0;0.0;0.0;0.0;0.0;0.0;0.0;0.0;0.0;0.0;0.0;0.0;0.0;0.0;0.0;2.0;15.0;2.0;1.0;1.0;1.0;0.0;3.0;0.0;0.0;1.0;0.0;0.0;0.0;0.0;0.0;0.0;0.0;0.0;0.0;3.0;15.0;2.0;1.0;1.0;1.0;0.0;3.0;0.0;0.0
PIRAPORA DO BOM JESUS;0.0;0.0;0.0;0.0;0.0;0.0;0.0;0.0;0.0;0.0;0.0;0.0;0.0;0.0;0.0;0.0;0.0;0.0;0.0;0.0;1.0;3.0;1.0;0.0;2.0;1.0;0.0;4.0;2.0;1.0;1.0;0.0;0.0;0.0;0.0;0.0;0.0;0.0;0.0;0.0;2.0;3.0;1.0;0.0;2.0;1.0;0.0;4.0;2.0;1.0
PIRAPOZINHO;0.0;0.0;0.0;0.0;0.0;0.0;0.0;0.0;0.0;0.0;0.0;0.0;0.0;0.0;0.0;0.0;0.0;0.0;0.0;0.0;1.0;13.0;6.0;0.0;2.0;1.0;1.0;9.0;0.0;1.0;6.0;0.0;0.0;0.0;0.0;0.0;0.0;0.0;0.0;0.0;7.0;13.0;6.0;0.0;2.0;1.0;1.0;9.0;0.0;1.0
PIRASSUNUNGA;0.0;0.0;0.0;0.0;0.0;0.0;0.0;0.0;0.0;0.0;0.0;0.0;0.0;0.0;0.0;0.0;0.0;0.0;0.0;0.0;4.0;259.0;11.0;5.0;12.0;2.0;3.0;16.0;5.0;1.0;17.0;0.0;9.0;0.0;8.0;1.0;0.0;1.0;1.0;0.0;21.0;259.0;20.0;5.0;20.0;3.0;3.0;17.0;6.0;1.0
PIRATININGA;0.0;0.0;0.0;0.0;0.0;0.0;0.0;0.0;0.0;0.0;0.0;0.0;0.0;0.0;0.0;0.0;0.0;0.0;0.0;0.0;1.0;2.0;2.0;1.0;2.0;1.0;0.0;4.0;1.0;2.0;1.0;0.0;0.0;0.0;0.0;0.0;0.0;0.0;0.0;0.0;2.0;2.0;2.0;1.0;2.0;1.0;0.0;4.0;1.0;2.0
PITANGUEIRAS;0.0;0.0;0.0;0.0;0.0;0.0;0.0;0.0;0.0;0.0;0.0;0.0;0.0;0.0;0.0;0.0;0.0;0.0;0.0;0.0;2.0;42.0;5.0;2.0;13.0;1.0;1.0;7.0;2.0;0.0;10.0;0.0;0.0;0.0;10.0;0.0;0.0;0.0;0.0;0.0;12.0;42.0;5.0;2.0;23.0;1.0;1.0;7.0;2.0;0.0
PLANALTO;0.0;0.0;0.0;0.0;0.0;0.0;0.0;0.0;0.0;0.0;0.0;0.0;0.0;0.0;0.0;0.0;0.0;0.0;0.0;0.0;0.0;0.0;1.0;0.0;1.0;0.0;0.0;2.0;1.0;0.0;0.0;0.0;0.0;0.0;0.0;0.0;0.0;0.0;0.0;0.0;0.0;0.0;1.0;0.0;1.0;0.0;0.0;2.0;1.0;0.0
PLATINA;0.0;0.0;0.0;0.0;0.0;0.0;0.0;0.0;0.0;0.0;0.0;0.0;0.0;0.0;0.0;0.0;0.0;0.0;0.0;0.0;0.0;0.0;0.0;0.0;1.0;0.0;0.0;1.0;0.0;0.0;0.0;0.0;0.0;0.0;0.0;0.0;0.0;0.0;0.0;0.0;0.0;0.0;0.0;0.0;1.0;0.0;0.0;1.0;0.0;0.0
POA;0.0;0.0;0.0;0.0;0.0;0.0;0.0;0.0;0.0;0.0;0.0;0.0;0.0;0.0;0.0;0.0;0.0;0.0;0.0;0.0;4.0;42.0;7.0;0.0;4.0;1.0;2.0;12.0;0.0;2.0;17.0;0.0;0.0;0.0;0.0;0.0;0.0;0.0;0.0;0.0;21.0;42.0;7.0;0.0;4.0;1.0;2.0;12.0;0.0;2.0
POLONI;0.0;0.0;0.0;0.0;0.0;0.0;0.0;0.0;0.0;0.0;0.0;0.0;0.0;0.0;0.0;0.0;0.0;0.0;0.0;0.0;1.0;5.0;1.0;0.0;1.0;0.0;0.0;1.0;0.0;0.0;1.0;0.0;0.0;0.0;0.0;0.0;0.0;0.0;0.0;0.0;2.0;5.0;1.0;0.0;1.0;0.0;0.0;1.0;0.0;0.0
POMPEIA;0.0;0.0;0.0;0.0;0.0;0.0;0.0;0.0;0.0;0.0;0.0;0.0;0.0;0.0;0.0;0.0;0.0;0.0;0.0;0.0;7.0;100.0;2.0;1.0;6.0;1.0;1.0;10.0;1.0;2.0;5.0;0.0;0.0;0.0;0.0;0.0;0.0;0.0;0.0;0.0;12.0;100.0;2.0;1.0;6.0;1.0;1.0;10.0;1.0;2.0
PONGAI;0.0;0.0;0.0;0.0;0.0;0.0;0.0;0.0;0.0;0.0;0.0;0.0;0.0;0.0;0.0;0.0;0.0;0.0;0.0;0.0;0.0;0.0;0.0;0.0;1.0;0.0;0.0;1.0;0.0;0.0;0.0;0.0;0.0;0.0;0.0;0.0;0.0;0.0;0.0;0.0;0.0;0.0;0.0;0.0;1.0;0.0;0.0;1.0;0.0;0.0
PONTAL;0.0;0.0;0.0;0.0;0.0;0.0;0.0;0.0;0.0;0.0;0.0;0.0;0.0;0.0;0.0;0.0;0.0;0.0;0.0;0.0;2.0;48.0;15.0;1.0;5.0;1.0;1.0;13.0;1.0;2.0;5.0;0.0;0.0;0.0;2.0;0.0;0.0;0.0;0.0;0.0;7.0;48.0;15.0;1.0;7.0;1.0;1.0;13.0;1.0;2.0
PONTALINDA;0.0;0.0;0.0;0.0;0.0;0.0;0.0;0.0;0.0;0.0;0.0;0.0;0.0;0.0;0.0;0.0;0.0;0.0;0.0;0.0;0.0;0.0;0.0;0.0;1.0;0.0;0.0;1.0;0.0;0.0;0.0;0.0;0.0;0.0;0.0;0.0;0.0;0.0;0.0;0.0;0.0;0.0;0.0;0.0;1.0;0.0;0.0;1.0;0.0;0.0
PONTES GESTAL;0.0;0.0;0.0;0.0;0.0;0.0;0.0;0.0;0.0;0.0;0.0;0.0;0.0;0.0;0.0;0.0;0.0;0.0;0.0;0.0;0.0;1.0;0.0;0.0;1.0;0.0;0.0;2.0;0.0;0.0;0.0;0.0;0.0;0.0;0.0;0.0;0.0;0.0;0.0;0.0;0.0;1.0;0.0;0.0;1.0;0.0;0.0;2.0;0.0;0.0
POPULINA;0.0;0.0;0.0;0.0;0.0;0.0;0.0;0.0;0.0;0.0;0.0;0.0;0.0;0.0;0.0;0.0;0.0;0.0;0.0;0.0;0.0;3.0;1.0;1.0;2.0;0.0;0.0;1.0;0.0;0.0;0.0;0.0;0.0;0.0;0.0;0.0;0.0;0.0;0.0;0.0;0.0;3.0;1.0;1.0;2.0;0.0;0.0;1.0;0.0;0.0
PORANGABA;0.0;0.0;0.0;0.0;0.0;0.0;0.0;0.0;0.0;0.0;0.0;0.0;0.0;0.0;0.0;0.0;0.0;0.0;0.0;0.0;1.0;6.0;1.0;0.0;2.0;1.0;0.0;3.0;0.0;0.0;2.0;0.0;0.0;0.0;0.0;0.0;0.0;0.0;0.0;0.0;3.0;6.0;1.0;0.0;2.0;1.0;0.0;3.0;0.0;0.0
PORTO FELIZ;0.0;0.0;0.0;0.0;0.0;0.0;0.0;0.0;0.0;0.0;0.0;0.0;0.0;0.0;0.0;0.0;0.0;0.0;0.0;0.0;1.0;64.0;6.0;1.0;6.0;1.0;1.0;10.0;0.0;1.0;16.0;0.0;0.0;0.0;1.0;0.0;0.0;1.0;0.0;0.0;17.0;64.0;6.0;1.0;7.0;1.0;1.0;11.0;0.0;1.0
PORTO FERREIRA;0.0;0.0;0.0;0.0;0.0;0.0;0.0;0.0;0.0;0.0;0.0;0.0;0.0;0.0;0.0;0.0;0.0;0.0;0.0;0.0;3.0;170.0;17.0;1.0;5.0;1.0;1.0;12.0;0.0;2.0;14.0;0.0;0.0;0.0;2.0;0.0;0.0;0.0;0.0;0.0;17.0;170.0;17.0;1.0;7.0;1.0;1.0;12.0;0.0;2.0
POTIM;0.0;0.0;0.0;0.0;0.0;0.0;0.0;0.0;0.0;0.0;0.0;0.0;0.0;0.0;0.0;0.0;0.0;0.0;0.0;0.0;1.0;0.0;0.0;0.0;7.0;0.0;1.0;2.0;0.0;0.0;1.0;1.0;2.0;0.0;1.0;0.0;0.0;7.0;0.0;0.0;2.0;1.0;2.0;0.0;8.0;0.0;1.0;9.0;0.0;0.0
POTIRENDABA;1.0;0.0;0.0;0.0;0.0;0.0;0.0;0.0;0.0;0.0;0.0;0.0;0.0;0.0;0.0;0.0;0.0;0.0;0.0;0.0;1.0;0.0;0.0;0.0;2.0;0.0;0.0;0.0;0.0;0.0;2.0;11.0;3.0;1.0;0.0;0.0;0.0;4.0;0.0;0.0;3.0;11.0;3.0;1.0;2.0;0.0;0.0;4.0;0.0;0.0
PRACINHA;0.0;0.0;0.0;0.0;0.0;0.0;0.0;0.0;0.0;0.0;0.0;0.0;0.0;0.0;0.0;0.0;0.0;0.0;0.0;0.0;0.0;0.0;0.0;0.0;0.0;0.0;0.0;1.0;0.0;0.0;0.0;0.0;0.0;0.0;1.0;0.0;0.0;1.0;0.0;0.0;0.0;0.0;0.0;0.0;1.0;0.0;0.0;2.0;0.0;0.0
PRADOPOLIS;0.0;0.0;0.0;0.0;0.0;0.0;0.0;0.0;0.0;0.0;0.0;0.0;0.0;0.0;0.0;0.0;0.0;0.0;0.0;0.0;1.0;0.0;0.0;0.0;3.0;1.0;0.0;0.0;0.0;0.0;3.0;16.0;2.0;0.0;0.0;1.0;0.0;3.0;0.0;0.0;4.0;16.0;2.0;0.0;3.0;2.0;0.0;3.0;0.0;0.0
PRAIA GRANDE;0.0;0.0;0.0;1.0;0.0;0.0;0.0;0.0;0.0;0.0;0.0;0.0;0.0;0.0;0.0;0.0;0.0;0.0;0.0;0.0;8.0;0.0;0.0;2.0;4.0;2.0;4.0;1.0;0.0;1.0;80.0;167.0;34.0;4.0;18.0;3.0;0.0;31.0;13.0;0.0;88.0;167.0;34.0;7.0;22.0;5.0;4.0;32.0;13.0;1.0
PRATANIA;0.0;0.0;0.0;0.0;0.0;0.0;0.0;0.0;0.0;0.0;0.0;0.0;0.0;0.0;0.0;0.0;0.0;0.0;0.0;0.0;1.0;0.0;0.0;0.0;1.0;0.0;0.0;0.0;0.0;0.0;0.0;1.0;0.0;0.0;0.0;0.0;0.0;1.0;0.0;0.0;1.0;1.0;0.0;0.0;1.0;0.0;0.0;1.0;0.0;0.0
PRESIDENTE ALVES;0.0;0.0;0.0;0.0;0.0;0.0;0.0;0.0;0.0;0.0;0.0;0.0;0.0;0.0;0.0;0.0;0.0;0.0;0.0;0.0;0.0;0.0;0.0;0.0;1.0;0.0;0.0;0.0;0.0;0.0;0.0;0.0;0.0;0.0;0.0;0.0;0.0;2.0;0.0;0.0;0.0;0.0;0.0;0.0;1.0;0.0;0.0;2.0;0.0;0.0
PRESIDENTE BERNARDES;0.0;0.0;0.0;0.0;0.0;0.0;0.0;0.0;0.0;0.0;0.0;0.0;0.0;0.0;0.0;0.0;0.0;0.0;0.0;0.0;0.0;0.0;0.0;0.0;2.0;2.0;0.0;0.0;0.0;0.0;5.0;13.0;2.0;1.0;0.0;7.0;1.0;13.0;0.0;0.0;5.0;13.0;2.0;1.0;2.0;9.0;1.0;13.0;0.0;0.0
PRESIDENTE EPITACIO;0.0;0.0;0.0;0.0;0.0;0.0;0.0;0.0;0.0;0.0;0.0;0.0;0.0;0.0;0.0;0.0;0.0;0.0;0.0;0.0;1.0;0.0;0.0;0.0;2.0;0.0;0.0;0.0;0.0;2.0;3.0;48.0;11.0;1.0;2.0;0.0;1.0;13.0;0.0;0.0;4.0;48.0;11.0;1.0;4.0;0.0;1.0;13.0;0.0;2.0
PRESIDENTE PRUDENTE;2.0;0.0;2.0;2.0;2.0;0.0;0.0;2.0;0.0;0.0;0.0;0.0;0.0;0.0;0.0;0.0;0.0;0.0;0.0;0.0;7.0;0.0;1.0;0.0;6.0;0.0;0.0;0.0;0.0;1.0;98.0;946.0;43.0;12.0;40.0;4.0;4.0;32.0;2.0;0.0;107.0;946.0;46.0;14.0;48.0;4.0;4.0;34.0;2.0;1.0
PRESIDENTE VENCESLAU;0.0;0.0;0.0;0.0;0.0;0.0;0.0;0.0;0.0;0.0;0.0;0.0;0.0;0.0;0.0;0.0;0.0;0.0;0.0;0.0;4.0;0.0;0.0;0.0;1.0;0.0;1.0;2.0;0.0;1.0;0.0;92.0;9.0;1.0;2.0;0.0;0.0;10.0;1.0;0.0;4.0;92.0;9.0;1.0;4.0;0.0;1.0;12.0;1.0;1.0
PROMISSAO;1.0;0.0;0.0;1.0;0.0;0.0;0.0;0.0;0.0;0.0;0.0;0.0;0.0;0.0;0.0;0.0;0.0;0.0;0.0;0.0;2.0;0.0;0.0;0.0;1.0;0.0;0.0;0.0;0.0;0.0;3.0;52.0;6.0;0.0;1.0;0.0;1.0;11.0;0.0;0.0;6.0;52.0;6.0;1.0;2.0;0.0;1.0;11.0;0.0;0.0
QUADRA;0.0;0.0;0.0;0.0;0.0;0.0;0.0;0.0;0.0;0.0;0.0;0.0;0.0;0.0;0.0;0.0;0.0;0.0;0.0;0.0;0.0;0.0;0.0;0.0;2.0;0.0;0.0;1.0;0.0;0.0;0.0;1.0;0.0;0.0;0.0;0.0;0.0;1.0;1.0;0.0;0.0;1.0;0.0;0.0;2.0;0.0;0.0;2.0;1.0;0.0
QUATA;0.0;0.0;0.0;0.0;0.0;0.0;0.0;0.0;0.0;0.0;0.0;0.0;0.0;0.0;0.0;0.0;0.0;0.0;0.0;0.0;1.0;0.0;1.0;0.0;3.0;1.0;1.0;0.0;0.0;1.0;1.0;21.0;2.0;0.0;1.0;1.0;0.0;5.0;0.0;0.0;2.0;21.0;3.0;0.0;4.0;2.0;1.0;5.0;0.0;1.0
QUEIROZ;0.0;0.0;0.0;0.0;0.0;0.0;0.0;0.0;0.0;0.0;0.0;0.0;0.0;0.0;0.0;0.0;0.0;0.0;0.0;0.0;0.0;0.0;0.0;0.0;1.0;0.0;0.0;1.0;0.0;0.0;0.0;0.0;0.0;0.0;0.0;0.0;0.0;2.0;0.0;0.0;0.0;0.0;0.0;0.0;1.0;0.0;0.0;3.0;0.0;0.0
QUELUZ;0.0;0.0;0.0;0.0;0.0;0.0;0.0;0.0;0.0;0.0;0.0;0.0;0.0;0.0;0.0;0.0;0.0;0.0;0.0;0.0;1.0;0.0;0.0;1.0;4.0;0.0;0.0;0.0;0.0;0.0;1.0;0.0;0.0;0.0;0.0;0.0;0.0;4.0;1.0;0.0;2.0;0.0;0.0;1.0;4.0;0.0;0.0;4.0;1.0;0.0
QUINTANA;0.0;0.0;0.0;0.0;0.0;0.0;0.0;0.0;0.0;0.0;0.0;0.0;0.0;0.0;0.0;0.0;0.0;0.0;0.0;0.0;0.0;0.0;0.0;0.0;3.0;1.0;0.0;0.0;0.0;1.0;0.0;7.0;1.0;0.0;0.0;0.0;0.0;4.0;0.0;0.0;0.0;7.0;1.0;0.0;3.0;1.0;0.0;4.0;0.0;1.0
RAFARD;0.0;0.0;0.0;0.0;0.0;0.0;0.0;0.0;0.0;0.0;0.0;0.0;0.0;0.0;0.0;0.0;0.0;0.0;0.0;0.0;0.0;0.0;0.0;0.0;1.0;0.0;0.0;0.0;0.0;0.0;0.0;1.0;0.0;0.0;0.0;0.0;0.0;3.0;0.0;0.0;0.0;1.0;0.0;0.0;1.0;0.0;0.0;3.0;0.0;0.0
RANCHARIA;0.0;0.0;0.0;0.0;0.0;0.0;0.0;0.0;0.0;0.0;0.0;0.0;0.0;0.0;0.0;0.0;0.0;0.0;0.0;0.0;0.0;0.0;0.0;0.0;2.0;0.0;2.0;1.0;0.0;1.0;6.0;52.0;8.0;1.0;0.0;0.0;0.0;11.0;0.0;0.0;6.0;52.0;8.0;1.0;2.0;0.0;2.0;12.0;0.0;1.0
REDENCAO DA SERRA;0.0;0.0;0.0;0.0;0.0;0.0;0.0;0.0;0.0;0.0;0.0;0.0;0.0;0.0;0.0;0.0;0.0;0.0;0.0;0.0;0.0;0.0;0.0;0.0;1.0;0.0;0.0;0.0;0.0;0.0;0.0;1.0;0.0;0.0;0.0;0.0;0.0;2.0;1.0;0.0;0.0;1.0;0.0;0.0;1.0;0.0;0.0;2.0;1.0;0.0
REGENTE FEIJO;0.0;0.0;0.0;0.0;0.0;0.0;0.0;0.0;0.0;0.0;0.0;0.0;0.0;0.0;0.0;0.0;0.0;0.0;0.0;0.0;0.0;0.0;0.0;0.0;1.0;0.0;1.0;0.0;1.0;0.0;0.0;20.0;4.0;1.0;0.0;0.0;0.0;9.0;0.0;0.0;0.0;20.0;4.0;1.0;1.0;0.0;1.0;9.0;1.0;0.0
REGINOPOLIS;0.0;0.0;0.0;0.0;0.0;0.0;0.0;0.0;0.0;0.0;0.0;0.0;0.0;0.0;0.0;0.0;0.0;0.0;0.0;0.0;1.0;0.0;0.0;0.0;1.0;0.0;0.0;2.0;0.0;0.0;0.0;3.0;1.0;0.0;0.0;0.0;0.0;2.0;0.0;0.0;1.0;3.0;1.0;0.0;1.0;0.0;0.0;4.0;0.0;0.0
REGISTRO;0.0;0.0;0.0;1.0;0.0;0.0;0.0;1.0;0.0;0.0;0.0;0.0;0.0;0.0;0.0;0.0;0.0;0.0;0.0;0.0;6.0;0.0;1.0;0.0;3.0;1.0;2.0;1.0;0.0;2.0;23.0;64.0;14.0;2.0;1.0;0.0;0.0;18.0;0.0;0.0;29.0;64.0;15.0;3.0;13.0;1.0;2.0;19.0;0.0;2.0
RESTINGA;0.0;0.0;0.0;0.0;0.0;0.0;0.0;0.0;0.0;0.0;0.0;0.0;0.0;0.0;0.0;0.0;0.0;0.0;0.0;0.0;1.0;0.0;0.0;0.0;1.0;1.0;0.0;0.0;0.0;1.0;0.0;0.0;0.0;0.0;0.0;0.0;0.0;3.0;0.0;0.0;1.0;0.0;0.0;0.0;1.0;1.0;0.0;3.0;0.0;1.0
RIBEIRA;0.0;0.0;0.0;0.0;0.0;0.0;0.0;0.0;0.0;0.0;0.0;0.0;0.0;0.0;0.0;0.0;0.0;0.0;0.0;0.0;1.0;0.0;0.0;0.0;2.0;0.0;0.0;0.0;1.0;0.0;0.0;0.0;0.0;0.0;0.0;1.0;0.0;3.0;0.0;0.0;1.0;0.0;0.0;0.0;2.0;1.0;0.0;3.0;1.0;0.0
RIBEIRAO BONITO;0.0;0.0;0.0;0.0;0.0;0.0;0.0;0.0;0.0;0.0;0.0;0.0;0.0;0.0;0.0;0.0;0.0;0.0;0.0;0.0;1.0;0.0;0.0;0.0;1.0;1.0;0.0;0.0;0.0;0.0;2.0;25.0;0.0;1.0;0.0;0.0;0.0;3.0;0.0;0.0;3.0;25.0;0.0;1.0;1.0;1.0;0.0;3.0;0.0;0.0
RIBEIRAO BRANCO;0.0;0.0;0.0;0.0;0.0;0.0;0.0;0.0;0.0;0.0;0.0;0.0;0.0;0.0;0.0;0.0;0.0;0.0;0.0;0.0;0.0;0.0;0.0;1.0;4.0;0.0;0.0;0.0;1.0;0.0;3.0;2.0;1.0;0.0;0.0;0.0;0.0;5.0;0.0;0.0;3.0;2.0;1.0;1.0;4.0;0.0;0.0;5.0;1.0;0.0
RIBEIRAO CORRENTE;0.0;0.0;0.0;0.0;0.0;0.0;0.0;0.0;0.0;0.0;0.0;0.0;0.0;0.0;0.0;0.0;0.0;0.0;0.0;0.0;1.0;0.0;0.0;0.0;1.0;0.0;0.0;0.0;0.0;0.0;0.0;1.0;0.0;0.0;0.0;0.0;0.0;2.0;0.0;0.0;1.0;1.0;0.0;0.0;1.0;0.0;0.0;2.0;0.0;0.0
RIBEIRAO DO SUL;0.0;0.0;0.0;0.0;0.0;0.0;0.0;0.0;0.0;0.0;0.0;0.0;0.0;0.0;0.0;0.0;0.0;0.0;0.0;0.0;1.0;0.0;0.0;0.0;1.0;0.0;0.0;0.0;0.0;0.0;0.0;0.0;0.0;0.0;0.0;0.0;0.0;1.0;0.0;0.0;1.0;0.0;0.0;0.0;1.0;0.0;0.0;1.0;0.0;0.0
RIBEIRAO DOS INDIOS;0.0;0.0;0.0;0.0;0.0;0.0;0.0;0.0;0.0;0.0;0.0;0.0;0.0;0.0;0.0;0.0;0.0;0.0;0.0;0.0;0.0;0.0;0.0;0.0;1.0;0.0;0.0;0.0;0.0;0.0;0.0;0.0;0.0;0.0;0.0;0.0;0.0;1.0;0.0;0.0;0.0;0.0;0.0;0.0;1.0;0.0;0.0;1.0;0.0;0.0
RIBEIRAO GRANDE;0.0;0.0;0.0;0.0;0.0;0.0;0.0;0.0;0.0;0.0;0.0;0.0;0.0;0.0;0.0;0.0;0.0;0.0;0.0;0.0;1.0;0.0;0.0;0.0;2.0;0.0;0.0;1.0;0.0;0.0;1.0;0.0;0.0;0.0;0.0;0.0;0.0;0.0;0.0;0.0;2.0;0.0;0.0;0.0;2.0;0.0;0.0;1.0;0.0;0.0
RIBEIRAO PIRES;0.0;0.0;0.0;0.0;0.0;0.0;0.0;0.0;0.0;0.0;0.0;0.0;0.0;0.0;0.0;0.0;0.0;0.0;0.0;0.0;4.0;0.0;0.0;1.0;3.0;1.0;3.0;12.0;0.0;1.0;36.0;68.0;12.0;1.0;3.0;0.0;0.0;0.0;0.0;0.0;40.0;68.0;12.0;2.0;6.0;1.0;3.0;12.0;0.0;1.0
RIBEIRAO PRETO;0.0;0.0;0.0;0.0;0.0;0.0;0.0;0.0;0.0;0.0;0.0;0.0;0.0;0.0;0.0;0.0;0.0;0.0;0.0;0.0;11.0;0.0;1.0;3.0;6.0;4.0;5.0;3.0;18.0;1.0;652.0;2095.0;110.0;21.0;96.0;3.0;1.0;49.0;4.0;0.0;667.0;2095.0;113.0;25.0;105.0;7.0;6.0;52.0;22.0;1.0
RIFAINA;0.0;0.0;0.0;0.0;0.0;0.0;0.0;0.0;0.0;0.0;0.0;0.0;0.0;0.0;0.0;0.0;0.0;0.0;0.0;0.0;2.0;0.0;1.0;0.0;1.0;0.0;0.0;2.0;0.0;0.0;0.0;0.0;1.0;0.0;0.0;0.0;0.0;0.0;0.0;0.0;2.0;0.0;2.0;0.0;1.0;0.0;0.0;2.0;0.0;0.0
RINCAO;0.0;0.0;0.0;0.0;0.0;0.0;0.0;0.0;0.0;0.0;0.0;0.0;0.0;0.0;0.0;0.0;0.0;0.0;0.0;0.0;1.0;0.0;1.0;0.0;1.0;1.0;0.0;3.0;0.0;0.0;0.0;5.0;1.0;0.0;0.0;0.0;0.0;0.0;0.0;0.0;1.0;5.0;2.0;0.0;1.0;1.0;0.0;3.0;0.0;0.0
RINOPOLIS;0.0;0.0;0.0;0.0;0.0;0.0;0.0;0.0;0.0;0.0;0.0;0.0;0.0;0.0;0.0;0.0;0.0;0.0;0.0;0.0;1.0;0.0;0.0;1.0;1.0;0.0;0.0;4.0;0.0;0.0;0.0;1.0;2.0;0.0;0.0;0.0;0.0;0.0;0.0;0.0;1.0;1.0;2.0;1.0;1.0;0.0;0.0;4.0;0.0;0.0
RIO CLARO;0.0;0.0;0.0;0.0;0.0;0.0;0.0;0.0;0.0;0.0;0.0;0.0;0.0;0.0;0.0;0.0;0.0;0.0;0.0;0.0;5.0;2.0;1.0;0.0;10.0;2.0;3.0;2.0;3.0;2.0;111.0;562.0;41.0;5.0;12.0;0.0;0.0;21.0;0.0;0.0;117.0;564.0;43.0;5.0;22.0;2.0;3.0;24.0;3.0;2.0
RIO DAS PEDRAS;0.0;0.0;0.0;0.0;0.0;0.0;0.0;0.0;0.0;0.0;0.0;0.0;0.0;0.0;0.0;0.0;0.0;0.0;0.0;0.0;1.0;0.0;0.0;0.0;1.0;0.0;1.0;3.0;0.0;0.0;8.0;72.0;4.0;2.0;0.0;0.0;0.0;0.0;0.0;0.0;9.0;72.0;4.0;2.0;1.0;0.0;1.0;3.0;0.0;0.0
RIO GRANDE DA SERRA;0.0;0.0;0.0;0.0;0.0;0.0;0.0;0.0;0.0;0.0;0.0;0.0;0.0;0.0;0.0;0.0;0.0;0.0;0.0;0.0;2.0;1.0;0.0;0.0;3.0;1.0;1.0;8.0;0.0;1.0;1.0;2.0;1.0;0.0;0.0;0.0;0.0;0.0;0.0;0.0;3.0;3.0;1.0;0.0;3.0;1.0;1.0;8.0;0.0;1.0
RIOLANDIA;0.0;0.0;0.0;0.0;0.0;0.0;0.0;0.0;0.0;0.0;0.0;0.0;0.0;0.0;0.0;0.0;0.0;0.0;0.0;0.0;1.0;0.0;0.0;0.0;1.0;0.0;1.0;2.0;1.0;0.0;1.0;2.0;1.0;1.0;0.0;0.0;0.0;4.0;0.0;0.0;2.0;2.0;1.0;1.0;1.0;0.0;1.0;6.0;1.0;0.0
RIVERSUL;0.0;0.0;0.0;0.0;0.0;0.0;0.0;0.0;0.0;0.0;0.0;0.0;0.0;0.0;0.0;0.0;0.0;0.0;0.0;0.0;0.0;0.0;0.0;0.0;2.0;1.0;0.0;1.0;0.0;0.0;0.0;0.0;0.0;0.0;0.0;0.0;0.0;0.0;0.0;0.0;0.0;0.0;0.0;0.0;2.0;1.0;0.0;1.0;0.0;0.0
ROSANA;0.0;0.0;0.0;0.0;0.0;0.0;0.0;0.0;0.0;0.0;0.0;0.0;0.0;0.0;0.0;0.0;0.0;0.0;0.0;0.0;0.0;0.0;0.0;1.0;1.0;0.0;1.0;0.0;0.0;0.0;2.0;16.0;5.0;0.0;1.0;0.0;0.0;9.0;0.0;0.0;2.0;16.0;5.0;1.0;2.0;0.0;1.0;9.0;0.0;0.0
ROSEIRA;0.0;0.0;0.0;0.0;0.0;0.0;0.0;0.0;0.0;0.0;0.0;0.0;0.0;0.0;0.0;0.0;0.0;0.0;0.0;0.0;1.0;0.0;0.0;0.0;2.0;0.0;0.0;0.0;0.0;0.0;2.0;2.0;2.0;0.0;0.0;0.0;0.0;5.0;1.0;0.0;3.0;2.0;2.0;0.0;2.0;0.0;0.0;5.0;1.0;0.0
RUBIACEA;0.0;0.0;0.0;0.0;0.0;0.0;0.0;0.0;0.0;0.0;0.0;0.0;0.0;0.0;0.0;0.0;0.0;0.0;0.0;0.0;0.0;0.0;0.0;0.0;1.0;0.0;0.0;0.0;0.0;1.0;0.0;1.0;0.0;0.0;0.0;0.0;0.0;2.0;0.0;0.0;0.0;1.0;0.0;0.0;1.0;0.0;0.0;2.0;0.0;1.0
RUBINEIA;0.0;0.0;0.0;0.0;0.0;0.0;0.0;0.0;0.0;0.0;0.0;0.0;0.0;0.0;0.0;0.0;0.0;0.0;0.0;0.0;0.0;0.0;0.0;0.0;1.0;0.0;0.0;0.0;0.0;0.0;0.0;0.0;0.0;0.0;0.0;0.0;0.0;2.0;0.0;0.0;0.0;0.0;0.0;0.0;1.0;0.0;0.0;2.0;0.0;0.0
SABINO;0.0;0.0;0.0;0.0;0.0;0.0;0.0;0.0;0.0;0.0;0.0;0.0;0.0;0.0;0.0;0.0;0.0;0.0;0.0;0.0;0.0;0.0;0.0;0.0;2.0;0.0;0.0;0.0;0.0;0.0;0.0;2.0;0.0;0.0;0.0;0.0;0.0;3.0;0.0;0.0;0.0;2.0;0.0;0.0;2.0;0.0;0.0;3.0;0.0;0.0
SAGRES;0.0;0.0;0.0;0.0;0.0;0.0;0.0;0.0;0.0;0.0;0.0;0.0;0.0;0.0;0.0;0.0;0.0;0.0;0.0;0.0;0.0;0.0;0.0;0.0;1.0;0.0;0.0;0.0;0.0;0.0;0.0;0.0;0.0;0.0;0.0;0.0;0.0;1.0;0.0;0.0;0.0;0.0;0.0;0.0;1.0;0.0;0.0;1.0;0.0;0.0
SALES;0.0;0.0;0.0;0.0;0.0;0.0;0.0;0.0;0.0;0.0;0.0;0.0;0.0;0.0;0.0;0.0;0.0;0.0;0.0;0.0;0.0;0.0;0.0;0.0;1.0;0.0;0.0;0.0;0.0;0.0;0.0;0.0;2.0;0.0;0.0;0.0;0.0;3.0;0.0;0.0;0.0;0.0;2.0;0.0;1.0;0.0;0.0;3.0;0.0;0.0
SALES OLIVEIRA;0.0;0.0;0.0;0.0;0.0;0.0;0.0;0.0;0.0;0.0;0.0;0.0;0.0;0.0;0.0;0.0;0.0;0.0;0.0;0.0;0.0;0.0;1.0;0.0;2.0;1.0;0.0;0.0;0.0;1.0;3.0;36.0;4.0;1.0;1.0;0.0;0.0;4.0;0.0;0.0;3.0;36.0;5.0;1.0;3.0;1.0;0.0;4.0;0.0;1.0
SALESOPOLIS;0.0;0.0;0.0;0.0;0.0;0.0;0.0;0.0;0.0;0.0;0.0;0.0;0.0;0.0;0.0;0.0;0.0;0.0;0.0;0.0;1.0;0.0;1.0;0.0;3.0;0.0;0.0;0.0;1.0;2.0;0.0;3.0;0.0;1.0;0.0;0.0;0.0;2.0;0.0;0.0;1.0;3.0;1.0;1.0;3.0;0.0;0.0;2.0;1.0;2.0
SALMOURAO;0.0;0.0;0.0;0.0;0.0;0.0;0.0;0.0;0.0;0.0;0.0;0.0;0.0;0.0;0.0;0.0;0.0;0.0;0.0;0.0;0.0;0.0;0.0;0.0;1.0;0.0;0.0;3.0;0.0;0.0;0.0;0.0;0.0;0.0;0.0;0.0;0.0;0.0;0.0;0.0;0.0;0.0;0.0;0.0;1.0;0.0;0.0;3.0;0.0;0.0
SALTINHO;0.0;0.0;0.0;0.0;0.0;0.0;0.0;0.0;0.0;0.0;0.0;0.0;0.0;0.0;0.0;0.0;0.0;0.0;0.0;0.0;1.0;0.0;0.0;0.0;1.0;0.0;0.0;0.0;0.0;0.0;0.0;3.0;1.0;0.0;0.0;0.0;0.0;2.0;0.0;0.0;1.0;3.0;1.0;0.0;1.0;0.0;0.0;2.0;0.0;0.0
SALTO;0.0;0.0;0.0;0.0;0.0;0.0;0.0;0.0;0.0;0.0;0.0;0.0;0.0;0.0;0.0;0.0;0.0;0.0;0.0;0.0;28.0;1.0;0.0;1.0;7.0;0.0;3.0;10.0;1.0;2.0;21.0;166.0;6.0;0.0;6.0;0.0;0.0;0.0;0.0;0.0;28.0;167.0;6.0;1.0;13.0;0.0;3.0;10.0;1.0;2.0
SALTO DE PIRAPORA;0.0;0.0;0.0;0.0;0.0;0.0;0.0;0.0;0.0;0.0;0.0;0.0;0.0;0.0;0.0;0.0;0.0;0.0;0.0;0.0;6.0;0.0;1.0;1.0;3.0;0.0;2.0;10.0;0.0;2.0;5.0;50.0;6.0;1.0;5.0;0.0;0.0;0.0;0.0;0.0;6.0;50.0;7.0;2.0;8.0;0.0;2.0;10.0;0.0;2.0
SALTO GRANDE;0.0;0.0;0.0;0.0;0.0;0.0;0.0;0.0;0.0;0.0;0.0;0.0;0.0;0.0;0.0;0.0;0.0;0.0;0.0;0.0;0.0;0.0;0.0;0.0;1.0;0.0;0.0;0.0;0.0;0.0;0.0;1.0;3.0;1.0;0.0;0.0;0.0;3.0;0.0;0.0;0.0;1.0;3.0;1.0;1.0;0.0;0.0;3.0;0.0;0.0
SANDOVALINA;0.0;0.0;0.0;0.0;0.0;0.0;0.0;0.0;0.0;0.0;0.0;0.0;0.0;0.0;0.0;0.0;0.0;0.0;0.0;0.0;0.0;0.0;0.0;0.0;1.0;0.0;0.0;0.0;0.0;0.0;0.0;1.0;0.0;0.0;0.0;0.0;0.0;2.0;0.0;0.0;0.0;1.0;0.0;0.0;1.0;0.0;0.0;2.0;0.0;0.0
SANTA ADELIA;0.0;0.0;0.0;0.0;0.0;0.0;0.0;0.0;0.0;0.0;0.0;0.0;0.0;0.0;0.0;0.0;0.0;0.0;0.0;0.0;2.0;0.0;0.0;0.0;3.0;0.0;0.0;0.0;0.0;0.0;1.0;23.0;3.0;1.0;0.0;0.0;0.0;6.0;0.0;0.0;2.0;23.0;3.0;1.0;3.0;0.0;0.0;6.0;0.0;0.0
SANTA ALBERTINA;0.0;0.0;0.0;0.0;0.0;0.0;0.0;0.0;0.0;0.0;0.0;0.0;0.0;0.0;0.0;0.0;0.0;0.0;0.0;0.0;0.0;0.0;0.0;0.0;1.0;0.0;0.0;0.0;0.0;0.0;0.0;3.0;1.0;0.0;0.0;0.0;0.0;2.0;1.0;0.0;0.0;3.0;1.0;0.0;1.0;0.0;0.0;2.0;1.0;0.0
SANTA BARBARA D OESTE;0.0;0.0;0.0;0.0;0.0;0.0;0.0;0.0;0.0;0.0;0.0;0.0;0.0;0.0;0.0;0.0;0.0;0.0;0.0;0.0;5.0;0.0;1.0;0.0;3.0;2.0;3.0;0.0;1.0;1.0;29.0;300.0;25.0;3.0;6.0;0.0;0.0;18.0;0.0;0.0;35.0;300.0;26.0;3.0;9.0;2.0;3.0;18.0;1.0;1.0
SANTA BRANCA;0.0;0.0;0.0;0.0;0.0;0.0;0.0;0.0;0.0;0.0;0.0;0.0;0.0;0.0;0.0;0.0;0.0;0.0;0.0;0.0;0.0;0.0;0.0;0.0;1.0;1.0;0.0;0.0;1.0;1.0;3.0;3.0;1.0;0.0;0.0;0.0;0.0;2.0;0.0;0.0;3.0;3.0;1.0;0.0;1.0;1.0;0.0;2.0;1.0;1.0
SANTA CLARA D OESTE;0.0;0.0;0.0;0.0;0.0;0.0;0.0;0.0;0.0;0.0;0.0;0.0;0.0;0.0;0.0;0.0;0.0;0.0;0.0;0.0;0.0;0.0;0.0;0.0;1.0;0.0;0.0;0.0;0.0;0.0;1.0;1.0;0.0;0.0;0.0;0.0;0.0;1.0;0.0;0.0;1.0;1.0;0.0;0.0;1.0;0.0;0.0;1.0;0.0;0.0
SANTA CRUZ DA CONCEICAO;0.0;0.0;0.0;0.0;0.0;0.0;0.0;0.0;0.0;0.0;0.0;0.0;0.0;0.0;0.0;0.0;0.0;0.0;0.0;0.0;0.0;0.0;0.0;0.0;1.0;0.0;0.0;0.0;0.0;0.0;0.0;0.0;1.0;0.0;0.0;0.0;0.0;2.0;0.0;0.0;0.0;0.0;1.0;0.0;1.0;0.0;0.0;2.0;0.0;0.0
SANTA CRUZ DA ESPERANCA;0.0;0.0;0.0;0.0;0.0;0.0;0.0;0.0;0.0;0.0;0.0;0.0;0.0;0.0;0.0;0.0;0.0;0.0;0.0;0.0;0.0;0.0;0.0;0.0;2.0;1.0;0.0;0.0;0.0;1.0;1.0;0.0;0.0;0.0;0.0;0.0;0.0;2.0;1.0;0.0;1.0;0.0;0.0;0.0;2.0;1.0;0.0;2.0;1.0;1.0
SANTA CRUZ DAS PALMEIRAS;0.0;0.0;0.0;0.0;0.0;0.0;0.0;0.0;0.0;0.0;0.0;0.0;0.0;0.0;0.0;0.0;0.0;0.0;0.0;0.0;9.0;0.0;0.0;0.0;2.0;0.0;1.0;0.0;2.0;0.0;8.0;50.0;7.0;1.0;0.0;1.0;0.0;6.0;0.0;0.0;9.0;50.0;7.0;1.0;2.0;1.0;1.0;6.0;2.0;0.0
SANTA CRUZ DO RIO PARDO;0.0;0.0;0.0;0.0;0.0;0.0;0.0;0.0;0.0;0.0;0.0;0.0;0.0;0.0;0.0;0.0;0.0;0.0;0.0;0.0;16.0;1.0;3.0;0.0;3.0;1.0;1.0;0.0;3.0;0.0;14.0;126.0;10.0;1.0;5.0;0.0;0.0;10.0;0.0;0.0;16.0;127.0;13.0;1.0;8.0;1.0;1.0;10.0;3.0;0.0
SANTA ERNESTINA;0.0;0.0;0.0;0.0;0.0;0.0;0.0;0.0;0.0;0.0;0.0;0.0;0.0;0.0;0.0;0.0;0.0;0.0;0.0;0.0;0.0;0.0;0.0;0.0;1.0;0.0;0.0;0.0;0.0;0.0;0.0;4.0;0.0;0.0;0.0;0.0;0.0;1.0;0.0;0.0;0.0;4.0;0.0;0.0;1.0;0.0;0.0;1.0;0.0;0.0
SANTA FE DO SUL;0.0;0.0;0.0;0.0;0.0;0.0;0.0;0.0;0.0;0.0;0.0;0.0;0.0;0.0;0.0;0.0;0.0;0.0;0.0;0.0;5.0;0.0;1.0;0.0;3.0;2.0;1.0;0.0;1.0;1.0;29.0;86.0;9.0;1.0;7.0;0.0;0.0;9.0;2.0;0.0;34.0;86.0;10.0;1.0;10.0;2.0;1.0;9.0;3.0;1.0
SANTA GERTRUDES;0.0;0.0;0.0;0.0;0.0;0.0;0.0;0.0;0.0;0.0;0.0;0.0;0.0;0.0;0.0;0.0;0.0;0.0;0.0;0.0;7.0;1.0;1.0;0.0;2.0;1.0;1.0;0.0;1.0;0.0;3.0;27.0;2.0;0.0;1.0;0.0;0.0;5.0;0.0;0.0;7.0;28.0;3.0;0.0;3.0;1.0;1.0;5.0;1.0;0.0
SANTA ISABEL;0.0;0.0;0.0;0.0;0.0;0.0;0.0;0.0;0.0;0.0;0.0;0.0;0.0;0.0;0.0;0.0;0.0;0.0;0.0;0.0;9.0;0.0;0.0;0.0;4.0;1.0;1.0;0.0;2.0;0.0;6.0;18.0;2.0;1.0;3.0;0.0;0.0;12.0;0.0;0.0;9.0;18.0;2.0;1.0;7.0;1.0;1.0;12.0;2.0;0.0
SANTA LUCIA;0.0;0.0;0.0;0.0;0.0;0.0;0.0;0.0;0.0;0.0;0.0;0.0;0.0;0.0;0.0;0.0;0.0;0.0;0.0;0.0;1.0;0.0;0.0;0.0;1.0;1.0;0.0;0.0;0.0;0.0;0.0;0.0;0.0;0.0;0.0;0.0;0.0;2.0;0.0;0.0;1.0;0.0;0.0;0.0;1.0;1.0;0.0;2.0;0.0;0.0
SANTA MARIA DA SERRA;0.0;0.0;0.0;0.0;0.0;0.0;0.0;0.0;0.0;0.0;0.0;0.0;0.0;0.0;0.0;0.0;0.0;0.0;0.0;0.0;1.0;0.0;0.0;0.0;1.0;0.0;0.0;3.0;0.0;1.0;0.0;2.0;0.0;0.0;0.0;0.0;0.0;0.0;0.0;0.0;1.0;2.0;0.0;0.0;1.0;0.0;0.0;3.0;0.0;1.0
SANTA MERCEDES;0.0;0.0;0.0;0.0;0.0;0.0;0.0;0.0;0.0;0.0;0.0;0.0;0.0;0.0;0.0;0.0;0.0;0.0;0.0;0.0;1.0;0.0;0.0;0.0;1.0;0.0;0.0;3.0;0.0;1.0;0.0;2.0;0.0;0.0;0.0;0.0;0.0;0.0;0.0;0.0;1.0;2.0;0.0;0.0;1.0;0.0;0.0;3.0;0.0;1.0
SANTA RITA D OESTE;0.0;0.0;0.0;0.0;0.0;0.0;0.0;0.0;0.0;0.0;0.0;0.0;0.0;0.0;0.0;0.0;0.0;0.0;0.0;0.0;1.0;0.0;0.0;0.0;2.0;0.0;0.0;1.0;0.0;0.0;0.0;0.0;0.0;0.0;0.0;0.0;0.0;0.0;0.0;0.0;1.0;0.0;0.0;0.0;2.0;0.0;0.0;1.0;0.0;0.0
SANTA RITA DO PASSA QUATRO;0.0;0.0;0.0;1.0;0.0;0.0;1.0;0.0;0.0;0.0;0.0;0.0;0.0;0.0;0.0;0.0;0.0;0.0;0.0;0.0;3.0;0.0;0.0;0.0;1.0;0.0;0.0;6.0;1.0;0.0;6.0;58.0;4.0;1.0;2.0;0.0;0.0;0.0;0.0;0.0;9.0;58.0;4.0;2.0;3.0;0.0;1.0;6.0;1.0;0.0
SANTA ROSA DE VITERBO;0.0;0.0;0.0;0.0;0.0;0.0;0.0;0.0;0.0;0.0;0.0;0.0;0.0;0.0;0.0;0.0;0.0;0.0;0.0;0.0;1.0;0.0;0.0;0.0;1.0;1.0;1.0;4.0;1.0;2.0;5.0;56.0;3.0;1.0;0.0;0.0;0.0;0.0;0.0;0.0;6.0;56.0;3.0;1.0;1.0;1.0;1.0;4.0;1.0;2.0
SANTA SALETE;0.0;0.0;0.0;0.0;0.0;0.0;0.0;0.0;0.0;0.0;0.0;0.0;0.0;0.0;0.0;0.0;0.0;0.0;0.0;0.0;0.0;0.0;0.0;0.0;1.0;0.0;0.0;1.0;0.0;0.0;0.0;0.0;0.0;0.0;0.0;0.0;0.0;0.0;0.0;0.0;0.0;0.0;0.0;0.0;1.0;0.0;0.0;1.0;0.0;0.0
SANTANA DA PONTE PENSA;0.0;0.0;0.0;0.0;0.0;0.0;0.0;0.0;0.0;0.0;0.0;0.0;0.0;0.0;0.0;0.0;0.0;0.0;0.0;0.0;1.0;0.0;0.0;0.0;1.0;0.0;0.0;1.0;0.0;0.0;0.0;0.0;0.0;0.0;0.0;0.0;0.0;0.0;0.0;0.0;1.0;0.0;0.0;0.0;1.0;0.0;0.0;1.0;0.0;0.0
SANTANA DE PARNAIBA;0.0;0.0;0.0;0.0;0.0;0.0;0.0;0.0;0.0;0.0;0.0;0.0;0.0;0.0;0.0;0.0;0.0;0.0;0.0;0.0;4.0;0.0;0.0;2.0;4.0;2.0;3.0;13.0;2.0;0.0;17.0;39.0;5.0;0.0;8.0;0.0;0.0;0.0;0.0;0.0;21.0;39.0;5.0;2.0;12.0;2.0;3.0;13.0;2.0;0.0
SANTO ANASTACIO;0.0;0.0;0.0;0.0;0.0;0.0;0.0;0.0;0.0;0.0;0.0;0.0;0.0;0.0;0.0;0.0;0.0;0.0;0.0;0.0;1.0;0.0;0.0;0.0;1.0;0.0;1.0;6.0;0.0;1.0;2.0;33.0;3.0;1.0;0.0;0.0;0.0;0.0;0.0;0.0;3.0;33.0;3.0;1.0;1.0;0.0;1.0;6.0;0.0;1.0
SANTO ANDRE;0.0;0.0;1.0;2.0;1.0;0.0;0.0;1.0;0.0;1.0;0.0;0.0;0.0;0.0;0.0;0.0;0.0;0.0;0.0;0.0;14.0;0.0;1.0;2.0;8.0;7.0;5.0;35.0;20.0;1.0;753.0;173.0;51.0;12.0;62.0;3.0;0.0;1.0;1.0;0.0;767.0;173.0;53.0;16.0;71.0;10.0;5.0;37.0;21.0;2.0
SANTO ANTONIO DA ALEGRIA;0.0;0.0;0.0;0.0;0.0;0.0;0.0;0.0;0.0;0.0;0.0;0.0;0.0;0.0;0.0;0.0;0.0;0.0;0.0;0.0;2.0;0.0;2.0;0.0;4.0;0.0;0.0;6.0;1.0;1.0;1.0;2.0;1.0;0.0;0.0;0.0;0.0;0.0;0.0;0.0;3.0;2.0;3.0;0.0;4.0;0.0;0.0;6.0;1.0;1.0
SANTO ANTONIO DE POSSE;0.0;0.0;0.0;0.0;0.0;0.0;0.0;0.0;0.0;0.0;0.0;0.0;0.0;0.0;0.0;0.0;0.0;0.0;0.0;0.0;2.0;0.0;0.0;0.0;2.0;1.0;1.0;7.0;0.0;0.0;6.0;22.0;4.0;0.0;1.0;0.0;0.0;0.0;0.0;0.0;8.0;22.0;4.0;0.0;3.0;1.0;1.0;7.0;0.0;0.0
SANTO ANTONIO DO ARACANGUA;0.0;0.0;0.0;0.0;0.0;0.0;0.0;0.0;0.0;0.0;0.0;0.0;0.0;0.0;0.0;0.0;0.0;0.0;0.0;0.0;0.0;0.0;0.0;0.0;1.0;0.0;0.0;3.0;0.0;0.0;0.0;0.0;1.0;0.0;0.0;0.0;0.0;0.0;0.0;0.0;0.0;0.0;1.0;0.0;1.0;0.0;0.0;3.0;0.0;0.0
SANTO ANTONIO DO JARDIM;0.0;0.0;0.0;0.0;0.0;0.0;0.0;0.0;0.0;0.0;0.0;0.0;0.0;0.0;0.0;0.0;0.0;0.0;0.0;0.0;1.0;0.0;0.0;0.0;1.0;0.0;0.0;2.0;1.0;0.0;0.0;3.0;0.0;0.0;0.0;0.0;0.0;0.0;0.0;0.0;1.0;3.0;0.0;0.0;1.0;0.0;0.0;2.0;1.0;0.0
SANTO ANTONIO DO PINHAL;0.0;0.0;0.0;0.0;0.0;0.0;0.0;0.0;0.0;0.0;0.0;0.0;0.0;0.0;0.0;0.0;0.0;0.0;0.0;0.0;1.0;0.0;0.0;0.0;4.0;1.0;0.0;10.0;1.0;0.0;1.0;1.0;0.0;0.0;0.0;0.0;0.0;0.0;0.0;0.0;2.0;1.0;0.0;0.0;4.0;1.0;0.0;10.0;1.0;0.0
SANTO EXPEDITO;0.0;0.0;0.0;0.0;0.0;0.0;0.0;0.0;0.0;0.0;0.0;0.0;0.0;0.0;0.0;0.0;0.0;0.0;0.0;0.0;1.0;0.0;0.0;0.0;2.0;0.0;0.0;2.0;0.0;1.0;0.0;0.0;0.0;0.0;0.0;0.0;0.0;0.0;0.0;0.0;1.0;0.0;0.0;0.0;2.0;0.0;0.0;2.0;0.0;1.0
SANTOPOLIS DO AGUAPEI;0.0;0.0;0.0;0.0;0.0;0.0;0.0;0.0;0.0;0.0;0.0;0.0;0.0;0.0;0.0;0.0;0.0;0.0;0.0;0.0;0.0;0.0;0.0;0.0;1.0;0.0;0.0;1.0;0.0;1.0;0.0;0.0;0.0;0.0;0.0;0.0;0.0;0.0;0.0;0.0;0.0;0.0;0.0;0.0;1.0;0.0;0.0;1.0;0.0;1.0
SANTOS;0.0;0.0;0.0;0.0;0.0;0.0;0.0;0.0;0.0;0.0;0.0;0.0;0.0;0.0;0.0;0.0;0.0;0.0;0.0;0.0;15.0;1.0;1.0;3.0;5.0;4.0;9.0;35.0;21.0;0.0;231.0;1402.0;84.0;23.0;44.0;0.0;0.0;0.0;8.0;0.0;247.0;1403.0;86.0;28.0;53.0;4.0;9.0;36.0;29.0;0.0
SAO BENTO DO SAPUCAI;0.0;0.0;0.0;0.0;0.0;0.0;0.0;0.0;0.0;0.0;0.0;0.0;0.0;0.0;0.0;0.0;0.0;0.0;0.0;0.0;0.0;0.0;0.0;0.0;1.0;1.0;0.0;4.0;1.0;0.0;0.0;8.0;1.0;1.0;3.0;0.0;0.0;0.0;0.0;0.0;0.0;8.0;1.0;1.0;4.0;1.0;0.0;4.0;1.0;0.0
SAO BERNARDO DO CAMPO;0.0;0.0;0.0;0.0;0.0;0.0;0.0;0.0;0.0;0.0;0.0;0.0;0.0;0.0;0.0;0.0;0.0;0.0;0.0;0.0;388.0;0.0;2.0;5.0;9.0;11.0;9.0;36.0;16.0;6.0;753.0;651.0;51.0;20.0;47.0;1.0;0.0;1.0;2.0;0.0;767.0;652.0;53.0;25.0;57.0;12.0;9.0;38.0;18.0;6.0
SAO CAETANO DO SUL;0.0;0.0;0.0;0.0;1.0;0.0;0.0;0.0;0.0;0.0;0.0;0.0;0.0;0.0;0.0;0.0;0.0;0.0;0.0;0.0;22.0;0.0;1.0;2.0;7.0;1.0;3.0;15.0;6.0;2.0;209.0;543.0;32.0;7.0;32.0;0.0;0.0;0.0;2.0;0.0;231.0;543.0;33.0;9.0;40.0;1.0;3.0;15.0;8.0;2.0
SAO CARLOS;2.0;0.0;1.0;1.0;0.0;0.0;0.0;0.0;1.0;0.0;1.0;0.0;1.0;0.0;0.0;0.0;0.0;0.0;0.0;0.0;7.0;1.0;0.0;0.0;5.0;3.0;3.0;34.0;10.0;0.0;145.0;811.0;41.0;4.0;24.0;1.0;0.0;0.0;2.0;0.0;155.0;812.0;43.0;5.0;29.0;4.0;3.0;34.0;13.0;0.0
SAO FRANCISCO;0.0;0.0;0.0;0.0;0.0;0.0;0.0;0.0;0.0;0.0;0.0;0.0;0.0;0.0;0.0;0.0;0.0;0.0;0.0;0.0;0.0;0.0;0.0;0.0;2.0;0.0;0.0;2.0;0.0;0.0;0.0;1.0;0.0;0.0;0.0;0.0;0.0;0.0;0.0;0.0;0.0;1.0;0.0;0.0;2.0;0.0;0.0;2.0;0.0;0.0
SAO JOAO DA BOA VISTA;3.0;0.0;0.0;0.0;3.0;0.0;0.0;0.0;0.0;0.0;0.0;0.0;0.0;0.0;0.0;0.0;0.0;0.0;0.0;0.0;6.0;0.0;1.0;0.0;5.0;1.0;3.0;14.0;2.0;2.0;30.0;588.0;19.0;5.0;22.0;0.0;0.0;0.0;3.0;0.0;39.0;588.0;20.0;5.0;30.0;1.0;3.0;14.0;5.0;2.0
SAO JOAO DAS DUAS PONTES;0.0;0.0;0.0;0.0;0.0;0.0;0.0;0.0;0.0;0.0;0.0;0.0;0.0;0.0;0.0;0.0;0.0;0.0;0.0;0.0;0.0;0.0;0.0;0.0;1.0;0.0;0.0;1.0;0.0;0.0;0.0;0.0;0.0;0.0;0.0;0.0;0.0;0.0;0.0;0.0;0.0;0.0;0.0;0.0;1.0;0.0;0.0;1.0;0.0;0.0
SAO JOAO DE IRACEMA;0.0;0.0;0.0;0.0;0.0;0.0;0.0;0.0;0.0;0.0;0.0;0.0;0.0;0.0;0.0;0.0;0.0;0.0;0.0;0.0;0.0;0.0;0.0;0.0;2.0;0.0;0.0;2.0;0.0;0.0;0.0;0.0;0.0;0.0;0.0;0.0;0.0;0.0;0.0;0.0;0.0;0.0;0.0;0.0;2.0;0.0;0.0;2.0;0.0;0.0
SAO JOAO DO PAU D ALHO;0.0;0.0;0.0;0.0;0.0;0.0;0.0;0.0;0.0;0.0;0.0;0.0;0.0;0.0;0.0;0.0;0.0;0.0;0.0;0.0;1.0;0.0;0.0;0.0;2.0;0.0;0.0;1.0;0.0;0.0;0.0;2.0;0.0;0.0;0.0;0.0;0.0;0.0;0.0;0.0;1.0;2.0;0.0;0.0;2.0;0.0;0.0;1.0;0.0;0.0
SAO JOAQUIM DA BARRA;0.0;0.0;0.0;0.0;0.0;0.0;0.0;0.0;0.0;0.0;0.0;0.0;0.0;0.0;0.0;0.0;0.0;0.0;0.0;0.0;4.0;0.0;1.0;0.0;1.0;1.0;1.0;10.0;1.0;0.0;3.0;156.0;29.0;1.0;1.0;0.0;0.0;0.0;0.0;0.0;7.0;156.0;30.0;1.0;2.0;1.0;1.0;10.0;1.0;0.0
SAO JOSE DA BELA VISTA;0.0;0.0;0.0;0.0;0.0;0.0;0.0;0.0;0.0;0.0;0.0;0.0;0.0;0.0;0.0;0.0;0.0;0.0;0.0;0.0;1.0;0.0;0.0;0.0;1.0;1.0;0.0;5.0;0.0;0.0;0.0;0.0;0.0;0.0;0.0;0.0;0.0;0.0;0.0;0.0;1.0;0.0;0.0;0.0;1.0;1.0;0.0;5.0;0.0;0.0
SAO JOSE DO BARREIRO;0.0;0.0;0.0;0.0;0.0;0.0;0.0;0.0;0.0;0.0;0.0;0.0;0.0;0.0;0.0;0.0;0.0;0.0;0.0;0.0;0.0;0.0;0.0;0.0;1.0;0.0;0.0;3.0;0.0;0.0;0.0;1.0;0.0;0.0;0.0;0.0;0.0;0.0;0.0;0.0;0.0;1.0;0.0;0.0;1.0;0.0;0.0;3.0;0.0;0.0
SAO JOSE DO RIO PARDO;0.0;0.0;0.0;0.0;0.0;0.0;0.0;0.0;0.0;0.0;0.0;0.0;0.0;0.0;0.0;0.0;0.0;0.0;0.0;0.0;5.0;0.0;2.0;0.0;1.0;1.0;1.0;11.0;2.0;1.0;31.0;118.0;24.0;2.0;7.0;0.0;0.0;0.0;2.0;0.0;36.0;118.0;26.0;2.0;8.0;1.0;1.0;11.0;4.0;1.0
SAO JOSE DO RIO PRETO;4.0;0.0;2.0;1.0;6.0;0.0;0.0;0.0;0.0;1.0;0.0;0.0;0.0;0.0;0.0;0.0;0.0;0.0;0.0;0.0;11.0;1.0;2.0;1.0;11.0;5.0;7.0;30.0;14.0;1.0;249.0;911.0;116.0;22.0;37.0;1.0;0.0;0.0;1.0;0.0;264.0;912.0;120.0;24.0;54.0;6.0;7.0;33.0;15.0;2.0
SAO JOSE DOS CAMPOS;2.0;0.0;0.0;1.0;2.0;0.0;0.0;0.0;0.0;1.0;0.0;0.0;0.0;1.0;0.0;0.0;0.0;0.0;0.0;0.0;16.0;0.0;1.0;3.0;4.0;5.0;4.0;40.0;9.0;1.0;374.0;1054.0;91.0;21.0;65.0;3.0;0.0;0.0;9.0;0.0;392.0;1054.0;92.0;26.0;71.0;8.0;4.0;42.0;18.0;2.0
SAO LOURENCO DA SERRA;0.0;0.0;0.0;0.0;0.0;0.0;0.0;0.0;0.0;0.0;0.0;0.0;0.0;0.0;0.0;0.0;0.0;0.0;0.0;0.0;1.0;0.0;0.0;0.0;1.0;1.0;0.0;3.0;1.0;0.0;2.0;0.0;2.0;0.0;2.0;0.0;0.0;0.0;2.0;0.0;3.0;0.0;2.0;0.0;3.0;1.0;0.0;3.0;3.0;0.0
SAO LUIZ DO PARAITINGA;0.0;0.0;0.0;0.0;0.0;0.0;0.0;0.0;0.0;0.0;0.0;0.0;0.0;0.0;0.0;0.0;0.0;0.0;0.0;0.0;0.0;0.0;0.0;0.0;2.0;0.0;0.0;4.0;1.0;0.0;0.0;1.0;0.0;1.0;0.0;0.0;0.0;0.0;0.0;0.0;0.0;1.0;0.0;1.0;2.0;0.0;0.0;4.0;1.0;0.0
SAO MANUEL;0.0;0.0;0.0;0.0;0.0;0.0;0.0;0.0;0.0;0.0;0.0;0.0;0.0;0.0;0.0;0.0;0.0;0.0;0.0;0.0;2.0;2.0;1.0;0.0;5.0;0.0;1.0;7.0;0.0;1.0;2.0;86.0;5.0;1.0;0.0;0.0;0.0;0.0;1.0;0.0;4.0;88.0;6.0;1.0;5.0;0.0;1.0;7.0;1.0;1.0
SAO MIGUEL ARCANJO;0.0;0.0;0.0;0.0;0.0;0.0;0.0;0.0;0.0;0.0;0.0;0.0;0.0;0.0;0.0;0.0;0.0;0.0;0.0;0.0;2.0;0.0;0.0;0.0;4.0;0.0;1.0;10.0;0.0;0.0;2.0;29.0;4.0;1.0;13.0;0.0;0.0;0.0;0.0;0.0;4.0;29.0;4.0;1.0;17.0;0.0;1.0;10.0;0.0;0.0
SAO PAULO;20.0;19.0;9.0;37.0;24.0;0.0;2.0;14.0;1.0;0.0;1.0;1.0;0.0;3.0;0.0;0.0;0.0;0.0;0.0;0.0;183.0;1.0;9.0;39.0;51.0;59.0;104.0;482.0;165.0;30.0;5776.0;16750.0;983.0;192.0;985.0;12.0;0.0;22.0;47.0;0.0;5980.0;16771.0;1001.0;271.0;1060.0;71.0;106.0;518.0;213.0;30.0
SAO PEDRO;0.0;0.0;0.0;0.0;0.0;0.0;0.0;0.0;0.0;0.0;0.0;0.0;0.0;0.0;0.0;0.0;0.0;0.0;0.0;0.0;1.0;0.0;0.0;0.0;1.0;1.0;1.0;11.0;2.0;0.0;9.0;74.0;3.0;1.0;2.0;0.0;0.0;0.0;0.0;0.0;10.0;74.0;3.0;1.0;3.0;1.0;1.0;11.0;2.0;0.0
SAO PEDRO DO TURVO;0.0;0.0;0.0;0.0;0.0;0.0;0.0;0.0;0.0;0.0;0.0;0.0;0.0;0.0;0.0;0.0;0.0;0.0;0.0;0.0;0.0;0.0;0.0;0.0;2.0;0.0;0.0;4.0;0.0;0.0;0.0;0.0;1.0;0.0;0.0;0.0;0.0;0.0;0.0;0.0;0.0;0.0;1.0;0.0;2.0;0.0;0.0;4.0;0.0;0.0
SAO ROQUE;0.0;0.0;0.0;0.0;0.0;0.0;0.0;0.0;0.0;0.0;0.0;0.0;0.0;0.0;0.0;0.0;0.0;0.0;0.0;0.0;4.0;1.0;0.0;0.0;6.0;0.0;2.0;13.0;0.0;1.0;32.0;226.0;13.0;3.0;27.0;0.0;0.0;0.0;0.0;0.0;36.0;227.0;13.0;3.0;33.0;0.0;2.0;13.0;0.0;1.0
SAO SEBASTIAO;0.0;0.0;0.0;0.0;0.0;0.0;0.0;0.0;0.0;0.0;0.0;0.0;0.0;0.0;0.0;0.0;0.0;0.0;0.0;0.0;8.0;0.0;1.0;1.0;7.0;1.0;3.0;30.0;6.0;2.0;10.0;136.0;12.0;1.0;4.0;0.0;0.0;0.0;0.0;0.0;18.0;136.0;13.0;2.0;11.0;1.0;3.0;30.0;6.0;2.0
SAO SEBASTIAO DA GRAMA;0.0;0.0;0.0;0.0;0.0;0.0;0.0;0.0;0.0;0.0;0.0;0.0;0.0;0.0;0.0;0.0;0.0;0.0;0.0;0.0;0.0;0.0;0.0;0.0;2.0;1.0;0.0;5.0;0.0;0.0;2.0;25.0;6.0;1.0;0.0;0.0;0.0;0.0;0.0;0.0;2.0;25.0;6.0;1.0;2.0;1.0;0.0;5.0;0.0;0.0
SAO SIMAO;0.0;0.0;0.0;0.0;0.0;0.0;0.0;0.0;0.0;0.0;0.0;0.0;0.0;0.0;0.0;0.0;0.0;0.0;0.0;0.0;3.0;0.0;0.0;0.0;2.0;0.0;0.0;4.0;1.0;2.0;1.0;21.0;5.0;1.0;0.0;0.0;0.0;0.0;0.0;0.0;4.0;21.0;5.0;1.0;2.0;0.0;0.0;4.0;1.0;2.0
SAO VICENTE;0.0;0.0;0.0;1.0;0.0;0.0;0.0;0.0;0.0;0.0;0.0;0.0;0.0;0.0;0.0;0.0;0.0;0.0;0.0;0.0;12.0;1.0;1.0;3.0;8.0;3.0;5.0;27.0;9.0;1.0;33.0;115.0;18.0;3.0;6.0;1.0;0.0;0.0;0.0;0.0;45.0;116.0;19.0;7.0;14.0;4.0;5.0;31.0;9.0;1.0
SARAPUI;0.0;0.0;0.0;0.0;0.0;0.0;0.0;0.0;0.0;0.0;0.0;0.0;0.0;0.0;0.0;0.0;0.0;0.0;0.0;0.0;0.0;0.0;1.0;0.0;2.0;0.0;0.0;4.0;2.0;0.0;0.0;1.0;1.0;0.0;0.0;0.0;0.0;0.0;0.0;0.0;0.0;1.0;2.0;0.0;2.0;0.0;0.0;4.0;2.0;0.0
SARUTAIA;0.0;0.0;0.0;0.0;0.0;0.0;0.0;0.0;0.0;0.0;0.0;0.0;0.0;0.0;0.0;0.0;0.0;0.0;0.0;0.0;0.0;0.0;0.0;0.0;1.0;0.0;0.0;1.0;0.0;0.0;0.0;0.0;0.0;0.0;0.0;0.0;0.0;0.0;0.0;0.0;0.0;0.0;0.0;0.0;1.0;0.0;0.0;1.0;0.0;0.0
SEBASTIANOPOLIS DO SUL;0.0;0.0;0.0;0.0;0.0;0.0;0.0;0.0;0.0;0.0;0.0;0.0;0.0;0.0;0.0;0.0;0.0;0.0;0.0;0.0;0.0;0.0;0.0;0.0;1.0;0.0;0.0;1.0;0.0;0.0;1.0;0.0;0.0;0.0;1.0;0.0;0.0;0.0;0.0;0.0;1.0;0.0;0.0;0.0;2.0;0.0;0.0;1.0;0.0;0.0
SERRA AZUL;0.0;0.0;0.0;0.0;0.0;0.0;0.0;0.0;0.0;0.0;0.0;0.0;0.0;0.0;0.0;0.0;0.0;0.0;0.0;0.0;1.0;0.0;0.0;0.0;1.0;0.0;0.0;5.0;1.0;1.0;0.0;3.0;1.0;0.0;1.0;0.0;0.0;0.0;0.0;0.0;1.0;3.0;1.0;0.0;2.0;0.0;0.0;8.0;1.0;1.0
SERRA NEGRA;1.0;0.0;2.0;0.0;1.0;0.0;1.0;11.0;0.0;1.0;2.0;54.0;8.0;1.0;12.0;0.0;0.0;0.0;0.0;0.0;3.0;0.0;0.0;0.0;0.0;0.0;0.0;0.0;0.0;0.0;0.0;0.0;0.0;0.0;0.0;0.0;0.0;0.0;0.0;0.0;3.0;54.0;10.0;1.0;13.0;0.0;1.0;11.0;0.0;1.0
SERRANA;0.0;0.0;0.0;1.0;0.0;0.0;0.0;0.0;0.0;0.0;0.0;0.0;0.0;0.0;0.0;0.0;0.0;0.0;0.0;0.0;5.0;0.0;0.0;0.0;4.0;1.0;1.0;7.0;1.0;2.0;12.0;35.0;0.0;1.0;1.0;0.0;0.0;0.0;0.0;0.0;17.0;35.0;0.0;2.0;5.0;1.0;1.0;7.0;1.0;2.0
SERTAOZINHO;8.0;1.0;0.0;0.0;5.0;1.0;2.0;10.0;3.0;4.0;66.0;1.0;27.0;3.0;7.0;1.0;0.0;0.0;0.0;0.0;0.0;362.0;0.0;0.0;0.0;0.0;0.0;0.0;0.0;0.0;0.0;0.0;0.0;0.0;0.0;0.0;0.0;0.0;0.0;0.0;74.0;364.0;27.0;3.0;12.0;2.0;2.0;10.0;3.0;4.0
SETE BARRAS;0.0;0.0;0.0;0.0;1.0;1.0;0.0;5.0;1.0;0.0;0.0;0.0;0.0;0.0;0.0;0.0;0.0;0.0;0.0;0.0;0.0;0.0;0.0;0.0;0.0;0.0;0.0;0.0;0.0;0.0;0.0;0.0;0.0;0.0;0.0;0.0;0.0;0.0;0.0;0.0;1.0;1.0;0.0;0.0;1.0;1.0;0.0;5.0;1.0;0.0
SEVERINIA;0.0;0.0;1.0;0.0;2.0;1.0;0.0;3.0;1.0;0.0;0.0;0.0;1.0;0.0;0.0;0.0;0.0;0.0;0.0;0.0;0.0;0.0;0.0;0.0;0.0;0.0;0.0;0.0;0.0;0.0;0.0;0.0;0.0;0.0;0.0;0.0;0.0;0.0;0.0;0.0;2.0;4.0;2.0;0.0;2.0;1.0;0.0;3.0;1.0;0.0
SILVEIRAS;0.0;0.0;1.0;0.0;1.0;0.0;0.0;4.0;0.0;0.0;0.0;6.0;0.0;0.0;0.0;0.0;0.0;0.0;0.0;0.0;0.0;0.0;0.0;0.0;0.0;0.0;0.0;0.0;0.0;0.0;0.0;0.0;0.0;0.0;0.0;0.0;0.0;0.0;0.0;0.0;0.0;6.0;1.0;0.0;1.0;0.0;0.0;4.0;0.0;0.0
SOCORRO;3.0;0.0;1.0;0.0;5.0;0.0;1.0;15.0;1.0;0.0;3.0;57.0;5.0;1.0;2.0;0.0;0.0;0.0;0.0;0.0;3.0;0.0;0.0;0.0;0.0;0.0;0.0;0.0;0.0;0.0;0.0;0.0;0.0;0.0;0.0;0.0;0.0;0.0;0.0;0.0;6.0;57.0;6.0;1.0;7.0;0.0;1.0;15.0;1.0;0.0
SOROCABA;2.0;0.0;1.0;3.0;5.0;0.0;0.0;5.0;0.0;0.0;0.0;2.0;0.0;0.0;0.0;3.0;7.0;0.0;11.0;1.0;6.0;1122.0;108.0;18.0;41.0;3.0;1.0;33.0;5.0;0.0;270.0;0.0;0.0;0.0;4.0;0.0;0.0;0.0;0.0;0.0;278.0;1124.0;110.0;21.0;50.0;6.0;8.0;38.0;16.0;1.0
SUD MENNUCCI;0.0;0.0;0.0;0.0;1.0;0.0;0.0;2.0;0.0;1.0;0.0;0.0;0.0;0.0;0.0;0.0;0.0;0.0;0.0;0.0;0.0;0.0;0.0;0.0;0.0;0.0;0.0;0.0;0.0;0.0;0.0;0.0;0.0;0.0;0.0;0.0;0.0;0.0;0.0;0.0;2.0;4.0;1.0;1.0;1.0;0.0;0.0;2.0;0.0;1.0
SUMARE;8.0;3.0;0.0;1.0;0.0;4.0;0.0;1.0;1.0;3.0;76.0;134.0;32.0;0.0;3.0;2.0;3.0;23.0;1.0;0.0;0.0;0.0;0.0;2.0;7.0;0.0;0.0;1.0;0.0;0.0;0.0;0.0;0.0;0.0;0.0;0.0;0.0;0.0;0.0;0.0;84.0;137.0;32.0;3.0;10.0;6.0;3.0;25.0;2.0;3.0
SUZANAPOLIS;0.0;0.0;0.0;0.0;2.0;0.0;0.0;1.0;0.0;0.0;1.0;0.0;0.0;0.0;0.0;0.0;0.0;0.0;0.0;0.0;0.0;0.0;0.0;0.0;0.0;0.0;0.0;0.0;0.0;0.0;0.0;0.0;0.0;0.0;0.0;0.0;0.0;0.0;0.0;0.0;1.0;0.0;0.0;0.0;2.0;0.0;0.0;1.0;0.0;0.0
SUZANO;8.0;0.0;1.0;1.0;0.0;2.0;0.0;1.0;0.0;0.0;120.0;168.0;20.0;0.0;4.0;1.0;4.0;24.0;5.0;2.0;0.0;0.0;0.0;3.0;5.0;0.0;0.0;0.0;0.0;0.0;0.0;0.0;0.0;0.0;0.0;0.0;0.0;0.0;0.0;0.0;128.0;168.0;21.0;4.0;9.0;3.0;4.0;25.0;5.0;2.0
TABAPUA;2.0;0.0;1.0;0.0;1.0;0.0;0.0;2.0;1.0;0.0;1.0;10.0;2.0;1.0;0.0;0.0;0.0;0.0;0.0;0.0;0.0;0.0;0.0;0.0;0.0;0.0;0.0;0.0;0.0;0.0;0.0;0.0;0.0;0.0;0.0;0.0;0.0;0.0;0.0;0.0;3.0;10.0;3.0;1.0;1.0;0.0;0.0;2.0;1.0;0.0
TABATINGA;0.0;0.0;1.0;0.0;1.0;1.0;0.0;5.0;0.0;1.0;0.0;31.0;5.0;1.0;0.0;0.0;0.0;0.0;0.0;0.0;0.0;0.0;0.0;0.0;0.0;0.0;0.0;0.0;0.0;0.0;0.0;0.0;0.0;0.0;0.0;0.0;0.0;0.0;0.0;0.0;8.0;31.0;6.0;1.0;1.0;1.0;0.0;5.0;0.0;1.0
TABOAO DA SERRA;1.0;2.0;0.0;1.0;4.0;2.0;3.0;14.0;6.0;4.0;8.0;82.0;8.0;1.0;3.0;0.0;0.0;0.0;0.0;0.0;46.0;0.0;0.0;1.0;0.0;0.0;0.0;0.0;0.0;0.0;0.0;0.0;0.0;0.0;0.0;0.0;0.0;0.0;0.0;0.0;55.0;84.0;8.0;3.0;7.0;2.0;3.0;14.0;6.0;4.0
TACIBA;1.0;0.0;0.0;0.0;1.0;0.0;0.0;4.0;0.0;0.0;0.0;0.0;0.0;0.0;0.0;0.0;0.0;0.0;0.0;0.0;0.0;0.0;0.0;0.0;0.0;0.0;0.0;0.0;0.0;0.0;0.0;0.0;0.0;0.0;0.0;0.0;0.0;0.0;0.0;0.0;1.0;0.0;0.0;0.0;1.0;0.0;0.0;4.0;0.0;0.0
TAGUAI;0.0;0.0;0.0;0.0;1.0;0.0;0.0;5.0;1.0;0.0;0.0;6.0;4.0;1.0;1.0;0.0;0.0;0.0;0.0;0.0;0.0;0.0;0.0;0.0;0.0;0.0;0.0;0.0;0.0;0.0;0.0;0.0;0.0;0.0;0.0;0.0;0.0;0.0;0.0;0.0;0.0;6.0;4.0;1.0;2.0;0.0;0.0;5.0;1.0;0.0
TAIACU;1.0;0.0;0.0;0.0;2.0;0.0;0.0;3.0;0.0;0.0;1.0;4.0;1.0;0.0;0.0;0.0;0.0;0.0;0.0;0.0;0.0;0.0;0.0;0.0;0.0;0.0;0.0;0.0;0.0;0.0;0.0;0.0;0.0;0.0;0.0;0.0;0.0;0.0;0.0;0.0;2.0;4.0;1.0;0.0;2.0;0.0;0.0;3.0;0.0;0.0
TAIUVA;0.0;0.0;0.0;0.0;1.0;0.0;0.0;1.0;0.0;0.0;0.0;10.0;4.0;0.0;0.0;0.0;0.0;2.0;0.0;0.0;0.0;0.0;0.0;0.0;0.0;0.0;0.0;0.0;0.0;0.0;0.0;0.0;0.0;0.0;0.0;0.0;0.0;0.0;0.0;0.0;0.0;10.0;4.0;0.0;1.0;0.0;0.0;3.0;0.0;0.0
TAMBAU;2.0;0.0;0.0;0.0;3.0;1.0;0.0;9.0;1.0;0.0;1.0;41.0;12.0;1.0;2.0;0.0;0.0;0.0;0.0;0.0;0.0;0.0;0.0;0.0;0.0;0.0;0.0;0.0;0.0;0.0;0.0;0.0;0.0;0.0;0.0;0.0;0.0;0.0;0.0;0.0;3.0;41.0;12.0;1.0;5.0;1.0;0.0;9.0;1.0;0.0
TANABI;1.0;1.0;0.0;0.0;2.0;0.0;1.0;11.0;1.0;0.0;14.0;22.0;4.0;1.0;0.0;0.0;0.0;0.0;0.0;0.0;0.0;0.0;0.0;0.0;0.0;0.0;0.0;0.0;0.0;0.0;0.0;0.0;0.0;0.0;0.0;0.0;0.0;0.0;0.0;0.0;15.0;23.0;4.0;1.0;2.0;0.0;1.0;11.0;1.0;0.0
TAPIRAI;0.0;0.0;0.0;0.0;0.0;0.0;0.0;0.0;0.0;0.0;0.0;0.0;0.0;0.0;0.0;0.0;0.0;0.0;0.0;0.0;0.0;0.0;0.0;0.0;0.0;0.0;0.0;0.0;0.0;0.0;0.0;2.0;0.0;0.0;3.0;1.0;0.0;3.0;0.0;0.0;0.0;2.0;0.0;0.0;3.0;1.0;0.0;3.0;0.0;0.0
TAPIRATIBA;0.0;0.0;0.0;0.0;0.0;0.0;0.0;0.0;0.0;0.0;0.0;0.0;0.0;0.0;0.0;0.0;0.0;0.0;0.0;0.0;0.0;0.0;1.0;0.0;2.0;0.0;1.0;0.0;0.0;0.0;1.0;6.0;1.0;1.0;1.0;0.0;0.0;5.0;0.0;0.0;1.0;6.0;2.0;1.0;3.0;0.0;1.0;5.0;0.0;0.0
TAQUARAL;0.0;0.0;0.0;0.0;0.0;0.0;0.0;0.0;0.0;0.0;0.0;0.0;0.0;0.0;0.0;0.0;0.0;0.0;0.0;0.0;0.0;0.0;0.0;0.0;0.0;0.0;0.0;0.0;0.0;0.0;0.0;0.0;0.0;0.0;2.0;1.0;0.0;1.0;0.0;0.0;0.0;0.0;0.0;0.0;2.0;1.0;0.0;1.0;0.0;0.0
TAQUARITINGA;1.0;1.0;0.0;0.0;0.0;0.0;0.0;0.0;0.0;0.0;0.0;0.0;0.0;0.0;0.0;0.0;0.0;0.0;0.0;0.0;0.0;0.0;0.0;0.0;2.0;0.0;0.0;0.0;1.0;0.0;8.0;146.0;9.0;2.0;5.0;1.0;2.0;10.0;2.0;1.0;11.0;147.0;9.0;2.0;7.0;1.0;2.0;10.0;3.0;1.0
TAQUARITUBA;0.0;0.0;0.0;0.0;0.0;0.0;0.0;0.0;0.0;0.0;0.0;0.0;0.0;0.0;0.0;0.0;0.0;0.0;0.0;0.0;0.0;0.0;0.0;0.0;1.0;0.0;0.0;1.0;0.0;0.0;1.0;11.0;5.0;1.0;0.0;0.0;1.0;6.0;1.0;0.0;1.0;11.0;5.0;1.0;1.0;0.0;1.0;7.0;1.0;0.0
TAQUARIVAI;0.0;0.0;0.0;0.0;0.0;0.0;0.0;0.0;0.0;0.0;0.0;0.0;0.0;0.0;0.0;0.0;0.0;0.0;0.0;0.0;0.0;0.0;0.0;0.0;0.0;0.0;0.0;0.0;0.0;0.0;0.0;0.0;0.0;0.0;3.0;1.0;0.0;3.0;0.0;0.0;0.0;0.0;0.0;0.0;3.0;1.0;0.0;3.0;0.0;0.0
TARABAI;0.0;0.0;0.0;0.0;0.0;0.0;0.0;0.0;0.0;0.0;0.0;0.0;0.0;0.0;0.0;0.0;0.0;0.0;0.0;0.0;0.0;0.0;0.0;0.0;0.0;0.0;0.0;0.0;0.0;0.0;1.0;1.0;0.0;0.0;1.0;0.0;0.0;4.0;0.0;0.0;1.0;1.0;0.0;0.0;1.0;0.0;0.0;4.0;0.0;0.0
TARUMA;0.0;0.0;0.0;0.0;0.0;0.0;0.0;0.0;0.0;0.0;0.0;0.0;0.0;0.0;0.0;0.0;0.0;0.0;0.0;0.0;0.0;0.0;0.0;0.0;0.0;0.0;0.0;0.0;0.0;0.0;1.0;7.0;3.0;0.0;5.0;1.0;1.0;4.0;1.0;0.0;1.0;7.0;3.0;0.0;5.0;1.0;1.0;4.0;1.0;0.0
TATUI;0.0;0.0;0.0;0.0;0.0;0.0;0.0;0.0;0.0;0.0;0.0;1.0;0.0;0.0;0.0;0.0;0.0;0.0;0.0;0.0;9.0;0.0;0.0;0.0;4.0;0.0;0.0;0.0;6.0;0.0;28.0;359.0;22.0;2.0;6.0;1.0;3.0;20.0;2.0;1.0;37.0;360.0;22.0;2.0;10.0;1.0;3.0;20.0;8.0;1.0
TAUBATE;2.0;0.0;1.0;1.0;3.0;0.0;0.0;0.0;0.0;0.0;0.0;0.0;0.0;0.0;0.0;0.0;0.0;3.0;0.0;0.0;11.0;0.0;0.0;1.0;6.0;0.0;0.0;46.0;8.0;0.0;260.0;598.0;43.0;9.0;39.0;4.0;3.0;0.0;2.0;1.0;273.0;598.0;44.0;11.0;48.0;4.0;3.0;49.0;10.0;1.0
TEJUPA;0.0;0.0;0.0;0.0;0.0;0.0;0.0;0.0;0.0;0.0;0.0;0.0;0.0;0.0;0.0;0.0;0.0;0.0;0.0;0.0;0.0;0.0;0.0;0.0;0.0;0.0;0.0;0.0;0.0;0.0;0.0;0.0;0.0;0.0;1.0;0.0;0.0;3.0;0.0;0.0;0.0;0.0;0.0;0.0;1.0;0.0;0.0;3.0;0.0;0.0
TEODORO SAMPAIO;0.0;0.0;0.0;0.0;0.0;0.0;0.0;0.0;0.0;0.0;0.0;0.0;0.0;0.0;0.0;0.0;0.0;1.0;0.0;0.0;0.0;0.0;2.0;0.0;2.0;0.0;1.0;11.0;0.0;1.0;4.0;28.0;1.0;1.0;0.0;0.0;0.0;1.0;0.0;0.0;4.0;28.0;3.0;1.0;2.0;0.0;1.0;12.0;0.0;1.0
TERRA ROXA;0.0;0.0;0.0;0.0;0.0;0.0;0.0;0.0;0.0;0.0;0.0;0.0;0.0;0.0;0.0;0.0;0.0;0.0;0.0;0.0;1.0;0.0;1.0;0.0;2.0;1.0;0.0;5.0;0.0;0.0;0.0;6.0;0.0;1.0;0.0;0.0;0.0;0.0;0.0;0.0;1.0;6.0;1.0;1.0;2.0;1.0;0.0;5.0;0.0;0.0
TIETE;0.0;0.0;0.0;0.0;0.0;0.0;0.0;0.0;0.0;0.0;0.0;0.0;0.0;0.0;0.0;0.0;0.0;0.0;0.0;0.0;3.0;0.0;1.0;0.0;5.0;0.0;1.0;7.0;0.0;0.0;13.0;119.0;18.0;1.0;4.0;0.0;0.0;0.0;0.0;0.0;16.0;119.0;19.0;1.0;9.0;0.0;1.0;7.0;0.0;0.0
TIMBURI;0.0;0.0;0.0;0.0;0.0;0.0;0.0;0.0;0.0;0.0;0.0;0.0;0.0;0.0;1.0;0.0;0.0;0.0;0.0;0.0;0.0;0.0;0.0;0.0;1.0;0.0;0.0;1.0;1.0;0.0;0.0;0.0;0.0;0.0;0.0;0.0;0.0;0.0;0.0;0.0;0.0;0.0;0.0;0.0;2.0;0.0;0.0;1.0;1.0;0.0
TORRE DE PEDRA;0.0;0.0;0.0;0.0;0.0;0.0;0.0;0.0;0.0;0.0;0.0;0.0;0.0;0.0;1.0;0.0;0.0;0.0;0.0;0.0;0.0;0.0;0.0;0.0;1.0;0.0;0.0;1.0;0.0;0.0;0.0;0.0;0.0;0.0;0.0;0.0;0.0;0.0;0.0;0.0;0.0;0.0;0.0;0.0;3.0;0.0;0.0;1.0;0.0;0.0
TORRINHA;0.0;0.0;0.0;0.0;0.0;0.0;0.0;0.0;0.0;0.0;0.0;0.0;0.0;0.0;0.0;0.0;0.0;0.0;0.0;0.0;0.0;0.0;0.0;0.0;2.0;0.0;0.0;2.0;0.0;1.0;0.0;2.0;1.0;1.0;0.0;0.0;0.0;0.0;0.0;0.0;0.0;2.0;1.0;1.0;2.0;0.0;0.0;2.0;0.0;1.0
TRABIJU;0.0;0.0;0.0;0.0;0.0;0.0;0.0;0.0;0.0;0.0;0.0;0.0;0.0;0.0;0.0;0.0;0.0;0.0;0.0;0.0;0.0;0.0;0.0;0.0;0.0;0.0;0.0;0.0;0.0;0.0;0.0;0.0;0.0;0.0;1.0;0.0;0.0;1.0;0.0;0.0;0.0;0.0;0.0;0.0;1.0;0.0;0.0;1.0;0.0;0.0
TREMEMBE;0.0;0.0;0.0;0.0;0.0;0.0;0.0;0.0;0.0;0.0;1.0;0.0;0.0;0.0;0.0;0.0;0.0;0.0;0.0;0.0;12.0;0.0;1.0;0.0;3.0;1.0;0.0;5.0;1.0;2.0;0.0;10.0;1.0;1.0;1.0;0.0;0.0;0.0;0.0;0.0;13.0;10.0;2.0;1.0;4.0;1.0;0.0;5.0;1.0;2.0
TRES FRONTEIRAS;0.0;0.0;0.0;0.0;0.0;0.0;0.0;0.0;0.0;0.0;0.0;0.0;0.0;0.0;0.0;0.0;0.0;0.0;0.0;0.0;1.0;0.0;0.0;0.0;2.0;0.0;0.0;2.0;0.0;0.0;0.0;0.0;1.0;0.0;0.0;0.0;0.0;0.0;0.0;0.0;1.0;0.0;1.0;0.0;2.0;0.0;0.0;2.0;0.0;0.0
TUIUTI;0.0;0.0;0.0;0.0;0.0;0.0;0.0;0.0;0.0;0.0;0.0;0.0;0.0;0.0;0.0;0.0;0.0;0.0;0.0;0.0;1.0;0.0;0.0;0.0;2.0;0.0;0.0;1.0;1.0;0.0;0.0;1.0;1.0;0.0;0.0;0.0;0.0;0.0;0.0;0.0;1.0;1.0;1.0;0.0;2.0;0.0;0.0;1.0;1.0;0.0
TUPA;0.0;0.0;0.0;1.0;1.0;0.0;0.0;0.0;0.0;0.0;0.0;0.0;0.0;0.0;0.0;0.0;0.0;0.0;0.0;0.0;4.0;0.0;1.0;0.0;7.0;1.0;1.0;15.0;0.0;1.0;24.0;217.0;11.0;2.0;5.0;0.0;0.0;0.0;0.0;0.0;28.0;217.0;12.0;3.0;13.0;1.0;1.0;15.0;0.0;1.0
TUPI PAULISTA;0.0;0.0;0.0;0.0;0.0;0.0;0.0;2.0;0.0;0.0;0.0;0.0;0.0;0.0;0.0;0.0;0.0;0.0;0.0;0.0;1.0;0.0;0.0;0.0;2.0;1.0;0.0;5.0;0.0;2.0;1.0;40.0;3.0;1.0;0.0;0.0;0.0;0.0;0.0;0.0;2.0;40.0;3.0;1.0;2.0;1.0;0.0;7.0;0.0;2.0
TURIUBA;0.0;0.0;0.0;0.0;0.0;0.0;0.0;0.0;0.0;0.0;0.0;0.0;0.0;0.0;0.0;0.0;0.0;0.0;0.0;0.0;0.0;0.0;0.0;0.0;1.0;0.0;0.0;1.0;0.0;0.0;0.0;0.0;0.0;0.0;0.0;0.0;0.0;0.0;0.0;0.0;0.0;0.0;0.0;0.0;1.0;0.0;0.0;1.0;0.0;0.0
TURMALINA;0.0;0.0;0.0;0.0;0.0;0.0;0.0;0.0;0.0;0.0;0.0;0.0;0.0;0.0;0.0;0.0;0.0;0.0;0.0;0.0;1.0;0.0;0.0;0.0;1.0;0.0;0.0;2.0;0.0;0.0;0.0;0.0;0.0;0.0;0.0;0.0;0.0;0.0;0.0;0.0;1.0;0.0;0.0;0.0;1.0;0.0;0.0;2.0;0.0;0.0
UBARANA;0.0;0.0;0.0;0.0;0.0;0.0;0.0;0.0;0.0;0.0;0.0;0.0;0.0;0.0;0.0;0.0;0.0;0.0;0.0;0.0;0.0;0.0;0.0;0.0;1.0;0.0;0.0;1.0;0.0;0.0;0.0;0.0;1.0;0.0;0.0;0.0;0.0;0.0;0.0;0.0;0.0;0.0;1.0;0.0;1.0;0.0;0.0;1.0;0.0;0.0
UBATUBA;0.0;0.0;0.0;0.0;0.0;0.0;0.0;0.0;0.0;0.0;0.0;0.0;0.0;0.0;1.0;0.0;0.0;0.0;0.0;0.0;3.0;0.0;0.0;0.0;3.0;0.0;1.0;21.0;5.0;0.0;9.0;36.0;7.0;2.0;8.0;0.0;0.0;0.0;0.0;0.0;12.0;36.0;7.0;2.0;12.0;0.0;1.0;21.0;5.0;0.0
UBIRAJARA;0.0;0.0;0.0;0.0;0.0;0.0;0.0;0.0;0.0;0.0;0.0;0.0;0.0;0.0;0.0;0.0;0.0;0.0;0.0;0.0;0.0;0.0;0.0;0.0;2.0;0.0;0.0;3.0;0.0;0.0;0.0;0.0;0.0;0.0;0.0;0.0;0.0;0.0;0.0;0.0;0.0;0.0;0.0;0.0;2.0;0.0;0.0;3.0;0.0;0.0
UCHOA;0.0;0.0;0.0;0.0;0.0;0.0;0.0;0.0;0.0;0.0;0.0;0.0;0.0;0.0;0.0;0.0;0.0;0.0;0.0;0.0;0.0;0.0;0.0;0.0;3.0;0.0;1.0;3.0;0.0;0.0;2.0;19.0;2.0;0.0;0.0;0.0;0.0;0.0;0.0;0.0;2.0;19.0;2.0;0.0;3.0;0.0;1.0;3.0;0.0;0.0
UNIAO PAULISTA;0.0;0.0;0.0;0.0;0.0;0.0;0.0;0.0;0.0;0.0;0.0;0.0;0.0;0.0;0.0;0.0;0.0;0.0;0.0;0.0;0.0;0.0;0.0;0.0;2.0;0.0;0.0;1.0;0.0;0.0;0.0;0.0;0.0;0.0;0.0;0.0;0.0;0.0;0.0;0.0;0.0;0.0;0.0;0.0;2.0;0.0;0.0;1.0;0.0;0.0
URANIA;0.0;0.0;0.0;0.0;0.0;0.0;0.0;0.0;0.0;0.0;0.0;0.0;0.0;0.0;0.0;0.0;0.0;0.0;0.0;0.0;1.0;0.0;0.0;0.0;1.0;0.0;0.0;3.0;1.0;0.0;0.0;2.0;2.0;1.0;0.0;0.0;0.0;0.0;0.0;0.0;1.0;2.0;2.0;1.0;1.0;0.0;0.0;3.0;1.0;0.0
URU;0.0;0.0;0.0;0.0;0.0;0.0;0.0;0.0;0.0;0.0;0.0;0.0;0.0;0.0;0.0;0.0;0.0;0.0;0.0;0.0;0.0;0.0;0.0;0.0;2.0;0.0;0.0;1.0;0.0;0.0;0.0;0.0;0.0;0.0;0.0;0.0;0.0;0.0;0.0;0.0;0.0;0.0;0.0;0.0;2.0;0.0;0.0;1.0;0.0;0.0
URUPES;0.0;0.0;0.0;0.0;0.0;0.0;0.0;0.0;0.0;0.0;0.0;0.0;0.0;0.0;0.0;0.0;0.0;0.0;0.0;0.0;1.0;1.0;0.0;0.0;2.0;1.0;0.0;6.0;1.0;0.0;4.0;14.0;1.0;1.0;1.0;0.0;0.0;0.0;0.0;0.0;5.0;15.0;1.0;1.0;3.0;1.0;0.0;6.0;1.0;0.0
VALENTIM GENTIL;0.0;0.0;0.0;0.0;0.0;0.0;0.0;0.0;0.0;0.0;0.0;0.0;0.0;0.0;0.0;0.0;0.0;0.0;0.0;0.0;0.0;0.0;0.0;0.0;3.0;0.0;0.0;6.0;0.0;0.0;0.0;18.0;1.0;0.0;0.0;0.0;0.0;0.0;0.0;0.0;0.0;18.0;1.0;0.0;3.0;0.0;0.0;6.0;0.0;0.0
VALINHOS;0.0;0.0;0.0;0.0;0.0;0.0;0.0;0.0;0.0;0.0;0.0;0.0;0.0;0.0;0.0;0.0;0.0;0.0;0.0;0.0;12.0;0.0;1.0;0.0;6.0;2.0;3.0;15.0;1.0;2.0;63.0;408.0;21.0;2.0;10.0;0.0;0.0;0.0;0.0;0.0;75.0;408.0;22.0;2.0;16.0;2.0;3.0;15.0;1.0;2.0
VALPARAISO;0.0;0.0;0.0;0.0;0.0;0.0;0.0;2.0;0.0;0.0;0.0;0.0;0.0;0.0;0.0;0.0;0.0;0.0;0.0;0.0;2.0;0.0;0.0;0.0;3.0;0.0;1.0;5.0;0.0;0.0;4.0;31.0;2.0;1.0;0.0;0.0;0.0;0.0;0.0;0.0;6.0;31.0;2.0;1.0;3.0;0.0;1.0;7.0;0.0;0.0
VARGEM;0.0;0.0;0.0;0.0;0.0;0.0;0.0;0.0;0.0;0.0;0.0;0.0;0.0;0.0;0.0;0.0;0.0;0.0;0.0;0.0;0.0;0.0;0.0;0.0;1.0;0.0;0.0;3.0;1.0;0.0;0.0;0.0;1.0;0.0;0.0;0.0;0.0;0.0;0.0;0.0;0.0;0.0;1.0;0.0;1.0;0.0;0.0;3.0;1.0;0.0
VARGEM GRANDE DO SUL;0.0;0.0;0.0;0.0;0.0;0.0;0.0;0.0;0.0;0.0;0.0;0.0;0.0;0.0;0.0;0.0;0.0;0.0;0.0;0.0;3.0;0.0;0.0;0.0;2.0;1.0;1.0;10.0;1.0;0.0;14.0;99.0;6.0;1.0;2.0;0.0;0.0;0.0;0.0;0.0;17.0;99.0;6.0;1.0;4.0;1.0;1.0;10.0;1.0;0.0
VARGEM GRANDE PAULISTA;0.0;0.0;0.0;0.0;0.0;0.0;0.0;0.0;0.0;0.0;0.0;0.0;0.0;0.0;0.0;0.0;0.0;0.0;0.0;0.0;4.0;0.0;0.0;0.0;2.0;1.0;1.0;8.0;1.0;3.0;23.0;13.0;1.0;1.0;4.0;0.0;0.0;0.0;1.0;0.0;27.0;13.0;1.0;1.0;6.0;1.0;1.0;8.0;2.0;3.0
VARZEA PAULISTA;0.0;0.0;0.0;1.0;0.0;0.0;0.0;0.0;0.0;0.0;0.0;0.0;0.0;0.0;0.0;0.0;0.0;0.0;0.0;0.0;3.0;0.0;0.0;0.0;3.0;1.0;2.0;13.0;1.0;1.0;14.0;13.0;7.0;0.0;1.0;0.0;0.0;0.0;0.0;0.0;17.0;13.0;7.0;1.0;4.0;1.0;2.0;13.0;1.0;1.0
VERA CRUZ;0.0;0.0;0.0;0.0;0.0;0.0;0.0;0.0;0.0;0.0;0.0;0.0;0.0;0.0;0.0;0.0;0.0;0.0;0.0;0.0;0.0;1.0;0.0;0.0;1.0;1.0;0.0;3.0;0.0;0.0;4.0;9.0;0.0;0.0;0.0;0.0;0.0;0.0;0.0;0.0;4.0;10.0;0.0;0.0;1.0;1.0;0.0;3.0;0.0;0.0
VINHEDO;0.0;0.0;0.0;0.0;0.0;0.0;0.0;0.0;0.0;0.0;0.0;0.0;0.0;0.0;0.0;0.0;0.0;0.0;0.0;0.0;5.0;1.0;0.0;0.0;3.0;2.0;2.0;8.0;0.0;1.0;41.0;302.0;21.0;1.0;6.0;0.0;0.0;0.0;0.0;0.0;46.0;303.0;21.0;1.0;9.0;2.0;2.0;8.0;0.0;1.0
VIRADOURO;0.0;0.0;0.0;0.0;0.0;0.0;0.0;0.0;0.0;0.0;0.0;0.0;0.0;0.0;0.0;0.0;0.0;0.0;0.0;0.0;4.0;0.0;0.0;0.0;5.0;1.0;0.0;5.0;0.0;0.0;2.0;23.0;4.0;1.0;4.0;0.0;0.0;0.0;0.0;0.0;6.0;23.0;4.0;1.0;9.0;1.0;0.0;5.0;0.0;0.0
VISTA ALEGRE DO ALTO;0.0;0.0;0.0;0.0;0.0;0.0;0.0;0.0;0.0;0.0;0.0;0.0;0.0;0.0;0.0;0.0;0.0;0.0;0.0;0.0;1.0;0.0;0.0;0.0;1.0;0.0;0.0;2.0;0.0;1.0;0.0;5.0;1.0;0.0;0.0;0.0;0.0;0.0;0.0;0.0;1.0;5.0;1.0;0.0;1.0;0.0;0.0;2.0;0.0;1.0
VITORIA BRASIL;0.0;0.0;0.0;0.0;0.0;0.0;0.0;0.0;0.0;0.0;0.0;0.0;0.0;0.0;0.0;0.0;0.0;0.0;0.0;0.0;1.0;0.0;0.0;0.0;1.0;0.0;0.0;1.0;0.0;0.0;0.0;0.0;0.0;0.0;0.0;0.0;0.0;0.0;0.0;0.0;1.0;0.0;0.0;0.0;1.0;0.0;0.0;1.0;0.0;0.0
VOTORANTIM;0.0;0.0;0.0;1.0;0.0;0.0;0.0;1.0;0.0;0.0;0.0;0.0;0.0;0.0;0.0;0.0;0.0;0.0;0.0;0.0;3.0;0.0;0.0;1.0;5.0;2.0;3.0;17.0;2.0;1.0;15.0;76.0;20.0;0.0;2.0;0.0;0.0;0.0;3.0;0.0;18.0;76.0;20.0;2.0;7.0;2.0;3.0;18.0;5.0;1.0
VOTUPORANGA;1.0;0.0;0.0;0.0;1.0;0.0;0.0;0.0;0.0;0.0;0.0;0.0;0.0;0.0;0.0;0.0;0.0;0.0;0.0;0.0;6.0;0.0;2.0;0.0;8.0;2.0;3.0;14.0;5.0;1.0;56.0;409.0;28.0;2.0;11.0;0.0;0.0;0.0;1.0;0.0;63.0;409.0;30.0;2.0;20.0;2.0;3.0;14.0;6.0;1.0
ZACARIAS;0.0;0.0;0.0;0.0;0.0;0.0;0.0;0.0;0.0;0.0;0.0;0.0;0.0;0.0;0.0;0.0;0.0;0.0;0.0;0.0;0.0;0.0;0.0;0.0;2.0;0.0;0.0;1.0;0.0;0.0;0.0;0.0;0.0;0.0;0.0;0.0;0.0;0.0;0.0;0.0;0.0;0.0;0.0;0.0;2.0;0.0;0.0;1.0;0.0;0.0
