instituicao;municipio;uf;populacao;coluna;conta;identificador da conta;receita_anual
Prefeitura Municipal de Bento de Abreu - SP;BENTO DE ABREU;SP;3028;Receitas Brutas Realizadas;TOTAL DAS RECEITAS (III) = (I + II);siconfi-cor_TotalReceitas;36204909.29
Prefeitura Municipal de Quatï¿½ - SP;QUATA;SP;14309;Receitas Brutas Realizadas;TOTAL DAS RECEITAS (III) = (I + II);siconfi-cor_TotalReceitas;99514074.37
Prefeitura Municipal de Saltinho - SP;SALTINHO;SP;8498;Receitas Brutas Realizadas;TOTAL DAS RECEITAS (III) = (I + II);siconfi-cor_TotalReceitas;53997548.55
Prefeitura Municipal de Vista Alegre do Alto - SP;VISTA ALEGRE DO ALTO;SP;9163;Receitas Brutas Realizadas;TOTAL DAS RECEITAS (III) = (I + II);siconfi-cor_TotalReceitas;60038985.2
Prefeitura Municipal de Santa Mercedes - SP;SANTA MERCEDES;SP;2947;Receitas Brutas Realizadas;TOTAL DAS RECEITAS (III) = (I + II);siconfi-cor_TotalReceitas;28230399.55
Prefeitura Municipal de Gaviï¿½o Peixoto - SP;GAVIAO PEIXOTO;SP;4841;Receitas Brutas Realizadas;TOTAL DAS RECEITAS (III) = (I + II);siconfi-cor_TotalReceitas;92188654.58
Prefeitura Municipal de Santa Fï¿½ do Sul - SP;SANTA FE DO SUL;SP;32796;Receitas Brutas Realizadas;TOTAL DAS RECEITAS (III) = (I + II);siconfi-cor_TotalReceitas;294887269.31
Prefeitura Municipal de Ibitinga - SP;IBITINGA;SP;61150;Receitas Brutas Realizadas;TOTAL DAS RECEITAS (III) = (I + II);siconfi-cor_TotalReceitas;271812624.47
Prefeitura Municipal de Balbinos - SP;BALBINOS;SP;6127;Receitas Brutas Realizadas;TOTAL DAS RECEITAS (III) = (I + II);siconfi-cor_TotalReceitas;25763162.54
Prefeitura Municipal de Ribeirï¿½o Corrente - SP;RIBEIRAO CORRENTE;SP;4786;Receitas Brutas Realizadas;TOTAL DAS RECEITAS (III) = (I + II);siconfi-cor_TotalReceitas;44828948.12
Prefeitura Municipal de Holambra - SP;HOLAMBRA;SP;15605;Receitas Brutas Realizadas;TOTAL DAS RECEITAS (III) = (I + II);siconfi-cor_TotalReceitas;141468595.12
Prefeitura Municipal de Rifaina - SP;RIFAINA;SP;3651;Receitas Brutas Realizadas;TOTAL DAS RECEITAS (III) = (I + II);siconfi-cor_TotalReceitas;52416217.35
Prefeitura Municipal de Marinï¿½polis - SP;MARINOPOLIS;SP;2101;Receitas Brutas Realizadas;TOTAL DAS RECEITAS (III) = (I + II);siconfi-cor_TotalReceitas;27558777.02
Prefeitura Municipal de Tupï¿½ - SP;TUPA;SP;65615;Receitas Brutas Realizadas;TOTAL DAS RECEITAS (III) = (I + II);siconfi-cor_TotalReceitas;284961127.09
Prefeitura Municipal de Cï¿½ssia dos Coqueiros - SP;CASSIA DOS COQUEIROS;SP;2488;Receitas Brutas Realizadas;TOTAL DAS RECEITAS (III) = (I + II);siconfi-cor_TotalReceitas;31262251.57
Prefeitura Municipal de Barra do Chapï¿½u - SP;BARRA DO CHAPEU;SP;5794;Receitas Brutas Realizadas;TOTAL DAS RECEITAS (III) = (I + II);siconfi-cor_TotalReceitas;40993678.54
Prefeitura Municipal de Laranjal Paulista - SP;LARANJAL PAULISTA;SP;29047;Receitas Brutas Realizadas;TOTAL DAS RECEITAS (III) = (I + II);siconfi-cor_TotalReceitas;161122522.89
Prefeitura Municipal de Inï¿½bia Paulista - SP;INUBIA PAULISTA;SP;4045;Receitas Brutas Realizadas;TOTAL DAS RECEITAS (III) = (I + II);siconfi-cor_TotalReceitas;28897317.36
Prefeitura Municipal de Santa Ernestina - SP;SANTA ERNESTINA;SP;5577;Receitas Brutas Realizadas;TOTAL DAS RECEITAS (III) = (I + II);siconfi-cor_TotalReceitas;33952558.97
Prefeitura Municipal de Borï¿½ - SP;BORA;SP;839;Receitas Brutas Realizadas;TOTAL DAS RECEITAS (III) = (I + II);siconfi-cor_TotalReceitas;22960849.95
Prefeitura Municipal de Teodoro Sampaio - SP;TEODORO SAMPAIO;SP;23395;Receitas Brutas Realizadas;TOTAL DAS RECEITAS (III) = (I + II);siconfi-cor_TotalReceitas;124451758.9
Prefeitura Municipal de Sandovalina - SP;SANDOVALINA;SP;4405;Receitas Brutas Realizadas;TOTAL DAS RECEITAS (III) = (I + II);siconfi-cor_TotalReceitas;58706557.54
Prefeitura Municipal de Anhumas - SP;ANHUMAS;SP;4172;Receitas Brutas Realizadas;TOTAL DAS RECEITAS (III) = (I + II);siconfi-cor_TotalReceitas;37103371.19
Prefeitura Municipal de Guareï¿½ - SP;GUAREI;SP;19244;Receitas Brutas Realizadas;TOTAL DAS RECEITAS (III) = (I + II);siconfi-cor_TotalReceitas;80368851.94
Prefeitura Municipal de Tanabi - SP;TANABI;SP;26231;Receitas Brutas Realizadas;TOTAL DAS RECEITAS (III) = (I + II);siconfi-cor_TotalReceitas;133324643.88
Prefeitura Municipal de Palmital - SP;PALMITAL;SP;22322;Receitas Brutas Realizadas;TOTAL DAS RECEITAS (III) = (I + II);siconfi-cor_TotalReceitas;139338443.27
Prefeitura Municipal de Promissï¿½o - SP;PROMISSAO;SP;41211;Receitas Brutas Realizadas;TOTAL DAS RECEITAS (III) = (I + II);siconfi-cor_TotalReceitas;184266104.79
Prefeitura Municipal de ï¿½guas de Lindï¿½ia - SP;AGUAS DE LINDOIA;SP;18908;Receitas Brutas Realizadas;TOTAL DAS RECEITAS (III) = (I + II);siconfi-cor_TotalReceitas;132786516.59
Prefeitura Municipal de Itaju - SP;ITAJU;SP;3937;Receitas Brutas Realizadas;TOTAL DAS RECEITAS (III) = (I + II);siconfi-cor_TotalReceitas;35780706.34
Prefeitura Municipal de Itapirapuï¿½ Paulista - SP;ITAPIRAPUA PAULISTA;SP;4294;Receitas Brutas Realizadas;TOTAL DAS RECEITAS (III) = (I + II);siconfi-cor_TotalReceitas;34848198.39
Prefeitura Municipal de Iracemï¿½polis - SP;IRACEMAPOLIS;SP;24982;Receitas Brutas Realizadas;TOTAL DAS RECEITAS (III) = (I + II);siconfi-cor_TotalReceitas;141433360.31
Prefeitura Municipal de ï¿½guas de Santa Bï¿½rbara - SP;AGUAS DE SANTA BARBARA;SP;6142;Receitas Brutas Realizadas;TOTAL DAS RECEITAS (III) = (I + II);siconfi-cor_TotalReceitas;58294833.6
Prefeitura Municipal de Pederneiras - SP;PEDERNEIRAS;SP;47523;Receitas Brutas Realizadas;TOTAL DAS RECEITAS (III) = (I + II);siconfi-cor_TotalReceitas;246392985.42
Prefeitura Municipal de Santa Clara d'Oeste - SP;SANTA CLARA D'OESTE;SP;2111;Receitas Brutas Realizadas;TOTAL DAS RECEITAS (III) = (I + II);siconfi-cor_TotalReceitas;37252806.32
Prefeitura Municipal de Lutï¿½cia - SP;LUTECIA;SP;2623;Receitas Brutas Realizadas;TOTAL DAS RECEITAS (III) = (I + II);siconfi-cor_TotalReceitas;35011807.46
Prefeitura Municipal de Sï¿½o Joaquim da Barra - SP;SAO JOAQUIM DA BARRA;SP;52737;Receitas Brutas Realizadas;TOTAL DAS RECEITAS (III) = (I + II);siconfi-cor_TotalReceitas;254293043.96
Prefeitura Municipal de Vera Cruz - SP;VERA CRUZ;SP;10804;Receitas Brutas Realizadas;TOTAL DAS RECEITAS (III) = (I + II);siconfi-cor_TotalReceitas;54832430.89
Prefeitura Municipal de Ipaussu - SP;IPAUSSU;SP;15165;Receitas Brutas Realizadas;TOTAL DAS RECEITAS (III) = (I + II);siconfi-cor_TotalReceitas;95283179.1
Prefeitura Municipal de Jaci - SP;JACI;SP;7322;Receitas Brutas Realizadas;TOTAL DAS RECEITAS (III) = (I + II);siconfi-cor_TotalReceitas;51758652.37
Prefeitura Municipal de Ribeirï¿½o Preto - SP;RIBEIRAO PRETO;SP;720116;Receitas Brutas Realizadas;TOTAL DAS RECEITAS (III) = (I + II);siconfi-cor_TotalReceitas;4111828964.42
Prefeitura Municipal de Lavï¿½nia - SP;LAVINIA;SP;12581;Receitas Brutas Realizadas;TOTAL DAS RECEITAS (III) = (I + II);siconfi-cor_TotalReceitas;60322095.42
Prefeitura Municipal de Sï¿½o Francisco - SP;SAO FRANCISCO;SP;2813;Receitas Brutas Realizadas;TOTAL DAS RECEITAS (III) = (I + II);siconfi-cor_TotalReceitas;29219970.77
Prefeitura Municipal de Coronel Macedo - SP;CORONEL MACEDO;SP;4591;Receitas Brutas Realizadas;TOTAL DAS RECEITAS (III) = (I + II);siconfi-cor_TotalReceitas;44903792.73
Prefeitura Municipal de Bofete - SP;BOFETE;SP;12107;Receitas Brutas Realizadas;TOTAL DAS RECEITAS (III) = (I + II);siconfi-cor_TotalReceitas;71544204.06
Prefeitura Municipal de Espï¿½rito Santo do Turvo - SP;ESPIRITO SANTO DO TURVO;SP;4926;Receitas Brutas Realizadas;TOTAL DAS RECEITAS (III) = (I + II);siconfi-cor_TotalReceitas;37229170.69
Prefeitura Municipal de Rubinï¿½ia - SP;RUBINEIA;SP;3191;Receitas Brutas Realizadas;TOTAL DAS RECEITAS (III) = (I + II);siconfi-cor_TotalReceitas;45677551.16
Prefeitura Municipal de Santa Albertina - SP;SANTA ALBERTINA;SP;6036;Receitas Brutas Realizadas;TOTAL DAS RECEITAS (III) = (I + II);siconfi-cor_TotalReceitas;58879812.79
Prefeitura Municipal de Alto Alegre - SP;ALTO ALEGRE;SP;4078;Receitas Brutas Realizadas;TOTAL DAS RECEITAS (III) = (I + II);siconfi-cor_TotalReceitas;38234150.79
Prefeitura Municipal de Barra Bonita - SP;BARRA BONITA;SP;36125;Receitas Brutas Realizadas;TOTAL DAS RECEITAS (III) = (I + II);siconfi-cor_TotalReceitas;215774920.36
Prefeitura Municipal de Arandu - SP;ARANDU;SP;6373;Receitas Brutas Realizadas;TOTAL DAS RECEITAS (III) = (I + II);siconfi-cor_TotalReceitas;64342929.79
Prefeitura Municipal de Uchoa - SP;UCHOA;SP;10191;Receitas Brutas Realizadas;TOTAL DAS RECEITAS (III) = (I + II);siconfi-cor_TotalReceitas;69491436.4
Prefeitura Municipal de Piquerobi - SP;PIQUEROBI;SP;3706;Receitas Brutas Realizadas;TOTAL DAS RECEITAS (III) = (I + II);siconfi-cor_TotalReceitas;36575376.19
Prefeitura Municipal de Valentim Gentil - SP;VALENTIM GENTIL;SP;13732;Receitas Brutas Realizadas;TOTAL DAS RECEITAS (III) = (I + II);siconfi-cor_TotalReceitas;82125982.11
Prefeitura Municipal de Taboï¿½o da Serra - SP;TABOAO DA SERRA;SP;297528;Receitas Brutas Realizadas;TOTAL DAS RECEITAS (III) = (I + II);siconfi-cor_TotalReceitas;1170744322.54
Prefeitura Municipal de Iacri - SP;IACRI;SP;6269;Receitas Brutas Realizadas;TOTAL DAS RECEITAS (III) = (I + II);siconfi-cor_TotalReceitas;40986258.2
Prefeitura Municipal de Presidente Prudente - SP;PRESIDENTE PRUDENTE;SP;231953;Receitas Brutas Realizadas;TOTAL DAS RECEITAS (III) = (I + II);siconfi-cor_TotalReceitas;1065516919.35
Prefeitura Municipal de Itapeva - SP;ITAPEVA;SP;95241;Receitas Brutas Realizadas;TOTAL DAS RECEITAS (III) = (I + II);siconfi-cor_TotalReceitas;536284840.44
Prefeitura Municipal de Sagres - SP;SAGRES;SP;2427;Receitas Brutas Realizadas;TOTAL DAS RECEITAS (III) = (I + II);siconfi-cor_TotalReceitas;27073452.76
Prefeitura Municipal de Alfredo Marcondes - SP;ALFREDO MARCONDES;SP;4201;Receitas Brutas Realizadas;TOTAL DAS RECEITAS (III) = (I + II);siconfi-cor_TotalReceitas;34058191.48
Prefeitura Municipal de Viradouro - SP;VIRADOURO;SP;19133;Receitas Brutas Realizadas;TOTAL DAS RECEITAS (III) = (I + II);siconfi-cor_TotalReceitas;110360757.31
Prefeitura Municipal de Pompï¿½ia - SP;POMPEIA;SP;22326;Receitas Brutas Realizadas;TOTAL DAS RECEITAS (III) = (I + II);siconfi-cor_TotalReceitas;163176082.11
Prefeitura Municipal de Flï¿½rida Paulista - SP;FLORIDA PAULISTA;SP;14936;Receitas Brutas Realizadas;TOTAL DAS RECEITAS (III) = (I + II);siconfi-cor_TotalReceitas;61562231.85
Prefeitura Municipal de Poloni - SP;POLONI;SP;6166;Receitas Brutas Realizadas;TOTAL DAS RECEITAS (III) = (I + II);siconfi-cor_TotalReceitas;39333638.65
Prefeitura Municipal de Parapuï¿½ - SP;PARAPUA;SP;10934;Receitas Brutas Realizadas;TOTAL DAS RECEITAS (III) = (I + II);siconfi-cor_TotalReceitas;64131641.59
Prefeitura Municipal de Santï¿½polis do Aguapeï¿½ - SP;SANTOPOLIS DO AGUAPEI;SP;4856;Receitas Brutas Realizadas;TOTAL DAS RECEITAS (III) = (I + II);siconfi-cor_TotalReceitas;40427582.19
Prefeitura Municipal de Ourinhos - SP;OURINHOS;SP;115139;Receitas Brutas Realizadas;TOTAL DAS RECEITAS (III) = (I + II);siconfi-cor_TotalReceitas;675049538.4
Prefeitura Municipal de Dirce Reis - SP;DIRCE REIS;SP;1805;Receitas Brutas Realizadas;TOTAL DAS RECEITAS (III) = (I + II);siconfi-cor_TotalReceitas;28156638.48
Prefeitura Municipal de Bebedouro - SP;BEBEDOURO;SP;77612;Receitas Brutas Realizadas;TOTAL DAS RECEITAS (III) = (I + II);siconfi-cor_TotalReceitas;431640887.55
Prefeitura Municipal de Mariï¿½polis - SP;MARIAPOLIS;SP;4098;Receitas Brutas Realizadas;TOTAL DAS RECEITAS (III) = (I + II);siconfi-cor_TotalReceitas;28575337.48
Prefeitura Municipal de Praia Grande - SP;PRAIA GRANDE;SP;336454;Receitas Brutas Realizadas;TOTAL DAS RECEITAS (III) = (I + II);siconfi-cor_TotalReceitas;2315923274.89
Prefeitura Municipal de Floreal - SP;FLOREAL;SP;2884;Receitas Brutas Realizadas;TOTAL DAS RECEITAS (III) = (I + II);siconfi-cor_TotalReceitas;35229454.68
Prefeitura Municipal de Rinï¿½polis - SP;RINOPOLIS;SP;9940;Receitas Brutas Realizadas;TOTAL DAS RECEITAS (III) = (I + II);siconfi-cor_TotalReceitas;55748895.91
Prefeitura Municipal de Braï¿½na - SP;BRAUNA;SP;5795;Receitas Brutas Realizadas;TOTAL DAS RECEITAS (III) = (I + II);siconfi-cor_TotalReceitas;38226530.43
Prefeitura Municipal de ï¿½lvares Machado - SP;ALVARES MACHADO;SP;25078;Receitas Brutas Realizadas;TOTAL DAS RECEITAS (III) = (I + II);siconfi-cor_TotalReceitas;117339917.67
Prefeitura Municipal de Bernardino de Campos - SP;BERNARDINO DE CAMPOS;SP;11168;Receitas Brutas Realizadas;TOTAL DAS RECEITAS (III) = (I + II);siconfi-cor_TotalReceitas;67332336.41
Prefeitura Municipal de Itaquaquecetuba - SP;ITAQUAQUECETUBA;SP;379082;Receitas Brutas Realizadas;TOTAL DAS RECEITAS (III) = (I + II);siconfi-cor_TotalReceitas;1207081838.37
Prefeitura Municipal de Andradina - SP;ANDRADINA;SP;57245;Receitas Brutas Realizadas;TOTAL DAS RECEITAS (III) = (I + II);siconfi-cor_TotalReceitas;282771653.95
Prefeitura Municipal de Guaratinguetï¿½ - SP;GUARATINGUETA;SP;123192;Receitas Brutas Realizadas;TOTAL DAS RECEITAS (III) = (I + II);siconfi-cor_TotalReceitas;517877631.25
Prefeitura Municipal de Juquiï¿½ - SP;JUQUIA;SP;18627;Receitas Brutas Realizadas;TOTAL DAS RECEITAS (III) = (I + II);siconfi-cor_TotalReceitas;96305786.11
Prefeitura Municipal de Pitangueiras - SP;PITANGUEIRAS;SP;40430;Receitas Brutas Realizadas;TOTAL DAS RECEITAS (III) = (I + II);siconfi-cor_TotalReceitas;211419819.28
Prefeitura Municipal de Riolï¿½ndia - SP;RIOLANDIA;SP;12856;Receitas Brutas Realizadas;TOTAL DAS RECEITAS (III) = (I + II);siconfi-cor_TotalReceitas;74543699.92
Prefeitura Municipal de Barra do Turvo - SP;BARRA DO TURVO;SP;7606;Receitas Brutas Realizadas;TOTAL DAS RECEITAS (III) = (I + II);siconfi-cor_TotalReceitas;57293332.18
Prefeitura Municipal de Jundiaï¿½ - SP;JUNDIAI;SP;426935;Receitas Brutas Realizadas;TOTAL DAS RECEITAS (III) = (I + II);siconfi-cor_TotalReceitas;3664002453.68
Prefeitura Municipal de Igaratï¿½ - SP;IGARATA;SP;9631;Receitas Brutas Realizadas;TOTAL DAS RECEITAS (III) = (I + II);siconfi-cor_TotalReceitas;78608138.44
Prefeitura Municipal de Ribeirï¿½o do Sul - SP;RIBEIRAO DO SUL;SP;4537;Receitas Brutas Realizadas;TOTAL DAS RECEITAS (III) = (I + II);siconfi-cor_TotalReceitas;38763114.44
Prefeitura Municipal de Sales Oliveira - SP;SALES OLIVEIRA;SP;12103;Receitas Brutas Realizadas;TOTAL DAS RECEITAS (III) = (I + II);siconfi-cor_TotalReceitas;78220351.61
Prefeitura Municipal de Macedï¿½nia - SP;MACEDONIA;SP;3686;Receitas Brutas Realizadas;TOTAL DAS RECEITAS (III) = (I + II);siconfi-cor_TotalReceitas;35180699.04
Prefeitura Municipal de Sï¿½o Luï¿½s do Paraitinga - SP;SAO LUIZ DO PARAITINGA;SP;10693;Receitas Brutas Realizadas;TOTAL DAS RECEITAS (III) = (I + II);siconfi-cor_TotalReceitas;65140609.34
Prefeitura Municipal de Caraguatatuba - SP;CARAGUATATUBA;SP;125194;Receitas Brutas Realizadas;TOTAL DAS RECEITAS (III) = (I + II);siconfi-cor_TotalReceitas;1273022737.0
Prefeitura Municipal de Jumirim - SP;JUMIRIM;SP;3467;Receitas Brutas Realizadas;TOTAL DAS RECEITAS (III) = (I + II);siconfi-cor_TotalReceitas;40554333.39
Prefeitura Municipal de Platina - SP;PLATINA;SP;3606;Receitas Brutas Realizadas;TOTAL DAS RECEITAS (III) = (I + II);siconfi-cor_TotalReceitas;38685426.28
Prefeitura Municipal de Salmourï¿½o - SP;SALMOURAO;SP;5372;Receitas Brutas Realizadas;TOTAL DAS RECEITAS (III) = (I + II);siconfi-cor_TotalReceitas;30392264.45
Prefeitura Municipal de Caieiras - SP;CAIEIRAS;SP;104044;Receitas Brutas Realizadas;TOTAL DAS RECEITAS (III) = (I + II);siconfi-cor_TotalReceitas;503213777.57
Prefeitura Municipal de Riversul - SP;RIVERSUL;SP;5364;Receitas Brutas Realizadas;TOTAL DAS RECEITAS (III) = (I + II);siconfi-cor_TotalReceitas;37322619.3
Prefeitura Municipal de Salto - SP;SALTO;SP;120779;Receitas Brutas Realizadas;TOTAL DAS RECEITAS (III) = (I + II);siconfi-cor_TotalReceitas;615165606.53
Prefeitura Municipal de Iaras - SP;IARAS;SP;9786;Receitas Brutas Realizadas;TOTAL DAS RECEITAS (III) = (I + II);siconfi-cor_TotalReceitas;49029807.2
Prefeitura Municipal de Avaï¿½ - SP;AVAI;SP;5467;Receitas Brutas Realizadas;TOTAL DAS RECEITAS (III) = (I + II);siconfi-cor_TotalReceitas;45749943.24
Prefeitura Municipal de Atibaia - SP;ATIBAIA;SP;145378;Receitas Brutas Realizadas;TOTAL DAS RECEITAS (III) = (I + II);siconfi-cor_TotalReceitas;1020275552.15
Prefeitura Municipal de Sï¿½o Vicente - SP;SAO VICENTE;SP;370839;Receitas Brutas Realizadas;TOTAL DAS RECEITAS (III) = (I + II);siconfi-cor_TotalReceitas;1607109368.48
Prefeitura Municipal de Tietï¿½ - SP;TIETE;SP;42946;Receitas Brutas Realizadas;TOTAL DAS RECEITAS (III) = (I + II);siconfi-cor_TotalReceitas;237535629.23
Prefeitura Municipal de Areiï¿½polis - SP;AREIOPOLIS;SP;11186;Receitas Brutas Realizadas;TOTAL DAS RECEITAS (III) = (I + II);siconfi-cor_TotalReceitas;52486238.59
Prefeitura Municipal de Itaï¿½ - SP;ITAI;SP;27632;Receitas Brutas Realizadas;TOTAL DAS RECEITAS (III) = (I + II);siconfi-cor_TotalReceitas;191169562.85
Prefeitura Municipal de Quadra - SP;QUADRA;SP;3902;Receitas Brutas Realizadas;TOTAL DAS RECEITAS (III) = (I + II);siconfi-cor_TotalReceitas;37724877.32
Prefeitura Municipal de Cerqueira Cï¿½sar - SP;CERQUEIRA CESAR;SP;20391;Receitas Brutas Realizadas;TOTAL DAS RECEITAS (III) = (I + II);siconfi-cor_TotalReceitas;128994944.43
Prefeitura Municipal de Timburi - SP;TIMBURI;SP;2647;Receitas Brutas Realizadas;TOTAL DAS RECEITAS (III) = (I + II);siconfi-cor_TotalReceitas;33750208.89
Prefeitura Municipal de Presidente Bernardes - SP;PRESIDENTE BERNARDES;SP;12943;Receitas Brutas Realizadas;TOTAL DAS RECEITAS (III) = (I + II);siconfi-cor_TotalReceitas;77273589.95
Prefeitura Municipal de Sï¿½o Bernardo do Campo - SP;SAO BERNARDO DO CAMPO;SP;849874;Receitas Brutas Realizadas;TOTAL DAS RECEITAS (III) = (I + II);siconfi-cor_TotalReceitas;5829729944.43
Prefeitura Municipal de Eldorado - SP;ELDORADO;SP;15592;Receitas Brutas Realizadas;TOTAL DAS RECEITAS (III) = (I + II);siconfi-cor_TotalReceitas;83890657.4
Prefeitura Municipal de Tupi Paulista - SP;TUPI PAULISTA;SP;15670;Receitas Brutas Realizadas;TOTAL DAS RECEITAS (III) = (I + II);siconfi-cor_TotalReceitas;78982092.57
Prefeitura Municipal de Ribeirï¿½o Pires - SP;RIBEIRAO PIRES;SP;125238;Receitas Brutas Realizadas;TOTAL DAS RECEITAS (III) = (I + II);siconfi-cor_TotalReceitas;530684339.47
Prefeitura Municipal de Sï¿½o Lourenï¿½o da Serra - SP;SAO LOURENCO DA SERRA;SP;16127;Receitas Brutas Realizadas;TOTAL DAS RECEITAS (III) = (I + II);siconfi-cor_TotalReceitas;76624513.65
Prefeitura Municipal de Guataparï¿½ - SP;GUATAPARA;SP;7760;Receitas Brutas Realizadas;TOTAL DAS RECEITAS (III) = (I + II);siconfi-cor_TotalReceitas;55090888.3
Prefeitura Municipal de Sï¿½o Sebastiï¿½o - SP;SAO SEBASTIAO;SP;91637;Receitas Brutas Realizadas;TOTAL DAS RECEITAS (III) = (I + II);siconfi-cor_TotalReceitas;1288562664.03
Prefeitura Municipal de Dois Cï¿½rregos - SP;DOIS CORREGOS;SP;27704;Receitas Brutas Realizadas;TOTAL DAS RECEITAS (III) = (I + II);siconfi-cor_TotalReceitas;141117485.72
Prefeitura Municipal de Fartura - SP;FARTURA;SP;16102;Receitas Brutas Realizadas;TOTAL DAS RECEITAS (III) = (I + II);siconfi-cor_TotalReceitas;93826150.93
Prefeitura Municipal de Bilac - SP;BILAC;SP;8197;Receitas Brutas Realizadas;TOTAL DAS RECEITAS (III) = (I + II);siconfi-cor_TotalReceitas;57049211.67
Prefeitura Municipal de Itapevi - SP;ITAPEVI;SP;244131;Receitas Brutas Realizadas;TOTAL DAS RECEITAS (III) = (I + II);siconfi-cor_TotalReceitas;1208954426.81
Prefeitura Municipal de Carapicuï¿½ba - SP;CARAPICUIBA;SP;405375;Receitas Brutas Realizadas;TOTAL DAS RECEITAS (III) = (I + II);siconfi-cor_TotalReceitas;933328581.05
Prefeitura Municipal de Votuporanga - SP;VOTUPORANGA;SP;96106;Receitas Brutas Realizadas;TOTAL DAS RECEITAS (III) = (I + II);siconfi-cor_TotalReceitas;526447025.25
Prefeitura Municipal de Tejupï¿½ - SP;TEJUPA;SP;4452;Receitas Brutas Realizadas;TOTAL DAS RECEITAS (III) = (I + II);siconfi-cor_TotalReceitas;41638965.72
Prefeitura Municipal de Campos Novos Paulista - SP;CAMPOS NOVOS PAULISTA;SP;5028;Receitas Brutas Realizadas;TOTAL DAS RECEITAS (III) = (I + II);siconfi-cor_TotalReceitas;45418109.52
Prefeitura Municipal de Jacareï¿½ - SP;JACAREI;SP;237119;Receitas Brutas Realizadas;TOTAL DAS RECEITAS (III) = (I + II);siconfi-cor_TotalReceitas;1442704827.86
Prefeitura Municipal de Paraguaï¿½u Paulista - SP;PARAGUACU PAULISTA;SP;46180;Receitas Brutas Realizadas;TOTAL DAS RECEITAS (III) = (I + II);siconfi-cor_TotalReceitas;275636281.83
Prefeitura Municipal de Sï¿½o Pedro do Turvo - SP;SAO PEDRO DO TURVO;SP;7724;Receitas Brutas Realizadas;TOTAL DAS RECEITAS (III) = (I + II);siconfi-cor_TotalReceitas;61642789.25
Prefeitura Municipal de Penï¿½polis - SP;PENAPOLIS;SP;64098;Receitas Brutas Realizadas;TOTAL DAS RECEITAS (III) = (I + II);siconfi-cor_TotalReceitas;329017423.32
Prefeitura Municipal de Ibirarema - SP;IBIRAREMA;SP;7926;Receitas Brutas Realizadas;TOTAL DAS RECEITAS (III) = (I + II);siconfi-cor_TotalReceitas;49138465.09
Prefeitura Municipal de Nova Campina - SP;NOVA CAMPINA;SP;9962;Receitas Brutas Realizadas;TOTAL DAS RECEITAS (III) = (I + II);siconfi-cor_TotalReceitas;56171751.32
Prefeitura Municipal de Vï¿½rzea Paulista - SP;VARZEA PAULISTA;SP;124269;Receitas Brutas Realizadas;TOTAL DAS RECEITAS (III) = (I + II);siconfi-cor_TotalReceitas;443760708.76
Prefeitura Municipal de Coroados - SP;COROADOS;SP;6197;Receitas Brutas Realizadas;TOTAL DAS RECEITAS (III) = (I + II);siconfi-cor_TotalReceitas;42936757.01
Prefeitura Municipal de Vitï¿½ria Brasil - SP;VITORIA BRASIL;SP;1852;Receitas Brutas Realizadas;TOTAL DAS RECEITAS (III) = (I + II);siconfi-cor_TotalReceitas;25283194.26
Prefeitura Municipal de Dumont - SP;DUMONT;SP;10174;Receitas Brutas Realizadas;TOTAL DAS RECEITAS (III) = (I + II);siconfi-cor_TotalReceitas;56368459.63
Prefeitura Municipal de Analï¿½ndia - SP;ANALANDIA;SP;5115;Receitas Brutas Realizadas;TOTAL DAS RECEITAS (III) = (I + II);siconfi-cor_TotalReceitas;48193368.16
Prefeitura Municipal de Monte Mor - SP;MONTE MOR;SP;61707;Receitas Brutas Realizadas;TOTAL DAS RECEITAS (III) = (I + II);siconfi-cor_TotalReceitas;407361777.96
Prefeitura Municipal de Borborema - SP;BORBOREMA;SP;16278;Receitas Brutas Realizadas;TOTAL DAS RECEITAS (III) = (I + II);siconfi-cor_TotalReceitas;90664851.58
Prefeitura Municipal de Pacaembu - SP;PACAEMBU;SP;14326;Receitas Brutas Realizadas;TOTAL DAS RECEITAS (III) = (I + II);siconfi-cor_TotalReceitas;66168547.84
Prefeitura Municipal de Ouro Verde - SP;OURO VERDE;SP;8676;Receitas Brutas Realizadas;TOTAL DAS RECEITAS (III) = (I + II);siconfi-cor_TotalReceitas;45339427.81
Prefeitura Municipal de Monte Alegre do Sul - SP;MONTE ALEGRE DO SUL;SP;8181;Receitas Brutas Realizadas;TOTAL DAS RECEITAS (III) = (I + II);siconfi-cor_TotalReceitas;50452985.1
Prefeitura Municipal de Santo Antï¿½nio de Posse - SP;SANTO ANTONIO DE POSSE;SP;23742;Receitas Brutas Realizadas;TOTAL DAS RECEITAS (III) = (I + II);siconfi-cor_TotalReceitas;167838023.75
Prefeitura Municipal de Itariri - SP;ITARIRI;SP;17754;Receitas Brutas Realizadas;TOTAL DAS RECEITAS (III) = (I + II);siconfi-cor_TotalReceitas;79133687.38
Prefeitura Municipal de Macatuba - SP;MACATUBA;SP;17263;Receitas Brutas Realizadas;TOTAL DAS RECEITAS (III) = (I + II);siconfi-cor_TotalReceitas;127275511.45
Prefeitura Municipal de Iguape - SP;IGUAPE;SP;31117;Receitas Brutas Realizadas;TOTAL DAS RECEITAS (III) = (I + II);siconfi-cor_TotalReceitas;190427652.34
Prefeitura Municipal de Hortolï¿½ndia - SP;HORTOLANDIA;SP;237570;Receitas Brutas Realizadas;TOTAL DAS RECEITAS (III) = (I + II);siconfi-cor_TotalReceitas;1473980308.95
Prefeitura Municipal de Piratininga - SP;PIRATININGA;SP;13890;Receitas Brutas Realizadas;TOTAL DAS RECEITAS (III) = (I + II);siconfi-cor_TotalReceitas;85786313.67
Prefeitura Municipal de Aspï¿½sia - SP;ASPASIA;SP;1815;Receitas Brutas Realizadas;TOTAL DAS RECEITAS (III) = (I + II);siconfi-cor_TotalReceitas;24259866.39
Prefeitura Municipal de Boa Esperanï¿½a do Sul - SP;BOA ESPERANCA DO SUL;SP;15111;Receitas Brutas Realizadas;TOTAL DAS RECEITAS (III) = (I + II);siconfi-cor_TotalReceitas;93554127.29
Prefeitura Municipal de Pongaï¿½ - SP;PONGAI;SP;3385;Receitas Brutas Realizadas;TOTAL DAS RECEITAS (III) = (I + II);siconfi-cor_TotalReceitas;32193479.69
Prefeitura Municipal de Cardoso - SP;CARDOSO;SP;12371;Receitas Brutas Realizadas;TOTAL DAS RECEITAS (III) = (I + II);siconfi-cor_TotalReceitas;84399653.32
Prefeitura Municipal de Itatiba - SP;ITATIBA;SP;124254;Receitas Brutas Realizadas;TOTAL DAS RECEITAS (III) = (I + II);siconfi-cor_TotalReceitas;677626910.44
Prefeitura Municipal de Piraju - SP;PIRAJU;SP;29930;Receitas Brutas Realizadas;TOTAL DAS RECEITAS (III) = (I + II);siconfi-cor_TotalReceitas;147379126.98
Prefeitura Municipal de Santa Cruz do Rio Pardo - SP;SANTA CRUZ DO RIO PARDO;SP;48207;Receitas Brutas Realizadas;TOTAL DAS RECEITAS (III) = (I + II);siconfi-cor_TotalReceitas;278627898.27
Prefeitura Municipal de Osvaldo Cruz - SP;OSVALDO CRUZ;SP;33118;Receitas Brutas Realizadas;TOTAL DAS RECEITAS (III) = (I + II);siconfi-cor_TotalReceitas;132736372.06
Prefeitura Municipal de Mongaguï¿½ - SP;MONGAGUA;SP;58567;Receitas Brutas Realizadas;TOTAL DAS RECEITAS (III) = (I + II);siconfi-cor_TotalReceitas;373633147.9
Prefeitura Municipal de Sï¿½o Bento do Sapucaï¿½ - SP;SAO BENTO DO SAPUCAI;SP;10907;Receitas Brutas Realizadas;TOTAL DAS RECEITAS (III) = (I + II);siconfi-cor_TotalReceitas;66595791.58
Prefeitura Municipal de Itararï¿½ - SP;ITARARE;SP;50778;Receitas Brutas Realizadas;TOTAL DAS RECEITAS (III) = (I + II);siconfi-cor_TotalReceitas;205152935.89
Prefeitura Municipal de Queluz - SP;QUELUZ;SP;13788;Receitas Brutas Realizadas;TOTAL DAS RECEITAS (III) = (I + II);siconfi-cor_TotalReceitas;76116659.42
Prefeitura Municipal de Jaguariï¿½na - SP;JAGUARIUNA;SP;59921;Receitas Brutas Realizadas;TOTAL DAS RECEITAS (III) = (I + II);siconfi-cor_TotalReceitas;709396458.11
Prefeitura Municipal de ï¿½leo - SP;OLEO;SP;2447;Receitas Brutas Realizadas;TOTAL DAS RECEITAS (III) = (I + II);siconfi-cor_TotalReceitas;28030905.32
Prefeitura Municipal de Guararema - SP;GUARAREMA;SP;30465;Receitas Brutas Realizadas;TOTAL DAS RECEITAS (III) = (I + II);siconfi-cor_TotalReceitas;342635309.24
Prefeitura Municipal de Cabrï¿½lia Paulista - SP;CABRALIA PAULISTA;SP;4222;Receitas Brutas Realizadas;TOTAL DAS RECEITAS (III) = (I + II);siconfi-cor_TotalReceitas;37512066.92
Prefeitura Municipal de Mococa - SP;MOCOCA;SP;69072;Receitas Brutas Realizadas;TOTAL DAS RECEITAS (III) = (I + II);siconfi-cor_TotalReceitas;289502043.38
Prefeitura Municipal de Buritizal - SP;BURITIZAL;SP;4547;Receitas Brutas Realizadas;TOTAL DAS RECEITAS (III) = (I + II);siconfi-cor_TotalReceitas;48343345.7
Prefeitura Municipal de Buri - SP;BURI;SP;20050;Receitas Brutas Realizadas;TOTAL DAS RECEITAS (III) = (I + II);siconfi-cor_TotalReceitas;133849464.61
Prefeitura Municipal de Barueri - SP;BARUERI;SP;279704;Receitas Brutas Realizadas;TOTAL DAS RECEITAS (III) = (I + II);siconfi-cor_TotalReceitas;4995284576.35
Prefeitura Municipal de Mairinque - SP;MAIRINQUE;SP;47723;Receitas Brutas Realizadas;TOTAL DAS RECEITAS (III) = (I + II);siconfi-cor_TotalReceitas;236805225.56
Prefeitura Municipal de Lucianï¿½polis - SP;LUCIANOPOLIS;SP;2412;Receitas Brutas Realizadas;TOTAL DAS RECEITAS (III) = (I + II);siconfi-cor_TotalReceitas;27759902.3
Prefeitura Municipal de Florï¿½nia - SP;FLORINEA;SP;2631;Receitas Brutas Realizadas;TOTAL DAS RECEITAS (III) = (I + II);siconfi-cor_TotalReceitas;41017952.74
Prefeitura Municipal de Sud Mennucci - SP;SUD MENNUCCI;SP;7738;Receitas Brutas Realizadas;TOTAL DAS RECEITAS (III) = (I + II);siconfi-cor_TotalReceitas;62948725.51
Prefeitura Municipal de Barbosa - SP;BARBOSA;SP;7532;Receitas Brutas Realizadas;TOTAL DAS RECEITAS (III) = (I + II);siconfi-cor_TotalReceitas;42129253.6
Prefeitura Municipal de Ipiguï¿½ - SP;IPIGUA;SP;5557;Receitas Brutas Realizadas;TOTAL DAS RECEITAS (III) = (I + II);siconfi-cor_TotalReceitas;39686427.5
Prefeitura Municipal de Bady Bassitt - SP;BADY BASSITT;SP;18013;Receitas Brutas Realizadas;TOTAL DAS RECEITAS (III) = (I + II);siconfi-cor_TotalReceitas;131320423.74
Prefeitura Municipal de Silveiras - SP;SILVEIRAS;SP;6375;Receitas Brutas Realizadas;TOTAL DAS RECEITAS (III) = (I + II);siconfi-cor_TotalReceitas;50739788.31
Prefeitura Municipal de Sarutaiï¿½ - SP;SARUTAIA;SP;3623;Receitas Brutas Realizadas;TOTAL DAS RECEITAS (III) = (I + II);siconfi-cor_TotalReceitas;31033946.52
Prefeitura Municipal de Charqueada - SP;CHARQUEADA;SP;17539;Receitas Brutas Realizadas;TOTAL DAS RECEITAS (III) = (I + II);siconfi-cor_TotalReceitas;94926581.4
Prefeitura Municipal de Parisi - SP;PARISI;SP;2177;Receitas Brutas Realizadas;TOTAL DAS RECEITAS (III) = (I + II);siconfi-cor_TotalReceitas;30777538.3
Prefeitura Municipal de Pontes Gestal - SP;PONTES GESTAL;SP;2576;Receitas Brutas Realizadas;TOTAL DAS RECEITAS (III) = (I + II);siconfi-cor_TotalReceitas;45206528.81
Prefeitura Municipal de Jarinu - SP;JARINU;SP;31173;Receitas Brutas Realizadas;TOTAL DAS RECEITAS (III) = (I + II);siconfi-cor_TotalReceitas;211176622.82
Prefeitura Municipal de Lins - SP;LINS;SP;78978;Receitas Brutas Realizadas;TOTAL DAS RECEITAS (III) = (I + II);siconfi-cor_TotalReceitas;356636120.39
Prefeitura Municipal de Santa Rita d'Oeste - SP;SANTA RITA D'OESTE;SP;2476;Receitas Brutas Realizadas;TOTAL DAS RECEITAS (III) = (I + II);siconfi-cor_TotalReceitas;30880139.93
Prefeitura Municipal de Arapeï¿½ - SP;ARAPEI;SP;2452;Receitas Brutas Realizadas;TOTAL DAS RECEITAS (III) = (I + II);siconfi-cor_TotalReceitas;41153493.43
Prefeitura Municipal de Jeriquara - SP;JERIQUARA;SP;3143;Receitas Brutas Realizadas;TOTAL DAS RECEITAS (III) = (I + II);siconfi-cor_TotalReceitas;35647611.31
Prefeitura Municipal de Divinolï¿½ndia - SP;DIVINOLANDIA;SP;11027;Receitas Brutas Realizadas;TOTAL DAS RECEITAS (III) = (I + II);siconfi-cor_TotalReceitas;73054337.77
Prefeitura Municipal de Santa Cruz das Palmeiras - SP;SANTA CRUZ DAS PALMEIRAS;SP;35102;Receitas Brutas Realizadas;TOTAL DAS RECEITAS (III) = (I + II);siconfi-cor_TotalReceitas;133367034.65
Prefeitura Municipal de Josï¿½ Bonifï¿½cio - SP;JOSE BONIFACIO;SP;37707;Receitas Brutas Realizadas;TOTAL DAS RECEITAS (III) = (I + II);siconfi-cor_TotalReceitas;203840572.22
Prefeitura Municipal de Francisco Morato - SP;FRANCISCO MORATO;SP;179372;Receitas Brutas Realizadas;TOTAL DAS RECEITAS (III) = (I + II);siconfi-cor_TotalReceitas;585008620.92
Prefeitura Municipal de Sï¿½o Paulo - SP;SAO PAULO;SP;12396372;Receitas Brutas Realizadas;TOTAL DAS RECEITAS (III) = (I + II);siconfi-cor_TotalReceitas;95789912728.43
Prefeitura Municipal de Araï¿½oiaba da Serra - SP;ARACOIABA DA SERRA;SP;35389;Receitas Brutas Realizadas;TOTAL DAS RECEITAS (III) = (I + II);siconfi-cor_TotalReceitas;181891652.14
Prefeitura Municipal de Indiaporï¿½ - SP;INDIAPORA;SP;3876;Receitas Brutas Realizadas;TOTAL DAS RECEITAS (III) = (I + II);siconfi-cor_TotalReceitas;39699413.85
Prefeitura Municipal de Santo Expedito - SP;SANTO EXPEDITO;SP;3159;Receitas Brutas Realizadas;TOTAL DAS RECEITAS (III) = (I + II);siconfi-cor_TotalReceitas;25325387.8
Prefeitura Municipal de Piracicaba - SP;PIRACICABA;SP;410275;Receitas Brutas Realizadas;TOTAL DAS RECEITAS (III) = (I + II);siconfi-cor_TotalReceitas;2578711769.36
Prefeitura Municipal de Cï¿½ndido Rodrigues - SP;CANDIDO RODRIGUES;SP;2805;Receitas Brutas Realizadas;TOTAL DAS RECEITAS (III) = (I + II);siconfi-cor_TotalReceitas;33885142.01
Prefeitura Municipal de Redenï¿½ï¿½o da Serra - SP;REDENCAO DA SERRA;SP;3827;Receitas Brutas Realizadas;TOTAL DAS RECEITAS (III) = (I + II);siconfi-cor_TotalReceitas;36642683.12
Prefeitura Municipal de Aramina - SP;ARAMINA;SP;5689;Receitas Brutas Realizadas;TOTAL DAS RECEITAS (III) = (I + II);siconfi-cor_TotalReceitas;40446647.02
Prefeitura Municipal de Uniï¿½o Paulista - SP;UNIAO PAULISTA;SP;1886;Receitas Brutas Realizadas;TOTAL DAS RECEITAS (III) = (I + II);siconfi-cor_TotalReceitas;23294787.53
Prefeitura Municipal de Pilar do Sul - SP;PILAR DO SUL;SP;29612;Receitas Brutas Realizadas;TOTAL DAS RECEITAS (III) = (I + II);siconfi-cor_TotalReceitas;134531619.99
Prefeitura Municipal de Nova Independï¿½ncia - SP;NOVA INDEPENDENCIA;SP;4135;Receitas Brutas Realizadas;TOTAL DAS RECEITAS (III) = (I + II);siconfi-cor_TotalReceitas;51550159.55
Prefeitura Municipal de Vinhedo - SP;VINHEDO;SP;81516;Receitas Brutas Realizadas;TOTAL DAS RECEITAS (III) = (I + II);siconfi-cor_TotalReceitas;812336897.82
Prefeitura Municipal de Cananï¿½ia - SP;CANANEIA;SP;12542;Receitas Brutas Realizadas;TOTAL DAS RECEITAS (III) = (I + II);siconfi-cor_TotalReceitas;96109218.42
Prefeitura Municipal de Conchal - SP;CONCHAL;SP;28491;Receitas Brutas Realizadas;TOTAL DAS RECEITAS (III) = (I + II);siconfi-cor_TotalReceitas;179451758.01
Prefeitura Municipal de Cabreï¿½va - SP;CABREUVA;SP;51130;Receitas Brutas Realizadas;TOTAL DAS RECEITAS (III) = (I + II);siconfi-cor_TotalReceitas;396769332.71
Prefeitura Municipal de Cotia - SP;COTIA;SP;257882;Receitas Brutas Realizadas;TOTAL DAS RECEITAS (III) = (I + II);siconfi-cor_TotalReceitas;1519537125.24
Prefeitura Municipal de Elisiï¿½rio - SP;ELISIARIO;SP;3742;Receitas Brutas Realizadas;TOTAL DAS RECEITAS (III) = (I + II);siconfi-cor_TotalReceitas;28137417.15
Prefeitura Municipal de Adolfo - SP;ADOLFO;SP;3545;Receitas Brutas Realizadas;TOTAL DAS RECEITAS (III) = (I + II);siconfi-cor_TotalReceitas;44259588.55
Prefeitura Municipal de Sete Barras - SP;SETE BARRAS;SP;12731;Receitas Brutas Realizadas;TOTAL DAS RECEITAS (III) = (I + II);siconfi-cor_TotalReceitas;75451311.14
Prefeitura Municipal de Martinï¿½polis - SP;MARTINOPOLIS;SP;26791;Receitas Brutas Realizadas;TOTAL DAS RECEITAS (III) = (I + II);siconfi-cor_TotalReceitas;131106923.81
Prefeitura Municipal de Jï¿½lio Mesquita - SP;JULIO MESQUITA;SP;4824;Receitas Brutas Realizadas;TOTAL DAS RECEITAS (III) = (I + II);siconfi-cor_TotalReceitas;39292610.42
Prefeitura Municipal de Presidente Venceslau - SP;PRESIDENTE VENCESLAU;SP;39648;Receitas Brutas Realizadas;TOTAL DAS RECEITAS (III) = (I + II);siconfi-cor_TotalReceitas;206064550.41
Prefeitura Municipal de Ipeï¿½na - SP;IPEUNA;SP;7824;Receitas Brutas Realizadas;TOTAL DAS RECEITAS (III) = (I + II);siconfi-cor_TotalReceitas;53642413.15
Prefeitura Municipal de Mauï¿½ - SP;MAUA;SP;481725;Receitas Brutas Realizadas;TOTAL DAS RECEITAS (III) = (I + II);siconfi-cor_TotalReceitas;1549076671.25
Prefeitura Municipal de Barrinha - SP;BARRINHA;SP;33537;Receitas Brutas Realizadas;TOTAL DAS RECEITAS (III) = (I + II);siconfi-cor_TotalReceitas;141876465.5
Prefeitura Municipal de Jardinï¿½polis - SP;JARDINOPOLIS;SP;45544;Receitas Brutas Realizadas;TOTAL DAS RECEITAS (III) = (I + II);siconfi-cor_TotalReceitas;240210808.17
Prefeitura Municipal de Santo Antï¿½nio do Jardim - SP;SANTO ANTONIO DO JARDIM;SP;5926;Receitas Brutas Realizadas;TOTAL DAS RECEITAS (III) = (I + II);siconfi-cor_TotalReceitas;35917577.25
Prefeitura Municipal de ï¿½lvares Florence - SP;ALVARES FLORENCE;SP;3616;Receitas Brutas Realizadas;TOTAL DAS RECEITAS (III) = (I + II);siconfi-cor_TotalReceitas;36436673.99
Prefeitura Municipal de Sï¿½o Simï¿½o - SP;SAO SIMAO;SP;15446;Receitas Brutas Realizadas;TOTAL DAS RECEITAS (III) = (I + II);siconfi-cor_TotalReceitas;92355293.94
Prefeitura Municipal de Presidente Alves - SP;PRESIDENTE ALVES;SP;4067;Receitas Brutas Realizadas;TOTAL DAS RECEITAS (III) = (I + II);siconfi-cor_TotalReceitas;31712602.29
Prefeitura Municipal de Pindamonhangaba - SP;PINDAMONHANGABA;SP;171885;Receitas Brutas Realizadas;TOTAL DAS RECEITAS (III) = (I + II);siconfi-cor_TotalReceitas;891321707.05
Prefeitura Municipal de Itatinga - SP;ITATINGA;SP;21139;Receitas Brutas Realizadas;TOTAL DAS RECEITAS (III) = (I + II);siconfi-cor_TotalReceitas;112308675.94
Prefeitura Municipal de Alvinlï¿½ndia - SP;ALVINLANDIA;SP;3251;Receitas Brutas Realizadas;TOTAL DAS RECEITAS (III) = (I + II);siconfi-cor_TotalReceitas;27864581.03
Prefeitura Municipal de Cruzï¿½lia - SP;CRUZALIA;SP;2021;Receitas Brutas Realizadas;TOTAL DAS RECEITAS (III) = (I + II);siconfi-cor_TotalReceitas;31594867.66
Prefeitura Municipal de Arealva - SP;AREALVA;SP;8665;Receitas Brutas Realizadas;TOTAL DAS RECEITAS (III) = (I + II);siconfi-cor_TotalReceitas;52969754.3
Prefeitura Municipal de Duartina - SP;DUARTINA;SP;12421;Receitas Brutas Realizadas;TOTAL DAS RECEITAS (III) = (I + II);siconfi-cor_TotalReceitas;72959769.66
Prefeitura Municipal de Mirante do Paranapanema - SP;MIRANTE DO PARANAPANEMA;SP;18415;Receitas Brutas Realizadas;TOTAL DAS RECEITAS (III) = (I + II);siconfi-cor_TotalReceitas;120199516.04
Prefeitura Municipal de Sï¿½o Sebastiï¿½o da Grama - SP;SAO SEBASTIAO DA GRAMA;SP;12137;Receitas Brutas Realizadas;TOTAL DAS RECEITAS (III) = (I + II);siconfi-cor_TotalReceitas;58419346.13
Prefeitura Municipal de Campinas - SP;CAMPINAS;SP;1223237;Receitas Brutas Realizadas;TOTAL DAS RECEITAS (III) = (I + II);siconfi-cor_TotalReceitas;8143599534.7
Prefeitura Municipal de Valinhos - SP;VALINHOS;SP;133169;Receitas Brutas Realizadas;TOTAL DAS RECEITAS (III) = (I + II);siconfi-cor_TotalReceitas;972273114.67
Prefeitura Municipal de Sï¿½o Caetano do Sul - SP;SAO CAETANO DO SUL;SP;162763;Receitas Brutas Realizadas;TOTAL DAS RECEITAS (III) = (I + II);siconfi-cor_TotalReceitas;2042467800.2
Prefeitura Municipal de Itu - SP;ITU;SP;177150;Receitas Brutas Realizadas;TOTAL DAS RECEITAS (III) = (I + II);siconfi-cor_TotalReceitas;1209104445.11
Prefeitura Municipal de Capï¿½o Bonito - SP;CAPAO BONITO;SP;47098;Receitas Brutas Realizadas;TOTAL DAS RECEITAS (III) = (I + II);siconfi-cor_TotalReceitas;237788073.91
Prefeitura Municipal de Pinhalzinho - SP;PINHALZINHO;SP;15564;Receitas Brutas Realizadas;TOTAL DAS RECEITAS (III) = (I + II);siconfi-cor_TotalReceitas;66087253.56
Prefeitura Municipal de Jambeiro - SP;JAMBEIRO;SP;6828;Receitas Brutas Realizadas;TOTAL DAS RECEITAS (III) = (I + II);siconfi-cor_TotalReceitas;57112868.24
Prefeitura Municipal de Areias - SP;AREIAS;SP;3906;Receitas Brutas Realizadas;TOTAL DAS RECEITAS (III) = (I + II);siconfi-cor_TotalReceitas;48300831.74
Prefeitura Municipal de Sï¿½o Josï¿½ do Barreiro - SP;SAO JOSE DO BARREIRO;SP;4141;Receitas Brutas Realizadas;TOTAL DAS RECEITAS (III) = (I + II);siconfi-cor_TotalReceitas;48070309.1
Prefeitura Municipal de Mogi das Cruzes - SP;MOGI DAS CRUZES;SP;455587;Receitas Brutas Realizadas;TOTAL DAS RECEITAS (III) = (I + II);siconfi-cor_TotalReceitas;2379475027.98
Prefeitura Municipal de ï¿½guas de Sï¿½o Pedro - SP;AGUAS DE SAO PEDRO;SP;3588;Receitas Brutas Realizadas;TOTAL DAS RECEITAS (III) = (I + II);siconfi-cor_TotalReceitas;44629425.44
Prefeitura Municipal de Guapiara - SP;GUAPIARA;SP;16896;Receitas Brutas Realizadas;TOTAL DAS RECEITAS (III) = (I + II);siconfi-cor_TotalReceitas;89109601.0
Prefeitura Municipal de Ipuï¿½ - SP;IPUA;SP;16794;Receitas Brutas Realizadas;TOTAL DAS RECEITAS (III) = (I + II);siconfi-cor_TotalReceitas;101936054.09
Prefeitura Municipal de Ubatuba - SP;UBATUBA;SP;92819;Receitas Brutas Realizadas;TOTAL DAS RECEITAS (III) = (I + II);siconfi-cor_TotalReceitas;646781246.82
Prefeitura Municipal de Itapetininga - SP;ITAPETININGA;SP;167106;Receitas Brutas Realizadas;TOTAL DAS RECEITAS (III) = (I + II);siconfi-cor_TotalReceitas;759251314.59
Prefeitura Municipal de Trï¿½s Fronteiras - SP;TRES FRONTEIRAS;SP;5856;Receitas Brutas Realizadas;TOTAL DAS RECEITAS (III) = (I + II);siconfi-cor_TotalReceitas;37651130.55
Prefeitura Municipal de Torrinha - SP;TORRINHA;SP;10100;Receitas Brutas Realizadas;TOTAL DAS RECEITAS (III) = (I + II);siconfi-cor_TotalReceitas;57442873.53
Prefeitura Municipal de Regente Feijï¿½ - SP;REGENTE FEIJO;SP;20523;Receitas Brutas Realizadas;TOTAL DAS RECEITAS (III) = (I + II);siconfi-cor_TotalReceitas;122873773.66
Prefeitura Municipal de Nova Guataporanga - SP;NOVA GUATAPORANGA;SP;2333;Receitas Brutas Realizadas;TOTAL DAS RECEITAS (III) = (I + II);siconfi-cor_TotalReceitas;26656521.19
Prefeitura Municipal de Cordeirï¿½polis - SP;CORDEIROPOLIS;SP;25116;Receitas Brutas Realizadas;TOTAL DAS RECEITAS (III) = (I + II);siconfi-cor_TotalReceitas;262278746.25
Prefeitura Municipal de Nova Europa - SP;NOVA EUROPA;SP;11519;Receitas Brutas Realizadas;TOTAL DAS RECEITAS (III) = (I + II);siconfi-cor_TotalReceitas;74543368.13
Prefeitura Municipal de Mairiporï¿½ - SP;MAIRIPORA;SP;103645;Receitas Brutas Realizadas;TOTAL DAS RECEITAS (III) = (I + II);siconfi-cor_TotalReceitas;519617024.61
Prefeitura Municipal de Porangaba - SP;PORANGABA;SP;10205;Receitas Brutas Realizadas;TOTAL DAS RECEITAS (III) = (I + II);siconfi-cor_TotalReceitas;57947987.36
Prefeitura Municipal de Sorocaba - SP;SOROCABA;SP;695328;Receitas Brutas Realizadas;TOTAL DAS RECEITAS (III) = (I + II);siconfi-cor_TotalReceitas;4433107532.63
Prefeitura Municipal de Tuiuti - SP;TUIUTI;SP;7058;Receitas Brutas Realizadas;TOTAL DAS RECEITAS (III) = (I + II);siconfi-cor_TotalReceitas;34354829.41
Prefeitura Municipal de Bom Sucesso de Itararï¿½ - SP;BOM SUCESSO DE ITARARE;SP;4013;Receitas Brutas Realizadas;TOTAL DAS RECEITAS (III) = (I + II);siconfi-cor_TotalReceitas;30698098.66
Prefeitura Municipal de Santa Bï¿½rbara d'Oeste - SP;SANTA BARBARA D'OESTE;SP;195278;Receitas Brutas Realizadas;TOTAL DAS RECEITAS (III) = (I + II);siconfi-cor_TotalReceitas;841403957.56
Prefeitura Municipal de Tambaï¿½ - SP;TAMBAU;SP;23255;Receitas Brutas Realizadas;TOTAL DAS RECEITAS (III) = (I + II);siconfi-cor_TotalReceitas;135231825.87
Prefeitura Municipal de Birigui - SP;BIRIGUI;SP;126094;Receitas Brutas Realizadas;TOTAL DAS RECEITAS (III) = (I + II);siconfi-cor_TotalReceitas;595359314.4
Prefeitura Municipal de Diadema - SP;DIADEMA;SP;429550;Receitas Brutas Realizadas;TOTAL DAS RECEITAS (III) = (I + II);siconfi-cor_TotalReceitas;1792355229.07
Prefeitura Municipal de Lavrinhas - SP;LAVRINHAS;SP;7361;Receitas Brutas Realizadas;TOTAL DAS RECEITAS (III) = (I + II);siconfi-cor_TotalReceitas;44122973.4
Prefeitura Municipal de Potim - SP;POTIM;SP;25603;Receitas Brutas Realizadas;TOTAL DAS RECEITAS (III) = (I + II);siconfi-cor_TotalReceitas;92852706.59
Prefeitura Municipal de Narandiba - SP;NARANDIBA;SP;4950;Receitas Brutas Realizadas;TOTAL DAS RECEITAS (III) = (I + II);siconfi-cor_TotalReceitas;61003715.68
Prefeitura Municipal de Mombuca - SP;MOMBUCA;SP;3523;Receitas Brutas Realizadas;TOTAL DAS RECEITAS (III) = (I + II);siconfi-cor_TotalReceitas;33499795.54
Prefeitura Municipal de Santa Gertrudes - SP;SANTA GERTRUDES;SP;27850;Receitas Brutas Realizadas;TOTAL DAS RECEITAS (III) = (I + II);siconfi-cor_TotalReceitas;213108049.94
Prefeitura Municipal de Lagoinha - SP;LAGOINHA;SP;4882;Receitas Brutas Realizadas;TOTAL DAS RECEITAS (III) = (I + II);siconfi-cor_TotalReceitas;39059483.4
Prefeitura Municipal de Araï¿½ariguama - SP;ARACARIGUAMA;SP;23343;Receitas Brutas Realizadas;TOTAL DAS RECEITAS (III) = (I + II);siconfi-cor_TotalReceitas;205066287.8
Prefeitura Municipal de Mineiros do Tietï¿½ - SP;MINEIROS DO TIETE;SP;13023;Receitas Brutas Realizadas;TOTAL DAS RECEITAS (III) = (I + II);siconfi-cor_TotalReceitas;55741552.42
Prefeitura Municipal de Santo Antï¿½nio da Alegria - SP;SANTO ANTONIO DA ALEGRIA;SP;7024;Receitas Brutas Realizadas;TOTAL DAS RECEITAS (III) = (I + II);siconfi-cor_TotalReceitas;46765320.08
Prefeitura Municipal de Nova Odessa - SP;NOVA ODESSA;SP;61716;Receitas Brutas Realizadas;TOTAL DAS RECEITAS (III) = (I + II);siconfi-cor_TotalReceitas;327265501.36
Prefeitura Municipal de Catanduva - SP;CATANDUVA;SP;123114;Receitas Brutas Realizadas;TOTAL DAS RECEITAS (III) = (I + II);siconfi-cor_TotalReceitas;736040803.25
Prefeitura Municipal de Cesï¿½rio Lange - SP;CESARIO LANGE;SP;18595;Receitas Brutas Realizadas;TOTAL DAS RECEITAS (III) = (I + II);siconfi-cor_TotalReceitas;103030496.67
Prefeitura Municipal de Bauru - SP;BAURU;SP;381706;Receitas Brutas Realizadas;TOTAL DAS RECEITAS (III) = (I + II);siconfi-cor_TotalReceitas;1921513738.0
Prefeitura Municipal de Alumï¿½nio - SP;ALUMINIO;SP;18903;Receitas Brutas Realizadas;TOTAL DAS RECEITAS (III) = (I + II);siconfi-cor_TotalReceitas;140303772.35
Prefeitura Municipal de Casa Branca - SP;CASA BRANCA;SP;30655;Receitas Brutas Realizadas;TOTAL DAS RECEITAS (III) = (I + II);siconfi-cor_TotalReceitas;174654224.69
Prefeitura Municipal de Clementina - SP;CLEMENTINA;SP;8894;Receitas Brutas Realizadas;TOTAL DAS RECEITAS (III) = (I + II);siconfi-cor_TotalReceitas;42965744.86
Prefeitura Municipal de Rincï¿½o - SP;RINCAO;SP;10824;Receitas Brutas Realizadas;TOTAL DAS RECEITAS (III) = (I + II);siconfi-cor_TotalReceitas;58478886.75
Prefeitura Municipal de Pirajuï¿½ - SP;PIRAJUI;SP;25939;Receitas Brutas Realizadas;TOTAL DAS RECEITAS (III) = (I + II);siconfi-cor_TotalReceitas;114381456.65
Prefeitura Municipal de Urï¿½nia - SP;URANIA;SP;9125;Receitas Brutas Realizadas;TOTAL DAS RECEITAS (III) = (I + II);siconfi-cor_TotalReceitas;45315908.43
Prefeitura Municipal de Marabï¿½ Paulista - SP;MARABA PAULISTA;SP;6039;Receitas Brutas Realizadas;TOTAL DAS RECEITAS (III) = (I + II);siconfi-cor_TotalReceitas;40658912.45
Prefeitura Municipal de Santana de Parnaï¿½ba - SP;SANTANA DE PARNAIBA;SP;145073;Receitas Brutas Realizadas;TOTAL DAS RECEITAS (III) = (I + II);siconfi-cor_TotalReceitas;1697184988.89
Prefeitura Municipal de Getulina - SP;GETULINA;SP;11485;Receitas Brutas Realizadas;TOTAL DAS RECEITAS (III) = (I + II);siconfi-cor_TotalReceitas;64527662.73
Prefeitura Municipal de Iepï¿½ - SP;IEPE;SP;8228;Receitas Brutas Realizadas;TOTAL DAS RECEITAS (III) = (I + II);siconfi-cor_TotalReceitas;65333681.35
Prefeitura Municipal de Glicï¿½rio - SP;GLICERIO;SP;4842;Receitas Brutas Realizadas;TOTAL DAS RECEITAS (III) = (I + II);siconfi-cor_TotalReceitas;42870251.26
Prefeitura Municipal de Altair - SP;ALTAIR;SP;4211;Receitas Brutas Realizadas;TOTAL DAS RECEITAS (III) = (I + II);siconfi-cor_TotalReceitas;37448931.16
Prefeitura Municipal de Anhembi - SP;ANHEMBI;SP;6911;Receitas Brutas Realizadas;TOTAL DAS RECEITAS (III) = (I + II);siconfi-cor_TotalReceitas;58027521.76
Prefeitura Municipal de Bariri - SP;BARIRI;SP;35844;Receitas Brutas Realizadas;TOTAL DAS RECEITAS (III) = (I + II);siconfi-cor_TotalReceitas;167483775.31
Prefeitura Municipal de Borebi - SP;BOREBI;SP;2713;Receitas Brutas Realizadas;TOTAL DAS RECEITAS (III) = (I + II);siconfi-cor_TotalReceitas;40460809.85
Prefeitura Municipal de Campo Limpo Paulista - SP;CAMPO LIMPO PAULISTA;SP;86407;Receitas Brutas Realizadas;TOTAL DAS RECEITAS (III) = (I + II);siconfi-cor_TotalReceitas;355791075.03
Prefeitura Municipal de Guaraci - SP;GUARACI;SP;11382;Receitas Brutas Realizadas;TOTAL DAS RECEITAS (III) = (I + II);siconfi-cor_TotalReceitas;105227554.45
Prefeitura Municipal de Itupeva - SP;ITUPEVA;SP;64330;Receitas Brutas Realizadas;TOTAL DAS RECEITAS (III) = (I + II);siconfi-cor_TotalReceitas;570427639.54
Prefeitura Municipal de Urupï¿½s - SP;URUPES;SP;13965;Receitas Brutas Realizadas;TOTAL DAS RECEITAS (III) = (I + II);siconfi-cor_TotalReceitas;85197511.27
Prefeitura Municipal de Planalto - SP;PLANALTO;SP;5370;Receitas Brutas Realizadas;TOTAL DAS RECEITAS (III) = (I + II);siconfi-cor_TotalReceitas;50383687.37
Prefeitura Municipal de Avarï¿½ - SP;AVARE;SP;91792;Receitas Brutas Realizadas;TOTAL DAS RECEITAS (III) = (I + II);siconfi-cor_TotalReceitas;493529160.09
Prefeitura Municipal de Taquaritinga - SP;TAQUARITINGA;SP;57547;Receitas Brutas Realizadas;TOTAL DAS RECEITAS (III) = (I + II);siconfi-cor_TotalReceitas;291715044.39
Prefeitura Municipal de Apiaï¿½ - SP;APIAI;SP;24081;Receitas Brutas Realizadas;TOTAL DAS RECEITAS (III) = (I + II);siconfi-cor_TotalReceitas;125819289.35
Prefeitura Municipal de Limeira - SP;LIMEIRA;SP;310783;Receitas Brutas Realizadas;TOTAL DAS RECEITAS (III) = (I + II);siconfi-cor_TotalReceitas;1600219728.68
Prefeitura Municipal de Descalvado - SP;DESCALVADO;SP;34097;Receitas Brutas Realizadas;TOTAL DAS RECEITAS (III) = (I + II);siconfi-cor_TotalReceitas;192378008.27
Prefeitura Municipal de Sales - SP;SALES;SP;6481;Receitas Brutas Realizadas;TOTAL DAS RECEITAS (III) = (I + II);siconfi-cor_TotalReceitas;55341493.01
Prefeitura Municipal de Santa Branca - SP;SANTA BRANCA;SP;14925;Receitas Brutas Realizadas;TOTAL DAS RECEITAS (III) = (I + II);siconfi-cor_TotalReceitas;80624682.21
Prefeitura Municipal de Junqueirï¿½polis - SP;JUNQUEIROPOLIS;SP;20978;Receitas Brutas Realizadas;TOTAL DAS RECEITAS (III) = (I + II);siconfi-cor_TotalReceitas;115147216.56
Prefeitura Municipal de Amparo - SP;AMPARO;SP;73145;Receitas Brutas Realizadas;TOTAL DAS RECEITAS (III) = (I + II);siconfi-cor_TotalReceitas;484412905.75
Prefeitura Municipal de Miracatu - SP;MIRACATU;SP;19511;Receitas Brutas Realizadas;TOTAL DAS RECEITAS (III) = (I + II);siconfi-cor_TotalReceitas;116488485.65
Prefeitura Municipal de Pratï¿½nia - SP;PRATANIA;SP;5371;Receitas Brutas Realizadas;TOTAL DAS RECEITAS (III) = (I + II);siconfi-cor_TotalReceitas;40505264.57
Prefeitura Municipal de Meridiano - SP;MERIDIANO;SP;3813;Receitas Brutas Realizadas;TOTAL DAS RECEITAS (III) = (I + II);siconfi-cor_TotalReceitas;51081600.13
Prefeitura Municipal de Santo Andrï¿½ - SP;SANTO ANDRE;SP;723889;Receitas Brutas Realizadas;TOTAL DAS RECEITAS (III) = (I + II);siconfi-cor_TotalReceitas;3861690241.28
Prefeitura Municipal de Guarujï¿½ - SP;GUARUJA;SP;324977;Receitas Brutas Realizadas;TOTAL DAS RECEITAS (III) = (I + II);siconfi-cor_TotalReceitas;2181142690.8
Prefeitura Municipal de Guaraï¿½aï¿½ - SP;GUARACAI;SP;8258;Receitas Brutas Realizadas;TOTAL DAS RECEITAS (III) = (I + II);siconfi-cor_TotalReceitas;53315384.26
Prefeitura Municipal de Guariba - SP;GUARIBA;SP;40857;Receitas Brutas Realizadas;TOTAL DAS RECEITAS (III) = (I + II);siconfi-cor_TotalReceitas;186905094.36
Prefeitura Municipal de Dolcinï¿½polis - SP;DOLCINOPOLIS;SP;2108;Receitas Brutas Realizadas;TOTAL DAS RECEITAS (III) = (I + II);siconfi-cor_TotalReceitas;25779353.06
Prefeitura Municipal de Ilhabela - SP;ILHABELA;SP;36194;Receitas Brutas Realizadas;TOTAL DAS RECEITAS (III) = (I + II);siconfi-cor_TotalReceitas;1226191375.82
Prefeitura Municipal de Rafard - SP;RAFARD;SP;9126;Receitas Brutas Realizadas;TOTAL DAS RECEITAS (III) = (I + II);siconfi-cor_TotalReceitas;62245547.24
Prefeitura Municipal de Pirapozinho - SP;PIRAPOZINHO;SP;27974;Receitas Brutas Realizadas;TOTAL DAS RECEITAS (III) = (I + II);siconfi-cor_TotalReceitas;124385717.13
Prefeitura Municipal de Lindï¿½ia - SP;LINDOIA;SP;8201;Receitas Brutas Realizadas;TOTAL DAS RECEITAS (III) = (I + II);siconfi-cor_TotalReceitas;57691678.84
Prefeitura Municipal de Piedade - SP;PIEDADE;SP;55731;Receitas Brutas Realizadas;TOTAL DAS RECEITAS (III) = (I + II);siconfi-cor_TotalReceitas;215069771.63
Prefeitura Municipal de Itaberï¿½ - SP;ITABERA;SP;17405;Receitas Brutas Realizadas;TOTAL DAS RECEITAS (III) = (I + II);siconfi-cor_TotalReceitas;113425831.63
Prefeitura Municipal de Sï¿½o Joï¿½o do Pau d'Alho - SP;SAO JOAO DO PAU D'ALHO;SP;2095;Receitas Brutas Realizadas;TOTAL DAS RECEITAS (III) = (I + II);siconfi-cor_TotalReceitas;25913743.36
Prefeitura Municipal de Capivari - SP;CAPIVARI;SP;56973;Receitas Brutas Realizadas;TOTAL DAS RECEITAS (III) = (I + II);siconfi-cor_TotalReceitas;350874073.27
Prefeitura Municipal de Sertï¿½ozinho - SP;SERTAOZINHO;SP;128432;Receitas Brutas Realizadas;TOTAL DAS RECEITAS (III) = (I + II);siconfi-cor_TotalReceitas;837670932.21
Prefeitura Municipal de Corumbataï¿½ - SP;CORUMBATAI;SP;4072;Receitas Brutas Realizadas;TOTAL DAS RECEITAS (III) = (I + II);siconfi-cor_TotalReceitas;44617830.54
Prefeitura Municipal de Espï¿½rito Santo do Pinhal - SP;ESPIRITO SANTO DO PINHAL;SP;44607;Receitas Brutas Realizadas;TOTAL DAS RECEITAS (III) = (I + II);siconfi-cor_TotalReceitas;189433446.8
Prefeitura Municipal de Irapuru - SP;IRAPURU;SP;8356;Receitas Brutas Realizadas;TOTAL DAS RECEITAS (III) = (I + II);siconfi-cor_TotalReceitas;36928788.38
Prefeitura Municipal de Mirassol - SP;MIRASSOL;SP;60768;Receitas Brutas Realizadas;TOTAL DAS RECEITAS (III) = (I + II);siconfi-cor_TotalReceitas;285446724.0
Prefeitura Municipal de Ariranha - SP;ARIRANHA;SP;9851;Receitas Brutas Realizadas;TOTAL DAS RECEITAS (III) = (I + II);siconfi-cor_TotalReceitas;66940281.46
Prefeitura Municipal de Estrela d'Oeste - SP;ESTRELA D'OESTE;SP;8420;Receitas Brutas Realizadas;TOTAL DAS RECEITAS (III) = (I + II);siconfi-cor_TotalReceitas;79988495.78
Prefeitura Municipal de Monte Aprazï¿½vel - SP;MONTE APRAZIVEL;SP;25651;Receitas Brutas Realizadas;TOTAL DAS RECEITAS (III) = (I + II);siconfi-cor_TotalReceitas;116163498.95
Prefeitura Municipal de Motuca - SP;MOTUCA;SP;4831;Receitas Brutas Realizadas;TOTAL DAS RECEITAS (III) = (I + II);siconfi-cor_TotalReceitas;35964262.78
Prefeitura Municipal de Barretos - SP;BARRETOS;SP;123546;Receitas Brutas Realizadas;TOTAL DAS RECEITAS (III) = (I + II);siconfi-cor_TotalReceitas;1056811696.42
Prefeitura Municipal de Gabriel Monteiro - SP;GABRIEL MONTEIRO;SP;2776;Receitas Brutas Realizadas;TOTAL DAS RECEITAS (III) = (I + II);siconfi-cor_TotalReceitas;31514413.98
Prefeitura Municipal de Cosmorama - SP;COSMORAMA;SP;7289;Receitas Brutas Realizadas;TOTAL DAS RECEITAS (III) = (I + II);siconfi-cor_TotalReceitas;58163695.81
Prefeitura Municipal de Piacatu - SP;PIACATU;SP;6093;Receitas Brutas Realizadas;TOTAL DAS RECEITAS (III) = (I + II);siconfi-cor_TotalReceitas;40786555.15
Prefeitura Municipal de Rio Grande da Serra - SP;RIO GRANDE DA SERRA;SP;52009;Receitas Brutas Realizadas;TOTAL DAS RECEITAS (III) = (I + II);siconfi-cor_TotalReceitas;144519395.57
Prefeitura Municipal de Cajobi - SP;CAJOBI;SP;10649;Receitas Brutas Realizadas;TOTAL DAS RECEITAS (III) = (I + II);siconfi-cor_TotalReceitas;59080134.8
Prefeitura Municipal de Nuporanga - SP;NUPORANGA;SP;7522;Receitas Brutas Realizadas;TOTAL DAS RECEITAS (III) = (I + II);siconfi-cor_TotalReceitas;64365000.11
Prefeitura Municipal de Joï¿½o Ramalho - SP;JOAO RAMALHO;SP;4577;Receitas Brutas Realizadas;TOTAL DAS RECEITAS (III) = (I + II);siconfi-cor_TotalReceitas;42430188.32
Prefeitura Municipal de Jales - SP;JALES;SP;49291;Receitas Brutas Realizadas;TOTAL DAS RECEITAS (III) = (I + II);siconfi-cor_TotalReceitas;257826660.14
Prefeitura Municipal de Cedral - SP;CEDRAL;SP;9452;Receitas Brutas Realizadas;TOTAL DAS RECEITAS (III) = (I + II);siconfi-cor_TotalReceitas;75149599.16
Prefeitura Municipal de Osasco - SP;OSASCO;SP;701428;Receitas Brutas Realizadas;TOTAL DAS RECEITAS (III) = (I + II);siconfi-cor_TotalReceitas;4475273230.12
Prefeitura Municipal de Igaraï¿½u do Tietï¿½ - SP;IGARACU DO TIETE;SP;24821;Receitas Brutas Realizadas;TOTAL DAS RECEITAS (III) = (I + II);siconfi-cor_TotalReceitas;106571678.98
Prefeitura Municipal de Paulistï¿½nia - SP;PAULISTANIA;SP;1835;Receitas Brutas Realizadas;TOTAL DAS RECEITAS (III) = (I + II);siconfi-cor_TotalReceitas;32362505.22
Prefeitura Municipal de Bananal - SP;BANANAL;SP;11039;Receitas Brutas Realizadas;TOTAL DAS RECEITAS (III) = (I + II);siconfi-cor_TotalReceitas;60460258.65
Prefeitura Municipal de Paranapanema - SP;PARANAPANEMA;SP;20588;Receitas Brutas Realizadas;TOTAL DAS RECEITAS (III) = (I + II);siconfi-cor_TotalReceitas;156132256.48
Prefeitura Municipal de Registro - SP;REGISTRO;SP;56463;Receitas Brutas Realizadas;TOTAL DAS RECEITAS (III) = (I + II);siconfi-cor_TotalReceitas;307730919.97
Prefeitura Municipal de Santa Adï¿½lia - SP;SANTA ADELIA;SP;15639;Receitas Brutas Realizadas;TOTAL DAS RECEITAS (III) = (I + II);siconfi-cor_TotalReceitas;80851614.28
Prefeitura Municipal de Indaiatuba - SP;INDAIATUBA;SP;260690;Receitas Brutas Realizadas;TOTAL DAS RECEITAS (III) = (I + II);siconfi-cor_TotalReceitas;2044078766.81
Prefeitura Municipal de Cravinhos - SP;CRAVINHOS;SP;35858;Receitas Brutas Realizadas;TOTAL DAS RECEITAS (III) = (I + II);siconfi-cor_TotalReceitas;230497878.51
Prefeitura Municipal de Cerquilho - SP;CERQUILHO;SP;50631;Receitas Brutas Realizadas;TOTAL DAS RECEITAS (III) = (I + II);siconfi-cor_TotalReceitas;279996153.11
Prefeitura Municipal de Sarapuï¿½ - SP;SARAPUI;SP;10493;Receitas Brutas Realizadas;TOTAL DAS RECEITAS (III) = (I + II);siconfi-cor_TotalReceitas;60473746.67
Prefeitura Municipal de Novais - SP;NOVAIS;SP;6057;Receitas Brutas Realizadas;TOTAL DAS RECEITAS (III) = (I + II);siconfi-cor_TotalReceitas;35000463.18
Prefeitura Municipal de Potirendaba - SP;POTIRENDABA;SP;17668;Receitas Brutas Realizadas;TOTAL DAS RECEITAS (III) = (I + II);siconfi-cor_TotalReceitas;117558328.12
Prefeitura Municipal de Americana - SP;AMERICANA;SP;244370;Receitas Brutas Realizadas;TOTAL DAS RECEITAS (III) = (I + II);siconfi-cor_TotalReceitas;1250310717.77
Prefeitura Municipal de Iperï¿½ - SP;IPERO;SP;38771;Receitas Brutas Realizadas;TOTAL DAS RECEITAS (III) = (I + II);siconfi-cor_TotalReceitas;161563227.31
Prefeitura Municipal de Fernandï¿½polis - SP;FERNANDOPOLIS;SP;69680;Receitas Brutas Realizadas;TOTAL DAS RECEITAS (III) = (I + II);siconfi-cor_TotalReceitas;381894416.77
Prefeitura Municipal de Pedranï¿½polis - SP;PEDRANOPOLIS;SP;2468;Receitas Brutas Realizadas;TOTAL DAS RECEITAS (III) = (I + II);siconfi-cor_TotalReceitas;33715296.05
Prefeitura Municipal de Taquarivaï¿½ - SP;TAQUARIVAI;SP;5968;Receitas Brutas Realizadas;TOTAL DAS RECEITAS (III) = (I + II);siconfi-cor_TotalReceitas;46557779.99
Prefeitura Municipal de Caï¿½apava - SP;CACAPAVA;SP;95752;Receitas Brutas Realizadas;TOTAL DAS RECEITAS (III) = (I + II);siconfi-cor_TotalReceitas;429975172.63
Prefeitura Municipal de Colï¿½mbia - SP;COLOMBIA;SP;6223;Receitas Brutas Realizadas;TOTAL DAS RECEITAS (III) = (I + II);siconfi-cor_TotalReceitas;79027745.45
Prefeitura Municipal de Echaporï¿½ - SP;ECHAPORA;SP;6026;Receitas Brutas Realizadas;TOTAL DAS RECEITAS (III) = (I + II);siconfi-cor_TotalReceitas;39482163.14
Prefeitura Municipal de Ituverava - SP;ITUVERAVA;SP;42259;Receitas Brutas Realizadas;TOTAL DAS RECEITAS (III) = (I + II);siconfi-cor_TotalReceitas;252911599.23
Prefeitura Municipal de Agudos - SP;AGUDOS;SP;37582;Receitas Brutas Realizadas;TOTAL DAS RECEITAS (III) = (I + II);siconfi-cor_TotalReceitas;224804259.92
Prefeitura Municipal de Ilha Solteira - SP;ILHA SOLTEIRA;SP;26886;Receitas Brutas Realizadas;TOTAL DAS RECEITAS (III) = (I + II);siconfi-cor_TotalReceitas;234624967.18
Prefeitura Municipal de Nova Alianï¿½a - SP;NOVA ALIANCA;SP;7161;Receitas Brutas Realizadas;TOTAL DAS RECEITAS (III) = (I + II);siconfi-cor_TotalReceitas;47980876.31
Prefeitura Municipal de Mendonï¿½a - SP;MENDONCA;SP;5638;Receitas Brutas Realizadas;TOTAL DAS RECEITAS (III) = (I + II);siconfi-cor_TotalReceitas;55725342.57
Prefeitura Municipal de Neves Paulista - SP;NEVES PAULISTA;SP;8917;Receitas Brutas Realizadas;TOTAL DAS RECEITAS (III) = (I + II);siconfi-cor_TotalReceitas;53786444.85
Prefeitura Municipal de Mira Estrela - SP;MIRA ESTRELA;SP;3125;Receitas Brutas Realizadas;TOTAL DAS RECEITAS (III) = (I + II);siconfi-cor_TotalReceitas;39754053.73
Prefeitura Municipal de Capela do Alto - SP;CAPELA DO ALTO;SP;21257;Receitas Brutas Realizadas;TOTAL DAS RECEITAS (III) = (I + II);siconfi-cor_TotalReceitas;110803622.29
Prefeitura Municipal de Itirapina - SP;ITIRAPINA;SP;18610;Receitas Brutas Realizadas;TOTAL DAS RECEITAS (III) = (I + II);siconfi-cor_TotalReceitas;134859655.96
Prefeitura Municipal de Guapiaï¿½u - SP;GUAPIACU;SP;22087;Receitas Brutas Realizadas;TOTAL DAS RECEITAS (III) = (I + II);siconfi-cor_TotalReceitas;131136945.26
Prefeitura Municipal de Monte Castelo - SP;MONTE CASTELO;SP;4166;Receitas Brutas Realizadas;TOTAL DAS RECEITAS (III) = (I + II);siconfi-cor_TotalReceitas;37777947.33
Prefeitura Municipal de Braganï¿½a Paulista - SP;BRAGANCA PAULISTA;SP;172346;Receitas Brutas Realizadas;TOTAL DAS RECEITAS (III) = (I + II);siconfi-cor_TotalReceitas;891398394.3
Prefeitura Municipal de Pedro de Toledo - SP;PEDRO DE TOLEDO;SP;11507;Receitas Brutas Realizadas;TOTAL DAS RECEITAS (III) = (I + II);siconfi-cor_TotalReceitas;65286160.87
Prefeitura Municipal de Iacanga - SP;IACANGA;SP;12002;Receitas Brutas Realizadas;TOTAL DAS RECEITAS (III) = (I + II);siconfi-cor_TotalReceitas;81485255.13
Prefeitura Municipal de Salto de Pirapora - SP;SALTO DE PIRAPORA;SP;46285;Receitas Brutas Realizadas;TOTAL DAS RECEITAS (III) = (I + II);siconfi-cor_TotalReceitas;239092440.87
Prefeitura Municipal de Jaborandi - SP;JABORANDI;SP;6963;Receitas Brutas Realizadas;TOTAL DAS RECEITAS (III) = (I + II);siconfi-cor_TotalReceitas;54893398.89
Prefeitura Municipal de Magda - SP;MAGDA;SP;3086;Receitas Brutas Realizadas;TOTAL DAS RECEITAS (III) = (I + II);siconfi-cor_TotalReceitas;37758368.18
Prefeitura Municipal de Mirandï¿½polis - SP;MIRANDOPOLIS;SP;29844;Receitas Brutas Realizadas;TOTAL DAS RECEITAS (III) = (I + II);siconfi-cor_TotalReceitas;134787732.53
Prefeitura Municipal de Aguaï¿½ - SP;AGUAI;SP;36981;Receitas Brutas Realizadas;TOTAL DAS RECEITAS (III) = (I + II);siconfi-cor_TotalReceitas;163002453.98
Prefeitura Municipal de Sï¿½o Miguel Arcanjo - SP;SAO MIGUEL ARCANJO;SP;33071;Receitas Brutas Realizadas;TOTAL DAS RECEITAS (III) = (I + II);siconfi-cor_TotalReceitas;148260926.38
Prefeitura Municipal de Embaï¿½ba - SP;EMBAUBA;SP;2446;Receitas Brutas Realizadas;TOTAL DAS RECEITAS (III) = (I + II);siconfi-cor_TotalReceitas;27190092.95
Prefeitura Municipal de Ibiï¿½na - SP;IBIUNA;SP;80062;Receitas Brutas Realizadas;TOTAL DAS RECEITAS (III) = (I + II);siconfi-cor_TotalReceitas;329202884.37
Prefeitura Municipal de Joanï¿½polis - SP;JOANOPOLIS;SP;13453;Receitas Brutas Realizadas;TOTAL DAS RECEITAS (III) = (I + II);siconfi-cor_TotalReceitas;73895504.79
Prefeitura Municipal de Ubarana - SP;UBARANA;SP;6488;Receitas Brutas Realizadas;TOTAL DAS RECEITAS (III) = (I + II);siconfi-cor_TotalReceitas;59098456.81
Prefeitura Municipal de Sumarï¿½ - SP;SUMARE;SP;289875;Receitas Brutas Realizadas;TOTAL DAS RECEITAS (III) = (I + II);siconfi-cor_TotalReceitas;1219498077.58
Prefeitura Municipal de Avanhandava - SP;AVANHANDAVA;SP;14063;Receitas Brutas Realizadas;TOTAL DAS RECEITAS (III) = (I + II);siconfi-cor_TotalReceitas;71836245.12
Prefeitura Municipal de Palmares Paulista - SP;PALMARES PAULISTA;SP;13691;Receitas Brutas Realizadas;TOTAL DAS RECEITAS (III) = (I + II);siconfi-cor_TotalReceitas;50422065.79
Prefeitura Municipal de Morungaba - SP;MORUNGABA;SP;13936;Receitas Brutas Realizadas;TOTAL DAS RECEITAS (III) = (I + II);siconfi-cor_TotalReceitas;88382999.22
Prefeitura Municipal de Pirapora do Bom Jesus - SP;PIRAPORA DO BOM JESUS;SP;19453;Receitas Brutas Realizadas;TOTAL DAS RECEITAS (III) = (I + II);siconfi-cor_TotalReceitas;110190706.11
Prefeitura Municipal de Matï¿½o - SP;MATAO;SP;84069;Receitas Brutas Realizadas;TOTAL DAS RECEITAS (III) = (I + II);siconfi-cor_TotalReceitas;377840786.5
Prefeitura Municipal de Miguelï¿½polis - SP;MIGUELOPOLIS;SP;22480;Receitas Brutas Realizadas;TOTAL DAS RECEITAS (III) = (I + II);siconfi-cor_TotalReceitas;141229506.57
Prefeitura Municipal de Peruï¿½be - SP;PERUIBE;SP;69697;Receitas Brutas Realizadas;TOTAL DAS RECEITAS (III) = (I + II);siconfi-cor_TotalReceitas;442085868.22
Prefeitura Municipal de Votorantim - SP;VOTORANTIM;SP;124468;Receitas Brutas Realizadas;TOTAL DAS RECEITAS (III) = (I + II);siconfi-cor_TotalReceitas;582265519.15
Prefeitura Municipal de Sï¿½o Pedro - SP;SAO PEDRO;SP;36298;Receitas Brutas Realizadas;TOTAL DAS RECEITAS (III) = (I + II);siconfi-cor_TotalReceitas;218829176.4
Prefeitura Municipal de Sï¿½o Manuel - SP;SAO MANUEL;SP;41287;Receitas Brutas Realizadas;TOTAL DAS RECEITAS (III) = (I + II);siconfi-cor_TotalReceitas;205086908.57
Prefeitura Municipal de Sabino - SP;SABINO;SP;5638;Receitas Brutas Realizadas;TOTAL DAS RECEITAS (III) = (I + II);siconfi-cor_TotalReceitas;48655677.99
Prefeitura Municipal de Sï¿½o Josï¿½ dos Campos - SP;SAO JOSE DOS CAMPOS;SP;737310;Receitas Brutas Realizadas;TOTAL DAS RECEITAS (III) = (I + II);siconfi-cor_TotalReceitas;4277758157.69
Prefeitura Municipal de Pariquera-Aï¿½u - SP;PARIQUERA-ACU;SP;19797;Receitas Brutas Realizadas;TOTAL DAS RECEITAS (III) = (I + II);siconfi-cor_TotalReceitas;107075126.83
Prefeitura Municipal de Itobi - SP;ITOBI;SP;7862;Receitas Brutas Realizadas;TOTAL DAS RECEITAS (III) = (I + II);siconfi-cor_TotalReceitas;34895786.92
Prefeitura Municipal de Ibirï¿½ - SP;IBIRA;SP;12639;Receitas Brutas Realizadas;TOTAL DAS RECEITAS (III) = (I + II);siconfi-cor_TotalReceitas;67876149.68
Prefeitura Municipal de Pindorama - SP;PINDORAMA;SP;17378;Receitas Brutas Realizadas;TOTAL DAS RECEITAS (III) = (I + II);siconfi-cor_TotalReceitas;89941365.8
Prefeitura Municipal de Colina - SP;COLINA;SP;18601;Receitas Brutas Realizadas;TOTAL DAS RECEITAS (III) = (I + II);siconfi-cor_TotalReceitas;146898745.93
Prefeitura Municipal de Vargem - SP;VARGEM;SP;10842;Receitas Brutas Realizadas;TOTAL DAS RECEITAS (III) = (I + II);siconfi-cor_TotalReceitas;48535618.68
Prefeitura Municipal de Rio das Pedras - SP;RIO DAS PEDRAS;SP;36233;Receitas Brutas Realizadas;TOTAL DAS RECEITAS (III) = (I + II);siconfi-cor_TotalReceitas;156135625.93
Prefeitura Municipal de Roseira - SP;ROSEIRA;SP;10888;Receitas Brutas Realizadas;TOTAL DAS RECEITAS (III) = (I + II);siconfi-cor_TotalReceitas;62921503.28
Prefeitura Municipal de Cubatï¿½o - SP;CUBATAO;SP;132521;Receitas Brutas Realizadas;TOTAL DAS RECEITAS (III) = (I + II);siconfi-cor_TotalReceitas;1821345436.07
Prefeitura Municipal de Guarulhos - SP;GUARULHOS;SP;1404694;Receitas Brutas Realizadas;TOTAL DAS RECEITAS (III) = (I + II);siconfi-cor_TotalReceitas;6192621072.57
Prefeitura Municipal de Santos - SP;SANTOS;SP;433991;Receitas Brutas Realizadas;TOTAL DAS RECEITAS (III) = (I + II);siconfi-cor_TotalReceitas;4284191164.24
Prefeitura Municipal de Fernï¿½o - SP;FERNAO;SP;1739;Receitas Brutas Realizadas;TOTAL DAS RECEITAS (III) = (I + II);siconfi-cor_TotalReceitas;31349123.22
Prefeitura Municipal de Mogi Guaï¿½u - SP;MOGI GUACU;SP;154146;Receitas Brutas Realizadas;TOTAL DAS RECEITAS (III) = (I + II);siconfi-cor_TotalReceitas;786711619.86
Prefeitura Municipal de Castilho - SP;CASTILHO;SP;21521;Receitas Brutas Realizadas;TOTAL DAS RECEITAS (III) = (I + II);siconfi-cor_TotalReceitas;170771715.22
Prefeitura Municipal de Arco-ï¿½ris - SP;ARCO-IRIS;SP;1755;Receitas Brutas Realizadas;TOTAL DAS RECEITAS (III) = (I + II);siconfi-cor_TotalReceitas;27342465.06
Prefeitura Municipal de Garï¿½a - SP;GARCA;SP;44429;Receitas Brutas Realizadas;TOTAL DAS RECEITAS (III) = (I + II);siconfi-cor_TotalReceitas;254215138.07
Prefeitura Municipal de Sï¿½o Josï¿½ do Rio Preto - SP;SAO JOSE DO RIO PRETO;SP;469173;Receitas Brutas Realizadas;TOTAL DAS RECEITAS (III) = (I + II);siconfi-cor_TotalReceitas;2784507244.41
Prefeitura Municipal de Bastos - SP;BASTOS;SP;20952;Receitas Brutas Realizadas;TOTAL DAS RECEITAS (III) = (I + II);siconfi-cor_TotalReceitas;122271329.14
Prefeitura Municipal de Herculï¿½ndia - SP;HERCULANDIA;SP;9649;Receitas Brutas Realizadas;TOTAL DAS RECEITAS (III) = (I + II);siconfi-cor_TotalReceitas;55988653.2
Prefeitura Municipal de Pirassununga - SP;PIRASSUNUNGA;SP;77330;Receitas Brutas Realizadas;TOTAL DAS RECEITAS (III) = (I + II);siconfi-cor_TotalReceitas;377180490.79
Prefeitura Municipal de Queiroz - SP;QUEIROZ;SP;3513;Receitas Brutas Realizadas;TOTAL DAS RECEITAS (III) = (I + II);siconfi-cor_TotalReceitas;49975874.33
Prefeitura Municipal de Quintana - SP;QUINTANA;SP;6736;Receitas Brutas Realizadas;TOTAL DAS RECEITAS (III) = (I + II);siconfi-cor_TotalReceitas;51712244.88
Prefeitura Municipal de Taquarituba - SP;TAQUARITUBA;SP;23292;Receitas Brutas Realizadas;TOTAL DAS RECEITAS (III) = (I + II);siconfi-cor_TotalReceitas;139675991.72
Prefeitura Municipal de Fernando Prestes - SP;FERNANDO PRESTES;SP;5805;Receitas Brutas Realizadas;TOTAL DAS RECEITAS (III) = (I + II);siconfi-cor_TotalReceitas;46561133.42
Prefeitura Municipal de Itanhaï¿½m - SP;ITANHAEM;SP;104351;Receitas Brutas Realizadas;TOTAL DAS RECEITAS (III) = (I + II);siconfi-cor_TotalReceitas;639427019.89
Prefeitura Municipal de Natividade da Serra - SP;NATIVIDADE DA SERRA;SP;6624;Receitas Brutas Realizadas;TOTAL DAS RECEITAS (III) = (I + II);siconfi-cor_TotalReceitas;46245440.67
Prefeitura Municipal de Pirangi - SP;PIRANGI;SP;11524;Receitas Brutas Realizadas;TOTAL DAS RECEITAS (III) = (I + II);siconfi-cor_TotalReceitas;61799212.37
Prefeitura Municipal de Paulï¿½nia - SP;PAULINIA;SP;114508;Receitas Brutas Realizadas;TOTAL DAS RECEITAS (III) = (I + II);siconfi-cor_TotalReceitas;2440620224.93
Prefeitura Municipal de Piracaia - SP;PIRACAIA;SP;27617;Receitas Brutas Realizadas;TOTAL DAS RECEITAS (III) = (I + II);siconfi-cor_TotalReceitas;142813516.98
Prefeitura Municipal de Rio Claro - SP;RIO CLARO;SP;209548;Receitas Brutas Realizadas;TOTAL DAS RECEITAS (III) = (I + II);siconfi-cor_TotalReceitas;1253696289.2
Prefeitura Municipal de Araras - SP;ARARAS;SP;136739;Receitas Brutas Realizadas;TOTAL DAS RECEITAS (III) = (I + II);siconfi-cor_TotalReceitas;892991479.22
Prefeitura Municipal de Severï¿½nia - SP;SEVERINIA;SP;17820;Receitas Brutas Realizadas;TOTAL DAS RECEITAS (III) = (I + II);siconfi-cor_TotalReceitas;96456398.52
Prefeitura Municipal de Santa Cruz da Conceiï¿½ï¿½o - SP;SANTA CRUZ DA CONCEICAO;SP;4584;Receitas Brutas Realizadas;TOTAL DAS RECEITAS (III) = (I + II);siconfi-cor_TotalReceitas;39386674.54
Prefeitura Municipal de Euclides da Cunha Paulista - SP;EUCLIDES DA CUNHA PAULISTA;SP;9280;Receitas Brutas Realizadas;TOTAL DAS RECEITAS (III) = (I + II);siconfi-cor_TotalReceitas;52993916.69
Prefeitura Municipal de Reginï¿½polis - SP;REGINOPOLIS;SP;10047;Receitas Brutas Realizadas;TOTAL DAS RECEITAS (III) = (I + II);siconfi-cor_TotalReceitas;48857011.54
Prefeitura Municipal de Ibatï¿½ - SP;IBATE;SP;35830;Receitas Brutas Realizadas;TOTAL DAS RECEITAS (III) = (I + II);siconfi-cor_TotalReceitas;158908121.27
Prefeitura Municipal de Mogi Mirim - SP;MOGI MIRIM;SP;94098;Receitas Brutas Realizadas;TOTAL DAS RECEITAS (III) = (I + II);siconfi-cor_TotalReceitas;641627679.25
Prefeitura Municipal de Botucatu - SP;BOTUCATU;SP;149718;Receitas Brutas Realizadas;TOTAL DAS RECEITAS (III) = (I + II);siconfi-cor_TotalReceitas;724770160.1
Prefeitura Municipal de Artur Nogueira - SP;ARTUR NOGUEIRA;SP;56247;Receitas Brutas Realizadas;TOTAL DAS RECEITAS (III) = (I + II);siconfi-cor_TotalReceitas;273728602.6
Prefeitura Municipal de Porto Ferreira - SP;PORTO FERREIRA;SP;56848;Receitas Brutas Realizadas;TOTAL DAS RECEITAS (III) = (I + II);siconfi-cor_TotalReceitas;330485858.57
Prefeitura Municipal de Tatuï¿½ - SP;TATUI;SP;124134;Receitas Brutas Realizadas;TOTAL DAS RECEITAS (III) = (I + II);siconfi-cor_TotalReceitas;577441658.9
Prefeitura Municipal de Cruzeiro - SP;CRUZEIRO;SP;82895;Receitas Brutas Realizadas;TOTAL DAS RECEITAS (III) = (I + II);siconfi-cor_TotalReceitas;348234809.27
Prefeitura Municipal de Murutinga do Sul - SP;MURUTINGA DO SUL;SP;4525;Receitas Brutas Realizadas;TOTAL DAS RECEITAS (III) = (I + II);siconfi-cor_TotalReceitas;35405253.54
Prefeitura Municipal de Poï¿½ - SP;POA;SP;119221;Receitas Brutas Realizadas;TOTAL DAS RECEITAS (III) = (I + II);siconfi-cor_TotalReceitas;441832744.98
Prefeitura Municipal de Itajobi - SP;ITAJOBI;SP;15331;Receitas Brutas Realizadas;TOTAL DAS RECEITAS (III) = (I + II);siconfi-cor_TotalReceitas;119584249.37
Prefeitura Municipal de Lenï¿½ï¿½is Paulista - SP;LENCOIS PAULISTA;SP;69533;Receitas Brutas Realizadas;TOTAL DAS RECEITAS (III) = (I + II);siconfi-cor_TotalReceitas;479806570.68
Prefeitura Municipal de Biritiba-Mirim - SP;BIRITIBA MIRIM;SP;33265;Receitas Brutas Realizadas;TOTAL DAS RECEITAS (III) = (I + II);siconfi-cor_TotalReceitas;151853748.8
Prefeitura Municipal de Guararapes - SP;GUARARAPES;SP;33257;Receitas Brutas Realizadas;TOTAL DAS RECEITAS (III) = (I + II);siconfi-cor_TotalReceitas;171178224.25
Prefeitura Municipal de Caiuï¿½ - SP;CAIUA;SP;6017;Receitas Brutas Realizadas;TOTAL DAS RECEITAS (III) = (I + II);siconfi-cor_TotalReceitas;50933695.65
Prefeitura Municipal de Ilha Comprida - SP;ILHA COMPRIDA;SP;11552;Receitas Brutas Realizadas;TOTAL DAS RECEITAS (III) = (I + II);siconfi-cor_TotalReceitas;145104590.03
Prefeitura Municipal de Itï¿½polis - SP;ITAPOLIS;SP;43536;Receitas Brutas Realizadas;TOTAL DAS RECEITAS (III) = (I + II);siconfi-cor_TotalReceitas;214951404.86
Prefeitura Municipal de Cajamar - SP;CAJAMAR;SP;79034;Receitas Brutas Realizadas;TOTAL DAS RECEITAS (III) = (I + II);siconfi-cor_TotalReceitas;1037751955.71
Prefeitura Municipal de Araï¿½atuba - SP;ARACATUBA;SP;199210;Receitas Brutas Realizadas;TOTAL DAS RECEITAS (III) = (I + II);siconfi-cor_TotalReceitas;904958913.44
Prefeitura Municipal de Jaboticabal - SP;JABOTICABAL;SP;78029;Receitas Brutas Realizadas;TOTAL DAS RECEITAS (III) = (I + II);siconfi-cor_TotalReceitas;479743095.57
Prefeitura Municipal de Monte Azul Paulista - SP;MONTE AZUL PAULISTA;SP;18928;Receitas Brutas Realizadas;TOTAL DAS RECEITAS (III) = (I + II);siconfi-cor_TotalReceitas;131357156.11
Prefeitura Municipal de Orlï¿½ndia - SP;ORLANDIA;SP;44682;Receitas Brutas Realizadas;TOTAL DAS RECEITAS (III) = (I + II);siconfi-cor_TotalReceitas;288246930.19
Prefeitura Municipal de Cosmï¿½polis - SP;COSMOPOLIS;SP;74662;Receitas Brutas Realizadas;TOTAL DAS RECEITAS (III) = (I + II);siconfi-cor_TotalReceitas;300638673.02
Prefeitura Municipal de Canitar - SP;CANITAR;SP;5365;Receitas Brutas Realizadas;TOTAL DAS RECEITAS (III) = (I + II);siconfi-cor_TotalReceitas;37553465.39
Prefeitura Municipal de Tarumï¿½ - SP;TARUMA;SP;15361;Receitas Brutas Realizadas;TOTAL DAS RECEITAS (III) = (I + II);siconfi-cor_TotalReceitas;116889411.73
Prefeitura Municipal de Emilianï¿½polis - SP;EMILIANOPOLIS;SP;3238;Receitas Brutas Realizadas;TOTAL DAS RECEITAS (III) = (I + II);siconfi-cor_TotalReceitas;29529843.13
Prefeitura Municipal de Pedrinhas Paulista - SP;PEDRINHAS PAULISTA;SP;3109;Receitas Brutas Realizadas;TOTAL DAS RECEITAS (III) = (I + II);siconfi-cor_TotalReceitas;37675942.66
Prefeitura Municipal de Ferraz de Vasconcelos - SP;FERRAZ DE VASCONCELOS;SP;198661;Receitas Brutas Realizadas;TOTAL DAS RECEITAS (III) = (I + II);siconfi-cor_TotalReceitas;627961167.01
Prefeitura Municipal de Bertioga - SP;BERTIOGA;SP;66154;Receitas Brutas Realizadas;TOTAL DAS RECEITAS (III) = (I + II);siconfi-cor_TotalReceitas;898939140.12
Prefeitura Municipal de Nova Granada - SP;NOVA GRANADA;SP;21871;Receitas Brutas Realizadas;TOTAL DAS RECEITAS (III) = (I + II);siconfi-cor_TotalReceitas;91011675.76
Prefeitura Municipal de Bocaina - SP;BOCAINA;SP;12571;Receitas Brutas Realizadas;TOTAL DAS RECEITAS (III) = (I + II);siconfi-cor_TotalReceitas;71591081.16
Prefeitura Municipal de Pedreira - SP;PEDREIRA;SP;48992;Receitas Brutas Realizadas;TOTAL DAS RECEITAS (III) = (I + II);siconfi-cor_TotalReceitas;248272599.52
Prefeitura Municipal de Estiva Gerbi - SP;ESTIVA GERBI;SP;11507;Receitas Brutas Realizadas;TOTAL DAS RECEITAS (III) = (I + II);siconfi-cor_TotalReceitas;72284247.28
Prefeitura Municipal de Oriente - SP;ORIENTE;SP;6569;Receitas Brutas Realizadas;TOTAL DAS RECEITAS (III) = (I + II);siconfi-cor_TotalReceitas;38852678.97
Prefeitura Municipal de Porto Feliz - SP;PORTO FELIZ;SP;53698;Receitas Brutas Realizadas;TOTAL DAS RECEITAS (III) = (I + II);siconfi-cor_TotalReceitas;459466976.55
Prefeitura Municipal de Tapiraï¿½ - SP;TAPIRAI;SP;7725;Receitas Brutas Realizadas;TOTAL DAS RECEITAS (III) = (I + II);siconfi-cor_TotalReceitas;50941699.05
Prefeitura Municipal de Santana da Ponte Pensa - SP;SANTANA DA PONTE PENSA;SP;1448;Receitas Brutas Realizadas;TOTAL DAS RECEITAS (III) = (I + II);siconfi-cor_TotalReceitas;26231032.11
Prefeitura Municipal de Adamantina - SP;ADAMANTINA;SP;35153;Receitas Brutas Realizadas;TOTAL DAS RECEITAS (III) = (I + II);siconfi-cor_TotalReceitas;268875962.04
Prefeitura Municipal de Sebastianï¿½polis do Sul - SP;SEBASTIANOPOLIS DO SUL;SP;3595;Receitas Brutas Realizadas;TOTAL DAS RECEITAS (III) = (I + II);siconfi-cor_TotalReceitas;53935882.26
Prefeitura Municipal de Bï¿½lsamo - SP;BALSAMO;SP;9209;Receitas Brutas Realizadas;TOTAL DAS RECEITAS (III) = (I + II);siconfi-cor_TotalReceitas;52666268.07
Prefeitura Municipal de Nantes - SP;NANTES;SP;3215;Receitas Brutas Realizadas;TOTAL DAS RECEITAS (III) = (I + II);siconfi-cor_TotalReceitas;36274256.41
Prefeitura Municipal de Itapecerica da Serra - SP;ITAPECERICA DA SERRA;SP;179574;Receitas Brutas Realizadas;TOTAL DAS RECEITAS (III) = (I + II);siconfi-cor_TotalReceitas;688092231.32
Prefeitura Municipal de Sï¿½o Joï¿½o de Iracema - SP;SAO JOAO DE IRACEMA;SP;1942;Receitas Brutas Realizadas;TOTAL DAS RECEITAS (III) = (I + II);siconfi-cor_TotalReceitas;29092596.43
Prefeitura Municipal de Vargem Grande Paulista - SP;VARGEM GRANDE PAULISTA;SP;54315;Receitas Brutas Realizadas;TOTAL DAS RECEITAS (III) = (I + II);siconfi-cor_TotalReceitas;273776416.49
Prefeitura Municipal de Jandira - SP;JANDIRA;SP;127734;Receitas Brutas Realizadas;TOTAL DAS RECEITAS (III) = (I + II);siconfi-cor_TotalReceitas;519594344.79
Prefeitura Municipal de Caiabu - SP;CAIABU;SP;4195;Receitas Brutas Realizadas;TOTAL DAS RECEITAS (III) = (I + II);siconfi-cor_TotalReceitas;36114581.67
Prefeitura Municipal de ï¿½guas da Prata - SP;AGUAS DA PRATA;SP;8262;Receitas Brutas Realizadas;TOTAL DAS RECEITAS (III) = (I + II);siconfi-cor_TotalReceitas;49185192.57
Prefeitura Municipal de Suzanï¿½polis - SP;SUZANAPOLIS;SP;4063;Receitas Brutas Realizadas;TOTAL DAS RECEITAS (III) = (I + II);siconfi-cor_TotalReceitas;47087668.87
Prefeitura Municipal de Engenheiro Coelho - SP;ENGENHEIRO COELHO;SP;21712;Receitas Brutas Realizadas;TOTAL DAS RECEITAS (III) = (I + II);siconfi-cor_TotalReceitas;107959192.68
Prefeitura Municipal de Iporanga - SP;IPORANGA;SP;4180;Receitas Brutas Realizadas;TOTAL DAS RECEITAS (III) = (I + II);siconfi-cor_TotalReceitas;40050682.68
Prefeitura Municipal de Ribeirï¿½o Bonito - SP;RIBEIRAO BONITO;SP;13376;Receitas Brutas Realizadas;TOTAL DAS RECEITAS (III) = (I + II);siconfi-cor_TotalReceitas;61914414.83
Prefeitura Municipal de Embu das Artes - SP;EMBU DAS ARTES;SP;279264;Receitas Brutas Realizadas;TOTAL DAS RECEITAS (III) = (I + II);siconfi-cor_TotalReceitas;1181330078.02
Prefeitura Municipal de Itapira - SP;ITAPIRA;SP;75683;Receitas Brutas Realizadas;TOTAL DAS RECEITAS (III) = (I + II);siconfi-cor_TotalReceitas;487708229.45
Prefeitura Municipal de Elias Fausto - SP;ELIAS FAUSTO;SP;18095;Receitas Brutas Realizadas;TOTAL DAS RECEITAS (III) = (I + II);siconfi-cor_TotalReceitas;111739224.36
Prefeitura Municipal de Dracena - SP;DRACENA;SP;47287;Receitas Brutas Realizadas;TOTAL DAS RECEITAS (III) = (I + II);siconfi-cor_TotalReceitas;217963417.7
Prefeitura Municipal de Tabapuï¿½ - SP;TABAPUA;SP;12561;Receitas Brutas Realizadas;TOTAL DAS RECEITAS (III) = (I + II);siconfi-cor_TotalReceitas;69922734.77
Prefeitura Municipal de Alambari - SP;ALAMBARI;SP;6231;Receitas Brutas Realizadas;TOTAL DAS RECEITAS (III) = (I + II);siconfi-cor_TotalReceitas;41409300.99
Prefeitura Municipal de Tabatinga - SP;TABATINGA;SP;16787;Receitas Brutas Realizadas;TOTAL DAS RECEITAS (III) = (I + II);siconfi-cor_TotalReceitas;82921609.46
Prefeitura Municipal de Lucï¿½lia - SP;LUCELIA;SP;22022;Receitas Brutas Realizadas;TOTAL DAS RECEITAS (III) = (I + II);siconfi-cor_TotalReceitas;90926780.52
Prefeitura Municipal de Ribeirï¿½o Grande - SP;RIBEIRAO GRANDE;SP;7686;Receitas Brutas Realizadas;TOTAL DAS RECEITAS (III) = (I + II);siconfi-cor_TotalReceitas;50504230.99
Prefeitura Municipal de Boituva - SP;BOITUVA;SP;63310;Receitas Brutas Realizadas;TOTAL DAS RECEITAS (III) = (I + II);siconfi-cor_TotalReceitas;370077019.38
Prefeitura Municipal de Santa Isabel - SP;SANTA ISABEL;SP;58529;Receitas Brutas Realizadas;TOTAL DAS RECEITAS (III) = (I + II);siconfi-cor_TotalReceitas;245862947.04
Prefeitura Municipal de Luiziï¿½nia - SP;LUIZIANIA;SP;5918;Receitas Brutas Realizadas;TOTAL DAS RECEITAS (III) = (I + II);siconfi-cor_TotalReceitas;36921096.74
Prefeitura Municipal de Novo Horizonte - SP;NOVO HORIZONTE;SP;41765;Receitas Brutas Realizadas;TOTAL DAS RECEITAS (III) = (I + II);siconfi-cor_TotalReceitas;221346748.58
Prefeitura Municipal de Embu-Guaï¿½u - SP;EMBU-GUACU;SP;70402;Receitas Brutas Realizadas;TOTAL DAS RECEITAS (III) = (I + II);siconfi-cor_TotalReceitas;239596086.37
Prefeitura Municipal de Tapiratiba - SP;TAPIRATIBA;SP;12940;Receitas Brutas Realizadas;TOTAL DAS RECEITAS (III) = (I + II);siconfi-cor_TotalReceitas;70279986.49
Prefeitura Municipal de Nhandeara - SP;NHANDEARA;SP;11575;Receitas Brutas Realizadas;TOTAL DAS RECEITAS (III) = (I + II);siconfi-cor_TotalReceitas;68063013.46
Prefeitura Municipal de Cï¿½ndido Mota - SP;CANDIDO MOTA;SP;31410;Receitas Brutas Realizadas;TOTAL DAS RECEITAS (III) = (I + II);siconfi-cor_TotalReceitas;200088163.74
Prefeitura Municipal de Pradï¿½polis - SP;PRADOPOLIS;SP;22239;Receitas Brutas Realizadas;TOTAL DAS RECEITAS (III) = (I + II);siconfi-cor_TotalReceitas;140811739.28
Prefeitura Municipal de Nova Canaï¿½ Paulista - SP;NOVA CANAA PAULISTA;SP;1824;Receitas Brutas Realizadas;TOTAL DAS RECEITAS (III) = (I + II);siconfi-cor_TotalReceitas;28838620.5
Prefeitura Municipal de Aparecida d'Oeste - SP;APARECIDA D'OESTE;SP;4122;Receitas Brutas Realizadas;TOTAL DAS RECEITAS (III) = (I + II);siconfi-cor_TotalReceitas;38318237.91
Prefeitura Municipal de Amï¿½rico de Campos - SP;AMERICO DE CAMPOS;SP;5993;Receitas Brutas Realizadas;TOTAL DAS RECEITAS (III) = (I + II);siconfi-cor_TotalReceitas;43060157.29
Prefeitura Municipal de Marï¿½lia - SP;MARILIA;SP;242249;Receitas Brutas Realizadas;TOTAL DAS RECEITAS (III) = (I + II);siconfi-cor_TotalReceitas;1347852849.78
Prefeitura Municipal de Itapuï¿½ - SP;ITAPUI;SP;14297;Receitas Brutas Realizadas;TOTAL DAS RECEITAS (III) = (I + II);siconfi-cor_TotalReceitas;88466295.58
Prefeitura Municipal de Santa Rosa de Viterbo - SP;SANTA ROSA DE VITERBO;SP;26960;Receitas Brutas Realizadas;TOTAL DAS RECEITAS (III) = (I + II);siconfi-cor_TotalReceitas;119558152.23
Prefeitura Municipal de Vargem Grande do Sul - SP;VARGEM GRANDE DO SUL;SP;43368;Receitas Brutas Realizadas;TOTAL DAS RECEITAS (III) = (I + II);siconfi-cor_TotalReceitas;209608429.4
Prefeitura Municipal de Cunha - SP;CUNHA;SP;21373;Receitas Brutas Realizadas;TOTAL DAS RECEITAS (III) = (I + II);siconfi-cor_TotalReceitas;110053177.56
Prefeitura Municipal de Pracinha - SP;PRACINHA;SP;4327;Receitas Brutas Realizadas;TOTAL DAS RECEITAS (III) = (I + II);siconfi-cor_TotalReceitas;24499004.38
Prefeitura Municipal de Guaiï¿½ara - SP;GUAICARA;SP;12416;Receitas Brutas Realizadas;TOTAL DAS RECEITAS (III) = (I + II);siconfi-cor_TotalReceitas;62987061.56
Prefeitura Municipal de Taiï¿½va - SP;TAIUVA;SP;5562;Receitas Brutas Realizadas;TOTAL DAS RECEITAS (III) = (I + II);siconfi-cor_TotalReceitas;36410860.52
Prefeitura Municipal de Sï¿½o Carlos - SP;SAO CARLOS;SP;256915;Receitas Brutas Realizadas;TOTAL DAS RECEITAS (III) = (I + II);siconfi-cor_TotalReceitas;1266421165.1
Prefeitura Municipal de Angatuba - SP;ANGATUBA;SP;25724;Receitas Brutas Realizadas;TOTAL DAS RECEITAS (III) = (I + II);siconfi-cor_TotalReceitas;142864479.21
Prefeitura Municipal de Ubirajara - SP;UBIRAJARA;SP;4828;Receitas Brutas Realizadas;TOTAL DAS RECEITAS (III) = (I + II);siconfi-cor_TotalReceitas;39467997.94
Prefeitura Municipal de Pereiras - SP;PEREIRAS;SP;8875;Receitas Brutas Realizadas;TOTAL DAS RECEITAS (III) = (I + II);siconfi-cor_TotalReceitas;46527317.99
Prefeitura Municipal de Jacupiranga - SP;JACUPIRANGA;SP;17911;Receitas Brutas Realizadas;TOTAL DAS RECEITAS (III) = (I + II);siconfi-cor_TotalReceitas;92114638.34
Prefeitura Municipal de General Salgado - SP;GENERAL SALGADO;SP;10855;Receitas Brutas Realizadas;TOTAL DAS RECEITAS (III) = (I + II);siconfi-cor_TotalReceitas;73628950.64
Prefeitura Municipal de Nipoï¿½ - SP;NIPOA;SP;5381;Receitas Brutas Realizadas;TOTAL DAS RECEITAS (III) = (I + II);siconfi-cor_TotalReceitas;31421856.78
Prefeitura Municipal de Mirassolï¿½ndia - SP;MIRASSOLANDIA;SP;4966;Receitas Brutas Realizadas;TOTAL DAS RECEITAS (III) = (I + II);siconfi-cor_TotalReceitas;36386683.95
Prefeitura Municipal de Guaï¿½ra - SP;GUAIRA;SP;41283;Receitas Brutas Realizadas;TOTAL DAS RECEITAS (III) = (I + II);siconfi-cor_TotalReceitas;321541945.29
Prefeitura Municipal de Taciba - SP;TACIBA;SP;6371;Receitas Brutas Realizadas;TOTAL DAS RECEITAS (III) = (I + II);siconfi-cor_TotalReceitas;61611037.42
Prefeitura Municipal de Panorama - SP;PANORAMA;SP;15944;Receitas Brutas Realizadas;TOTAL DAS RECEITAS (III) = (I + II);siconfi-cor_TotalReceitas;76467459.14
Prefeitura Municipal de Assis - SP;ASSIS;SP;105768;Receitas Brutas Realizadas;TOTAL DAS RECEITAS (III) = (I + II);siconfi-cor_TotalReceitas;583846663.32
Prefeitura Municipal de Serra Azul - SP;SERRA AZUL;SP;15292;Receitas Brutas Realizadas;TOTAL DAS RECEITAS (III) = (I + II);siconfi-cor_TotalReceitas;58333033.76
Prefeitura Municipal de Marapoama - SP;MARAPOAMA;SP;3097;Receitas Brutas Realizadas;TOTAL DAS RECEITAS (III) = (I + II);siconfi-cor_TotalReceitas;36774558.75
Prefeitura Municipal de Onda Verde - SP;ONDA VERDE;SP;4462;Receitas Brutas Realizadas;TOTAL DAS RECEITAS (III) = (I + II);siconfi-cor_TotalReceitas;47924997.49
Prefeitura Municipal de Louveira - SP;LOUVEIRA;SP;51007;Receitas Brutas Realizadas;TOTAL DAS RECEITAS (III) = (I + II);siconfi-cor_TotalReceitas;689155575.56
Prefeitura Municipal de Pedregulho - SP;PEDREGULHO;SP;16876;Receitas Brutas Realizadas;TOTAL DAS RECEITAS (III) = (I + II);siconfi-cor_TotalReceitas;102426377.64
Prefeitura Municipal de Pedra Bela - SP;PEDRA BELA;SP;6127;Receitas Brutas Realizadas;TOTAL DAS RECEITAS (III) = (I + II);siconfi-cor_TotalReceitas;40334265.07
Prefeitura Municipal de Paraï¿½so - SP;PARAISO;SP;6536;Receitas Brutas Realizadas;TOTAL DAS RECEITAS (III) = (I + II);siconfi-cor_TotalReceitas;53705013.69
Prefeitura Municipal de Piquete - SP;PIQUETE;SP;13495;Receitas Brutas Realizadas;TOTAL DAS RECEITAS (III) = (I + II);siconfi-cor_TotalReceitas;68349217.8
Prefeitura Municipal de Leme - SP;LEME;SP;105273;Receitas Brutas Realizadas;TOTAL DAS RECEITAS (III) = (I + II);siconfi-cor_TotalReceitas;556675528.29
Prefeitura Municipal de Santa Lï¿½cia - SP;SANTA LUCIA;SP;8889;Receitas Brutas Realizadas;TOTAL DAS RECEITAS (III) = (I + II);siconfi-cor_TotalReceitas;38826386.67
Prefeitura Municipal de Manduri - SP;MANDURI;SP;9972;Receitas Brutas Realizadas;TOTAL DAS RECEITAS (III) = (I + II);siconfi-cor_TotalReceitas;57072407.46
Prefeitura Municipal de Pereira Barreto - SP;PEREIRA BARRETO;SP;25685;Receitas Brutas Realizadas;TOTAL DAS RECEITAS (III) = (I + II);siconfi-cor_TotalReceitas;158952096.5
Prefeitura Municipal de Zacarias - SP;ZACARIAS;SP;2784;Receitas Brutas Realizadas;TOTAL DAS RECEITAS (III) = (I + II);siconfi-cor_TotalReceitas;41751046.39
Prefeitura Municipal de Franco da Rocha - SP;FRANCO DA ROCHA;SP;158438;Receitas Brutas Realizadas;TOTAL DAS RECEITAS (III) = (I + II);siconfi-cor_TotalReceitas;669251818.11
Prefeitura Municipal de Suzano - SP;SUZANO;SP;303397;Receitas Brutas Realizadas;TOTAL DAS RECEITAS (III) = (I + II);siconfi-cor_TotalReceitas;1381700998.72
Prefeitura Municipal de Flora Rica - SP;FLORA RICA;SP;1397;Receitas Brutas Realizadas;TOTAL DAS RECEITAS (III) = (I + II);siconfi-cor_TotalReceitas;25421633.06
Prefeitura Municipal de Arujï¿½ - SP;ARUJA;SP;92453;Receitas Brutas Realizadas;TOTAL DAS RECEITAS (III) = (I + II);siconfi-cor_TotalReceitas;528443048.9
Prefeitura Municipal de Trabiju - SP;TRABIJU;SP;1752;Receitas Brutas Realizadas;TOTAL DAS RECEITAS (III) = (I + II);siconfi-cor_TotalReceitas;24274034.57
Prefeitura Municipal de Patrocï¿½nio Paulista - SP;PATROCINIO PAULISTA;SP;14941;Receitas Brutas Realizadas;TOTAL DAS RECEITAS (III) = (I + II);siconfi-cor_TotalReceitas;92313507.64
Prefeitura Municipal de Monteiro Lobato - SP;MONTEIRO LOBATO;SP;4739;Receitas Brutas Realizadas;TOTAL DAS RECEITAS (III) = (I + II);siconfi-cor_TotalReceitas;36190298.69
Prefeitura Municipal de Amï¿½rico Brasiliense - SP;AMERICO BRASILIENSE;SP;41545;Receitas Brutas Realizadas;TOTAL DAS RECEITAS (III) = (I + II);siconfi-cor_TotalReceitas;170812707.64
Prefeitura Municipal de Turmalina - SP;TURMALINA;SP;1667;Receitas Brutas Realizadas;TOTAL DAS RECEITAS (III) = (I + II);siconfi-cor_TotalReceitas;31256494.12
Prefeitura Municipal de Bom Jesus dos Perdï¿½es - SP;BOM JESUS DOS PERDOES;SP;26506;Receitas Brutas Realizadas;TOTAL DAS RECEITAS (III) = (I + II);siconfi-cor_TotalReceitas;152759369.65
Prefeitura Municipal de Itirapuï¿½ - SP;ITIRAPUA;SP;6587;Receitas Brutas Realizadas;TOTAL DAS RECEITAS (III) = (I + II);siconfi-cor_TotalReceitas;32641764.02
Prefeitura Municipal de Taubatï¿½ - SP;TAUBATE;SP;320820;Receitas Brutas Realizadas;TOTAL DAS RECEITAS (III) = (I + II);siconfi-cor_TotalReceitas;1642351807.58
Prefeitura Municipal de Socorro - SP;SOCORRO;SP;41690;Receitas Brutas Realizadas;TOTAL DAS RECEITAS (III) = (I + II);siconfi-cor_TotalReceitas;180245470.0
Prefeitura Municipal de Rosana - SP;ROSANA;SP;15929;Receitas Brutas Realizadas;TOTAL DAS RECEITAS (III) = (I + II);siconfi-cor_TotalReceitas;147945626.36
Prefeitura Municipal de Irapuï¿½ - SP;IRAPUA;SP;8101;Receitas Brutas Realizadas;TOTAL DAS RECEITAS (III) = (I + II);siconfi-cor_TotalReceitas;43164475.9
Prefeitura Municipal de Boracï¿½ia - SP;BORACEIA;SP;4913;Receitas Brutas Realizadas;TOTAL DAS RECEITAS (III) = (I + II);siconfi-cor_TotalReceitas;41026111.62
Prefeitura Municipal de Tarabai - SP;TARABAI;SP;7609;Receitas Brutas Realizadas;TOTAL DAS RECEITAS (III) = (I + II);siconfi-cor_TotalReceitas;46477798.46
Prefeitura Municipal de Santo Antï¿½nio do Pinhal - SP;SANTO ANTONIO DO PINHAL;SP;6843;Receitas Brutas Realizadas;TOTAL DAS RECEITAS (III) = (I + II);siconfi-cor_TotalReceitas;51241534.11
Prefeitura Municipal de Serra Negra - SP;SERRA NEGRA;SP;29669;Receitas Brutas Realizadas;TOTAL DAS RECEITAS (III) = (I + II);siconfi-cor_TotalReceitas;170885680.57
Prefeitura Municipal de Rubiï¿½cea - SP;RUBIACEA;SP;3195;Receitas Brutas Realizadas;TOTAL DAS RECEITAS (III) = (I + II);siconfi-cor_TotalReceitas;33212147.25
Prefeitura Municipal de Pontalinda - SP;PONTALINDA;SP;4719;Receitas Brutas Realizadas;TOTAL DAS RECEITAS (III) = (I + II);siconfi-cor_TotalReceitas;32414645.48
Prefeitura Municipal de Auriflama - SP;AURIFLAMA;SP;15316;Receitas Brutas Realizadas;TOTAL DAS RECEITAS (III) = (I + II);siconfi-cor_TotalReceitas;81465067.88
Prefeitura Municipal de Pontal - SP;PONTAL;SP;51717;Receitas Brutas Realizadas;TOTAL DAS RECEITAS (III) = (I + II);siconfi-cor_TotalReceitas;202393481.28
Prefeitura Municipal de Indiana - SP;INDIANA;SP;4873;Receitas Brutas Realizadas;TOTAL DAS RECEITAS (III) = (I + II);siconfi-cor_TotalReceitas;30201679.8
Prefeitura Municipal de Taiaï¿½u - SP;TAIACU;SP;6346;Receitas Brutas Realizadas;TOTAL DAS RECEITAS (III) = (I + II);siconfi-cor_TotalReceitas;38680582.48
Prefeitura Municipal de Ribeirï¿½o Branco - SP;RIBEIRAO BRANCO;SP;15984;Receitas Brutas Realizadas;TOTAL DAS RECEITAS (III) = (I + II);siconfi-cor_TotalReceitas;84643828.9
Prefeitura Municipal de Salto Grande - SP;SALTO GRANDE;SP;9396;Receitas Brutas Realizadas;TOTAL DAS RECEITAS (III) = (I + II);siconfi-cor_TotalReceitas;51955045.5
Prefeitura Municipal de Orindiï¿½va - SP;ORINDIUVA;SP;7318;Receitas Brutas Realizadas;TOTAL DAS RECEITAS (III) = (I + II);siconfi-cor_TotalReceitas;64521670.67
Prefeitura Municipal de Santa Rita do Passa Quatro - SP;SANTA RITA DO PASSA QUATRO;SP;27641;Receitas Brutas Realizadas;TOTAL DAS RECEITAS (III) = (I + II);siconfi-cor_TotalReceitas;150330901.17
Prefeitura Municipal de Araraquara - SP;ARARAQUARA;SP;240542;Receitas Brutas Realizadas;TOTAL DAS RECEITAS (III) = (I + II);siconfi-cor_TotalReceitas;1347668243.75
Prefeitura Municipal de Valparaï¿½so - SP;VALPARAISO;SP;27154;Receitas Brutas Realizadas;TOTAL DAS RECEITAS (III) = (I + II);siconfi-cor_TotalReceitas;147962623.81
Prefeitura Municipal de Monï¿½ï¿½es - SP;MONCOES;SP;2274;Receitas Brutas Realizadas;TOTAL DAS RECEITAS (III) = (I + II);siconfi-cor_TotalReceitas;28653937.72
Prefeitura Municipal de Lorena - SP;LORENA;SP;89532;Receitas Brutas Realizadas;TOTAL DAS RECEITAS (III) = (I + II);siconfi-cor_TotalReceitas;376917089.79
Prefeitura Municipal de Conchas - SP;CONCHAS;SP;18138;Receitas Brutas Realizadas;TOTAL DAS RECEITAS (III) = (I + II);siconfi-cor_TotalReceitas;95312170.9
Prefeitura Municipal de Santa Cruz da Esperanï¿½a - SP;SANTA CRUZ DA ESPERANCA;SP;2166;Receitas Brutas Realizadas;TOTAL DAS RECEITAS (III) = (I + II);siconfi-cor_TotalReceitas;28312432.53
Prefeitura Municipal de Paulo de Faria - SP;PAULO DE FARIA;SP;8973;Receitas Brutas Realizadas;TOTAL DAS RECEITAS (III) = (I + II);siconfi-cor_TotalReceitas;66949175.63
Prefeitura Municipal de Populina - SP;POPULINA;SP;4136;Receitas Brutas Realizadas;TOTAL DAS RECEITAS (III) = (I + II);siconfi-cor_TotalReceitas;40790214.67
Prefeitura Municipal de Sï¿½o Joï¿½o da Boa Vista - SP;SAO JOAO DA BOA VISTA;SP;92315;Receitas Brutas Realizadas;TOTAL DAS RECEITAS (III) = (I + II);siconfi-cor_TotalReceitas;596785649.54
Prefeitura Municipal de Cajati - SP;CAJATI;SP;28441;Receitas Brutas Realizadas;TOTAL DAS RECEITAS (III) = (I + II);siconfi-cor_TotalReceitas;186687754.53
Prefeitura Municipal de Palmeira d'Oeste - SP;PALMEIRA D'OESTE;SP;9173;Receitas Brutas Realizadas;TOTAL DAS RECEITAS (III) = (I + II);siconfi-cor_TotalReceitas;50694739.9
Prefeitura Municipal de Morro Agudo - SP;MORRO AGUDO;SP;33598;Receitas Brutas Realizadas;TOTAL DAS RECEITAS (III) = (I + II);siconfi-cor_TotalReceitas;214649528.48
Prefeitura Municipal de Guzolï¿½ndia - SP;GUZOLANDIA;SP;5346;Receitas Brutas Realizadas;TOTAL DAS RECEITAS (III) = (I + II);siconfi-cor_TotalReceitas;34744577.33
Prefeitura Municipal de Santo Antï¿½nio do Aracanguï¿½ - SP;SANTO ANTONIO DO ARACANGUA;SP;8541;Receitas Brutas Realizadas;TOTAL DAS RECEITAS (III) = (I + II);siconfi-cor_TotalReceitas;82718235.88
Prefeitura Municipal de Icï¿½m - SP;ICEM;SP;8363;Receitas Brutas Realizadas;TOTAL DAS RECEITAS (III) = (I + II);siconfi-cor_TotalReceitas;75672044.05
Prefeitura Municipal de Paulicï¿½ia - SP;PAULICEIA;SP;7540;Receitas Brutas Realizadas;TOTAL DAS RECEITAS (III) = (I + II);siconfi-cor_TotalReceitas;56933868.58
Prefeitura Municipal de Palestina - SP;PALESTINA;SP;13285;Receitas Brutas Realizadas;TOTAL DAS RECEITAS (III) = (I + II);siconfi-cor_TotalReceitas;79162086.21
Prefeitura Municipal de Altinï¿½polis - SP;ALTINOPOLIS;SP;16221;Receitas Brutas Realizadas;TOTAL DAS RECEITAS (III) = (I + II);siconfi-cor_TotalReceitas;110758436.62
Prefeitura Municipal de ï¿½lvaro de Carvalho - SP;ALVARO DE CARVALHO;SP;5320;Receitas Brutas Realizadas;TOTAL DAS RECEITAS (III) = (I + II);siconfi-cor_TotalReceitas;34876537.62
Prefeitura Municipal de Campina do Monte Alegre - SP;CAMPINA DO MONTE ALEGRE;SP;6088;Receitas Brutas Realizadas;TOTAL DAS RECEITAS (III) = (I + II);siconfi-cor_TotalReceitas;39264947.0
Prefeitura Municipal de Olï¿½mpia - SP;OLIMPIA;SP;55477;Receitas Brutas Realizadas;TOTAL DAS RECEITAS (III) = (I + II);siconfi-cor_TotalReceitas;393123405.89
Prefeitura Municipal de Serrana - SP;SERRANA;SP;46166;Receitas Brutas Realizadas;TOTAL DAS RECEITAS (III) = (I + II);siconfi-cor_TotalReceitas;237538075.38
Prefeitura Municipal de Lupï¿½rcio - SP;LUPERCIO;SP;4608;Receitas Brutas Realizadas;TOTAL DAS RECEITAS (III) = (I + II);siconfi-cor_TotalReceitas;31267186.21
Prefeitura Municipal de Mesï¿½polis - SP;MESOPOLIS;SP;1903;Receitas Brutas Realizadas;TOTAL DAS RECEITAS (III) = (I + II);siconfi-cor_TotalReceitas;26571168.38
Prefeitura Municipal de Guarani d'Oeste - SP;GUARANI D'OESTE;SP;1996;Receitas Brutas Realizadas;TOTAL DAS RECEITAS (III) = (I + II);siconfi-cor_TotalReceitas;26517488.22
Prefeitura Municipal de Sï¿½o Josï¿½ do Rio Pardo - SP;SAO JOSE DO RIO PARDO;SP;55298;Receitas Brutas Realizadas;TOTAL DAS RECEITAS (III) = (I + II);siconfi-cor_TotalReceitas;297102441.24
Prefeitura Municipal de Juquitiba - SP;JUQUITIBA;SP;31844;Receitas Brutas Realizadas;TOTAL DAS RECEITAS (III) = (I + II);siconfi-cor_TotalReceitas;141324028.5
Prefeitura Municipal de Tremembï¿½ - SP;TREMEMBE;SP;48228;Receitas Brutas Realizadas;TOTAL DAS RECEITAS (III) = (I + II);siconfi-cor_TotalReceitas;222877054.93
Prefeitura Municipal de Maracaï¿½ - SP;MARACAI;SP;14069;Receitas Brutas Realizadas;TOTAL DAS RECEITAS (III) = (I + II);siconfi-cor_TotalReceitas;93236570.46
Prefeitura Municipal de Brotas - SP;BROTAS;SP;24862;Receitas Brutas Realizadas;TOTAL DAS RECEITAS (III) = (I + II);siconfi-cor_TotalReceitas;170597226.57
Prefeitura Municipal de Guarï¿½ - SP;GUARA;SP;21394;Receitas Brutas Realizadas;TOTAL DAS RECEITAS (III) = (I + II);siconfi-cor_TotalReceitas;116371599.99
Prefeitura Municipal de Itaporanga - SP;ITAPORANGA;SP;15197;Receitas Brutas Realizadas;TOTAL DAS RECEITAS (III) = (I + II);siconfi-cor_TotalReceitas;75887846.66
Prefeitura Municipal de Torre de Pedra - SP;TORRE DE PEDRA;SP;2432;Receitas Brutas Realizadas;TOTAL DAS RECEITAS (III) = (I + II);siconfi-cor_TotalReceitas;25634911.82
Prefeitura Municipal de Rancharia - SP;RANCHARIA;SP;29743;Receitas Brutas Realizadas;TOTAL DAS RECEITAS (III) = (I + II);siconfi-cor_TotalReceitas;169994509.33
Prefeitura Municipal de Nova Luzitï¿½nia - SP;NOVA LUZITANIA;SP;4217;Receitas Brutas Realizadas;TOTAL DAS RECEITAS (III) = (I + II);siconfi-cor_TotalReceitas;32755567.28
Prefeitura Municipal de Campos do Jordï¿½o - SP;CAMPOS DO JORDAO;SP;52713;Receitas Brutas Realizadas;TOTAL DAS RECEITAS (III) = (I + II);siconfi-cor_TotalReceitas;333121885.67
Prefeitura Municipal de Pardinho - SP;PARDINHO;SP;6579;Receitas Brutas Realizadas;TOTAL DAS RECEITAS (III) = (I + II);siconfi-cor_TotalReceitas;57395003.17
Prefeitura Municipal de Macaubal - SP;MACAUBAL;SP;8174;Receitas Brutas Realizadas;TOTAL DAS RECEITAS (III) = (I + II);siconfi-cor_TotalReceitas;49090294.7
Prefeitura Municipal de Cristais Paulista - SP;CRISTAIS PAULISTA;SP;8803;Receitas Brutas Realizadas;TOTAL DAS RECEITAS (III) = (I + II);siconfi-cor_TotalReceitas;50613021.73
Prefeitura Municipal de Gastï¿½o Vidigal - SP;GASTAO VIDIGAL;SP;4911;Receitas Brutas Realizadas;TOTAL DAS RECEITAS (III) = (I + II);siconfi-cor_TotalReceitas;34174558.3
Prefeitura Municipal de Itapura - SP;ITAPURA;SP;4994;Receitas Brutas Realizadas;TOTAL DAS RECEITAS (III) = (I + II);siconfi-cor_TotalReceitas;46528402.54
Prefeitura Municipal de Cachoeira Paulista - SP;CACHOEIRA PAULISTA;SP;33827;Receitas Brutas Realizadas;TOTAL DAS RECEITAS (III) = (I + II);siconfi-cor_TotalReceitas;128673823.13
Prefeitura Municipal de Brejo Alegre - SP;BREJO ALEGRE;SP;2911;Receitas Brutas Realizadas;TOTAL DAS RECEITAS (III) = (I + II);siconfi-cor_TotalReceitas;32386700.66
Prefeitura Municipal de Taguaï¿½ - SP;TAGUAI;SP;14415;Receitas Brutas Realizadas;TOTAL DAS RECEITAS (III) = (I + II);siconfi-cor_TotalReceitas;71895701.66
Prefeitura Municipal de Catiguï¿½ - SP;CATIGUA;SP;7905;Receitas Brutas Realizadas;TOTAL DAS RECEITAS (III) = (I + II);siconfi-cor_TotalReceitas;39502050.36
Prefeitura Municipal de Nova Castilho - SP;NOVA CASTILHO;SP;1290;Receitas Brutas Realizadas;TOTAL DAS RECEITAS (III) = (I + II);siconfi-cor_TotalReceitas;28908916.74
Prefeitura Municipal de Turiï¿½ba - SP;TURIUBA;SP;2024;Receitas Brutas Realizadas;TOTAL DAS RECEITAS (III) = (I + II);siconfi-cor_TotalReceitas;31923748.38
Prefeitura Municipal de Santo Anastï¿½cio - SP;SANTO ANASTACIO;SP;20855;Receitas Brutas Realizadas;TOTAL DAS RECEITAS (III) = (I + II);siconfi-cor_TotalReceitas;86033070.33
Prefeitura Municipal de Jaï¿½ - SP;JAU;SP;153463;Receitas Brutas Realizadas;TOTAL DAS RECEITAS (III) = (I + II);siconfi-cor_TotalReceitas;624674947.45
Prefeitura Municipal de Ocauï¿½u - SP;OCAUCU;SP;4294;Receitas Brutas Realizadas;TOTAL DAS RECEITAS (III) = (I + II);siconfi-cor_TotalReceitas;37256114.78
Prefeitura Municipal de Ribeira - SP;RIBEIRA;SP;3320;Receitas Brutas Realizadas;TOTAL DAS RECEITAS (III) = (I + II);siconfi-cor_TotalReceitas;32714646.19
Prefeitura Municipal de Barï¿½o de Antonina - SP;BARAO DE ANTONINA;SP;3525;Receitas Brutas Realizadas;TOTAL DAS RECEITAS (III) = (I + II);siconfi-cor_TotalReceitas;34552852.07
Prefeitura Municipal de Gï¿½lia - SP;GALIA;SP;6419;Receitas Brutas Realizadas;TOTAL DAS RECEITAS (III) = (I + II);siconfi-cor_TotalReceitas;42840056.8
Prefeitura Municipal de Cafelï¿½ndia - SP;CAFELANDIA;SP;17917;Receitas Brutas Realizadas;TOTAL DAS RECEITAS (III) = (I + II);siconfi-cor_TotalReceitas;107562396.02
Prefeitura Municipal de Batatais - SP;BATATAIS;SP;63438;Receitas Brutas Realizadas;TOTAL DAS RECEITAS (III) = (I + II);siconfi-cor_TotalReceitas;290644356.09
Prefeitura Municipal de Luï¿½s Antï¿½nio - SP;LUIS ANTONIO;SP;15628;Receitas Brutas Realizadas;TOTAL DAS RECEITAS (III) = (I + II);siconfi-cor_TotalReceitas;126178670.04
Prefeitura Municipal de Guarantï¿½ - SP;GUARANTA;SP;6685;Receitas Brutas Realizadas;TOTAL DAS RECEITAS (III) = (I + II);siconfi-cor_TotalReceitas;45554291.56
Prefeitura Municipal de Taquaral - SP;TAQUARAL;SP;2815;Receitas Brutas Realizadas;TOTAL DAS RECEITAS (III) = (I + II);siconfi-cor_TotalReceitas;30735733.83
Prefeitura Municipal de Ouroeste - SP;OUROESTE;SP;10712;Receitas Brutas Realizadas;TOTAL DAS RECEITAS (III) = (I + II);siconfi-cor_TotalReceitas;119634216.47
Prefeitura Municipal de Guaimbï¿½ - SP;GUAIMBE;SP;5806;Receitas Brutas Realizadas;TOTAL DAS RECEITAS (III) = (I + II);siconfi-cor_TotalReceitas;45048919.46
Prefeitura Municipal de Terra Roxa - SP;TERRA ROXA;SP;9502;Receitas Brutas Realizadas;TOTAL DAS RECEITAS (III) = (I + II);siconfi-cor_TotalReceitas;47613683.34
Prefeitura Municipal de Sï¿½o Josï¿½ da Bela Vista - SP;SAO JOSE DA BELA VISTA;SP;8991;Receitas Brutas Realizadas;TOTAL DAS RECEITAS (III) = (I + II);siconfi-cor_TotalReceitas;42077193.04
Prefeitura Municipal de Igarapava - SP;IGARAPAVA;SP;30791;Receitas Brutas Realizadas;TOTAL DAS RECEITAS (III) = (I + II);siconfi-cor_TotalReceitas;179784584.27
Prefeitura Municipal de Dobrada - SP;DOBRADA;SP;9088;Receitas Brutas Realizadas;TOTAL DAS RECEITAS (III) = (I + II);siconfi-cor_TotalReceitas;39921959.38
Prefeitura Municipal de Salesï¿½polis - SP;SALESOPOLIS;SP;17363;Receitas Brutas Realizadas;TOTAL DAS RECEITAS (III) = (I + II);siconfi-cor_TotalReceitas;87839510.8
Prefeitura Municipal de Buritama - SP;BURITAMA;SP;17414;Receitas Brutas Realizadas;TOTAL DAS RECEITAS (III) = (I + II);siconfi-cor_TotalReceitas;122228053.37
Prefeitura Municipal de Ribeirï¿½o dos ï¿½ndios - SP;RIBEIRAO DOS INDIOS;SP;2222;Receitas Brutas Realizadas;TOTAL DAS RECEITAS (III) = (I + II);siconfi-cor_TotalReceitas;27138054.84
Prefeitura Municipal de Estrela do Norte - SP;ESTRELA DO NORTE;SP;2774;Receitas Brutas Realizadas;TOTAL DAS RECEITAS (III) = (I + II);siconfi-cor_TotalReceitas;31298528.06
Prefeitura Municipal de Monte Alto - SP;MONTE ALTO;SP;51039;Receitas Brutas Realizadas;TOTAL DAS RECEITAS (III) = (I + II);siconfi-cor_TotalReceitas;245794859.61
Prefeitura Municipal de Oscar Bressane - SP;OSCAR BRESSANE;SP;2603;Receitas Brutas Realizadas;TOTAL DAS RECEITAS (III) = (I + II);siconfi-cor_TotalReceitas;14432190.43
Prefeitura Municipal de Brodowski - SP;BRODOWSKI;SP;25605;Receitas Brutas Realizadas;TOTAL DAS RECEITAS (III) = (I + II);siconfi-cor_TotalReceitas;155532101.21
Prefeitura Municipal de Santa Salete - SP;SANTA SALETE;SP;1558;Receitas Brutas Realizadas;TOTAL DAS RECEITAS (III) = (I + II);siconfi-cor_TotalReceitas;24998079.11
Prefeitura Municipal de Canas - SP;CANAS;SP;5268;Receitas Brutas Realizadas;TOTAL DAS RECEITAS (III) = (I + II);siconfi-cor_TotalReceitas;36612147.6
Prefeitura Municipal de Cajuru - SP;CAJURU;SP;26613;Receitas Brutas Realizadas;TOTAL DAS RECEITAS (III) = (I + II);siconfi-cor_TotalReceitas;118783518.18
Prefeitura Municipal de Itaï¿½ca - SP;ITAOCA;SP;3332;Receitas Brutas Realizadas;TOTAL DAS RECEITAS (III) = (I + II);siconfi-cor_TotalReceitas;1361518.11
Prefeitura Municipal de Dourado - SP;DOURADO;SP;8883;Receitas Brutas Realizadas;TOTAL DAS RECEITAS (III) = (I + II);siconfi-cor_TotalReceitas;60903634.5
Prefeitura Municipal de Franca - SP;FRANCA;SP;358539;Receitas Brutas Realizadas;TOTAL DAS RECEITAS (III) = (I + II);siconfi-cor_TotalReceitas;1186686999.48
Prefeitura Municipal de Presidente Epitï¿½cio - SP;PRESIDENTE EPITACIO;SP;44572;Receitas Brutas Realizadas;TOTAL DAS RECEITAS (III) = (I + II);siconfi-cor_TotalReceitas;177739260.44
Prefeitura Municipal de Restinga - SP;RESTINGA;SP;7762;Receitas Brutas Realizadas;TOTAL DAS RECEITAS (III) = (I + II);siconfi-cor_TotalReceitas;47477925.37
Prefeitura Municipal de Uru - SP;URU;SP;1142;Receitas Brutas Realizadas;TOTAL DAS RECEITAS (III) = (I + II);siconfi-cor_TotalReceitas;25639548.85
Prefeitura Municipal de Caconde - SP;CACONDE;SP;19031;Receitas Brutas Realizadas;TOTAL DAS RECEITAS (III) = (I + II);siconfi-cor_TotalReceitas;88990955.81
Prefeitura Municipal de Aparecida - SP;APARECIDA;SP;36211;Receitas Brutas Realizadas;TOTAL DAS RECEITAS (III) = (I + II);siconfi-cor_TotalReceitas;192157021.86
Prefeitura Municipal de Sï¿½o Joï¿½o das Duas Pontes - SP;SAO JOAO DAS DUAS PONTES;SP;2555;Receitas Brutas Realizadas;TOTAL DAS RECEITAS (III) = (I + II);siconfi-cor_TotalReceitas;29913692.19
Prefeitura Municipal de Lourdes - SP;LOURDES;SP;2311;Receitas Brutas Realizadas;TOTAL DAS RECEITAS (III) = (I + II);siconfi-cor_TotalReceitas;27744251.99
Prefeitura Municipal de Paranapuï¿½ - SP;PARANAPUA;SP;4112;Receitas Brutas Realizadas;TOTAL DAS RECEITAS (III) = (I + II);siconfi-cor_TotalReceitas;32574247.66
Prefeitura Municipal de Chavantes - SP;CHAVANTES;SP;12418;Receitas Brutas Realizadas;TOTAL DAS RECEITAS (III) = (I + II);siconfi-cor_TotalReceitas;60422585.6
Prefeitura Municipal de Nazarï¿½ Paulista - SP;NAZARE PAULISTA;SP;18866;Receitas Brutas Realizadas;TOTAL DAS RECEITAS (III) = (I + II);siconfi-cor_TotalReceitas;97298407.13
Prefeitura Municipal de Sï¿½o Roque - SP;SAO ROQUE;SP;93076;Receitas Brutas Realizadas;TOTAL DAS RECEITAS (III) = (I + II);siconfi-cor_TotalReceitas;430499124.72
Prefeitura Municipal de Paraibuna - SP;PARAIBUNA;SP;18302;Receitas Brutas Realizadas;TOTAL DAS RECEITAS (III) = (I + II);siconfi-cor_TotalReceitas;120493308.16
Prefeitura Municipal de Santa Maria da Serra - SP;SANTA MARIA DA SERRA;SP;6298;Receitas Brutas Realizadas;TOTAL DAS RECEITAS (III) = (I + II);siconfi-cor_TotalReceitas;40180667.4
