municipio;nome;latitude;longitude;capital;codigo_uf;siafi_id;ddd;fuso_horario
;Abadia de Goiás;-16,7573;-49,4412;;52;1050;62;America/Sao_Paulo
;Abadia dos Dourados;-18,4831;-47,3916;;31;4001;34;America/Sao_Paulo
;Abadiânia;-16,197;-48,7057;;52;9201;62;America/Sao_Paulo
;Abaeté;-19,1551;-45,4444;;31;4003;37;America/Sao_Paulo
;Abaetetuba;-1,72183;-48,8788;;15;401;91;America/Sao_Paulo
;Abaiara;-7,34588;-39,0416;;23;1301;88;America/Sao_Paulo
;Abaíra;-13,2488;-41,6619;;29;3301;77;America/Sao_Paulo
;Abaré;-8,72073;-39,1162;;29;3303;75;America/Sao_Paulo
;Abatiá;-23,3049;-50,3133;;41;7401;43;America/Sao_Paulo
;Abdon Batista;-27,6126;-51,0233;;42;9939;49;America/Sao_Paulo
;Abel Figueiredo;-4,95333;-48,3933;;15;375;94;America/Sao_Paulo
;Abelardo Luz;-26,5716;-52,3229;;42;8001;49;America/Sao_Paulo
;Abre Campo;-20,2996;-42,4743;;31;4005;31;America/Sao_Paulo
;Abreu e Lima;-7,90072;-34,8984;;26;2631;81;America/Sao_Paulo
;Abreulândia;-9,62101;-49,1518;;17;337;63;America/Sao_Paulo
;Acaiaca;-20,359;-43,1439;;31;4007;31;America/Sao_Paulo
;Açailândia;-4,94714;-47,5004;;21;961;99;America/Sao_Paulo
;Acajutiba;-11,6575;-38,0197;;29;3305;75;America/Sao_Paulo
;Acará;-1,95383;-48,1985;;15;403;91;America/Sao_Paulo
;Acarape;-4,22083;-38,7055;;23;1231;85;America/Sao_Paulo
;Acaraú;-2,88769;-40,1183;;23;1303;88;America/Sao_Paulo
;Acari;-6,4282;-36,6347;;24;1601;84;America/Sao_Paulo
;Acauã;-8,21954;-41,0831;;22;266;89;America/Sao_Paulo
;Aceguá;-31,8665;-54,1615;;43;1118;53;America/Sao_Paulo
;Acopiara;-6,08911;-39,448;;23;1305;88;America/Sao_Paulo
;Acorizal;-15,194;-56,3632;;51;9001;65;America/Porto_Velho
;Acrelândia;-9,82581;-66,8972;;12;643;68;America/Rio_Branco
;Acreúna;-17,396;-50,3749;;52;9645;64;America/Sao_Paulo
;Açu;-5,58362;-36,914;;24;1603;84;America/Sao_Paulo
;Açucena;-19,0671;-42,5419;;31;4009;33;America/Sao_Paulo
ADAMANTINA;Adamantina;-21,682;-51,0737;;35;6101;18;America/Sao_Paulo
;Adelândia;-16,4127;-50,1657;;52;9769;64;America/Sao_Paulo
ADOLFO;Adolfo;-21,2325;-49,6451;;35;6103;17;America/Sao_Paulo
;Adrianópolis;-24,6606;-48,9922;;41;7403;41;America/Sao_Paulo
;Adustina;-10,5437;-38,1113;;29;3253;75;America/Sao_Paulo
;Afogados da Ingazeira;-7,74312;-37,631;;26;2301;87;America/Sao_Paulo
;Afonso Bezerra;-5,49229;-36,5075;;24;1605;84;America/Sao_Paulo
;Afonso Cláudio;-20,0778;-41,1261;;32;5601;27;America/Sao_Paulo
;Afonso Cunha;-4,13631;-43,3275;;21;701;98;America/Sao_Paulo
;Afrânio;-8,51136;-41,0095;;26;2303;87;America/Sao_Paulo
;Afuá;-0,154874;-50,3861;;15;405;91;America/Sao_Paulo
;Agrestina;-8,45966;-35,9447;;26;2305;81;America/Sao_Paulo
;Agricolândia;-5,79676;-42,6664;;22;1001;86;America/Sao_Paulo
;Agrolândia;-27,4087;-49,822;;42;8003;47;America/Sao_Paulo
;Agronômica;-27,2662;-49,708;;42;8005;47;America/Sao_Paulo
;Água Azul do Norte;-6,79053;-50,4791;;15;383;94;America/Sao_Paulo
;Água Boa;-17,9914;-42,3806;;31;4011;33;America/Sao_Paulo
;Água Boa;-14,051;-52,1601;;51;9191;66;America/Porto_Velho
;Água Branca;-5,88856;-42,637;;22;1003;86;America/Sao_Paulo
;Água Branca;-7,51144;-37,6357;;25;1901;83;America/Sao_Paulo
;Água Branca;-9,262;-37,938;;27;2701;82;America/Sao_Paulo
;Água Clara;-20,4452;-52,879;;50;9003;67;America/Porto_Velho
;Água Comprida;-20,0576;-48,1069;;31;4013;34;America/Sao_Paulo
;Água Doce;-26,9985;-51,5528;;42;8007;49;America/Sao_Paulo
;Água Doce do Maranhão;-2,84048;-42,1189;;21;104;98;America/Sao_Paulo
;Água Doce do Norte;-18,5482;-40,9854;;32;5717;27;America/Sao_Paulo
;Água Fria;-11,8618;-38,7639;;29;3307;75;America/Sao_Paulo
;Água Fria de Goiás;-14,9778;-47,7823;;52;9771;62;America/Sao_Paulo
;Água Limpa;-18,0771;-48,7603;;52;9203;64;America/Sao_Paulo
;Água Nova;-6,20351;-38,2941;;24;1607;84;America/Sao_Paulo
;Água Preta;-8,70609;-35,5263;;26;2307;81;America/Sao_Paulo
;Água Santa;-28,1672;-52,031;;43;8499;54;America/Sao_Paulo
AGUAI;Aguaí;-22,0572;-46,9735;;35;6105;19;America/Sao_Paulo
;Aguanil;-20,9439;-45,3915;;31;4015;35;America/Sao_Paulo
;Águas Belas;-9,11125;-37,1226;;26;2309;87;America/Sao_Paulo
AGUAS DA PRATA;Águas da Prata;-21,9319;-46,7176;;35;6107;19;America/Sao_Paulo
;Águas de Chapecó;-27,0754;-52,9808;;42;8009;49;America/Sao_Paulo
AGUAS DE LINDOIA;Águas de Lindóia;-22,4733;-46,6314;;35;6109;19;America/Sao_Paulo
AGUAS DE SANTA BARBARA;Águas de Santa Bárbara;-22,8812;-49,2421;;35;7019;14;America/Sao_Paulo
AGUAS DE SAO PEDRO;Águas de São Pedro;-22,5977;-47,8734;;35;6111;19;America/Sao_Paulo
;Águas Formosas;-17,0802;-40,9384;;31;4017;33;America/Sao_Paulo
;Águas Frias;-26,8794;-52,8568;;42;5577;49;America/Sao_Paulo
;Águas Lindas de Goiás;-15,7617;-48,2816;;52;1052;61;America/Sao_Paulo
;Águas Mornas;-27,6963;-48,8243;;42;8011;48;America/Sao_Paulo
;Águas Vermelhas;-15,7431;-41,4571;;31;4019;33;America/Sao_Paulo
;Agudo;-29,6447;-53,2515;;43;8501;55;America/Sao_Paulo
AGUDOS;Agudos;-22,4694;-48,9863;;35;6113;14;America/Sao_Paulo
;Agudos do Sul;-25,9899;-49,3343;;41;7405;41;America/Sao_Paulo
;Águia Branca;-18,9846;-40,7437;;32;5733;27;America/Sao_Paulo
;Aguiar;-7,0918;-38,1681;;25;1903;83;America/Sao_Paulo
;Aguiarnópolis;-6,55409;-47,4702;;17;72;63;America/Sao_Paulo
;Aimorés;-19,5007;-41,0746;;31;4021;33;America/Sao_Paulo
;Aiquara;-14,1269;-39,8937;;29;3311;73;America/Sao_Paulo
;Aiuaba;-6,57122;-40,1178;;23;1307;88;America/Sao_Paulo
;Aiuruoca;-21,9736;-44,6042;;31;4023;35;America/Sao_Paulo
;Ajuricaba;-28,2342;-53,7757;;43;8503;55;America/Sao_Paulo
;Alagoa;-22,171;-44,6413;;31;4025;35;America/Sao_Paulo
;Alagoa Grande;-7,03943;-35,6206;;25;1905;83;America/Sao_Paulo
;Alagoa Nova;-7,05377;-35,7591;;25;1907;83;America/Sao_Paulo
;Alagoinha;-6,94657;-35,5332;;25;1909;83;America/Sao_Paulo
;Alagoinha;-8,4665;-36,7788;;26;2311;87;America/Sao_Paulo
;Alagoinha do Piauí;-7,00039;-40,9282;;22;9767;89;America/Sao_Paulo
;Alagoinhas;-12,1335;-38,4208;;29;3313;75;America/Sao_Paulo
ALAMBARI;Alambari;-23,5503;-47,898;;35;2995;15;America/Sao_Paulo
;Albertina;-22,2018;-46,6139;;31;4027;35;America/Sao_Paulo
;Alcântara;-2,39574;-44,4062;;21;703;98;America/Sao_Paulo
;Alcântaras;-3,58537;-40,5479;;23;1309;88;America/Sao_Paulo
;Alcantil;-7,73668;-36,0511;;25;440;83;America/Sao_Paulo
;Alcinópolis;-18,3255;-53,7042;;50;141;67;America/Porto_Velho
;Alcobaça;-17,5195;-39,2036;;29;3315;73;America/Sao_Paulo
;Aldeias Altas;-4,62621;-43,4689;;21;705;99;America/Sao_Paulo
;Alecrim;-27,6579;-54,7649;;43;8505;55;America/Sao_Paulo
;Alegre;-20,758;-41,5382;;32;5603;28;America/Sao_Paulo
;Alegrete;-29,7902;-55,7949;;43;8507;55;America/Sao_Paulo
;Alegrete do Piauí;-7,24196;-40,8566;;22;2269;89;America/Sao_Paulo
;Alegria;-27,8345;-54,0557;;43;8497;55;America/Sao_Paulo
;Além Paraíba;-21,8797;-42,7176;;31;4029;32;America/Sao_Paulo
;Alenquer;-1,94623;-54,7384;;15;407;93;America/Sao_Paulo
;Alexandria;-6,40533;-38,0142;;24;1609;84;America/Sao_Paulo
;Alexânia;-16,0834;-48,5076;;52;9205;62;America/Sao_Paulo
;Alfenas;-21,4256;-45,9477;;31;4031;35;America/Sao_Paulo
;Alfredo Chaves;-20,6396;-40,7543;;32;5605;27;America/Sao_Paulo
ALFREDO MARCONDES;Alfredo Marcondes;-21,9527;-51,414;;35;6115;18;America/Sao_Paulo
;Alfredo Vasconcelos;-21,1535;-43,7718;;31;2681;32;America/Sao_Paulo
;Alfredo Wagner;-27,7001;-49,3273;;42;8013;48;America/Sao_Paulo
;Algodão de Jandaíra;-6,89292;-36,0129;;25;442;83;America/Sao_Paulo
;Alhandra;-7,42977;-34,9057;;25;1911;83;America/Sao_Paulo
;Aliança;-7,60398;-35,2227;;26;2313;81;America/Sao_Paulo
;Aliança do Tocantins;-11,3056;-48,9361;;17;9441;63;America/Sao_Paulo
;Almadina;-14,7089;-39,6415;;29;3317;73;America/Sao_Paulo
;Almas;-11,5706;-47,1792;;17;9207;63;America/Sao_Paulo
;Almeirim;-1,52904;-52,5788;;15;409;93;America/Sao_Paulo
;Almenara;-16,1785;-40,6942;;31;4033;33;America/Sao_Paulo
;Almino Afonso;-6,1475;-37,7636;;24;1611;84;America/Sao_Paulo
;Almirante Tamandaré;-25,3188;-49,3037;;41;7407;41;America/Sao_Paulo
;Almirante Tamandaré do Sul;-28,1149;-52,9142;;43;1120;54;America/Sao_Paulo
;Aloândia;-17,7292;-49,4769;;52;9209;64;America/Sao_Paulo
;Alpercata;-18,974;-41,97;;31;4035;33;America/Sao_Paulo
;Alpestre;-27,2502;-53,0341;;43;8509;55;America/Sao_Paulo
;Alpinópolis;-20,8631;-46,3878;;31;4037;35;America/Sao_Paulo
;Alta Floresta;-9,86674;-56,0867;;51;8987;66;America/Porto_Velho
;Alta Floresta D'Oeste;-11,9283;-61,9953;;11;33;69;America/Porto_Velho
ALTAIR;Altair;-20,5242;-49,0571;;35;6117;17;America/Sao_Paulo
;Altamira;-3,20407;-52,21;;15;411;93;America/Sao_Paulo
;Altamira do Maranhão;-4,16598;-45,4706;;21;707;98;America/Sao_Paulo
;Altamira do Paraná;-24,7983;-52,7128;;41;8455;44;America/Sao_Paulo
;Altaneira;-6,99837;-39,7356;;23;1311;88;America/Sao_Paulo
;Alterosa;-21,2488;-46,1387;;31;4039;35;America/Sao_Paulo
;Altinho;-8,48482;-36,0644;;26;2315;81;America/Sao_Paulo
ALTINOPOLIS;Altinópolis;-21,0214;-47,3712;;35;6119;16;America/Sao_Paulo
ALTO ALEGRE;Alto Alegre;-21,5811;-50,168;;35;6121;18;America/Sao_Paulo
;Alto Alegre;2,98858;-61,3072;;14;305;95;America/Porto_Velho
;Alto Alegre;-28,7769;-52,9893;;43;8495;54;America/Sao_Paulo
;Alto Alegre do Maranhão;-4,213;-44,446;;21;106;99;America/Sao_Paulo
;Alto Alegre do Pindaré;-3,66689;-45,8421;;21;108;98;America/Sao_Paulo
;Alto Alegre dos Parecis;-12,132;-61,835;;11;2;69;America/Porto_Velho
;Alto Araguaia;-17,3153;-53,2181;;51;9005;66;America/Porto_Velho
;Alto Bela Vista;-27,4333;-51,9044;;42;886;49;America/Sao_Paulo
;Alto Boa Vista;-11,6732;-51,3883;;51;127;66;America/Porto_Velho
;Alto Caparaó;-20,431;-41,8738;;31;564;32;America/Sao_Paulo
;Alto do Rodrigues;-5,28186;-36,75;;24;1613;84;America/Sao_Paulo
;Alto Feliz;-29,3919;-51,3123;;43;6045;51;America/Sao_Paulo
;Alto Garças;-16,9462;-53,5272;;51;9007;66;America/Porto_Velho
;Alto Horizonte;-14,1978;-49,3378;;52;85;62;America/Sao_Paulo
;Alto Jequitibá;-20,4208;-41,967;;31;5069;33;America/Sao_Paulo
;Alto Longá;-5,25634;-42,2096;;22;1005;86;America/Sao_Paulo
;Alto Paraguai;-14,5137;-56,4776;;51;9009;65;America/Porto_Velho
;Alto Paraíso;-26,1146;-52,7469;;41;5523;44;America/Sao_Paulo
;Alto Paraíso;-9,71429;-63,3188;;11;675;69;America/Porto_Velho
;Alto Paraíso de Goiás;-14,1305;-47,51;;52;9211;62;America/Sao_Paulo
;Alto Paraná;-23,1312;-52,3189;;41;7409;44;America/Sao_Paulo
;Alto Parnaíba;-9,10273;-45,9303;;21;709;99;America/Sao_Paulo
;Alto Piquiri;-24,0224;-53,44;;41;7411;44;America/Sao_Paulo
;Alto Rio Doce;-21,0281;-43,4067;;31;4041;32;America/Sao_Paulo
;Alto Rio Novo;-19,0618;-41,0209;;32;5719;27;America/Sao_Paulo
;Alto Santo;-5,50894;-38,2743;;23;1313;88;America/Sao_Paulo
;Alto Taquari;-17,8241;-53,2792;;51;9911;66;America/Porto_Velho
;Altônia;-23,8759;-53,8958;;41;7951;44;America/Sao_Paulo
;Altos;-5,03888;-42,4612;;22;1007;86;America/Sao_Paulo
ALUMINIO;Alumínio;-23,5306;-47,2546;;35;3065;11;America/Sao_Paulo
;Alvarães;-3,22727;-64,8007;;13;289;97;America/Porto_Velho
;Alvarenga;-19,4174;-41,7317;;31;4043;33;America/Sao_Paulo
ALVARES FLORENCE;Álvares Florence;-20,3203;-49,9141;;35;6123;17;America/Sao_Paulo
ALVARES MACHADO;Álvares Machado;-22,0764;-51,4722;;35;6125;18;America/Sao_Paulo
ALVARO DE CARVALHO;Álvaro de Carvalho;-22,0841;-49,719;;35;6127;14;America/Sao_Paulo
ALVINLANDIA;Alvinlândia;-22,4435;-49,7623;;35;6129;14;America/Sao_Paulo
;Alvinópolis;-20,1098;-43,0535;;31;4045;31;America/Sao_Paulo
;Alvorada;-12,4785;-49,1249;;17;9213;63;America/Sao_Paulo
;Alvorada;-29,9914;-51,0809;;43;8511;51;America/Sao_Paulo
;Alvorada D'Oeste;-11,3463;-62,2847;;11;35;69;America/Porto_Velho
;Alvorada de Minas;-18,7334;-43,3638;;31;4047;31;America/Sao_Paulo
;Alvorada do Gurguéia;-8,42418;-43,777;;22;268;89;America/Sao_Paulo
;Alvorada do Norte;-14,4797;-46,491;;52;9215;62;America/Sao_Paulo
;Alvorada do Sul;-22,7813;-51,2297;;41;7413;43;America/Sao_Paulo
;Amajari;3,64571;-61,3692;;14;26;95;America/Porto_Velho
;Amambai;-23,1058;-55,2253;;50;9011;67;America/Porto_Velho
;Amapá;2,05267;-50,7957;;16;601;96;America/Sao_Paulo
;Amapá do Maranhão;-1,67524;-46,0024;;21;110;98;America/Sao_Paulo
;Amaporã;-23,0943;-52,7866;;41;7415;44;America/Sao_Paulo
;Amaraji;-8,37691;-35,4501;;26;2317;81;America/Sao_Paulo
;Amaral Ferrador;-30,8756;-52,2509;;43;8493;51;America/Sao_Paulo
;Amaralina;-13,9236;-49,2962;;52;1054;62;America/Sao_Paulo
;Amarante;-6,24304;-42,8433;;22;1009;86;America/Sao_Paulo
;Amarante do Maranhão;-5,56913;-46,7473;;21;711;99;America/Sao_Paulo
;Amargosa;-13,0215;-39,602;;29;3319;75;America/Sao_Paulo
;Amaturá;-3,37455;-68,2005;;13;291;97;America/Porto_Velho
;Amélia Rodrigues;-12,3914;-38,7563;;29;3321;75;America/Sao_Paulo
;América Dourada;-11,4429;-41,439;;29;3071;74;America/Sao_Paulo
AMERICANA;Americana;-22,7374;-47,3331;;35;6131;19;America/Sao_Paulo
;Americano do Brasil;-16,2514;-49,9831;;52;9661;64;America/Sao_Paulo
AMERICO BRASILIENSE;Américo Brasiliense;-21,7288;-48,1147;;35;6133;16;America/Sao_Paulo
AMERICO DE CAMPOS;Américo de Campos;-20,2985;-49,7359;;35;6135;17;America/Sao_Paulo
;Ametista do Sul;-27,3607;-53,183;;43;5969;55;America/Sao_Paulo
;Amontada;-3,36017;-39,8288;;23;1587;88;America/Sao_Paulo
;Amorinópolis;-16,6151;-51,0919;;52;9217;64;America/Sao_Paulo
;Amparo;-7,55502;-37,0628;;25;444;83;America/Sao_Paulo
AMPARO;Amparo;-22,7088;-46,772;;35;6137;19;America/Sao_Paulo
;Amparo de São Francisco;-10,1348;-36,935;;28;3101;79;America/Sao_Paulo
;Amparo do Serra;-20,5051;-42,8009;;31;4049;31;America/Sao_Paulo
;Ampére;-25,9168;-53,4686;;41;7417;46;America/Sao_Paulo
;Anadia;-9,68489;-36,3078;;27;2703;82;America/Sao_Paulo
;Anagé;-14,6151;-41,1356;;29;3323;77;America/Sao_Paulo
;Anahy;-24,6449;-53,1332;;41;5463;45;America/Sao_Paulo
;Anajás;-0,996811;-49,9354;;15;413;91;America/Sao_Paulo
;Anajatuba;-3,26269;-44,6126;;21;713;98;America/Sao_Paulo
ANALANDIA;Analândia;-22,1289;-47,6619;;35;6139;19;America/Sao_Paulo
;Anamã;-3,56697;-61,3963;;13;293;97;America/Porto_Velho
;Ananás;-6,36437;-48,0735;;17;9219;63;America/Sao_Paulo
;Ananindeua;-1,36391;-48,3743;;15;415;91;America/Sao_Paulo
;Anápolis;-16,3281;-48,953;;52;9221;62;America/Sao_Paulo
;Anapu;-3,46985;-51,2003;;15;40;91;America/Sao_Paulo
;Anapurus;-3,67577;-43,1014;;21;715;98;America/Sao_Paulo
;Anastácio;-20,4823;-55,8104;;50;9013;67;America/Porto_Velho
;Anaurilândia;-22,1852;-52,7191;;50;9015;67;America/Porto_Velho
;Anchieta;-26,5382;-53,3319;;42;8015;49;America/Sao_Paulo
;Anchieta;-20,7955;-40,6425;;32;5607;28;America/Sao_Paulo
;Andaraí;-12,8049;-41,3297;;29;3325;75;America/Sao_Paulo
;Andirá;-23,0533;-50,2304;;41;7419;43;America/Sao_Paulo
;Andorinha;-10,3482;-39,8391;;29;3255;74;America/Sao_Paulo
;Andradas;-22,0695;-46,5724;;31;4051;35;America/Sao_Paulo
ANDRADINA;Andradina;-20,8948;-51,3786;;35;6141;18;America/Sao_Paulo
;André da Rocha;-28,6283;-51,5797;;43;8491;54;America/Sao_Paulo
;Andrelândia;-21,7411;-44,3117;;31;4055;35;America/Sao_Paulo
ANGATUBA;Angatuba;-23,4917;-48,4139;;35;6143;15;America/Sao_Paulo
;Angelândia;-17,7279;-42,2641;;31;566;33;America/Sao_Paulo
;Angélica;-22,1527;-53,7708;;50;9169;67;America/Porto_Velho
;Angelim;-8,88429;-36,2902;;26;2319;87;America/Sao_Paulo
;Angelina;-27,5704;-48,9879;;42;8017;48;America/Sao_Paulo
;Angical;-12,0063;-44,7003;;29;3327;77;America/Sao_Paulo
;Angical do Piauí;-6,08786;-42,74;;22;1011;86;America/Sao_Paulo
;Angico;-6,39179;-47,8611;;17;165;63;America/Sao_Paulo
;Angicos;-5,65792;-36,6094;;24;1615;84;America/Sao_Paulo
;Angra dos Reis;-23,0011;-44,3196;;33;5801;24;America/Sao_Paulo
;Anguera;-12,1462;-39,2462;;29;3329;75;America/Sao_Paulo
;Ângulo;-23,1946;-51,9154;;41;5509;44;America/Sao_Paulo
;Anhanguera;-18,3339;-48,2204;;52;9223;64;America/Sao_Paulo
ANHEMBI;Anhembi;-22,793;-48,1336;;35;6145;14;America/Sao_Paulo
ANHUMAS;Anhumas;-22,2934;-51,3895;;35;6147;18;America/Sao_Paulo
;Anicuns;-16,4642;-49,9617;;52;9225;64;America/Sao_Paulo
;Anísio de Abreu;-9,18564;-43,0494;;22;1013;89;America/Sao_Paulo
;Anita Garibaldi;-27,6897;-51,1271;;42;8019;49;America/Sao_Paulo
;Anitápolis;-27,9012;-49,1316;;42;8021;48;America/Sao_Paulo
;Anori;-3,74603;-61,6575;;13;203;97;America/Porto_Velho
;Anta Gorda;-28,9698;-52,0102;;43;8513;51;America/Sao_Paulo
;Antas;-10,3856;-38,3401;;29;3331;75;America/Sao_Paulo
;Antonina;-25,4386;-48,7191;;41;7421;41;America/Sao_Paulo
;Antonina do Norte;-6,76919;-39,987;;23;1315;88;America/Sao_Paulo
;Antônio Almeida;-7,21276;-44,1889;;22;1015;89;America/Sao_Paulo
;Antônio Cardoso;-12,4335;-39,1176;;29;3333;75;America/Sao_Paulo
;Antônio Carlos;-27,5191;-48,766;;42;8023;48;America/Sao_Paulo
;Antônio Carlos;-21,321;-43,7451;;31;4057;32;America/Sao_Paulo
;Antônio Dias;-19,6491;-42,8732;;31;4059;31;America/Sao_Paulo
;Antônio Gonçalves;-10,5767;-40,2785;;29;3335;74;America/Sao_Paulo
;Antônio João;-22,1927;-55,9517;;50;9017;67;America/Porto_Velho
;Antônio Martins;-6,21367;-37,8834;;24;1617;84;America/Sao_Paulo
;Antônio Olinto;-25,9804;-50,1972;;41;7423;42;America/Sao_Paulo
;Antônio Prado;-28,8565;-51,2883;;43;8515;54;America/Sao_Paulo
;Antônio Prado de Minas;-21,0192;-42,1109;;31;4061;32;America/Sao_Paulo
;Aparecida;-6,78466;-38,0803;;25;446;83;America/Sao_Paulo
APARECIDA;Aparecida;-22,8495;-45,2325;;35;6149;12;America/Sao_Paulo
APARECIDA D'OESTE;Aparecida d'Oeste;-20,4487;-50,8835;;35;6151;17;America/Sao_Paulo
;Aparecida de Goiânia;-16,8198;-49,2469;;52;9227;62;America/Sao_Paulo
;Aparecida do Rio Doce;-18,2941;-51,1516;;52;71;64;America/Sao_Paulo
;Aparecida do Rio Negro;-9,94139;-47,9638;;17;9713;63;America/Sao_Paulo
;Aparecida do Taboado;-20,0873;-51,0961;;50;9019;67;America/Porto_Velho
;Aperibé;-21,6252;-42,1017;;33;2919;22;America/Sao_Paulo
;Apiacá;-21,1523;-41,5693;;32;5609;28;America/Sao_Paulo
;Apiacás;-9,53981;-57,4587;;51;9773;66;America/Porto_Velho
APIAI;Apiaí;-24,5108;-48,8443;;35;6153;15;America/Sao_Paulo
;Apicum-Açu;-1,45862;-45,0864;;21;112;98;America/Sao_Paulo
;Apiúna;-27,0375;-49,3885;;42;9941;47;America/Sao_Paulo
;Apodi;-5,65349;-37,7946;;24;1619;84;America/Sao_Paulo
;Aporá;-11,6577;-38,0814;;29;3337;75;America/Sao_Paulo
;Aporé;-18,9607;-51,9232;;52;9229;64;America/Sao_Paulo
;Apuarema;-13,8542;-39,7501;;29;3257;73;America/Sao_Paulo
;Apucarana;-23,55;-51,4635;;41;7425;43;America/Sao_Paulo
;Apuí;-7,19409;-59,896;;13;969;97;America/Porto_Velho
;Apuiarés;-3,94506;-39,4359;;23;1317;85;America/Sao_Paulo
;Aquidabã;-10,278;-37,0148;;28;3103;79;America/Sao_Paulo
;Aquidauana;-20,4666;-55,7868;;50;9021;67;America/Porto_Velho
;Aquiraz;-3,89929;-38,3896;;23;1319;85;America/Sao_Paulo
;Arabutã;-27,1587;-52,1423;;42;5597;49;America/Sao_Paulo
;Araçagi;-6,84374;-35,3737;;25;1915;83;America/Sao_Paulo
;Araçaí;-19,1955;-44,2493;;31;4063;31;America/Sao_Paulo
;Aracaju;-10,9091;-37,0677;1.0;28;3105;79;America/Sao_Paulo
ARACARIGUAMA;Araçariguama;-23,4366;-47,0608;;35;3067;11;America/Sao_Paulo
;Araças;-12,22;-38,2027;;29;3259;75;America/Sao_Paulo
;Aracati;-4,55826;-37,7679;;23;1321;88;America/Sao_Paulo
;Aracatu;-14,428;-41,4648;;29;3339;77;America/Sao_Paulo
ARACATUBA;Araçatuba;-21,2076;-50,4401;;35;6155;18;America/Sao_Paulo
;Araci;-11,3253;-38,9584;;29;3341;75;America/Sao_Paulo
;Aracitaba;-21,3446;-43,3736;;31;4065;32;America/Sao_Paulo
;Araçoiaba;-7,78391;-35,0809;;26;544;81;America/Sao_Paulo
;Aracoiaba;-4,36872;-38,8125;;23;1323;85;America/Sao_Paulo
ARACOIABA DA SERRA;Araçoiaba da Serra;-23,5029;-47,6166;;35;6157;15;America/Sao_Paulo
;Aracruz;-19,82;-40,2764;;32;5611;27;America/Sao_Paulo
;Araçu;-16,3563;-49,6804;;52;9231;62;America/Sao_Paulo
;Araçuaí;-16,8523;-42,0637;;31;4067;33;America/Sao_Paulo
;Aragarças;-15,8955;-52,2372;;52;9233;64;America/Sao_Paulo
;Aragoiânia;-16,9087;-49,4476;;52;9235;62;America/Sao_Paulo
;Aragominas;-7,16005;-48,5291;;17;167;63;America/Sao_Paulo
;Araguacema;-8,80755;-49,5569;;17;9237;63;America/Sao_Paulo
;Araguaçu;-12,9289;-49,8231;;17;9239;63;America/Sao_Paulo
;Araguaiana;-15,7291;-51,8341;;51;9869;66;America/Porto_Velho
;Araguaína;-7,19238;-48,2044;;17;9241;63;America/Sao_Paulo
;Araguainha;-16,857;-53,0318;;51;9023;66;America/Porto_Velho
;Araguanã;-6,58225;-48,6395;;17;169;63;America/Sao_Paulo
;Araguanã;-2,94644;-45,6589;;21;114;98;America/Sao_Paulo
;Araguapaz;-15,0909;-50,6315;;52;9669;62;America/Sao_Paulo
;Araguari;-18,6456;-48,1934;;31;4069;34;America/Sao_Paulo
;Araguatins;-5,64659;-48,1232;;17;9243;63;America/Sao_Paulo
;Araioses;-2,89091;-41,905;;21;717;98;America/Sao_Paulo
;Aral Moreira;-22,9385;-55,6334;;50;9171;67;America/Porto_Velho
;Aramari;-12,0884;-38,4969;;29;3343;75;America/Sao_Paulo
;Arambaré;-30,9092;-51,5046;;43;5779;51;America/Sao_Paulo
;Arame;-4,88347;-46,0032;;21;1281;99;America/Sao_Paulo
ARAMINA;Aramina;-20,0882;-47,7873;;35;6159;16;America/Sao_Paulo
ARANDU;Arandu;-23,1386;-49,0487;;35;6161;14;America/Sao_Paulo
;Arantina;-21,9102;-44,2555;;31;4071;32;America/Sao_Paulo
ARAPEI;Arapeí;-22,6717;-44,4441;;35;2991;12;America/Sao_Paulo
;Arapiraca;-9,75487;-36,6615;;27;2705;82;America/Sao_Paulo
;Arapoema;-7,65463;-49,0637;;17;9245;63;America/Sao_Paulo
;Araponga;-20,6686;-42,5178;;31;4073;31;America/Sao_Paulo
;Arapongas;-23,4153;-51,4259;;41;7427;43;America/Sao_Paulo
;Araporã;-18,4357;-49,1847;;31;2903;34;America/Sao_Paulo
;Arapoti;-24,1548;-49,8285;;41;7429;43;America/Sao_Paulo
;Arapuã;-24,3132;-51,7856;;41;830;43;America/Sao_Paulo
;Arapuá;-19,0268;-46,1484;;31;4075;34;America/Sao_Paulo
;Araputanga;-15,4641;-58,3425;;51;8989;65;America/Porto_Velho
;Araquari;-26,3754;-48,7188;;42;8025;47;America/Sao_Paulo
;Arara;-6,82813;-35,7552;;25;1917;83;America/Sao_Paulo
;Araranguá;-28,9356;-49,4918;;42;8027;48;America/Sao_Paulo
ARARAQUARA;Araraquara;-21,7845;-48,178;;35;6163;16;America/Sao_Paulo
ARARAS;Araras;-22,3572;-47,3842;;35;6165;19;America/Sao_Paulo
;Ararendá;-4,74567;-40,831;;23;989;88;America/Sao_Paulo
;Arari;-3,45214;-44,7665;;21;719;98;America/Sao_Paulo
;Araricá;-29,6168;-50,9291;;43;952;51;America/Sao_Paulo
;Araripe;-7,21319;-40,1359;;23;1325;88;America/Sao_Paulo
;Araripina;-7,57073;-40,494;;26;2321;87;America/Sao_Paulo
;Araruama;-22,8697;-42,3326;;33;5803;22;America/Sao_Paulo
;Araruna;-23,9315;-52,5021;;41;7431;44;America/Sao_Paulo
;Araruna;-6,54848;-35,7498;;25;1919;83;America/Sao_Paulo
;Arataca;-15,2651;-39,419;;29;3073;73;America/Sao_Paulo
;Aratiba;-27,3978;-52,2975;;43;8517;54;America/Sao_Paulo
;Aratuba;-4,41229;-39,0471;;23;1327;85;America/Sao_Paulo
;Aratuípe;-13,0716;-39,0038;;29;3345;75;America/Sao_Paulo
;Arauá;-11,2614;-37,6201;;28;3107;79;America/Sao_Paulo
;Araucária;-25,5859;-49,4047;;41;7435;41;America/Sao_Paulo
;Araújos;-19,9405;-45,1671;;31;4077;37;America/Sao_Paulo
;Araxá;-19,5902;-46,9438;;31;4079;34;America/Sao_Paulo
;Arceburgo;-21,359;-46,9401;;31;4081;35;America/Sao_Paulo
ARCO-IRIS;Arco-Íris;-21,7728;-50,466;;35;790;14;America/Sao_Paulo
;Arcos;-20,2863;-45,5373;;31;4083;37;America/Sao_Paulo
;Arcoverde;-8,41519;-37,0577;;26;2323;87;America/Sao_Paulo
;Areado;-21,3572;-46,1421;;31;4085;35;America/Sao_Paulo
;Areal;-22,2283;-43,1118;;33;2925;24;America/Sao_Paulo
AREALVA;Arealva;-22,031;-48,9135;;35;6167;14;America/Sao_Paulo
;Areia;-6,96396;-35,6977;;25;1921;83;America/Sao_Paulo
;Areia Branca;-4,95254;-37,1252;;24;1621;84;America/Sao_Paulo
;Areia Branca;-10,758;-37,3251;;28;3109;79;America/Sao_Paulo
;Areia de Baraúnas;-7,11702;-36,9404;;25;448;83;America/Sao_Paulo
;Areial;-7,04789;-35,9313;;25;1923;83;America/Sao_Paulo
AREIAS;Areias;-22,5786;-44,6992;;35;6169;12;America/Sao_Paulo
AREIOPOLIS;Areiópolis;-22,6672;-48,6681;;35;6171;14;America/Sao_Paulo
;Arenápolis;-14,4472;-56,8437;;51;9025;65;America/Porto_Velho
;Arenópolis;-16,3837;-51,5563;;52;9671;64;America/Sao_Paulo
;Arês;-6,18831;-35,1608;;24;1623;84;America/Sao_Paulo
;Argirita;-21,6083;-42,8292;;31;4087;32;America/Sao_Paulo
;Aricanduva;-17,8666;-42,5533;;31;568;33;America/Sao_Paulo
;Arinos;-15,9187;-46,1043;;31;4089;38;America/Sao_Paulo
;Aripuanã;-10,1723;-59,4568;;51;9027;66;America/Porto_Velho
;Ariquemes;-9,90571;-63,0325;;11;7;69;America/Porto_Velho
ARIRANHA;Ariranha;-21,1872;-48,7904;;35;6173;17;America/Sao_Paulo
;Ariranha do Ivaí;-24,3857;-51,5839;;41;832;43;America/Sao_Paulo
;Armação dos Búzios;-22,7528;-41,8846;;33;770;22;America/Sao_Paulo
;Armazém;-28,2448;-49,0215;;42;8029;48;America/Sao_Paulo
;Arneiroz;-6,3165;-40,1653;;23;1329;88;America/Sao_Paulo
;Aroazes;-6,11022;-41,7822;;22;1017;89;America/Sao_Paulo
;Aroeiras;-7,54473;-35,7066;;25;1925;83;America/Sao_Paulo
;Aroeiras do Itaim;-7,24502;-41,5325;;22;1188;89;America/Sao_Paulo
;Arraial;-6,65075;-42,5418;;22;1019;89;America/Sao_Paulo
;Arraial do Cabo;-22,9774;-42,0267;;33;5927;22;America/Sao_Paulo
;Arraias;-12,9287;-46,9359;;17;9247;63;America/Sao_Paulo
;Arroio do Meio;-29,4014;-51,9557;;43;8519;51;America/Sao_Paulo
;Arroio do Padre;-31,4389;-52,4246;;43;1122;53;America/Sao_Paulo
;Arroio do Sal;-29,5439;-49,8895;;43;8489;51;America/Sao_Paulo
;Arroio do Tigre;-29,3348;-53,0966;;43;8523;51;America/Sao_Paulo
;Arroio dos Ratos;-30,0875;-51,7275;;43;8521;51;America/Sao_Paulo
;Arroio Grande;-32,2327;-53,0862;;43;8525;53;America/Sao_Paulo
;Arroio Trinta;-26,9257;-51,3407;;42;8031;49;America/Sao_Paulo
ARTUR NOGUEIRA;Artur Nogueira;-22,5727;-47,1727;;35;6175;19;America/Sao_Paulo
;Aruanã;-14,9166;-51,075;;52;9249;62;America/Sao_Paulo
ARUJA;Arujá;-23,3965;-46,32;;35;6177;11;America/Sao_Paulo
;Arvoredo;-27,0748;-52,4543;;42;5599;49;America/Sao_Paulo
;Arvorezinha;-28,8737;-52,1781;;43;8527;51;America/Sao_Paulo
;Ascurra;-26,9548;-49,3783;;42;8033;47;America/Sao_Paulo
ASPASIA;Aspásia;-20,16;-50,728;;35;2981;17;America/Sao_Paulo
;Assaí;-23,3697;-50,8459;;41;7437;43;America/Sao_Paulo
;Assaré;-6,8669;-39,8689;;23;1331;88;America/Sao_Paulo
ASSIS;Assis;-22,66;-50,4183;;35;6179;18;America/Sao_Paulo
;Assis Brasil;-10,9298;-69,5738;;12;157;68;America/Rio_Branco
;Assis Chateaubriand;-24,4168;-53,5213;;41;7953;44;America/Sao_Paulo
;Assunção;-7,07231;-36,725;;25;450;83;America/Sao_Paulo
;Assunção do Piauí;-5,865;-41,0389;;22;270;86;America/Sao_Paulo
;Astolfo Dutra;-21,3184;-42,8572;;31;4091;32;America/Sao_Paulo
;Astorga;-23,2318;-51,6668;;41;7439;44;America/Sao_Paulo
;Atalaia;-23,1517;-52,0551;;41;7441;44;America/Sao_Paulo
;Atalaia;-9,5119;-36,0086;;27;2707;82;America/Sao_Paulo
;Atalaia do Norte;-4,37055;-70,1967;;13;205;97;America/Rio_Branco
;Atalanta;-27,4219;-49,7789;;42;8035;47;America/Sao_Paulo
;Ataléia;-18,0438;-41,1149;;31;4093;33;America/Sao_Paulo
ATIBAIA;Atibaia;-23,1171;-46,5563;;35;6181;11;America/Sao_Paulo
;Atilio Vivacqua;-20,913;-41,1986;;32;5613;28;America/Sao_Paulo
;Augustinópolis;-5,46863;-47,8863;;17;9685;63;America/Sao_Paulo
;Augusto Corrêa;-1,05109;-46,6147;;15;417;91;America/Sao_Paulo
;Augusto de Lima;-18,0997;-44,2655;;31;4095;38;America/Sao_Paulo
;Augusto Pestana;-28,5172;-53,9883;;43;8529;55;America/Sao_Paulo
;Augusto Severo (Campo Grande);-5,86206;-37,3135;;24;1625;84;America/Sao_Paulo
;Áurea;-27,6936;-52,0505;;43;8487;54;America/Sao_Paulo
;Aurelino Leal;-14,321;-39,329;;29;3347;73;America/Sao_Paulo
AURIFLAMA;Auriflama;-20,6836;-50,5572;;35;6183;17;America/Sao_Paulo
;Aurilândia;-16,6773;-50,4641;;52;9251;64;America/Sao_Paulo
;Aurora;-6,93349;-38,9742;;23;1333;88;America/Sao_Paulo
;Aurora;-27,3098;-49,6295;;42;8037;47;America/Sao_Paulo
;Aurora do Pará;-2,14898;-47,5677;;15;389;91;America/Sao_Paulo
;Aurora do Tocantins;-12,7105;-46,4076;;17;9253;63;America/Sao_Paulo
;Autazes;-3,58574;-59,1256;;13;207;92;America/Porto_Velho
AVAI;Avaí;-22,1514;-49,3356;;35;6185;14;America/Sao_Paulo
AVANHANDAVA;Avanhandava;-21,4584;-49,9509;;35;6187;18;America/Sao_Paulo
AVARE;Avaré;-23,1067;-48,9251;;35;6189;14;America/Sao_Paulo
;Aveiro;-3,60841;-55,3199;;15;419;93;America/Sao_Paulo
;Avelino Lopes;-10,1345;-43,9563;;22;1021;89;America/Sao_Paulo
;Avelinópolis;-16,4672;-49,7579;;52;9255;64;America/Sao_Paulo
;Axixá;-2,83939;-44,062;;21;721;98;America/Sao_Paulo
;Axixá do Tocantins;-5,61275;-47,7701;;17;9257;63;America/Sao_Paulo
;Babaçulândia;-7,20923;-47,7613;;17;9259;63;America/Sao_Paulo
;Bacabal;-4,22447;-44,7832;;21;723;99;America/Sao_Paulo
;Bacabeira;-2,96452;-44,3164;;21;116;98;America/Sao_Paulo
;Bacuri;-1,6965;-45,1328;;21;725;98;America/Sao_Paulo
;Bacurituba;-2,71;-44,7329;;21;118;98;America/Sao_Paulo
BADY BASSITT;Bady Bassitt;-20,9197;-49,4385;;35;6191;17;America/Sao_Paulo
;Baependi;-21,957;-44,8874;;31;4097;35;America/Sao_Paulo
;Bagé;-31,3297;-54,0999;;43;8531;53;America/Sao_Paulo
;Bagre;-1,90057;-50,1987;;15;421;91;America/Sao_Paulo
;Baía da Traição;-6,69209;-34,9381;;25;1929;83;America/Sao_Paulo
;Baía Formosa;-6,37161;-35,0033;;24;1627;84;America/Sao_Paulo
;Baianópolis;-12,3016;-44,5388;;29;3349;77;America/Sao_Paulo
;Baião;-2,79021;-49,6694;;15;423;91;America/Sao_Paulo
;Baixa Grande;-11,9519;-40,169;;29;3351;74;America/Sao_Paulo
;Baixa Grande do Ribeiro;-7,84903;-45,219;;22;2245;89;America/Sao_Paulo
;Baixio;-6,71945;-38,7134;;23;1335;88;America/Sao_Paulo
;Baixo Guandu;-19,5213;-41,0109;;32;5615;27;America/Sao_Paulo
BALBINOS;Balbinos;-21,8963;-49,3619;;35;6193;14;America/Sao_Paulo
;Baldim;-19,2832;-43,9613;;31;4099;31;America/Sao_Paulo
;Baliza;-16,1966;-52,5393;;52;9261;64;America/Sao_Paulo
;Balneário Arroio do Silva;-28,9806;-49,4237;;42;888;48;America/Sao_Paulo
;Balneário Barra do Sul;-26,4597;-48,6123;;42;5549;47;America/Sao_Paulo
;Balneário Camboriú;-26,9926;-48,6352;;42;8039;47;America/Sao_Paulo
;Balneário Gaivota;-29,1527;-49,5841;;42;890;48;America/Sao_Paulo
;Balneário Piçarras;-26,7639;-48,6717;;42;8251;47;America/Sao_Paulo
;Balneário Pinhal;-30,2419;-50,2337;;43;954;51;America/Sao_Paulo
;Balneário Rincão;-28,8314;-49,2352;;42;1192;48;America/Sao_Paulo
;Balsa Nova;-25,5804;-49,6291;;41;7443;41;America/Sao_Paulo
BALSAMO;Bálsamo;-20,7348;-49,5865;;35;6195;17;America/Sao_Paulo
;Balsas;-7,53214;-46,0372;;21;727;99;America/Sao_Paulo
;Bambuí;-20,0166;-45,9754;;31;4101;37;America/Sao_Paulo
;Banabuiú;-5,30454;-38,9132;;23;1233;88;America/Sao_Paulo
BANANAL;Bananal;-22,6819;-44,3281;;35;6197;12;America/Sao_Paulo
;Bananeiras;-6,74775;-35,6246;;25;1931;83;America/Sao_Paulo
;Bandeira;-15,8783;-40,5622;;31;4103;33;America/Sao_Paulo
;Bandeira do Sul;-21,7308;-46,3833;;31;4105;35;America/Sao_Paulo
;Bandeirante;-26,7705;-53,6413;;42;892;49;America/Sao_Paulo
;Bandeirantes;-19,9275;-54,3585;;50;9029;67;America/Porto_Velho
;Bandeirantes;-23,1078;-50,3704;;41;7445;43;America/Sao_Paulo
;Bandeirantes do Tocantins;-7,75612;-48,5836;;17;74;63;America/Sao_Paulo
;Bannach;-7,34779;-50,3959;;15;42;94;America/Sao_Paulo
;Banzaê;-10,5788;-38,6212;;29;3261;75;America/Sao_Paulo
;Barão;-29,3725;-51,4949;;43;8485;51;America/Sao_Paulo
BARAO DE ANTONINA;Barão de Antonina;-23,6284;-49,5634;;35;6201;15;America/Sao_Paulo
;Barão de Cocais;-19,9389;-43,4755;;31;4107;31;America/Sao_Paulo
;Barão de Cotegipe;-27,6208;-52,3798;;43;8533;54;America/Sao_Paulo
;Barão de Grajaú;-6,74463;-43,0261;;21;729;99;America/Sao_Paulo
;Barão de Melgaço;-16,2067;-55,9623;;51;9031;65;America/Porto_Velho
;Barão de Monte Alto;-21,2444;-42,2372;;31;4109;32;America/Sao_Paulo
;Barão do Triunfo;-30,3891;-51,7384;;43;5771;51;America/Sao_Paulo
;Baraúna;-5,06977;-37,6129;;24;3003;84;America/Sao_Paulo
;Baraúna;-6,63484;-36,2601;;25;452;83;America/Sao_Paulo
;Barbacena;-21,2214;-43,7703;;31;4111;32;America/Sao_Paulo
;Barbalha;-7,2982;-39,3021;;23;1337;88;America/Sao_Paulo
BARBOSA;Barbosa;-21,2657;-49,9518;;35;6199;18;America/Sao_Paulo
;Barbosa Ferraz;-24,0334;-52,004;;41;7447;44;America/Sao_Paulo
;Barcarena;-1,51187;-48,6195;;15;425;91;America/Sao_Paulo
;Barcelona;-5,94284;-35,9247;;24;1629;84;America/Sao_Paulo
;Barcelos;-0,983373;-62,9311;;13;209;97;America/Porto_Velho
BARIRI;Bariri;-22,073;-48,7438;;35;6203;14;America/Sao_Paulo
;Barra;-11,0859;-43,1459;;29;3353;74;America/Sao_Paulo
;Barra Bonita;-26,654;-53,44;;42;894;49;America/Sao_Paulo
BARRA BONITA;Barra Bonita;-22,4909;-48,5583;;35;6205;14;America/Sao_Paulo
;Barra D'Alcântara;-6,51645;-42,1146;;22;272;89;America/Sao_Paulo
;Barra da Estiva;-13,6237;-41,3347;;29;3355;77;America/Sao_Paulo
;Barra de Guabiraba;-8,42075;-35,6585;;26;2325;81;America/Sao_Paulo
;Barra de Santa Rosa;-6,71816;-36,0671;;25;1933;83;America/Sao_Paulo
;Barra de Santana;-7,51809;-35,9913;;25;454;83;America/Sao_Paulo
;Barra de Santo Antônio;-9,4023;-35,5101;;27;2709;82;America/Sao_Paulo
;Barra de São Francisco;-18,7548;-40,8965;;32;5617;27;America/Sao_Paulo
;Barra de São Miguel;-7,74603;-36,3209;;25;1935;83;America/Sao_Paulo
;Barra de São Miguel;-9,83842;-35,9057;;27;2711;82;America/Sao_Paulo
;Barra do Bugres;-15,0702;-57,1878;;51;9033;65;America/Porto_Velho
BARRA DO CHAPEU;Barra do Chapéu;-24,4722;-49,0238;;35;2997;15;America/Sao_Paulo
;Barra do Choça;-14,8654;-40,5791;;29;3357;77;America/Sao_Paulo
;Barra do Corda;-5,49682;-45,2485;;21;731;99;America/Sao_Paulo
;Barra do Garças;-15,8804;-52,264;;51;9035;66;America/Porto_Velho
;Barra do Guarita;-27,1927;-53,7109;;43;6069;55;America/Sao_Paulo
;Barra do Jacaré;-23,116;-50,1842;;41;7451;43;America/Sao_Paulo
;Barra do Mendes;-11,81;-42,059;;29;3359;74;America/Sao_Paulo
;Barra do Ouro;-7,69593;-47,6776;;17;76;63;America/Sao_Paulo
;Barra do Piraí;-22,4715;-43,8269;;33;5805;24;America/Sao_Paulo
;Barra do Quaraí;-30,2029;-57,5497;;43;956;55;America/Sao_Paulo
;Barra do Ribeiro;-30,2939;-51,3014;;43;8537;51;America/Sao_Paulo
;Barra do Rio Azul;-27,4069;-52,4084;;43;5959;54;America/Sao_Paulo
;Barra do Rocha;-14,2;-39,5991;;29;3361;73;America/Sao_Paulo
BARRA DO TURVO;Barra do Turvo;-24,759;-48,5013;;35;6207;15;America/Sao_Paulo
;Barra dos Coqueiros;-10,8996;-37,0323;;28;3111;79;America/Sao_Paulo
;Barra Funda;-27,9205;-53,0391;;43;5943;54;America/Sao_Paulo
;Barra Longa;-20,2869;-43,0402;;31;4113;31;America/Sao_Paulo
;Barra Mansa;-22,5481;-44,1752;;33;5807;24;America/Sao_Paulo
;Barra Velha;-26,637;-48,6933;;42;8041;47;America/Sao_Paulo
;Barracão;-27,6739;-51,4585;;43;8535;54;America/Sao_Paulo
;Barracão;-26,2502;-53,6324;;41;7449;49;America/Sao_Paulo
;Barras;-4,24468;-42,2922;;22;1023;86;America/Sao_Paulo
;Barreira;-4,28921;-38,6429;;23;1235;85;America/Sao_Paulo
;Barreiras;-12,1439;-44,9968;;29;3363;77;America/Sao_Paulo
;Barreiras do Piauí;-9,9296;-45,4702;;22;1025;89;America/Sao_Paulo
;Barreirinha;-2,79886;-57,0679;;13;211;92;America/Porto_Velho
;Barreirinhas;-2,75863;-42,8232;;21;733;98;America/Sao_Paulo
;Barreiros;-8,81605;-35,1832;;26;2327;81;America/Sao_Paulo
BARRETOS;Barretos;-20,5531;-48,5698;;35;6209;17;America/Sao_Paulo
BARRINHA;Barrinha;-21,1864;-48,1636;;35;6211;16;America/Sao_Paulo
;Barro;-7,17188;-38,7741;;23;1339;88;America/Sao_Paulo
;Barro Alto;-11,7605;-41,9054;;29;3075;74;America/Sao_Paulo
;Barro Alto;-14,9658;-48,9086;;52;9263;62;America/Sao_Paulo
;Barro Duro;-5,81673;-42,5147;;22;1027;86;America/Sao_Paulo
;Barro Preto;-14,7948;-39,476;;29;3365;73;America/Sao_Paulo
;Barrocas;-11,5272;-39,0776;;29;1110;75;America/Sao_Paulo
;Barrolândia;-9,83404;-48,7252;;17;9693;63;America/Sao_Paulo
;Barroquinha;-3,02051;-41,1358;;23;1237;88;America/Sao_Paulo
;Barros Cassal;-29,0947;-52,5836;;43;8539;54;America/Sao_Paulo
;Barroso;-21,1907;-43,972;;31;4117;32;America/Sao_Paulo
BARUERI;Barueri;-23,5057;-46,879;;35;6213;11;America/Sao_Paulo
BASTOS;Bastos;-21,921;-50,7357;;35;6215;14;America/Sao_Paulo
;Bataguassu;-21,7159;-52,4221;;50;9037;67;America/Porto_Velho
;Batalha;-4,0223;-42,0787;;22;1029;86;America/Sao_Paulo
;Batalha;-9,6742;-37,133;;27;2713;82;America/Sao_Paulo
BATATAIS;Batatais;-20,8929;-47,5921;;35;6217;16;America/Sao_Paulo
;Batayporã;-22,2944;-53,2705;;50;9039;67;America/Porto_Velho
;Baturité;-4,32598;-38,8812;;23;1341;85;America/Sao_Paulo
BAURU;Bauru;-22,3246;-49,0871;;35;6219;14;America/Sao_Paulo
;Bayeux;-7,1238;-34,9293;;25;1937;83;America/Sao_Paulo
BEBEDOURO;Bebedouro;-20,9491;-48,4791;;35;6221;17;America/Sao_Paulo
;Beberibe;-4,17741;-38,1271;;23;1343;85;America/Sao_Paulo
;Bela Cruz;-3,04996;-40,1671;;23;1345;88;America/Sao_Paulo
;Bela Vista;-22,1073;-56,5263;;50;9041;67;America/Porto_Velho
;Bela Vista da Caroba;-25,8842;-53,6725;;41;834;46;America/Sao_Paulo
;Bela Vista de Goiás;-16,9693;-48,9513;;52;9265;62;America/Sao_Paulo
;Bela Vista de Minas;-19,8302;-43,0922;;31;4119;31;America/Sao_Paulo
;Bela Vista do Maranhão;-3,72618;-45,3075;;21;122;98;America/Sao_Paulo
;Bela Vista do Paraíso;-22,9937;-51,1927;;41;7453;43;America/Sao_Paulo
;Bela Vista do Piauí;-7,98809;-41,8675;;22;274;89;America/Sao_Paulo
;Bela Vista do Toldo;-26,2746;-50,4664;;42;896;47;America/Sao_Paulo
;Belágua;-3,15485;-43,5122;;21;120;98;America/Sao_Paulo
;Belém;-1,4554;-48,4898;1.0;15;427;91;America/Sao_Paulo
;Belém;-6,74261;-35,5166;;25;1939;83;America/Sao_Paulo
;Belém;-9,57047;-36,4904;;27;2715;82;America/Sao_Paulo
;Belém de Maria;-8,62504;-35,8335;;26;2329;81;America/Sao_Paulo
;Belém do Brejo do Cruz;-6,18515;-37,5348;;25;1941;83;America/Sao_Paulo
;Belém do Piauí;-7,36652;-40,9688;;22;276;89;America/Sao_Paulo
;Belém do São Francisco;-8,75046;-38,9623;;26;2331;87;America/Sao_Paulo
;Belford Roxo;-22,764;-43,3992;;33;2909;21;America/Sao_Paulo
;Belmiro Braga;-21,944;-43,4084;;31;4121;32;America/Sao_Paulo
;Belmonte;-26,843;-53,5758;;42;5745;49;America/Sao_Paulo
;Belmonte;-15,8608;-38,8758;;29;3367;73;America/Sao_Paulo
;Belo Campo;-15,0334;-41,2652;;29;3369;77;America/Sao_Paulo
;Belo Horizonte;-19,9102;-43,9266;1.0;31;4123;31;America/Sao_Paulo
;Belo Jardim;-8,3313;-36,4258;;26;2333;81;America/Sao_Paulo
;Belo Monte;-9,82272;-37,277;;27;2717;82;America/Sao_Paulo
;Belo Oriente;-19,2199;-42,4828;;31;4125;31;America/Sao_Paulo
;Belo Vale;-20,4077;-44,0275;;31;4127;31;America/Sao_Paulo
;Belterra;-2,63609;-54,9374;;15;44;93;America/Sao_Paulo
;Beneditinos;-5,45676;-42,3638;;22;1031;86;America/Sao_Paulo
;Benedito Leite;-7,21037;-44,5577;;21;735;99;America/Sao_Paulo
;Benedito Novo;-26,781;-49,3593;;42;8043;47;America/Sao_Paulo
;Benevides;-1,36183;-48,2434;;15;429;91;America/Sao_Paulo
;Benjamin Constant;-4,37768;-70,0342;;13;213;97;America/Rio_Branco
;Benjamin Constant do Sul;-27,5086;-52,5995;;43;958;54;America/Sao_Paulo
BENTO DE ABREU;Bento de Abreu;-21,2686;-50,814;;35;6223;18;America/Sao_Paulo
;Bento Fernandes;-5,69906;-35,813;;24;1631;84;America/Sao_Paulo
;Bento Gonçalves;-29,1662;-51,5165;;43;8541;54;America/Sao_Paulo
;Bequimão;-2,44162;-44,7842;;21;737;98;America/Sao_Paulo
;Berilo;-16,9567;-42,4606;;31;4129;33;America/Sao_Paulo
;Berizal;-15,61;-41,7432;;31;570;38;America/Sao_Paulo
;Bernardino Batista;-6,44572;-38,5521;;25;456;83;America/Sao_Paulo
BERNARDINO DE CAMPOS;Bernardino de Campos;-23,0164;-49,4679;;35;6225;14;America/Sao_Paulo
;Bernardo do Mearim;-4,62666;-44,7608;;21;124;99;America/Sao_Paulo
;Bernardo Sayão;-7,87481;-48,8893;;17;9695;63;America/Sao_Paulo
BERTIOGA;Bertioga;-23,8486;-46,1396;;35;2965;13;America/Sao_Paulo
;Bertolínia;-7,63338;-43,9498;;22;1033;89;America/Sao_Paulo
;Bertópolis;-17,059;-40,58;;31;4131;33;America/Sao_Paulo
;Beruri;-3,89874;-61,3616;;13;295;97;America/Porto_Velho
;Betânia;-8,26787;-38,0345;;26;2335;87;America/Sao_Paulo
;Betânia do Piauí;-8,14376;-40,7989;;22;278;89;America/Sao_Paulo
;Betim;-19,9668;-44,2008;;31;4133;31;America/Sao_Paulo
;Bezerros;-8,2328;-35,796;;26;2337;81;America/Sao_Paulo
;Bias Fortes;-21,602;-43,7574;;31;4135;32;America/Sao_Paulo
;Bicas;-21,7232;-43,056;;31;4137;32;America/Sao_Paulo
;Biguaçu;-27,496;-48,6598;;42;8045;48;America/Sao_Paulo
BILAC;Bilac;-21,404;-50,4746;;35;6227;18;America/Sao_Paulo
;Biquinhas;-18,7754;-45,4974;;31;4139;37;America/Sao_Paulo
BIRIGUI;Birigui;-21,291;-50,3432;;35;6229;18;America/Sao_Paulo
BIRITIBA MIRIM;Biritiba-Mirim;-23,5698;-46,0407;;35;6231;11;America/Sao_Paulo
;Biritinga;-11,6072;-38,8051;;29;3371;75;America/Sao_Paulo
;Bituruna;-26,1607;-51,5518;;41;7455;42;America/Sao_Paulo
;Blumenau;-26,9155;-49,0709;;42;8047;47;America/Sao_Paulo
;Boa Esperança;-24,2467;-52,7876;;41;7457;44;America/Sao_Paulo
;Boa Esperança;-21,0927;-45,5612;;31;4141;35;America/Sao_Paulo
;Boa Esperança;-18,5395;-40,3025;;32;5619;27;America/Sao_Paulo
;Boa Esperança do Iguaçu;-25,6324;-53,2108;;41;5471;46;America/Sao_Paulo
BOA ESPERANCA DO SUL;Boa Esperança do Sul;-21,9918;-48,3906;;35;6233;16;America/Sao_Paulo
;Boa Hora;-4,41404;-42,1357;;22;280;86;America/Sao_Paulo
;Boa Nova;-14,3598;-40,2064;;29;3373;77;America/Sao_Paulo
;Boa Ventura;-7,40982;-38,2113;;25;1943;83;America/Sao_Paulo
;Boa Ventura de São Roque;-24,8688;-51,6276;;41;836;42;America/Sao_Paulo
;Boa Viagem;-5,11258;-39,7337;;23;1347;88;America/Sao_Paulo
;Boa Vista;2,82384;-60,6753;1.0;14;301;95;America/Porto_Velho
;Boa Vista;-7,26365;-36,2357;;25;458;83;America/Sao_Paulo
;Boa Vista da Aparecida;-25,4308;-53,4117;;41;7981;45;America/Sao_Paulo
;Boa Vista das Missões;-27,6671;-53,3102;;43;5981;55;America/Sao_Paulo
;Boa Vista do Buricá;-27,6693;-54,1082;;43;8543;55;America/Sao_Paulo
;Boa Vista do Cadeado;-28,5791;-53,8108;;43;1124;55;America/Sao_Paulo
;Boa Vista do Gurupi;-1,77614;-46,3002;;21;126;98;America/Sao_Paulo
;Boa Vista do Incra;-28,8185;-53,391;;43;1126;55;America/Sao_Paulo
;Boa Vista do Ramos;-2,97409;-57,5873;;13;297;92;America/Porto_Velho
;Boa Vista do Sul;-29,3544;-51,6687;;43;960;54;America/Sao_Paulo
;Boa Vista do Tupim;-12,6498;-40,6064;;29;3375;75;America/Sao_Paulo
;Boca da Mata;-9,64308;-36,2125;;27;2719;82;America/Sao_Paulo
;Boca do Acre;-8,74232;-67,3919;;13;215;97;America/Rio_Branco
;Bocaina;-6,94124;-41,3168;;22;1035;89;America/Sao_Paulo
BOCAINA;Bocaina;-22,1365;-48,523;;35;6235;14;America/Sao_Paulo
;Bocaina de Minas;-22,1697;-44,3972;;31;4143;32;America/Sao_Paulo
;Bocaina do Sul;-27,7455;-49,9423;;42;898;49;America/Sao_Paulo
;Bocaiúva;-17,1135;-43,8104;;31;4145;38;America/Sao_Paulo
;Bocaiúva do Sul;-25,2066;-49,1141;;41;7459;41;America/Sao_Paulo
;Bodó;-5,98027;-36,4167;;24;412;84;America/Sao_Paulo
;Bodocó;-7,77759;-39,9338;;26;2339;87;America/Sao_Paulo
;Bodoquena;-20,537;-56,7127;;50;9801;67;America/Porto_Velho
BOFETE;Bofete;-23,1055;-48,2582;;35;6237;14;America/Sao_Paulo
BOITUVA;Boituva;-23,2855;-47,6786;;35;6239;15;America/Sao_Paulo
;Bom Conselho;-9,16919;-36,6857;;26;2341;87;America/Sao_Paulo
;Bom Despacho;-19,7386;-45,2622;;31;4147;37;America/Sao_Paulo
;Bom Jardim;-22,1545;-42,4251;;33;5809;22;America/Sao_Paulo
;Bom Jardim;-7,79695;-35,5784;;26;2343;81;America/Sao_Paulo
;Bom Jardim;-3,54129;-45,606;;21;955;98;America/Sao_Paulo
;Bom Jardim da Serra;-28,3377;-49,6373;;42;8389;49;America/Sao_Paulo
;Bom Jardim de Goiás;-16,2063;-52,1728;;52;9267;64;America/Sao_Paulo
;Bom Jardim de Minas;-21,9479;-44,1885;;31;4149;32;America/Sao_Paulo
;Bom Jesus;-26,7326;-52,3919;;42;900;49;America/Sao_Paulo
;Bom Jesus;-28,6697;-50,4295;;43;8545;54;America/Sao_Paulo
;Bom Jesus;-9,07124;-44,359;;22;1037;89;America/Sao_Paulo
;Bom Jesus;-5,98648;-35,5792;;24;1633;84;America/Sao_Paulo
;Bom Jesus;-6,81601;-38,6453;;25;1945;83;America/Sao_Paulo
;Bom Jesus da Lapa;-13,2506;-43,4108;;29;3377;77;America/Sao_Paulo
;Bom Jesus da Penha;-21,0148;-46,5174;;31;4151;35;America/Sao_Paulo
;Bom Jesus da Serra;-14,3663;-40,5126;;29;3263;77;America/Sao_Paulo
;Bom Jesus das Selvas;-4,47638;-46,8641;;21;128;98;America/Sao_Paulo
;Bom Jesus de Goiás;-18,2173;-49,74;;52;9269;64;America/Sao_Paulo
;Bom Jesus do Amparo;-19,7054;-43,4782;;31;4153;31;America/Sao_Paulo
;Bom Jesus do Araguaia;-12,1706;-51,5032;;51;1078;66;America/Porto_Velho
;Bom Jesus do Galho;-19,836;-42,3165;;31;4155;33;America/Sao_Paulo
;Bom Jesus do Itabapoana;-21,1449;-41,6822;;33;5811;22;America/Sao_Paulo
;Bom Jesus do Norte;-21,1173;-41,6731;;32;5621;28;America/Sao_Paulo
;Bom Jesus do Oeste;-26,6927;-53,0967;;42;902;49;America/Sao_Paulo
;Bom Jesus do Sul;-26,1958;-53,5955;;41;838;46;America/Sao_Paulo
;Bom Jesus do Tocantins;-5,0424;-48,6047;;15;575;94;America/Sao_Paulo
;Bom Jesus do Tocantins;-8,96306;-48,165;;17;341;63;America/Sao_Paulo
BOM JESUS DOS PERDOES;Bom Jesus dos Perdões;-23,1356;-46,4675;;35;6241;11;America/Sao_Paulo
;Bom Lugar;-4,37311;-45,0326;;21;130;99;America/Sao_Paulo
;Bom Princípio;-29,4856;-51,3548;;43;9823;51;America/Sao_Paulo
;Bom Princípio do Piauí;-3,19631;-41,6403;;22;2287;86;America/Sao_Paulo
;Bom Progresso;-27,5399;-53,8716;;43;6071;55;America/Sao_Paulo
;Bom Repouso;-22,4675;-46,144;;31;4157;35;America/Sao_Paulo
;Bom Retiro;-27,799;-49,487;;42;8049;49;America/Sao_Paulo
;Bom Retiro do Sul;-29,6071;-51,9456;;43;8547;51;America/Sao_Paulo
;Bom Sucesso;-21,0329;-44,7537;;31;4159;35;America/Sao_Paulo
;Bom Sucesso;-23,7063;-51,7671;;41;7461;43;America/Sao_Paulo
;Bom Sucesso;-6,44176;-37,9234;;25;1947;83;America/Sao_Paulo
BOM SUCESSO DE ITARARE;Bom Sucesso de Itararé;-24,3155;-49,1451;;35;3059;15;America/Sao_Paulo
;Bom Sucesso do Sul;-26,0731;-52,8353;;41;9979;46;America/Sao_Paulo
;Bombinhas;-27,1382;-48,5146;;42;5537;47;America/Sao_Paulo
;Bonfim;3,36161;-59,8333;;14;307;95;America/Porto_Velho
;Bonfim;-20,3302;-44,2366;;31;4161;31;America/Sao_Paulo
;Bonfim do Piauí;-9,1605;-42,8865;;22;2251;89;America/Sao_Paulo
;Bonfinópolis;-16,6173;-48,9616;;52;9775;62;America/Sao_Paulo
;Bonfinópolis de Minas;-16,568;-45,9839;;31;4163;38;America/Sao_Paulo
;Boninal;-12,7069;-41,8286;;29;3379;75;America/Sao_Paulo
;Bonito;-8,47163;-35,7292;;26;2345;81;America/Sao_Paulo
;Bonito;-11,9668;-41,2647;;29;3265;75;America/Sao_Paulo
;Bonito;-1,36745;-47,3066;;15;431;91;America/Sao_Paulo
;Bonito;-21,1261;-56,4836;;50;9043;67;America/Porto_Velho
;Bonito de Minas;-15,3231;-44,7543;;31;572;38;America/Sao_Paulo
;Bonito de Santa Fé;-7,31341;-38,5133;;25;1949;83;America/Sao_Paulo
;Bonópolis;-13,6329;-49,8106;;52;1056;62;America/Sao_Paulo
;Boqueirão;-7,487;-36,1309;;25;1951;83;America/Sao_Paulo
;Boqueirão do Leão;-29,3046;-52,4284;;43;8483;51;America/Sao_Paulo
;Boqueirão do Piauí;-4,48181;-42,1212;;22;282;86;America/Sao_Paulo
;Boquim;-11,1397;-37,6195;;28;3115;79;America/Sao_Paulo
;Boquira;-12,8205;-42,7324;;29;3381;77;America/Sao_Paulo
BORA;Borá;-22,2696;-50,5409;;35;6243;18;America/Sao_Paulo
BORACEIA;Boracéia;-22,1926;-48,7808;;35;6245;14;America/Sao_Paulo
;Borba;-4,39154;-59,5874;;13;217;92;America/Porto_Velho
;Borborema;-6,80199;-35,6187;;25;1955;83;America/Sao_Paulo
BORBOREMA;Borborema;-21,6214;-49,0741;;35;6247;16;America/Sao_Paulo
;Borda da Mata;-22,2707;-46,1653;;31;4165;35;America/Sao_Paulo
BOREBI;Borebi;-22,5728;-48,9707;;35;7247;14;America/Sao_Paulo
;Borrazópolis;-23,9366;-51,5875;;41;7463;43;America/Sao_Paulo
;Bossoroca;-28,7291;-54,9035;;43;8549;55;America/Sao_Paulo
;Botelhos;-21,6412;-46,391;;31;4167;35;America/Sao_Paulo
BOTUCATU;Botucatu;-22,8837;-48,4437;;35;6249;14;America/Sao_Paulo
;Botumirim;-16,8657;-43,0086;;31;4169;38;America/Sao_Paulo
;Botuporã;-13,3772;-42,5163;;29;3383;77;America/Sao_Paulo
;Botuverá;-27,2007;-49,0689;;42;8051;47;America/Sao_Paulo
;Bozano;-28,3659;-53,772;;43;1128;55;America/Sao_Paulo
;Braço do Norte;-28,2681;-49,1701;;42;8053;48;America/Sao_Paulo
;Braço do Trombudo;-27,3586;-49,8821;;42;5557;47;America/Sao_Paulo
;Braga;-27,6173;-53,7405;;43;8551;55;America/Sao_Paulo
;Bragança;-1,06126;-46,7826;;15;433;91;America/Sao_Paulo
BRAGANCA PAULISTA;Bragança Paulista;-22,9527;-46,5419;;35;6251;11;America/Sao_Paulo
;Braganey;-24,8173;-53,1218;;41;7983;45;America/Sao_Paulo
;Branquinha;-9,23342;-36,0162;;27;2721;82;America/Sao_Paulo
;Brás Pires;-20,8419;-43,2406;;31;4173;32;America/Sao_Paulo
;Brasil Novo;-3,29792;-52,534;;15;639;93;America/Sao_Paulo
;Brasilândia;-21,2544;-52,0365;;50;9045;67;America/Porto_Velho
;Brasilândia de Minas;-16,9999;-46,0081;;31;574;38;America/Sao_Paulo
;Brasilândia do Sul;-24,1978;-53,5275;;41;5521;44;America/Sao_Paulo
;Brasilândia do Tocantins;-8,38918;-48,4822;;17;339;63;America/Sao_Paulo
;Brasiléia;-10,995;-68,7497;;12;105;68;America/Rio_Branco
;Brasileira;-4,1337;-41,7859;;22;2283;86;America/Sao_Paulo
;Brasília;-15,7795;-47,9297;1.0;53;9701;61;America/Sao_Paulo
;Brasília de Minas;-16,2104;-44,4299;;31;4171;38;America/Sao_Paulo
;Brasnorte;-12,1474;-57,9833;;51;9873;66;America/Porto_Velho
BRAUNA;Braúna;-21,499;-50,3175;;35;6255;18;America/Sao_Paulo
;Braúnas;-19,0562;-42,7099;;31;4175;35;America/Sao_Paulo
;Brazabrantes;-16,4281;-49,3863;;52;9271;62;America/Sao_Paulo
;Brazópolis;-22,4743;-45,6166;;31;4177;33;America/Sao_Paulo
;Brejão;-9,02915;-36,566;;26;2347;87;America/Sao_Paulo
;Brejetuba;-20,1395;-41,2954;;32;758;27;America/Sao_Paulo
;Brejinho;-6,18566;-35,3591;;24;1635;84;America/Sao_Paulo
;Brejinho;-7,34694;-37,2865;;26;2349;87;America/Sao_Paulo
;Brejinho de Nazaré;-11,0058;-48,5683;;17;9273;63;America/Sao_Paulo
;Brejo;-3,67796;-42,7527;;21;739;98;America/Sao_Paulo
BREJO ALEGRE;Brejo Alegre;-21,1651;-50,1861;;35;792;18;America/Sao_Paulo
;Brejo da Madre de Deus;-8,14933;-36,3741;;26;2351;81;America/Sao_Paulo
;Brejo de Areia;-4,334;-45,581;;21;132;98;America/Sao_Paulo
;Brejo do Cruz;-6,34185;-37,4943;;25;1957;83;America/Sao_Paulo
;Brejo do Piauí;-8,20314;-42,8229;;22;284;89;America/Sao_Paulo
;Brejo dos Santos;-6,37065;-37,8253;;25;1959;83;America/Sao_Paulo
;Brejo Grande;-10,4297;-36,4611;;28;3113;79;America/Sao_Paulo
;Brejo Grande do Araguaia;-5,69822;-48,4103;;15;577;94;America/Sao_Paulo
;Brejo Santo;-7,48469;-38,9799;;23;1349;88;America/Sao_Paulo
;Brejões;-13,1039;-39,7988;;29;3385;75;America/Sao_Paulo
;Brejolândia;-12,4815;-43,9679;;29;3387;77;America/Sao_Paulo
;Breu Branco;-3,77191;-49,5735;;15;625;94;America/Sao_Paulo
;Breves;-1,68036;-50,4791;;15;435;91;America/Sao_Paulo
;Britânia;-15,2428;-51,1602;;52;9275;62;America/Sao_Paulo
;Brochier;-29,5501;-51,5945;;43;8449;51;America/Sao_Paulo
BRODOWSKI;Brodowski;-20,9845;-47,6572;;35;6257;16;America/Sao_Paulo
BROTAS;Brotas;-22,2795;-48,1251;;35;6259;14;America/Sao_Paulo
;Brotas de Macaúbas;-11,9915;-42,6326;;29;3389;77;America/Sao_Paulo
;Brumadinho;-20,151;-44,2007;;31;4179;31;America/Sao_Paulo
;Brumado;-14,2021;-41,6696;;29;3391;77;America/Sao_Paulo
;Brunópolis;-27,3058;-50,8684;;42;904;49;America/Sao_Paulo
;Brusque;-27,0977;-48,9107;;42;8055;47;America/Sao_Paulo
;Bueno Brandão;-22,4383;-46,3491;;31;4181;35;America/Sao_Paulo
;Buenópolis;-17,8744;-44,1775;;31;4183;38;America/Sao_Paulo
;Buenos Aires;-7,72449;-35,3182;;26;2353;81;America/Sao_Paulo
;Buerarema;-14,9595;-39,3028;;29;3393;73;America/Sao_Paulo
;Bugre;-19,4231;-42,2552;;31;576;33;America/Sao_Paulo
;Buíque;-8,61954;-37,1606;;26;2355;87;America/Sao_Paulo
;Bujari;-9,81528;-67,955;;12;645;68;America/Rio_Branco
;Bujaru;-1,51762;-48,0381;;15;437;91;America/Sao_Paulo
BURI;Buri;-23,7977;-48,5958;;35;6261;15;America/Sao_Paulo
BURITAMA;Buritama;-21,0661;-50,1475;;35;6263;18;America/Sao_Paulo
;Buriti;-3,94169;-42,9179;;21;741;98;America/Sao_Paulo
;Buriti Alegre;-18,1378;-49,0404;;52;9277;64;America/Sao_Paulo
;Buriti Bravo;-5,83239;-43,8353;;21;743;99;America/Sao_Paulo
;Buriti de Goiás;-16,1792;-50,4302;;52;63;64;America/Sao_Paulo
;Buriti do Tocantins;-5,31448;-48,2271;;17;9715;63;America/Sao_Paulo
;Buriti dos Lopes;-3,18259;-41,8695;;22;1039;86;America/Sao_Paulo
;Buriti dos Montes;-5,30584;-41,0933;;22;1297;86;America/Sao_Paulo
;Buriticupu;-4,32375;-46,4409;;21;134;98;America/Sao_Paulo
;Buritinópolis;-14,4772;-46,4076;;52;61;62;America/Sao_Paulo
;Buritirama;-10,7171;-43,6302;;29;3079;77;America/Sao_Paulo
;Buritirana;-5,59823;-47,0131;;21;136;99;America/Sao_Paulo
;Buritis;-10,1943;-63,8324;;11;4;69;America/Porto_Velho
;Buritis;-15,6218;-46,4221;;31;4185;38;America/Sao_Paulo
BURITIZAL;Buritizal;-20,1911;-47,7096;;35;6265;16;America/Sao_Paulo
;Buritizeiro;-17,3656;-44,9606;;31;4187;38;America/Sao_Paulo
;Butiá;-30,1179;-51,9601;;43;8553;51;America/Sao_Paulo
;Caapiranga;-3,31537;-61,2206;;13;299;92;America/Porto_Velho
;Caaporã;-7,51351;-34,9055;;25;1961;83;America/Sao_Paulo
;Caarapó;-22,6368;-54,8209;;50;9055;67;America/Porto_Velho
;Caatiba;-14,9699;-40,4092;;29;3395;77;America/Sao_Paulo
;Cabaceiras;-7,48899;-36,287;;25;1963;83;America/Sao_Paulo
;Cabaceiras do Paraguaçu;-12,5317;-39,1902;;29;3267;75;America/Sao_Paulo
;Cabeceira Grande;-16,0335;-47,0862;;31;578;38;America/Sao_Paulo
;Cabeceiras;-15,7995;-46,9265;;52;9279;61;America/Sao_Paulo
;Cabeceiras do Piauí;-4,4773;-42,3069;;22;1299;86;America/Sao_Paulo
;Cabedelo;-6,98731;-34,8284;;25;1965;83;America/Sao_Paulo
;Cabixi;-13,4945;-60,552;;11;37;69;America/Porto_Velho
;Cabo de Santo Agostinho;-8,28218;-35,0253;;26;2357;81;America/Sao_Paulo
;Cabo Frio;-22,8894;-42,0286;;33;5813;22;America/Sao_Paulo
;Cabo Verde;-21,4699;-46,3919;;31;4189;35;America/Sao_Paulo
CABRALIA PAULISTA;Cabrália Paulista;-22,4576;-49,3393;;35;6267;14;America/Sao_Paulo
CABREUVA;Cabreúva;-23,3053;-47,1362;;35;6269;11;America/Sao_Paulo
;Cabrobó;-8,50548;-39,3094;;26;2359;87;America/Sao_Paulo
;Caçador;-26,7757;-51,012;;42;8057;49;America/Sao_Paulo
CACAPAVA;Caçapava;-23,0992;-45,7076;;35;6271;12;America/Sao_Paulo
;Caçapava do Sul;-30,5144;-53,4827;;43;8555;55;America/Sao_Paulo
;Cacaulândia;-10,349;-62,9043;;11;677;69;America/Porto_Velho
;Cacequi;-29,8883;-54,822;;43;8557;55;America/Sao_Paulo
;Cáceres;-16,0764;-57,6818;;51;9047;65;America/Porto_Velho
;Cachoeira;-12,5994;-38,9587;;29;3397;75;America/Sao_Paulo
;Cachoeira Alta;-18,7618;-50,9432;;52;9281;64;America/Sao_Paulo
;Cachoeira da Prata;-19,521;-44,4544;;31;4191;31;America/Sao_Paulo
;Cachoeira de Goiás;-16,6635;-50,646;;52;9283;64;America/Sao_Paulo
;Cachoeira de Minas;-22,3511;-45,7809;;31;4193;35;America/Sao_Paulo
;Cachoeira de Pajeú;-15,9688;-41,4948;;31;4053;33;America/Sao_Paulo
;Cachoeira do Arari;-1,01226;-48,9503;;15;439;91;America/Sao_Paulo
;Cachoeira do Piriá;-1,75974;-46,5459;;15;46;91;America/Sao_Paulo
;Cachoeira do Sul;-30,033;-52,8928;;43;8559;51;America/Sao_Paulo
;Cachoeira dos Índios;-6,91353;-38,676;;25;1967;83;America/Sao_Paulo
;Cachoeira Dourada;-18,4859;-49,4766;;52;9673;64;America/Sao_Paulo
;Cachoeira Dourada;-18,5161;-49,5039;;31;4195;34;America/Sao_Paulo
;Cachoeira Grande;-2,93074;-44,0528;;21;138;98;America/Sao_Paulo
CACHOEIRA PAULISTA;Cachoeira Paulista;-22,6665;-45,0154;;35;6273;12;America/Sao_Paulo
;Cachoeiras de Macacu;-22,4658;-42,6523;;33;5815;21;America/Sao_Paulo
;Cachoeirinha;-6,1156;-47,9234;;17;171;63;America/Sao_Paulo
;Cachoeirinha;-8,48668;-36,2402;;26;2361;81;America/Sao_Paulo
;Cachoeirinha;-29,9472;-51,1016;;43;8561;51;America/Sao_Paulo
;Cachoeiro de Itapemirim;-20,8462;-41,1198;;32;5623;28;America/Sao_Paulo
;Cacimba de Areia;-7,12128;-37,1563;;25;1969;83;America/Sao_Paulo
;Cacimba de Dentro;-6,6386;-35,7778;;25;1971;83;America/Sao_Paulo
;Cacimbas;-7,20721;-37,0604;;25;460;83;America/Sao_Paulo
;Cacimbinhas;-9,40121;-36,9911;;27;2723;82;America/Sao_Paulo
;Cacique Doble;-27,767;-51,6597;;43;8563;54;America/Sao_Paulo
;Cacoal;-11,4343;-61,4562;;11;9;69;America/Porto_Velho
CACONDE;Caconde;-21,528;-46,6437;;35;6275;19;America/Sao_Paulo
;Caçu;-18,5594;-51,1328;;52;9285;64;America/Sao_Paulo
;Caculé;-14,5003;-42,2229;;29;3399;77;America/Sao_Paulo
;Caém;-11,0677;-40,432;;29;3401;74;America/Sao_Paulo
;Caetanópolis;-19,2971;-44,4189;;31;4197;31;America/Sao_Paulo
;Caetanos;-14,3347;-40,9175;;29;3269;77;America/Sao_Paulo
;Caeté;-19,8826;-43,6704;;31;4199;31;America/Sao_Paulo
;Caetés;-8,7803;-36,6268;;26;2363;87;America/Sao_Paulo
;Caetité;-14,0684;-42,4861;;29;3403;77;America/Sao_Paulo
;Cafarnaum;-11,6914;-41,4688;;29;3405;74;America/Sao_Paulo
;Cafeara;-22,789;-51,7142;;41;7465;43;America/Sao_Paulo
CAFELANDIA;Cafelândia;-21,8031;-49,6092;;35;6277;14;America/Sao_Paulo
;Cafelândia;-24,6189;-53,3207;;41;7985;45;America/Sao_Paulo
;Cafezal do Sul;-23,9005;-53,5124;;41;5491;44;America/Sao_Paulo
CAIABU;Caiabu;-22,0127;-51,2394;;35;6279;18;America/Sao_Paulo
;Caiana;-20,6956;-41,9292;;31;4201;32;America/Sao_Paulo
;Caiapônia;-16,9539;-51,8091;;52;9287;64;America/Sao_Paulo
;Caibaté;-28,2905;-54,6454;;43;8565;55;America/Sao_Paulo
;Caibi;-27,0741;-53,2458;;42;8059;49;America/Sao_Paulo
;Caiçara;-27,2791;-53,4257;;43;8567;55;America/Sao_Paulo
;Caiçara;-6,62115;-35,4581;;25;1973;83;America/Sao_Paulo
;Caiçara do Norte;-5,07091;-36,0717;;24;414;84;America/Sao_Paulo
;Caiçara do Rio do Vento;-5,76541;-35,9938;;24;1637;84;America/Sao_Paulo
;Caicó;-6,45441;-37,1067;;24;1639;84;America/Sao_Paulo
CAIEIRAS;Caieiras;-23,3607;-46,7397;;35;6281;11;America/Sao_Paulo
;Cairu;-13,4904;-39,0465;;29;3407;75;America/Sao_Paulo
CAIUA;Caiuá;-21,8322;-51,9969;;35;6283;18;America/Sao_Paulo
CAJAMAR;Cajamar;-23,355;-46,8781;;35;6285;11;America/Sao_Paulo
;Cajapió;-2,87326;-44,6741;;21;745;98;America/Sao_Paulo
;Cajari;-3,32742;-45,0145;;21;747;98;America/Sao_Paulo
CAJATI;Cajati;-24,7324;-48,1223;;35;2967;13;America/Sao_Paulo
;Cajazeiras;-6,88004;-38,5577;;25;1975;83;America/Sao_Paulo
;Cajazeiras do Piauí;-6,79667;-42,3903;;22;286;89;America/Sao_Paulo
;Cajazeirinhas;-6,96016;-37,8009;;25;462;83;America/Sao_Paulo
CAJOBI;Cajobi;-20,8773;-48,8063;;35;6287;17;America/Sao_Paulo
;Cajueiro;-9,3994;-36,1559;;27;2725;82;America/Sao_Paulo
;Cajueiro da Praia;-2,93111;-41,3408;;22;288;86;America/Sao_Paulo
;Cajuri;-20,7903;-42,7925;;31;4203;31;America/Sao_Paulo
CAJURU;Cajuru;-21,2749;-47,303;;35;6289;16;America/Sao_Paulo
;Calçado;-8,73108;-36,3366;;26;2365;87;America/Sao_Paulo
;Calçoene;2,50475;-50,9512;;16;603;96;America/Sao_Paulo
;Caldas;-21,9183;-46,3843;;31;4205;35;America/Sao_Paulo
;Caldas Brandão;-7,1025;-35,3272;;25;1977;83;America/Sao_Paulo
;Caldas Novas;-17,7441;-48,6246;;52;9289;64;America/Sao_Paulo
;Caldazinha;-16,7117;-49,0013;;52;31;62;America/Sao_Paulo
;Caldeirão Grande;-11,0208;-40,2956;;29;3409;74;America/Sao_Paulo
;Caldeirão Grande do Piauí;-7,3314;-40,6366;;22;2271;89;America/Sao_Paulo
;Califórnia;-23,6566;-51,3574;;41;7467;43;America/Sao_Paulo
;Calmon;-26,5942;-51,095;;42;5553;49;America/Sao_Paulo
;Calumbi;-7,93551;-38,1482;;26;2367;87;America/Sao_Paulo
;Camacan;-15,4142;-39,4919;;29;3411;73;America/Sao_Paulo
;Camaçari;-12,6996;-38,3263;;29;3413;71;America/Sao_Paulo
;Camacho;-20,6294;-45,1593;;31;4207;37;America/Sao_Paulo
;Camalaú;-7,88503;-36,8242;;25;1979;83;America/Sao_Paulo
;Camamu;-13,9398;-39,1071;;29;3415;73;America/Sao_Paulo
;Camanducaia;-22,7515;-46,1494;;31;4209;35;America/Sao_Paulo
;Camapuã;-19,5347;-54,0431;;50;9049;67;America/Porto_Velho
;Camaquã;-30,8489;-51,8043;;43;8569;51;America/Sao_Paulo
;Camaragibe;-8,02351;-34,9782;;26;2629;81;America/Sao_Paulo
;Camargo;-28,588;-52,2003;;43;8447;54;America/Sao_Paulo
;Cambará;-23,0423;-50,0753;;41;7469;43;America/Sao_Paulo
;Cambará do Sul;-29,0474;-50,1465;;43;8571;54;America/Sao_Paulo
;Cambé;-23,2766;-51,2798;;41;7471;43;America/Sao_Paulo
;Cambira;-23,589;-51,5792;;41;7473;43;America/Sao_Paulo
;Camboriú;-27,0241;-48,6503;;42;8061;47;America/Sao_Paulo
;Cambuci;-21,5691;-41,9187;;33;5817;22;America/Sao_Paulo
;Cambuí;-22,6115;-46,0572;;31;4211;35;America/Sao_Paulo
;Cambuquira;-21,854;-45,2896;;31;4213;35;America/Sao_Paulo
;Cametá;-2,24295;-49,4979;;15;441;91;America/Sao_Paulo
;Camocim;-2,9005;-40,8544;;23;1351;88;America/Sao_Paulo
;Camocim de São Félix;-8,35865;-35,7653;;26;2369;81;America/Sao_Paulo
;Campanário;-18,2427;-41,7355;;31;4215;33;America/Sao_Paulo
;Campanha;-21,836;-45,4004;;31;4217;35;America/Sao_Paulo
;Campestre;-21,7079;-46,2381;;31;4219;35;America/Sao_Paulo
;Campestre;-8,84723;-35,5685;;27;560;82;America/Sao_Paulo
;Campestre da Serra;-28,7926;-51,0941;;43;6013;54;America/Sao_Paulo
;Campestre de Goiás;-16,7624;-49,695;;52;9291;62;America/Sao_Paulo
;Campestre do Maranhão;-6,17075;-47,3625;;21;140;99;America/Sao_Paulo
;Campina da Lagoa;-24,5893;-52,7976;;41;7475;44;America/Sao_Paulo
;Campina das Missões;-27,9888;-54,8416;;43;8573;55;America/Sao_Paulo
CAMPINA DO MONTE ALEGRE;Campina do Monte Alegre;-23,5895;-48,4758;;35;2999;15;America/Sao_Paulo
;Campina do Simão;-25,0802;-51,8237;;41;840;42;America/Sao_Paulo
;Campina Grande;-7,22196;-35,8731;;25;1981;83;America/Sao_Paulo
;Campina Grande do Sul;-25,3044;-49,0551;;41;7477;41;America/Sao_Paulo
;Campina Verde;-19,5382;-49,4862;;31;4221;34;America/Sao_Paulo
;Campinaçu;-13,787;-48,5704;;52;9687;62;America/Sao_Paulo
;Campinápolis;-14,5162;-52,893;;51;9863;66;America/Porto_Velho
CAMPINAS;Campinas;-22,9053;-47,0659;;35;6291;19;America/Sao_Paulo
;Campinas do Piauí;-7,6593;-41,8775;;22;1041;89;America/Sao_Paulo
;Campinas do Sul;-27,7174;-52,6248;;43;8575;54;America/Sao_Paulo
;Campinorte;-14,3137;-49,1511;;52;9293;62;America/Sao_Paulo
;Campo Alegre;-26,195;-49,2676;;42;8063;47;America/Sao_Paulo
;Campo Alegre;-9,78451;-36,3525;;27;2727;82;America/Sao_Paulo
;Campo Alegre de Goiás;-17,6363;-47,7768;;52;9295;64;America/Sao_Paulo
;Campo Alegre de Lourdes;-9,52221;-43,0126;;29;3417;74;America/Sao_Paulo
;Campo Alegre do Fidalgo;-8,38236;-41,8344;;22;290;89;America/Sao_Paulo
;Campo Azul;-16,5028;-44,8096;;31;580;38;America/Sao_Paulo
;Campo Belo;-20,8932;-45,2699;;31;4223;35;America/Sao_Paulo
;Campo Belo do Sul;-27,8975;-50,7595;;42;8065;49;America/Sao_Paulo
;Campo Bom;-29,6747;-51,0606;;43;8577;51;America/Sao_Paulo
;Campo Bonito;-25,0294;-52,9939;;41;8475;45;America/Sao_Paulo
;Campo do Brito;-10,7392;-37,4954;;28;3119;79;America/Sao_Paulo
;Campo do Meio;-21,1127;-45,8273;;31;4225;35;America/Sao_Paulo
;Campo do Tenente;-25,98;-49,6844;;41;7479;41;America/Sao_Paulo
;Campo Erê;-26,3931;-53,0856;;42;8067;49;America/Sao_Paulo
;Campo Florido;-19,7631;-48,5716;;31;4227;34;America/Sao_Paulo
;Campo Formoso;-10,5105;-40,32;;29;3419;74;America/Sao_Paulo
;Campo Grande;-9,95542;-36,7926;;27;2729;82;America/Sao_Paulo
;Campo Grande;-20,4486;-54,6295;1.0;50;9051;67;America/Porto_Velho
;Campo Grande do Piauí;-7,12827;-41,0315;;22;292;89;America/Sao_Paulo
;Campo Largo;-25,4525;-49,529;;41;7481;41;America/Sao_Paulo
;Campo Largo do Piauí;-3,80441;-42,64;;22;294;86;America/Sao_Paulo
;Campo Limpo de Goiás;-16,2971;-49,0895;;52;1070;62;America/Sao_Paulo
CAMPO LIMPO PAULISTA;Campo Limpo Paulista;-23,2078;-46,7889;;35;6293;11;America/Sao_Paulo
;Campo Magro;-25,3687;-49,4501;;41;842;41;America/Sao_Paulo
;Campo Maior;-4,8217;-42,1641;;22;1043;86;America/Sao_Paulo
;Campo Mourão;-24,0463;-52,378;;41;7483;44;America/Sao_Paulo
;Campo Novo;-27,6792;-53,8052;;43;8579;55;America/Sao_Paulo
;Campo Novo de Rondônia;-10,5712;-63,6266;;11;679;69;America/Porto_Velho
;Campo Novo do Parecis;-13,6587;-57,8907;;51;9777;65;America/Porto_Velho
;Campo Redondo;-6,23829;-36,1888;;24;1641;84;America/Sao_Paulo
;Campo Verde;-15,545;-55,1626;;51;9779;66;America/Porto_Velho
;Campos Altos;-19,6914;-46,1725;;31;4229;37;America/Sao_Paulo
;Campos Belos;-13,035;-46,7681;;52;9297;62;America/Sao_Paulo
;Campos Borges;-28,8871;-53,0008;;43;8445;54;America/Sao_Paulo
;Campos de Júlio;-13,7242;-59,2858;;51;1032;65;America/Porto_Velho
CAMPOS DO JORDAO;Campos do Jordão;-22,7296;-45,5833;;35;6295;12;America/Sao_Paulo
;Campos dos Goytacazes;-21,7622;-41,3181;;33;5819;22;America/Sao_Paulo
;Campos Gerais;-21,237;-45,7569;;31;4231;35;America/Sao_Paulo
;Campos Lindos;-7,98956;-46,8645;;17;173;63;America/Sao_Paulo
;Campos Novos;-27,4002;-51,2276;;42;8069;49;America/Sao_Paulo
CAMPOS NOVOS PAULISTA;Campos Novos Paulista;-22,602;-49,9987;;35;6297;14;America/Sao_Paulo
;Campos Sales;-7,06761;-40,3687;;23;1353;88;America/Sao_Paulo
;Campos Verdes;-14,2442;-49,6528;;52;9781;62;America/Sao_Paulo
;Camutanga;-7,40545;-35,2664;;26;2371;81;America/Sao_Paulo
;Cana Verde;-21,0232;-45,1801;;31;4237;35;America/Sao_Paulo
;Canaã;-20,6869;-42,6167;;31;4233;31;America/Sao_Paulo
;Canaã dos Carajás;-6,49659;-49,8776;;15;48;94;America/Sao_Paulo
;Canabrava do Norte;-11,0556;-51,8209;;51;129;66;America/Porto_Velho
CANANEIA;Cananéia;-25,0144;-47,9341;;35;6299;13;America/Sao_Paulo
;Canapi;-9,11932;-37,5967;;27;2731;82;America/Sao_Paulo
;Canápolis;-13,0725;-44,201;;29;3421;77;America/Sao_Paulo
;Canápolis;-18,7212;-49,2035;;31;4235;34;America/Sao_Paulo
;Canarana;-11,6858;-41,7677;;29;3423;74;America/Sao_Paulo
;Canarana;-13,5515;-52,2705;;51;9193;66;America/Porto_Velho
CANAS;Canas;-22,7003;-45,0521;;35;794;12;America/Sao_Paulo
;Canavieira;-7,68821;-43,7233;;22;2247;89;America/Sao_Paulo
;Canavieiras;-15,6722;-38,9536;;29;3425;73;America/Sao_Paulo
;Candeal;-11,8049;-39,1203;;29;3427;75;America/Sao_Paulo
;Candeias;-12,6716;-38,5472;;29;3429;71;America/Sao_Paulo
;Candeias;-20,7692;-45,2765;;31;4239;35;America/Sao_Paulo
;Candeias do Jamari;-8,7907;-63,7005;;11;681;69;America/Porto_Velho
;Candelária;-29,6684;-52,7895;;43;8581;51;America/Sao_Paulo
;Candiba;-14,4097;-42,8667;;29;3431;77;America/Sao_Paulo
;Cândido de Abreu;-24,5649;-51,3372;;41;7485;43;America/Sao_Paulo
;Cândido Godói;-27,9515;-54,7517;;43;8583;55;America/Sao_Paulo
;Cândido Mendes;-1,43265;-45,7161;;21;749;98;America/Sao_Paulo
CANDIDO MOTA;Cândido Mota;-22,7471;-50,3873;;35;6301;18;America/Sao_Paulo
CANDIDO RODRIGUES;Cândido Rodrigues;-21,3275;-48,6327;;35;6303;16;America/Sao_Paulo
;Cândido Sales;-15,4993;-41,2414;;29;3433;77;America/Sao_Paulo
;Candiota;-31,5516;-53,6773;;43;6083;53;America/Sao_Paulo
;Candói;-25,5758;-52,0409;;41;5499;42;America/Sao_Paulo
;Canela;-29,356;-50,8119;;43;8585;54;America/Sao_Paulo
;Canelinha;-27,2616;-48,7658;;42;8071;48;America/Sao_Paulo
;Canguaretama;-6,37193;-35,1281;;24;1643;84;America/Sao_Paulo
;Canguçu;-31,396;-52,6783;;43;8587;53;America/Sao_Paulo
;Canhoba;-10,1365;-36,9806;;28;3121;79;America/Sao_Paulo
;Canhotinho;-8,87652;-36,1979;;26;2373;87;America/Sao_Paulo
;Canindé;-4,35162;-39,3155;;23;1355;85;America/Sao_Paulo
;Canindé de São Francisco;-9,64882;-37,7923;;28;3123;79;America/Sao_Paulo
CANITAR;Canitar;-23,004;-49,7839;;35;2947;14;America/Sao_Paulo
;Canoas;-29,9128;-51,1857;;43;8589;51;America/Sao_Paulo
;Canoinhas;-26,1766;-50,395;;42;8073;47;America/Sao_Paulo
;Cansanção;-10,6647;-39,4944;;29;3435;75;America/Sao_Paulo
;Cantá;2,60994;-60,6058;;14;28;95;America/Porto_Velho
;Cantagalo;-21,9797;-42,3664;;33;5821;22;America/Sao_Paulo
;Cantagalo;-25,3734;-52,1198;;41;8451;42;America/Sao_Paulo
;Cantagalo;-18,5248;-42,6223;;31;582;33;America/Sao_Paulo
;Cantanhede;-3,63757;-44,383;;21;751;98;America/Sao_Paulo
;Canto do Buriti;-8,1111;-42,9517;;22;1045;89;America/Sao_Paulo
;Canudos;-9,90014;-39,1471;;29;3085;75;America/Sao_Paulo
;Canudos do Vale;-29,3271;-52,2374;;43;1130;51;America/Sao_Paulo
;Canutama;-6,52582;-64,3953;;13;219;97;America/Porto_Velho
;Capanema;-1,20529;-47,1778;;15;443;91;America/Sao_Paulo
;Capanema;-25,6691;-53,8055;;41;7487;46;America/Sao_Paulo
;Capão Alto;-27,9389;-50,5098;;42;906;49;America/Sao_Paulo
CAPAO BONITO;Capão Bonito;-24,0113;-48,3482;;35;6305;15;America/Sao_Paulo
;Capão Bonito do Sul;-28,1254;-51,3961;;43;1132;54;America/Sao_Paulo
;Capão da Canoa;-29,7642;-50,0282;;43;8915;51;America/Sao_Paulo
;Capão do Cipó;-28,9312;-54,5558;;43;1134;55;America/Sao_Paulo
;Capão do Leão;-31,7565;-52,4889;;43;8973;53;America/Sao_Paulo
;Caparaó;-20,5289;-41,9061;;31;4241;32;America/Sao_Paulo
;Capela;-9,41504;-36,0826;;27;2733;82;America/Sao_Paulo
;Capela;-10,5069;-37,0628;;28;3125;79;America/Sao_Paulo
;Capela de Santana;-29,6961;-51,328;;43;8443;51;America/Sao_Paulo
CAPELA DO ALTO;Capela do Alto;-23,4685;-47,7388;;35;6307;15;America/Sao_Paulo
;Capela do Alto Alegre;-11,6658;-39,8349;;29;3081;75;America/Sao_Paulo
;Capela Nova;-20,9179;-43,622;;31;4243;31;America/Sao_Paulo
;Capelinha;-17,6888;-42,5147;;31;4245;33;America/Sao_Paulo
;Capetinga;-20,6163;-47,0571;;31;4247;35;America/Sao_Paulo
;Capim;-6,91624;-35,1673;;25;464;83;America/Sao_Paulo
;Capim Branco;-19,5471;-44,1304;;31;4249;31;America/Sao_Paulo
;Capim Grosso;-11,3797;-40,0089;;29;3083;74;America/Sao_Paulo
;Capinópolis;-18,6862;-49,5706;;31;4251;34;America/Sao_Paulo
;Capinzal;-27,3473;-51,6057;;42;8075;49;America/Sao_Paulo
;Capinzal do Norte;-4,7236;-44,328;;21;142;99;America/Sao_Paulo
;Capistrano;-4,45569;-38,9048;;23;1357;85;America/Sao_Paulo
;Capitão;-29,2674;-51,9853;;43;6025;51;America/Sao_Paulo
;Capitão Andrade;-19,0748;-41,8614;;31;2651;33;America/Sao_Paulo
;Capitão de Campos;-4,457;-41,944;;22;1047;86;America/Sao_Paulo
;Capitão Enéas;-16,3265;-43,7084;;31;4253;38;America/Sao_Paulo
;Capitão Gervásio Oliveira;-8,49655;-41,814;;22;296;89;America/Sao_Paulo
;Capitão Leônidas Marques;-25,4816;-53,6112;;41;7489;45;America/Sao_Paulo
;Capitão Poço;-1,74785;-47,0629;;15;445;91;America/Sao_Paulo
;Capitólio;-20,6164;-46,0493;;31;4255;37;America/Sao_Paulo
CAPIVARI;Capivari;-22,9951;-47,5071;;35;6309;19;America/Sao_Paulo
;Capivari de Baixo;-28,4498;-48,9631;;42;5545;48;America/Sao_Paulo
;Capivari do Sul;-30,1383;-50,5152;;43;962;51;America/Sao_Paulo
;Capixaba;-10,566;-67,686;;12;647;68;America/Rio_Branco
;Capoeiras;-8,73423;-36,6306;;26;2375;87;America/Sao_Paulo
;Caputira;-20,1703;-42,2683;;31;4257;31;America/Sao_Paulo
;Caraá;-29,7869;-50,4316;;43;964;51;America/Sao_Paulo
;Caracaraí;1,82766;-61,1304;;14;303;95;America/Porto_Velho
;Caracol;-9,27933;-43,329;;22;1049;89;America/Sao_Paulo
;Caracol;-22,011;-57,0277;;50;9053;67;America/Porto_Velho
CARAGUATATUBA;Caraguatatuba;-23,6125;-45,4125;;35;6311;12;America/Sao_Paulo
;Caraí;-17,1862;-41,7004;;31;4259;33;America/Sao_Paulo
;Caraíbas;-14,7177;-41,2603;;29;3271;77;America/Sao_Paulo
;Carambeí;-24,9152;-50,0986;;41;844;42;America/Sao_Paulo
;Caranaíba;-20,8707;-43,7417;;31;4261;31;America/Sao_Paulo
;Carandaí;-20,9566;-43,811;;31;4263;32;America/Sao_Paulo
;Carangola;-20,7343;-42,0313;;31;4265;32;America/Sao_Paulo
;Carapebus;-22,1821;-41,663;;33;772;22;America/Sao_Paulo
CARAPICUIBA;Carapicuíba;-23,5235;-46,8407;;35;6313;11;America/Sao_Paulo
;Caratinga;-19,7868;-42,1292;;31;4267;33;America/Sao_Paulo
;Carauari;-4,88161;-66,9086;;13;221;97;America/Porto_Velho
;Caraúbas;-5,78387;-37,5586;;24;1645;84;America/Sao_Paulo
;Caraúbas;-7,72049;-36,492;;25;466;83;America/Sao_Paulo
;Caraúbas do Piauí;-3,47525;-41,8425;;22;298;86;America/Sao_Paulo
;Caravelas;-17,7268;-39,2597;;29;3437;73;America/Sao_Paulo
;Carazinho;-28,2958;-52,7933;;43;8591;54;America/Sao_Paulo
;Carbonita;-17,5255;-43,0137;;31;4269;38;America/Sao_Paulo
;Cardeal da Silva;-11,9472;-37,9469;;29;3439;75;America/Sao_Paulo
CARDOSO;Cardoso;-20,08;-49,9183;;35;6315;17;America/Sao_Paulo
;Cardoso Moreira;-21,4846;-41,6165;;33;2915;22;America/Sao_Paulo
;Careaçu;-22,0424;-45,696;;31;4271;35;America/Sao_Paulo
;Careiro;-3,76803;-60,369;;13;223;92;America/Porto_Velho
;Careiro da Várzea;-3,314;-59,5557;;13;965;92;America/Porto_Velho
;Cariacica;-20,2632;-40,4165;;32;5625;27;America/Sao_Paulo
;Caridade;-4,22514;-39,1912;;23;1359;85;America/Sao_Paulo
;Caridade do Piauí;-7,73435;-40,9848;;22;300;89;America/Sao_Paulo
;Carinhanha;-14,2985;-43,7724;;29;3441;77;America/Sao_Paulo
;Carira;-10,3524;-37,7002;;28;3127;79;America/Sao_Paulo
;Cariré;-3,94858;-40,476;;23;1361;88;America/Sao_Paulo
;Cariri do Tocantins;-11,8881;-49,1609;;17;327;63;America/Sao_Paulo
;Caririaçu;-7,02808;-39,2828;;23;1363;88;America/Sao_Paulo
;Cariús;-6,52428;-39,4916;;23;1365;88;America/Sao_Paulo
;Carlinda;-9,94912;-55,8417;;51;1034;66;America/Porto_Velho
;Carlópolis;-23,4269;-49,7235;;41;7491;43;America/Sao_Paulo
;Carlos Barbosa;-29,2969;-51,5028;;43;8593;54;America/Sao_Paulo
;Carlos Chagas;-17,6973;-40,7723;;31;4273;33;America/Sao_Paulo
;Carlos Gomes;-27,7167;-51,9121;;43;5961;54;America/Sao_Paulo
;Carmésia;-19,0877;-43,1382;;31;4275;31;America/Sao_Paulo
;Carmo;-21,931;-42,6046;;33;5823;22;America/Sao_Paulo
;Carmo da Cachoeira;-21,4633;-45,2201;;31;4277;35;America/Sao_Paulo
;Carmo da Mata;-20,5575;-44,8735;;31;4279;37;America/Sao_Paulo
;Carmo de Minas;-22,1204;-45,1307;;31;4281;35;America/Sao_Paulo
;Carmo do Cajuru;-20,1912;-44,7664;;31;4283;37;America/Sao_Paulo
;Carmo do Paranaíba;-18,991;-46,3167;;31;4285;34;America/Sao_Paulo
;Carmo do Rio Claro;-20,9736;-46,1149;;31;4287;35;America/Sao_Paulo
;Carmo do Rio Verde;-15,3549;-49,708;;52;9299;62;America/Sao_Paulo
;Carmolândia;-7,03262;-48,3978;;17;175;63;America/Sao_Paulo
;Carmópolis;-10,6449;-36,9887;;28;3129;79;America/Sao_Paulo
;Carmópolis de Minas;-20,5396;-44,6336;;31;4289;37;America/Sao_Paulo
;Carnaíba;-7,79342;-37,7946;;26;2377;87;America/Sao_Paulo
;Carnaúba dos Dantas;-6,55015;-36,5868;;24;1647;84;America/Sao_Paulo
;Carnaubais;-5,34181;-36,8335;;24;1649;84;America/Sao_Paulo
;Carnaubal;-4,15985;-40,9413;;23;1367;88;America/Sao_Paulo
;Carnaubeira da Penha;-8,31799;-38,7512;;26;2635;87;America/Sao_Paulo
;Carneirinho;-19,6987;-50,6894;;31;2685;34;America/Sao_Paulo
;Carneiros;-9,48476;-37,3773;;27;2735;82;America/Sao_Paulo
;Caroebe;0,884203;-59,6959;;14;30;95;America/Porto_Velho
;Carolina;-7,33584;-47,4634;;21;753;99;America/Sao_Paulo
;Carpina;-7,84566;-35,2514;;26;2379;81;America/Sao_Paulo
;Carrancas;-21,4898;-44,6446;;31;4291;35;America/Sao_Paulo
;Carrapateira;-7,03414;-38,3399;;25;1983;83;America/Sao_Paulo
;Carrasco Bonito;-5,31415;-48,0314;;17;177;63;America/Sao_Paulo
;Caruaru;-8,28455;-35,9699;;26;2381;81;America/Sao_Paulo
;Carutapera;-1,19696;-46,0085;;21;755;98;America/Sao_Paulo
;Carvalhópolis;-21,7735;-45,8421;;31;4293;35;America/Sao_Paulo
;Carvalhos;-22;-44,4632;;31;4295;35;America/Sao_Paulo
CASA BRANCA;Casa Branca;-21,7708;-47,0852;;35;6317;19;America/Sao_Paulo
;Casa Grande;-20,7925;-43,9343;;31;4297;31;America/Sao_Paulo
;Casa Nova;-9,16408;-40,974;;29;3443;74;America/Sao_Paulo
;Casca;-28,5605;-51,9815;;43;8595;54;America/Sao_Paulo
;Cascalho Rico;-18,5772;-47,8716;;31;4299;34;America/Sao_Paulo
;Cascavel;-24,9573;-53,459;;41;7493;45;America/Sao_Paulo
;Cascavel;-4,12967;-38,2412;;23;1369;85;America/Sao_Paulo
;Caseara;-9,27612;-49,9521;;17;9717;63;America/Sao_Paulo
;Caseiros;-28,2582;-51,6861;;43;8441;54;America/Sao_Paulo
;Casimiro de Abreu;-22,4812;-42,2066;;33;5825;22;America/Sao_Paulo
;Casinhas;-7,74084;-35,7206;;26;546;81;America/Sao_Paulo
;Casserengue;-6,77954;-35,8179;;25;468;83;America/Sao_Paulo
;Cássia;-20,5831;-46,9201;;31;4301;35;America/Sao_Paulo
CASSIA DOS COQUEIROS;Cássia dos Coqueiros;-21,2801;-47,1643;;35;6319;16;America/Sao_Paulo
;Cassilândia;-19,1179;-51,7313;;50;9057;67;America/Porto_Velho
;Castanhal;-1,29797;-47,9167;;15;447;91;America/Sao_Paulo
;Castanheira;-11,1251;-58,6081;;51;9783;66;America/Porto_Velho
;Castanheiras;-11,4253;-61,9482;;11;691;69;America/Porto_Velho
;Castelândia;-18,0921;-50,203;;52;81;64;America/Sao_Paulo
;Castelo;-20,6033;-41,2031;;32;5627;28;America/Sao_Paulo
;Castelo do Piauí;-5,31869;-41,5499;;22;1051;86;America/Sao_Paulo
CASTILHO;Castilho;-20,8689;-51,4884;;35;6321;18;America/Sao_Paulo
;Castro;-24,7891;-50,0108;;41;7495;42;America/Sao_Paulo
;Castro Alves;-12,7579;-39,4248;;29;3445;75;America/Sao_Paulo
;Cataguases;-21,3924;-42,6896;;31;4305;32;America/Sao_Paulo
;Catalão;-18,1656;-47,944;;52;9301;64;America/Sao_Paulo
CATANDUVA;Catanduva;-21,1314;-48,977;;35;6323;17;America/Sao_Paulo
;Catanduvas;-25,2044;-53,1548;;41;7497;45;America/Sao_Paulo
;Catanduvas;-27,069;-51,6602;;42;8077;49;America/Sao_Paulo
;Catarina;-6,12291;-39,8736;;23;1371;88;America/Sao_Paulo
;Catas Altas;-20,0734;-43,4061;;31;584;31;America/Sao_Paulo
;Catas Altas da Noruega;-20,6901;-43,4939;;31;4307;31;America/Sao_Paulo
;Catende;-8,67509;-35,7024;;26;2383;81;America/Sao_Paulo
CATIGUA;Catiguá;-21,0519;-49,0616;;35;6325;17;America/Sao_Paulo
;Catingueira;-7,12008;-37,6064;;25;1985;83;America/Sao_Paulo
;Catolândia;-12,31;-44,8648;;29;3447;77;America/Sao_Paulo
;Catolé do Rocha;-6,34062;-37,747;;25;1987;83;America/Sao_Paulo
;Catu;-12,3513;-38,3791;;29;3449;71;America/Sao_Paulo
;Catuípe;-28,2554;-54,0132;;43;8597;55;America/Sao_Paulo
;Catuji;-17,3018;-41,5276;;31;2653;33;America/Sao_Paulo
;Catunda;-4,64336;-40,2;;23;983;88;America/Sao_Paulo
;Caturaí;-16,4447;-49,4936;;52;9303;62;America/Sao_Paulo
;Caturama;-13,3239;-42,2904;;29;3273;77;America/Sao_Paulo
;Caturité;-7,41659;-36,0306;;25;470;83;America/Sao_Paulo
;Catuti;-15,3616;-42,9627;;31;586;38;America/Sao_Paulo
;Caucaia;-3,72797;-38,6619;;23;1373;85;America/Sao_Paulo
;Cavalcante;-13,7976;-47,4566;;52;9305;62;America/Sao_Paulo
;Caxambu;-21,9753;-44,9319;;31;4309;35;America/Sao_Paulo
;Caxambu do Sul;-27,1624;-52,8807;;42;8079;49;America/Sao_Paulo
;Caxias;-4,86505;-43,3617;;21;757;99;America/Sao_Paulo
;Caxias do Sul;-29,1629;-51,1792;;43;8599;54;America/Sao_Paulo
;Caxingó;-3,41904;-41,8955;;22;302;86;America/Sao_Paulo
;Ceará-Mirim;-5,64323;-35,4247;;24;1651;84;America/Sao_Paulo
;Cedral;-2,00027;-44,5281;;21;759;98;America/Sao_Paulo
CEDRAL;Cedral;-20,9009;-49,2664;;35;6327;17;America/Sao_Paulo
;Cedro;-6,60034;-39,0609;;23;1375;88;America/Sao_Paulo
;Cedro;-7,71179;-39,2367;;26;2385;87;America/Sao_Paulo
;Cedro de São João;-10,2534;-36,8856;;28;3131;79;America/Sao_Paulo
;Cedro do Abaeté;-19,1458;-45,712;;31;4311;37;America/Sao_Paulo
;Celso Ramos;-27,6327;-51,335;;42;9943;49;America/Sao_Paulo
;Centenário;-27,7615;-51,9984;;43;5963;54;America/Sao_Paulo
;Centenário;-8,96103;-47,3304;;17;343;63;America/Sao_Paulo
;Centenário do Sul;-22,8188;-51,5973;;41;7499;43;America/Sao_Paulo
;Central;-11,1376;-42,1116;;29;3451;74;America/Sao_Paulo
;Central de Minas;-18,7612;-41,3143;;31;4313;33;America/Sao_Paulo
;Central do Maranhão;-2,19831;-44,8254;;21;144;98;America/Sao_Paulo
;Centralina;-18,5852;-49,2014;;31;4315;34;America/Sao_Paulo
;Centro do Guilherme;-2,44891;-46,0345;;21;146;98;America/Sao_Paulo
;Centro Novo do Maranhão;-2,12696;-46,1228;;21;148;98;America/Sao_Paulo
;Cerejeiras;-13,187;-60,8168;;11;27;69;America/Porto_Velho
;Ceres;-15,3061;-49,6;;52;9307;62;America/Sao_Paulo
CERQUEIRA CESAR;Cerqueira César;-23,038;-49,1655;;35;6329;14;America/Sao_Paulo
CERQUILHO;Cerquilho;-23,1665;-47,7459;;35;6331;15;America/Sao_Paulo
;Cerrito;-31,8419;-52,8004;;43;966;53;America/Sao_Paulo
;Cerro Azul;-26,0891;-52,8691;;41;7501;41;America/Sao_Paulo
;Cerro Branco;-29,657;-52,9406;;43;8439;51;America/Sao_Paulo
;Cerro Corá;-6,03503;-36,3503;;24;1653;84;America/Sao_Paulo
;Cerro Grande;-27,6106;-53,1672;;43;8437;55;America/Sao_Paulo
;Cerro Grande do Sul;-30,5905;-51,7418;;43;8435;51;America/Sao_Paulo
;Cerro Largo;-28,1463;-54,7428;;43;8601;55;America/Sao_Paulo
;Cerro Negro;-27,7942;-50,8673;;42;5567;49;America/Sao_Paulo
CESARIO LANGE;Cesário Lange;-23,226;-47,9545;;35;6333;15;America/Sao_Paulo
;Céu Azul;-25,1489;-53,8415;;41;7957;45;America/Sao_Paulo
;Cezarina;-16,9718;-49,7758;;52;9785;64;America/Sao_Paulo
;Chã de Alegria;-8,00679;-35,204;;26;2387;81;America/Sao_Paulo
;Chã Grande;-8,23827;-35,4571;;26;2389;81;America/Sao_Paulo
;Chã Preta;-9,2556;-36,2983;;27;2737;82;America/Sao_Paulo
;Chácara;-21,6733;-43,215;;31;4317;32;America/Sao_Paulo
;Chalé;-20,0453;-41,6897;;31;4319;33;America/Sao_Paulo
;Chapada;-28,0559;-53,0665;;43;8603;54;America/Sao_Paulo
;Chapada da Natividade;-11,6175;-47,7486;;17;80;63;America/Sao_Paulo
;Chapada de Areia;-10,1419;-49,1403;;17;78;63;America/Sao_Paulo
;Chapada do Norte;-17,0881;-42,5392;;31;4321;33;America/Sao_Paulo
;Chapada dos Guimarães;-15,4643;-55,7499;;51;9059;65;America/Porto_Velho
;Chapada Gaúcha;-15,3014;-45,6116;;31;588;38;America/Sao_Paulo
;Chapadão do Céu;-18,4073;-52,549;;52;73;64;America/Sao_Paulo
;Chapadão do Lageado;-27,5905;-49,5539;;42;908;47;America/Sao_Paulo
;Chapadão do Sul;-18,788;-52,6263;;50;9787;67;America/Porto_Velho
;Chapadinha;-3,73875;-43,3538;;21;761;98;America/Sao_Paulo
;Chapecó;-27,1004;-52,6152;;42;8081;49;America/Sao_Paulo
CHARQUEADA;Charqueada;-22,5096;-47,7755;;35;6335;19;America/Sao_Paulo
;Charqueadas;-29,9625;-51,6289;;43;8693;51;America/Sao_Paulo
;Charrua;-27,9493;-52,015;;43;5965;54;America/Sao_Paulo
;Chaval;-3,03571;-41,2435;;23;1377;88;America/Sao_Paulo
CHAVANTES;Chavantes;-23,0366;-49,7096;;35;6337;14;America/Sao_Paulo
;Chaves;-0,164154;-49,987;;15;449;91;America/Sao_Paulo
;Chiador;-21,9996;-43,0617;;31;4323;32;America/Sao_Paulo
;Chiapetta;-27,923;-53,9419;;43;8605;55;America/Sao_Paulo
;Chopinzinho;-25,8515;-52,5173;;41;7503;46;America/Sao_Paulo
;Choró;-4,83906;-39,1344;;23;993;88;America/Sao_Paulo
;Chorozinho;-4,28873;-38,4986;;23;1239;85;America/Sao_Paulo
;Chorrochó;-8,9695;-39,0979;;29;3453;75;America/Sao_Paulo
;Chuí;-33,6866;-53,4594;;43;968;53;America/Sao_Paulo
;Chupinguaia;-12,5611;-60,8877;;11;6;69;America/Porto_Velho
;Chuvisca;-30,7504;-51,9737;;43;970;51;America/Sao_Paulo
;Cianorte;-23,6599;-52,6054;;41;7505;44;America/Sao_Paulo
;Cícero Dantas;-10,5897;-38,3794;;29;3455;75;America/Sao_Paulo
;Cidade Gaúcha;-23,3772;-52,9436;;41;7507;44;America/Sao_Paulo
;Cidade Ocidental;-16,0765;-47,9252;;52;77;61;America/Sao_Paulo
;Cidelândia;-5,17465;-47,7781;;21;150;99;America/Sao_Paulo
;Cidreira;-30,1604;-50,2337;;43;8433;51;America/Sao_Paulo
;Cipó;-11,1032;-38,5179;;29;3457;75;America/Sao_Paulo
;Cipotânea;-20,9026;-43,3629;;31;4325;32;America/Sao_Paulo
;Ciríaco;-28,3419;-51,8741;;43;8607;54;America/Sao_Paulo
;Claraval;-20,397;-47,2768;;31;4327;34;America/Sao_Paulo
;Claro dos Poções;-17,082;-44,2061;;31;4329;38;America/Sao_Paulo
;Cláudia;-11,5075;-54,8835;;51;9789;66;America/Porto_Velho
;Cláudio;-20,4437;-44,7673;;31;4331;37;America/Sao_Paulo
CLEMENTINA;Clementina;-21,5604;-50,4525;;35;6339;18;America/Sao_Paulo
;Clevelândia;-26,4043;-52,3508;;41;7509;46;America/Sao_Paulo
;Coaraci;-14,637;-39,5556;;29;3459;73;America/Sao_Paulo
;Coari;-4,09412;-63,1441;;13;225;97;America/Porto_Velho
;Cocal;-3,47279;-41,5546;;22;1053;86;America/Sao_Paulo
;Cocal de Telha;-4,5571;-41,9587;;22;304;86;America/Sao_Paulo
;Cocal do Sul;-28,5986;-49,3335;;42;5543;48;America/Sao_Paulo
;Cocal dos Alves;-3,62047;-41,4402;;22;306;86;America/Sao_Paulo
;Cocalinho;-14,3903;-51,0001;;51;9865;66;America/Porto_Velho
;Cocalzinho de Goiás;-15,7914;-48,7747;;52;55;62;America/Sao_Paulo
;Cocos;-14,1814;-44,5352;;29;3461;77;America/Sao_Paulo
;Codajás;-3,83053;-62,0658;;13;227;97;America/Porto_Velho
;Codó;-4,45562;-43,8924;;21;763;99;America/Sao_Paulo
;Coelho Neto;-4,25245;-43,0108;;21;765;98;America/Sao_Paulo
;Coimbra;-20,8535;-42,8008;;31;4333;32;America/Sao_Paulo
;Coité do Nóia;-9,63348;-36,5845;;27;2739;82;America/Sao_Paulo
;Coivaras;-5,09224;-42,208;;22;995;86;America/Sao_Paulo
;Colares;-0,936423;-48,2803;;15;451;91;America/Sao_Paulo
;Colatina;-19,5493;-40,6269;;32;5629;27;America/Sao_Paulo
;Colíder;-10,8135;-55,461;;51;8979;66;America/Porto_Velho
COLINA;Colina;-20,7114;-48,5387;;35;6341;17;America/Sao_Paulo
;Colinas;-29,3948;-51,8556;;43;6029;51;America/Sao_Paulo
;Colinas;-6,03199;-44,2543;;21;767;99;America/Sao_Paulo
;Colinas do Sul;-14,1528;-48,076;;52;9791;62;America/Sao_Paulo
;Colinas do Tocantins;-8,05764;-48,4757;;17;9311;63;America/Sao_Paulo
;Colméia;-8,72463;-48,7638;;17;9529;63;America/Sao_Paulo
;Colniza;-9,46121;-59,2252;;51;1080;66;America/Porto_Velho
COLOMBIA;Colômbia;-20,1768;-48,6865;;35;6343;17;America/Sao_Paulo
;Colombo;-25,2925;-49,2262;;41;7513;41;America/Sao_Paulo
;Colônia do Gurguéia;-8,1837;-43,794;;22;2249;89;America/Sao_Paulo
;Colônia do Piauí;-7,22651;-42,1756;;22;2253;89;America/Sao_Paulo
;Colônia Leopoldina;-8,91806;-35,7214;;27;2741;82;America/Sao_Paulo
;Colorado;-28,5258;-52,9928;;43;8609;54;America/Sao_Paulo
;Colorado;-22,8374;-51,9743;;41;7515;44;America/Sao_Paulo
;Colorado do Oeste;-13,1174;-60,5454;;11;23;69;America/Porto_Velho
;Coluna;-18,2311;-42,8352;;31;4335;33;America/Sao_Paulo
;Combinado;-12,7917;-46,5388;;17;9697;63;America/Sao_Paulo
;Comendador Gomes;-19,6973;-49,0789;;31;4337;34;America/Sao_Paulo
;Comendador Levy Gasparian;-22,0404;-43,214;;33;2927;24;America/Sao_Paulo
;Comercinho;-16,2963;-41,7945;;31;4339;33;America/Sao_Paulo
;Comodoro;-13,6614;-59,7848;;51;9883;65;America/Porto_Velho
;Conceição;-7,55106;-38,5014;;25;1989;83;America/Sao_Paulo
;Conceição da Aparecida;-21,096;-46,2049;;31;4341;35;America/Sao_Paulo
;Conceição da Barra;-18,5883;-39,7362;;32;5631;27;America/Sao_Paulo
;Conceição da Barra de Minas;-21,1316;-44,4729;;31;4303;32;America/Sao_Paulo
;Conceição da Feira;-12,5078;-38,9978;;29;3463;75;America/Sao_Paulo
;Conceição das Alagoas;-19,9172;-48,3839;;31;4345;34;America/Sao_Paulo
;Conceição das Pedras;-22,1576;-45,4562;;31;4343;35;America/Sao_Paulo
;Conceição de Ipanema;-19,9326;-41,6908;;31;4347;33;America/Sao_Paulo
;Conceição de Macabu;-22,0834;-41,8719;;33;5827;22;America/Sao_Paulo
;Conceição do Almeida;-12,7836;-39,1715;;29;3465;75;America/Sao_Paulo
;Conceição do Araguaia;-8,26136;-49,2689;;15;453;94;America/Sao_Paulo
;Conceição do Canindé;-7,87638;-41,5942;;22;1055;89;America/Sao_Paulo
;Conceição do Castelo;-20,3639;-41,2417;;32;5633;28;America/Sao_Paulo
;Conceição do Coité;-11,56;-39,2808;;29;3467;75;America/Sao_Paulo
;Conceição do Jacuípe;-12,3268;-38,7684;;29;3469;75;America/Sao_Paulo
;Conceição do Lago-Açu;-3,85142;-44,8895;;21;152;98;America/Sao_Paulo
;Conceição do Mato Dentro;-19,0344;-43,4221;;31;4349;31;America/Sao_Paulo
;Conceição do Pará;-19,7456;-44,8945;;31;4351;37;America/Sao_Paulo
;Conceição do Rio Verde;-21,8778;-45,087;;31;4353;35;America/Sao_Paulo
;Conceição do Tocantins;-12,2209;-47,2951;;17;9313;63;America/Sao_Paulo
;Conceição dos Ouros;-22,4078;-45,7996;;31;4355;35;America/Sao_Paulo
CONCHAL;Conchal;-22,3375;-47,1729;;35;6345;19;America/Sao_Paulo
CONCHAS;Conchas;-23,0154;-48,0134;;35;6347;14;America/Sao_Paulo
;Concórdia;-27,2335;-52,026;;42;8083;49;America/Sao_Paulo
;Concórdia do Pará;-1,99238;-47,9422;;15;579;91;America/Sao_Paulo
;Condado;-6,89831;-37,606;;25;1991;83;America/Sao_Paulo
;Condado;-7,58787;-35,0999;;26;2391;81;America/Sao_Paulo
;Conde;-7,25746;-34,8999;;25;1993;83;America/Sao_Paulo
;Conde;-11,8179;-37,6131;;29;3471;75;America/Sao_Paulo
;Condeúba;-14,9022;-41,9718;;29;3473;77;America/Sao_Paulo
;Condor;-28,2075;-53,4905;;43;8611;55;America/Sao_Paulo
;Cônego Marinho;-15,2892;-44,4181;;31;590;38;America/Sao_Paulo
;Confins;-19,6282;-43,9931;;31;592;31;America/Sao_Paulo
;Confresa;-10,6437;-51,5699;;51;131;66;America/Porto_Velho
;Congo;-7,79078;-36,6581;;25;1995;83;America/Sao_Paulo
;Congonhal;-22,1488;-46,043;;31;4357;35;America/Sao_Paulo
;Congonhas;-20,4958;-43,851;;31;4359;31;America/Sao_Paulo
;Congonhas do Norte;-18,8021;-43,6767;;31;4361;31;America/Sao_Paulo
;Congonhinhas;-23,5493;-50,5569;;41;7517;43;America/Sao_Paulo
;Conquista;-19,9312;-47,5492;;31;4363;34;America/Sao_Paulo
;Conquista D'Oeste;-14,5381;-59,5444;;51;1082;65;America/Porto_Velho
;Conselheiro Lafaiete;-20,6634;-43,7846;;31;4365;31;America/Sao_Paulo
;Conselheiro Mairinck;-23,623;-50,1707;;41;7519;43;America/Sao_Paulo
;Conselheiro Pena;-19,1789;-41,4736;;31;4367;33;America/Sao_Paulo
;Consolação;-22,5493;-45,9255;;31;4369;35;America/Sao_Paulo
;Constantina;-27,732;-52,9938;;43;8613;54;America/Sao_Paulo
;Contagem;-19,9321;-44,0539;;31;4371;31;America/Sao_Paulo
;Contenda;-25,6788;-49,535;;41;7521;41;America/Sao_Paulo
;Contendas do Sincorá;-13,7537;-41,048;;29;3475;77;America/Sao_Paulo
;Coqueiral;-21,1858;-45,4366;;31;4373;35;America/Sao_Paulo
;Coqueiro Baixo;-29,1802;-52,0942;;43;1136;51;America/Sao_Paulo
;Coqueiro Seco;-9,63715;-35,7994;;27;2743;82;America/Sao_Paulo
;Coqueiros do Sul;-28,1194;-52,7842;;43;5945;54;America/Sao_Paulo
;Coração de Jesus;-16,6841;-44,3635;;31;4375;38;America/Sao_Paulo
;Coração de Maria;-12,2333;-38,7487;;29;3477;75;America/Sao_Paulo
;Corbélia;-24,7971;-53,3006;;41;7523;45;America/Sao_Paulo
;Cordeiro;-22,0267;-42,3648;;33;5829;22;America/Sao_Paulo
CORDEIROPOLIS;Cordeirópolis;-22,4778;-47,4519;;35;6349;19;America/Sao_Paulo
;Cordeiros;-15,0356;-41,9308;;29;3479;77;America/Sao_Paulo
;Cordilheira Alta;-26,9844;-52,6056;;42;5579;49;America/Sao_Paulo
;Cordisburgo;-19,1224;-44,3224;;31;4377;31;America/Sao_Paulo
;Cordislândia;-21,7891;-45,6999;;31;4379;35;America/Sao_Paulo
;Coreaú;-3,5415;-40,6587;;23;1381;88;America/Sao_Paulo
;Coremas;-7,00712;-37,9346;;25;1997;83;America/Sao_Paulo
;Corguinho;-19,8243;-54,8281;;50;9061;67;America/Porto_Velho
;Coribe;-13,8232;-44,4586;;29;3481;77;America/Sao_Paulo
;Corinto;-18,369;-44,4542;;31;4381;38;America/Sao_Paulo
;Cornélio Procópio;-23,1829;-50,6498;;41;7525;43;America/Sao_Paulo
;Coroaci;-18,6156;-42,2791;;31;4383;33;America/Sao_Paulo
COROADOS;Coroados;-21,3521;-50,2859;;35;6351;18;America/Sao_Paulo
;Coroatá;-4,13442;-44,1244;;21;769;99;America/Sao_Paulo
;Coromandel;-18,4734;-47,1933;;31;4385;34;America/Sao_Paulo
;Coronel Barros;-28,3921;-54,0686;;43;6055;55;America/Sao_Paulo
;Coronel Bicaco;-27,7197;-53,7022;;43;8615;55;America/Sao_Paulo
;Coronel Domingos Soares;-26,2277;-52,0356;;41;846;46;America/Sao_Paulo
;Coronel Ezequiel;-6,3748;-36,2223;;24;1655;84;America/Sao_Paulo
;Coronel Fabriciano;-19,5179;-42,6276;;31;4387;31;America/Sao_Paulo
;Coronel Freitas;-26,9057;-52,7011;;42;8085;49;America/Sao_Paulo
;Coronel João Pessoa;-6,24974;-38,4441;;24;1657;84;America/Sao_Paulo
;Coronel João Sá;-10,2847;-37,9198;;29;3483;75;America/Sao_Paulo
;Coronel José Dias;-8,81397;-42,5232;;22;2255;89;America/Sao_Paulo
CORONEL MACEDO;Coronel Macedo;-23,6261;-49,31;;35;6353;14;America/Sao_Paulo
;Coronel Martins;-26,511;-52,6694;;42;5735;49;America/Sao_Paulo
;Coronel Murta;-16,6148;-42,184;;31;4389;33;America/Sao_Paulo
;Coronel Pacheco;-21,5898;-43,256;;31;4391;32;America/Sao_Paulo
;Coronel Pilar;-29,2695;-51,6847;;43;1138;54;America/Sao_Paulo
;Coronel Sapucaia;-23,2724;-55,5278;;50;9997;67;America/Porto_Velho
;Coronel Vivida;-25,9767;-52,5641;;41;7527;46;America/Sao_Paulo
;Coronel Xavier Chaves;-21,0277;-44,2206;;31;4393;32;America/Sao_Paulo
;Córrego Danta;-19,8198;-45,9032;;31;4395;37;America/Sao_Paulo
;Córrego do Bom Jesus;-22,6269;-46,0241;;31;4397;35;America/Sao_Paulo
;Córrego do Ouro;-16,2918;-50,5503;;52;9315;64;America/Sao_Paulo
;Córrego Fundo;-20,4474;-45,5617;;31;594;37;America/Sao_Paulo
;Córrego Novo;-19,8361;-42,3988;;31;4399;33;America/Sao_Paulo
;Correia Pinto;-27,5877;-50,3614;;42;8395;49;America/Sao_Paulo
;Corrente;-10,4333;-45,1633;;22;1057;89;America/Sao_Paulo
;Correntes;-9,12117;-36,3244;;26;2393;87;America/Sao_Paulo
;Correntina;-13,3477;-44,6333;;29;3485;77;America/Sao_Paulo
;Cortês;-8,47443;-35,5468;;26;2395;81;America/Sao_Paulo
;Corumbá;-19,0077;-57,651;;50;9063;67;America/Porto_Velho
;Corumbá de Goiás;-15,9245;-48,8117;;52;9317;62;America/Sao_Paulo
;Corumbaíba;-18,1415;-48,5626;;52;9319;64;America/Sao_Paulo
CORUMBATAI;Corumbataí;-22,2213;-47,6215;;35;6355;19;America/Sao_Paulo
;Corumbataí do Sul;-24,101;-52,1177;;41;8479;44;America/Sao_Paulo
;Corumbiara;-12,9551;-60,8947;;11;981;69;America/Porto_Velho
;Corupá;-26,4246;-49,246;;42;8087;47;America/Sao_Paulo
;Coruripe;-10,1276;-36,1717;;27;2745;82;America/Sao_Paulo
COSMOPOLIS;Cosmópolis;-22,6419;-47,1926;;35;6357;19;America/Sao_Paulo
COSMORAMA;Cosmorama;-20,4755;-49,7827;;35;6359;17;America/Sao_Paulo
;Costa Marques;-12,4367;-64,228;;11;21;69;America/Porto_Velho
;Costa Rica;-18,5432;-53,1287;;50;9803;67;America/Porto_Velho
;Cotegipe;-12,0228;-44,2566;;29;3487;77;America/Sao_Paulo
COTIA;Cotia;-23,6022;-46,919;;35;6361;11;America/Sao_Paulo
;Cotiporã;-28,9891;-51,6971;;43;8977;54;America/Sao_Paulo
;Cotriguaçu;-9,85656;-58,4192;;51;89;66;America/Porto_Velho
;Couto de Magalhães de Minas;-18,0727;-43,4648;;31;4401;38;America/Sao_Paulo
;Couto Magalhães;-8,28411;-49,2473;;17;9321;63;America/Sao_Paulo
;Coxilha;-28,128;-52,3023;;43;5797;54;America/Sao_Paulo
;Coxim;-18,5013;-54,751;;50;9065;67;America/Porto_Velho
;Coxixola;-7,62365;-36,6064;;25;472;83;America/Sao_Paulo
;Craíbas;-9,6178;-36,7697;;27;2889;82;America/Sao_Paulo
;Crateús;-5,16768;-40,6536;;23;1383;88;America/Sao_Paulo
;Crato;-7,2153;-39,4103;;23;1385;88;America/Sao_Paulo
CRAVINHOS;Cravinhos;-21,338;-47,7324;;35;6363;16;America/Sao_Paulo
;Cravolândia;-13,3531;-39,8031;;29;3489;73;America/Sao_Paulo
;Criciúma;-28,6723;-49,3729;;42;8089;48;America/Sao_Paulo
;Crisólita;-17,2381;-40,9184;;31;596;33;America/Sao_Paulo
;Crisópolis;-11,5059;-38,1515;;29;3491;75;America/Sao_Paulo
;Crissiumal;-27,4999;-54,0994;;43;8617;55;America/Sao_Paulo
;Cristais;-20,8733;-45,5167;;31;4403;35;America/Sao_Paulo
CRISTAIS PAULISTA;Cristais Paulista;-20,4036;-47,4209;;35;6365;16;America/Sao_Paulo
;Cristal;-31,0046;-52,0436;;43;8431;51;America/Sao_Paulo
;Cristal do Sul;-27,452;-53,2422;;43;972;55;America/Sao_Paulo
;Cristalândia;-10,5985;-49,1942;;17;9323;63;America/Sao_Paulo
;Cristalândia do Piauí;-10,6443;-45,1893;;22;1059;89;America/Sao_Paulo
;Cristália;-16,716;-42,8571;;31;4405;38;America/Sao_Paulo
;Cristalina;-16,7676;-47,6131;;52;9325;61;America/Sao_Paulo
;Cristiano Otoni;-20,8324;-43,8166;;31;4407;31;America/Sao_Paulo
;Cristianópolis;-17,1987;-48,7034;;52;9327;64;America/Sao_Paulo
;Cristina;-22,208;-45,2673;;31;4409;35;America/Sao_Paulo
;Cristinápolis;-11,4668;-37,7585;;28;3133;79;America/Sao_Paulo
;Cristino Castro;-8,82273;-44,223;;22;1061;89;America/Sao_Paulo
;Cristópolis;-12,2249;-44,4214;;29;3493;77;America/Sao_Paulo
;Crixás;-14,5412;-49,974;;52;9329;62;America/Sao_Paulo
;Crixás do Tocantins;-11,0994;-48,9152;;17;82;63;America/Sao_Paulo
;Croatá;-4,40481;-40,9022;;23;1241;88;America/Sao_Paulo
;Cromínia;-17,2883;-49,3798;;52;9331;64;America/Sao_Paulo
;Crucilândia;-20,3923;-44,3334;;31;4411;31;America/Sao_Paulo
;Cruz;-2,91813;-40,176;;23;1589;88;America/Sao_Paulo
;Cruz Alta;-28,645;-53,6048;;43;8619;55;America/Sao_Paulo
;Cruz das Almas;-12,6675;-39,1008;;29;3495;75;America/Sao_Paulo
;Cruz do Espírito Santo;-7,13902;-35,0857;;25;1999;83;America/Sao_Paulo
;Cruz Machado;-26,0166;-51,343;;41;7533;42;America/Sao_Paulo
CRUZALIA;Cruzália;-22,7373;-50,7909;;35;6367;18;America/Sao_Paulo
;Cruzaltense;-27,6672;-52,6522;;43;1140;54;America/Sao_Paulo
CRUZEIRO;Cruzeiro;-22,5728;-44,969;;35;6369;12;America/Sao_Paulo
;Cruzeiro da Fortaleza;-18,944;-46,6669;;31;4413;34;America/Sao_Paulo
;Cruzeiro do Iguaçu;-25,6192;-53,1285;;41;5473;46;America/Sao_Paulo
;Cruzeiro do Oeste;-23,7799;-53,0774;;41;7529;44;America/Sao_Paulo
;Cruzeiro do Sul;-22,9624;-52,1622;;41;7531;44;America/Sao_Paulo
;Cruzeiro do Sul;-29,5148;-51,9928;;43;8621;51;America/Sao_Paulo
;Cruzeiro do Sul;-7,62762;-72,6756;;12;107;68;America/Rio_Branco
;Cruzeta;-6,40894;-36,7782;;24;1659;84;America/Sao_Paulo
;Cruzília;-21,84;-44,8067;;31;4415;35;America/Sao_Paulo
;Cruzmaltina;-24,0132;-51,4563;;41;848;43;America/Sao_Paulo
CUBATAO;Cubatão;-23,8911;-46,424;;35;6371;13;America/Sao_Paulo
;Cubati;-6,86686;-36,3619;;25;2001;83;America/Sao_Paulo
;Cuiabá;-15,601;-56,0974;1.0;51;9067;65;America/Porto_Velho
;Cuité;-6,47647;-36,1515;;25;2003;83;America/Sao_Paulo
;Cuité de Mamanguape;-6,91292;-35,2502;;25;474;83;America/Sao_Paulo
;Cuitegi;-6,89058;-35,5215;;25;2005;83;America/Sao_Paulo
;Cujubim;-9,36065;-62,5846;;11;8;69;America/Porto_Velho
;Cumari;-18,2644;-48,1511;;52;9333;64;America/Sao_Paulo
;Cumaru;-8,00827;-35,6957;;26;2397;81;America/Sao_Paulo
;Cumaru do Norte;-7,81097;-50,7698;;15;385;94;America/Sao_Paulo
;Cumbe;-10,352;-37,1846;;28;3137;79;America/Sao_Paulo
CUNHA;Cunha;-23,0731;-44,9576;;35;6373;12;America/Sao_Paulo
;Cunha Porã;-26,895;-53,1662;;42;8091;49;America/Sao_Paulo
;Cunhataí;-26,9709;-53,0895;;42;910;49;America/Sao_Paulo
;Cuparaque;-18,9648;-41,0986;;31;598;33;America/Sao_Paulo
;Cupira;-8,62432;-35,9518;;26;2399;81;America/Sao_Paulo
;Curaçá;-8,98458;-39,8997;;29;3497;74;America/Sao_Paulo
;Curimatá;-10,0326;-44,3002;;22;1063;89;America/Sao_Paulo
;Curionópolis;-6,09965;-49,6068;;15;581;94;America/Sao_Paulo
;Curitiba;-25,4195;-49,2646;1.0;41;7535;41;America/Sao_Paulo
;Curitibanos;-27,2824;-50,5816;;42;8093;49;America/Sao_Paulo
;Curiúva;-24,0362;-50,4576;;41;7537;43;America/Sao_Paulo
;Currais;-9,01175;-44,4062;;22;308;89;America/Sao_Paulo
;Currais Novos;-6,25484;-36,5146;;24;1661;84;America/Sao_Paulo
;Curral de Cima;-6,72325;-35,2639;;25;476;83;America/Sao_Paulo
;Curral de Dentro;-15,9327;-41,8557;;31;600;33;America/Sao_Paulo
;Curral Novo do Piauí;-7,8313;-40,8957;;22;312;89;America/Sao_Paulo
;Curral Velho;-7,53075;-38,1962;;25;2007;83;America/Sao_Paulo
;Curralinho;-1,81179;-49,7952;;15;455;91;America/Sao_Paulo
;Curralinhos;-5,60825;-42,8376;;22;310;86;America/Sao_Paulo
;Curuá;-1,88775;-55,1168;;15;50;93;America/Sao_Paulo
;Curuçá;-0,733214;-47,8515;;15;457;91;America/Sao_Paulo
;Cururupu;-1,81475;-44,8644;;21;771;98;America/Sao_Paulo
;Curvelândia;-15,6084;-57,9133;;51;1084;65;America/Porto_Velho
;Curvelo;-18,7527;-44,4303;;31;4417;38;America/Sao_Paulo
;Custódia;-8,08546;-37,6443;;26;2401;87;America/Sao_Paulo
;Cutias;0,970761;-50,8005;;16;667;96;America/Sao_Paulo
;Damianópolis;-14,5604;-46,178;;52;9335;62;America/Sao_Paulo
;Damião;-6,63161;-35,9101;;25;478;83;America/Sao_Paulo
;Damolândia;-16,2544;-49,3631;;52;9337;62;America/Sao_Paulo
;Darcinópolis;-6,71591;-47,7597;;17;179;63;America/Sao_Paulo
;Dário Meira;-14,4229;-39,9031;;29;3499;73;America/Sao_Paulo
;Datas;-18,4478;-43,6591;;31;4419;38;America/Sao_Paulo
;David Canabarro;-28,3849;-51,8482;;43;8623;54;America/Sao_Paulo
;Davinópolis;-5,54637;-47,4217;;21;154;99;America/Sao_Paulo
;Davinópolis;-18,1501;-47,5568;;52;9339;64;America/Sao_Paulo
;Delfim Moreira;-22,5036;-45,2792;;31;4421;35;America/Sao_Paulo
;Delfinópolis;-20,3468;-46,8456;;31;4423;35;America/Sao_Paulo
;Delmiro Gouveia;-9,38534;-37,9987;;27;2747;82;America/Sao_Paulo
;Delta;-19,9721;-47,7841;;31;602;34;America/Sao_Paulo
;Demerval Lobão;-5,35875;-42,6776;;22;1065;86;America/Sao_Paulo
;Denise;-14,7324;-57,0583;;51;9833;65;America/Porto_Velho
;Deodápolis;-22,2763;-54,1682;;50;9175;67;America/Porto_Velho
;Deputado Irapuan Pinheiro;-5,91485;-39,257;;23;1243;88;America/Sao_Paulo
;Derrubadas;-27,2642;-53,8645;;43;6073;55;America/Sao_Paulo
DESCALVADO;Descalvado;-21,9002;-47,6181;;35;6375;19;America/Sao_Paulo
;Descanso;-26,827;-53,5034;;42;8095;49;America/Sao_Paulo
;Descoberto;-21,46;-42,9618;;31;4425;32;America/Sao_Paulo
;Desterro;-7,287;-37,0925;;25;2009;83;America/Sao_Paulo
;Desterro de Entre Rios;-20,665;-44,3334;;31;4427;31;America/Sao_Paulo
;Desterro do Melo;-21,143;-43,5178;;31;4429;32;America/Sao_Paulo
;Dezesseis de Novembro;-28,219;-55,0617;;43;8429;55;America/Sao_Paulo
DIADEMA;Diadema;-23,6813;-46,6205;;35;6377;11;America/Sao_Paulo
;Diamante;-7,41738;-38,2615;;25;2013;83;America/Sao_Paulo
;Diamante D'Oeste;-24,9419;-54,1052;;41;9915;45;America/Sao_Paulo
;Diamante do Norte;-22,655;-52,8617;;41;7539;44;America/Sao_Paulo
;Diamante do Sul;-25,035;-52,6768;;41;5465;45;America/Sao_Paulo
;Diamantina;-18,2413;-43,6031;;31;4431;38;America/Sao_Paulo
;Diamantino;-14,4037;-56,4366;;51;9069;65;America/Porto_Velho
;Dianópolis;-11,624;-46,8198;;17;9341;63;America/Sao_Paulo
;Dias d'Ávila;-12,6187;-38,2926;;29;3087;71;America/Sao_Paulo
;Dilermando de Aguiar;-29,7054;-54,2122;;43;974;55;America/Sao_Paulo
;Diogo de Vasconcelos;-20,4879;-43,1953;;31;4433;31;America/Sao_Paulo
;Dionísio;-19,8433;-42,7701;;31;4435;31;America/Sao_Paulo
;Dionísio Cerqueira;-26,2648;-53,6351;;42;8097;49;America/Sao_Paulo
;Diorama;-16,2329;-51,2543;;52;9343;64;America/Sao_Paulo
DIRCE REIS;Dirce Reis;-20,4642;-50,6073;;35;7249;17;America/Sao_Paulo
;Dirceu Arcoverde;-9,33939;-42,4348;;22;1229;89;America/Sao_Paulo
;Divina Pastora;-10,6782;-37,1506;;28;3139;79;America/Sao_Paulo
;Divinésia;-20,9917;-43,0003;;31;4437;32;America/Sao_Paulo
;Divino;-20,6134;-42,1438;;31;4439;32;America/Sao_Paulo
;Divino das Laranjeiras;-18,7755;-41,4781;;31;4441;33;America/Sao_Paulo
;Divino de São Lourenço;-20,6229;-41,6937;;32;5635;28;America/Sao_Paulo
DIVINOLANDIA;Divinolândia;-21,6637;-46,7361;;35;6379;19;America/Sao_Paulo
;Divinolândia de Minas;-18,8004;-42,6103;;31;4443;33;America/Sao_Paulo
;Divinópolis;-20,1446;-44,8912;;31;4445;37;America/Sao_Paulo
;Divinópolis de Goiás;-13,2853;-46,3999;;52;9309;62;America/Sao_Paulo
;Divinópolis do Tocantins;-9,80018;-49,2169;;17;9719;63;America/Sao_Paulo
;Divisa Alegre;-15,7221;-41,3463;;31;604;33;America/Sao_Paulo
;Divisa Nova;-21,5092;-46,1904;;31;4447;35;America/Sao_Paulo
;Divisópolis;-15,7254;-40,9997;;31;2657;33;America/Sao_Paulo
DOBRADA;Dobrada;-21,5155;-48,3935;;35;6381;16;America/Sao_Paulo
DOIS CORREGOS;Dois Córregos;-22,3673;-48,3819;;35;6383;14;America/Sao_Paulo
;Dois Irmãos;-29,5836;-51,0898;;43;8625;51;America/Sao_Paulo
;Dois Irmãos das Missões;-27,6621;-53,5304;;43;5971;55;America/Sao_Paulo
;Dois Irmãos do Buriti;-20,6848;-55,2915;;50;9793;67;America/Porto_Velho
;Dois Irmãos do Tocantins;-9,25534;-49,0638;;17;9345;63;America/Sao_Paulo
;Dois Lajeados;-28,983;-51,8396;;43;8427;54;America/Sao_Paulo
;Dois Riachos;-9,38465;-37,0965;;27;2749;82;America/Sao_Paulo
;Dois Vizinhos;-25,7407;-53,057;;41;7541;46;America/Sao_Paulo
DOLCINOPOLIS;Dolcinópolis;-20,124;-50,5149;;35;6385;17;America/Sao_Paulo
;Dom Aquino;-15,8099;-54,9223;;51;9071;66;America/Porto_Velho
;Dom Basílio;-13,7565;-41,7677;;29;3501;77;America/Sao_Paulo
;Dom Bosco;-16,652;-46,2597;;31;606;38;America/Sao_Paulo
;Dom Cavati;-19,3735;-42,1121;;31;4449;33;America/Sao_Paulo
;Dom Eliseu;-4,19944;-47,8245;;15;583;94;America/Sao_Paulo
;Dom Expedito Lopes;-6,95332;-41,6396;;22;1067;89;America/Sao_Paulo
;Dom Feliciano;-30,7004;-52,1026;;43;8627;51;America/Sao_Paulo
;Dom Inocêncio;-9,00516;-41,9697;;22;1289;89;America/Sao_Paulo
;Dom Joaquim;-18,961;-43,2544;;31;4451;31;America/Sao_Paulo
;Dom Macedo Costa;-12,9016;-39,1923;;29;3503;75;America/Sao_Paulo
;Dom Pedrito;-30,9756;-54,6694;;43;8629;53;America/Sao_Paulo
;Dom Pedro;-5,03518;-44,4409;;21;773;99;America/Sao_Paulo
;Dom Pedro de Alcântara;-29,3639;-49,853;;43;976;51;America/Sao_Paulo
;Dom Silvério;-20,1627;-42,9627;;31;4453;31;America/Sao_Paulo
;Dom Viçoso;-22,2511;-45,1643;;31;4455;35;America/Sao_Paulo
;Domingos Martins;-20,3603;-40,6594;;32;5637;27;America/Sao_Paulo
;Domingos Mourão;-4,2495;-41,2683;;22;1141;86;America/Sao_Paulo
;Dona Emma;-26,981;-49,7261;;42;8099;47;America/Sao_Paulo
;Dona Eusébia;-21,319;-42,807;;31;4457;32;America/Sao_Paulo
;Dona Francisca;-29,6195;-53,3617;;43;8631;55;America/Sao_Paulo
;Dona Inês;-6,61566;-35,6205;;25;2015;83;America/Sao_Paulo
;Dores de Campos;-21,1139;-44,0207;;31;4459;32;America/Sao_Paulo
;Dores de Guanhães;-19,0516;-42,9254;;31;4461;33;America/Sao_Paulo
;Dores do Indaiá;-19,4628;-45,5927;;31;4463;37;America/Sao_Paulo
;Dores do Rio Preto;-20,6931;-41,8405;;32;5639;28;America/Sao_Paulo
;Dores do Turvo;-20,9785;-43,1834;;31;4465;32;America/Sao_Paulo
;Doresópolis;-20,2868;-45,9007;;31;4467;37;America/Sao_Paulo
;Dormentes;-8,44116;-40,7662;;26;2299;87;America/Sao_Paulo
;Douradina;-22,0405;-54,6158;;50;9805;67;America/Porto_Velho
;Douradina;-23,3807;-53,2918;;41;8465;44;America/Sao_Paulo
DOURADO;Dourado;-22,1044;-48,3178;;35;6387;16;America/Sao_Paulo
;Douradoquara;-18,4338;-47,5993;;31;4469;34;America/Sao_Paulo
;Dourados;-22,2231;-54,812;;50;9073;67;America/Porto_Velho
;Doutor Camargo;-23,5582;-52,2178;;41;7543;44;America/Sao_Paulo
;Doutor Maurício Cardoso;-27,5103;-54,3577;;43;8425;55;America/Sao_Paulo
;Doutor Pedrinho;-26,7174;-49,4795;;42;9945;47;America/Sao_Paulo
;Doutor Ricardo;-29,084;-51,9972;;43;978;51;America/Sao_Paulo
;Doutor Severiano;-6,08082;-38,3794;;24;1663;84;America/Sao_Paulo
;Doutor Ulysses;-24,5665;-49,4219;;41;5449;41;America/Sao_Paulo
;Doverlândia;-16,7188;-52,3189;;52;9675;64;America/Sao_Paulo
DRACENA;Dracena;-21,4843;-51,535;;35;6389;18;America/Sao_Paulo
DUARTINA;Duartina;-22,4146;-49,4084;;35;6391;14;America/Sao_Paulo
;Duas Barras;-22,0536;-42,5232;;33;5831;22;America/Sao_Paulo
;Duas Estradas;-6,68499;-35,418;;25;2017;83;America/Sao_Paulo
;Dueré;-11,3416;-49,2716;;17;9347;63;America/Sao_Paulo
DUMONT;Dumont;-21,2324;-47,9756;;35;6393;16;America/Sao_Paulo
;Duque Bacelar;-4,15002;-42,9477;;21;775;98;America/Sao_Paulo
;Duque de Caxias;-22,7858;-43,3049;;33;5833;21;America/Sao_Paulo
;Durandé;-20,2058;-41,7977;;31;2675;33;America/Sao_Paulo
ECHAPORA;Echaporã;-22,4326;-50,2038;;35;6395;18;America/Sao_Paulo
;Ecoporanga;-18,3702;-40,836;;32;5641;27;America/Sao_Paulo
;Edealina;-17,4239;-49,6644;;52;9795;64;America/Sao_Paulo
;Edéia;-17,3406;-49,9295;;52;9349;64;America/Sao_Paulo
;Eirunepé;-6,65677;-69,8662;;13;229;97;America/Rio_Branco
;Eldorado;-23,7868;-54,2838;;50;9173;67;America/Porto_Velho
ELDORADO;Eldorado;-24,5281;-48,1141;;35;6397;13;America/Sao_Paulo
;Eldorado do Carajás;-6,10389;-49,3553;;15;377;94;America/Sao_Paulo
;Eldorado do Sul;-30,0847;-51,6187;;43;8423;51;America/Sao_Paulo
;Elesbão Veloso;-6,19947;-42,1355;;22;1069;86;America/Sao_Paulo
ELIAS FAUSTO;Elias Fausto;-23,0428;-47,3682;;35;6399;19;America/Sao_Paulo
;Eliseu Martins;-8,09629;-43,6705;;22;1071;89;America/Sao_Paulo
ELISIARIO;Elisiário;-21,1678;-49,1146;;35;2975;17;America/Sao_Paulo
;Elísio Medrado;-12,9417;-39,5191;;29;3505;75;America/Sao_Paulo
;Elói Mendes;-21,6088;-45,5691;;31;4471;35;America/Sao_Paulo
;Emas;-7,09964;-37,7163;;25;2019;83;America/Sao_Paulo
EMBAUBA;Embaúba;-20,9796;-48,8325;;35;7251;17;America/Sao_Paulo
EMBU DAS ARTES;Embu das Artes;-23,6437;-46,8579;;35;6401;11;America/Sao_Paulo
EMBU-GUACU;Embu-Guaçu;-23,8297;-46,8136;;35;6403;11;America/Sao_Paulo
EMILIANOPOLIS;Emilianópolis;-21,8314;-51,4832;;35;2961;18;America/Sao_Paulo
;Encantado;-29,2351;-51,8703;;43;8633;51;America/Sao_Paulo
;Encanto;-6,10691;-38,3033;;24;1665;84;America/Sao_Paulo
;Encruzilhada;-15,5302;-40,9124;;29;3507;77;America/Sao_Paulo
;Encruzilhada do Sul;-30,543;-52,5204;;43;8635;51;America/Sao_Paulo
;Enéas Marques;-25,9445;-53,1659;;41;7545;46;America/Sao_Paulo
;Engenheiro Beltrão;-23,797;-52,2659;;41;7547;44;America/Sao_Paulo
;Engenheiro Caldas;-19,2065;-42,0503;;31;4473;33;America/Sao_Paulo
ENGENHEIRO COELHO;Engenheiro Coelho;-22,4836;-47,211;;35;2949;19;America/Sao_Paulo
;Engenheiro Navarro;-17,2831;-43,947;;31;4475;38;America/Sao_Paulo
;Engenheiro Paulo de Frontin;-22,5498;-43,6827;;33;5835;24;America/Sao_Paulo
;Engenho Velho;-27,706;-52,9145;;43;5947;54;America/Sao_Paulo
;Entre Folhas;-19,6218;-42,2306;;31;2663;33;America/Sao_Paulo
;Entre Rios;-11,9392;-38,0871;;29;3509;75;America/Sao_Paulo
;Entre Rios;-26,7225;-52,5585;;42;912;49;America/Sao_Paulo
;Entre Rios de Minas;-20,6706;-44,0654;;31;4477;31;America/Sao_Paulo
;Entre Rios do Oeste;-24,7042;-54,2385;;41;5529;45;America/Sao_Paulo
;Entre Rios do Sul;-27,5298;-52,7347;;43;8421;54;America/Sao_Paulo
;Entre-Ijuís;-28,3686;-54,2686;;43;8419;55;America/Sao_Paulo
;Envira;-7,43789;-70,0281;;13;231;97;America/Rio_Branco
;Epitaciolândia;-11,0188;-68,7341;;12;651;68;America/Rio_Branco
;Equador;-6,93835;-36,717;;24;1667;84;America/Sao_Paulo
;Erebango;-27,8544;-52,3005;;43;8417;54;America/Sao_Paulo
;Erechim;-27,6364;-52,2697;;43;8637;54;America/Sao_Paulo
;Ererê;-6,02751;-38,3461;;23;1245;88;America/Sao_Paulo
;Érico Cardoso;-13,4215;-42,1352;;29;3309;77;America/Sao_Paulo
;Ermo;-28,9869;-49,643;;42;914;48;America/Sao_Paulo
;Ernestina;-28,4977;-52,5836;;43;8415;54;America/Sao_Paulo
;Erval Grande;-27,3926;-52,574;;43;8641;54;America/Sao_Paulo
;Erval Seco;-27,5443;-53,5005;;43;8643;55;America/Sao_Paulo
;Erval Velho;-27,2743;-51,443;;42;8101;49;America/Sao_Paulo
;Ervália;-20,8403;-42,6544;;31;4479;32;America/Sao_Paulo
;Escada;-8,35672;-35,2241;;26;2403;81;America/Sao_Paulo
;Esmeralda;-28,0518;-51,1933;;43;8645;54;America/Sao_Paulo
;Esmeraldas;-19,764;-44,3065;;31;4481;31;America/Sao_Paulo
;Espera Feliz;-20,6508;-41,9119;;31;4483;32;America/Sao_Paulo
;Esperança;-7,02278;-35,8597;;25;2021;83;America/Sao_Paulo
;Esperança do Sul;-27,3603;-53,9891;;43;980;55;America/Sao_Paulo
;Esperança Nova;-23,7238;-53,811;;41;850;44;America/Sao_Paulo
;Esperantina;-5,36593;-48,5378;;17;181;63;America/Sao_Paulo
;Esperantina;-3,88863;-42,2324;;22;1073;86;America/Sao_Paulo
;Esperantinópolis;-4,87938;-44,6926;;21;777;99;America/Sao_Paulo
;Espigão Alto do Iguaçu;-25,4216;-52,8348;;41;852;46;America/Sao_Paulo
;Espigão D'Oeste;-11,5266;-61,0252;;11;25;69;America/Porto_Velho
;Espinosa;-14,9249;-42,809;;31;4485;38;America/Sao_Paulo
;Espírito Santo;-6,33563;-35,3052;;24;1669;84;America/Sao_Paulo
;Espírito Santo do Dourado;-22,0454;-45,9548;;31;4487;35;America/Sao_Paulo
ESPIRITO SANTO DO PINHAL;Espírito Santo do Pinhal;-22,1909;-46,7477;;35;6865;19;America/Sao_Paulo
ESPIRITO SANTO DO TURVO;Espírito Santo do Turvo;-22,6925;-49,4341;;35;7253;14;America/Sao_Paulo
;Esplanada;-11,7942;-37,9432;;29;3511;75;America/Sao_Paulo
;Espumoso;-28,7286;-52,8461;;43;8647;54;America/Sao_Paulo
;Estação;-27,9135;-52,2635;;43;7301;54;America/Sao_Paulo
;Estância;-11,2659;-37,4484;;28;3141;79;America/Sao_Paulo
;Estância Velha;-29,6535;-51,1843;;43;8649;51;America/Sao_Paulo
;Esteio;-29,852;-51,1841;;43;8651;51;America/Sao_Paulo
;Estiva;-22,4577;-46,0191;;31;4489;35;America/Sao_Paulo
ESTIVA GERBI;Estiva Gerbi;-22,2713;-46,9481;;35;2959;19;America/Sao_Paulo
;Estreito;-6,56077;-47,4431;;21;963;99;America/Sao_Paulo
;Estrela;-29,5002;-51,9495;;43;8653;51;America/Sao_Paulo
ESTRELA D'OESTE;Estrela d'Oeste;-20,2875;-50,4049;;35;6405;17;America/Sao_Paulo
;Estrela Dalva;-21,7412;-42,4574;;31;4491;32;America/Sao_Paulo
;Estrela de Alagoas;-9,39089;-36,7644;;27;2643;82;America/Sao_Paulo
;Estrela do Indaiá;-19,5169;-45,7859;;31;4493;37;America/Sao_Paulo
;Estrela do Norte;-13,8665;-49,0716;;52;9351;62;America/Sao_Paulo
ESTRELA DO NORTE;Estrela do Norte;-22,4859;-51,6632;;35;6407;18;America/Sao_Paulo
;Estrela do Sul;-18,7399;-47,6956;;31;4495;34;America/Sao_Paulo
;Estrela Velha;-29,1713;-53,1639;;43;982;51;America/Sao_Paulo
;Euclides da Cunha;-10,5078;-39,0153;;29;3513;75;America/Sao_Paulo
EUCLIDES DA CUNHA PAULISTA;Euclides da Cunha Paulista;-22,5545;-52,5928;;35;7255;18;America/Sao_Paulo
;Eugênio de Castro;-28,5315;-54,1506;;43;8413;55;America/Sao_Paulo
;Eugenópolis;-21,1002;-42,1878;;31;4497;32;America/Sao_Paulo
;Eunápolis;-16,3715;-39,5821;;29;3117;73;America/Sao_Paulo
;Eusébio;-3,8925;-38,4559;;23;1247;85;America/Sao_Paulo
;Ewbank da Câmara;-21,5498;-43,5068;;31;4499;32;America/Sao_Paulo
;Extrema;-22,854;-46,3178;;31;4501;35;America/Sao_Paulo
;Extremoz;-5,70143;-35,3048;;24;1671;84;America/Sao_Paulo
;Exu;-7,50364;-39,7238;;26;2405;87;America/Sao_Paulo
;Fagundes;-7,34454;-35,7931;;25;2023;83;America/Sao_Paulo
;Fagundes Varela;-28,8794;-51,7014;;43;8411;54;America/Sao_Paulo
;Faina;-15,4473;-50,3622;;52;9797;62;America/Sao_Paulo
;Fama;-21,4089;-45,8286;;31;4503;35;America/Sao_Paulo
;Faria Lemos;-20,8097;-42,0213;;31;4505;32;America/Sao_Paulo
;Farias Brito;-6,92146;-39,5651;;23;1387;88;America/Sao_Paulo
;Faro;-2,16805;-56,7405;;15;459;93;America/Sao_Paulo
;Farol;-24,0958;-52,6217;;41;5511;44;America/Sao_Paulo
;Farroupilha;-29,2227;-51,3419;;43;8655;54;America/Sao_Paulo
FARTURA;Fartura;-23,3916;-49,5124;;35;6409;14;America/Sao_Paulo
;Fartura do Piauí;-9,48342;-42,7912;;22;2257;89;America/Sao_Paulo
;Fátima;-10,7603;-48,9076;;17;9683;63;America/Sao_Paulo
;Fátima;-10,616;-38,2239;;29;3089;75;America/Sao_Paulo
;Fátima do Sul;-22,3789;-54,5131;;50;9075;67;America/Porto_Velho
;Faxinal;-24,0077;-51,3227;;41;7549;43;America/Sao_Paulo
;Faxinal do Soturno;-29,5788;-53,4484;;43;8657;55;America/Sao_Paulo
;Faxinal dos Guedes;-26,8451;-52,2596;;42;8103;49;America/Sao_Paulo
;Faxinalzinho;-27,4238;-52,6789;;43;8409;54;America/Sao_Paulo
;Fazenda Nova;-16,1834;-50,7781;;52;9353;62;America/Sao_Paulo
;Fazenda Rio Grande;-25,6624;-49,3073;;41;9983;41;America/Sao_Paulo
;Fazenda Vilanova;-29,5885;-51,8217;;43;984;51;America/Sao_Paulo
;Feijó;-8,17054;-70,351;;12;113;68;America/Rio_Branco
;Feira da Mata;-14,2044;-44,2744;;29;3275;77;America/Sao_Paulo
;Feira de Santana;-12,2664;-38,9663;;29;3515;75;America/Sao_Paulo
;Feira Grande;-9,89859;-36,6815;;27;2751;82;America/Sao_Paulo
;Feira Nova;-7,94704;-35,3801;;26;2407;81;America/Sao_Paulo
;Feira Nova;-10,2616;-37,3147;;28;3143;79;America/Sao_Paulo
;Feira Nova do Maranhão;-6,96508;-46,6786;;21;156;99;America/Sao_Paulo
;Felício dos Santos;-18,0755;-43,2422;;31;4507;38;America/Sao_Paulo
;Felipe Guerra;-5,59274;-37,6875;;24;1673;84;America/Sao_Paulo
;Felisburgo;-16,6348;-40,7605;;31;4511;33;America/Sao_Paulo
;Felixlândia;-18,7507;-44,9004;;31;4513;38;America/Sao_Paulo
;Feliz;-29,4527;-51,3032;;43;8659;51;America/Sao_Paulo
;Feliz Deserto;-10,2935;-36,3028;;27;2753;82;America/Sao_Paulo
;Feliz Natal;-12,385;-54,9227;;51;1036;66;America/Porto_Velho
;Fênix;-23,9135;-51,9805;;41;7551;44;America/Sao_Paulo
;Fernandes Pinheiro;-25,4107;-50,5456;;41;854;42;America/Sao_Paulo
;Fernandes Tourinho;-19,1541;-42,0803;;31;4515;33;America/Sao_Paulo
;Fernando de Noronha;-3,8396;-32,4107;;26;3001;81;America/Noronha
;Fernando Falcão;-6,16207;-44,8979;;21;158;99;America/Sao_Paulo
;Fernando Pedroza;-5,69096;-36,5282;;24;416;84;America/Sao_Paulo
FERNANDO PRESTES;Fernando Prestes;-21,2661;-48,6874;;35;6413;16;America/Sao_Paulo
FERNANDOPOLIS;Fernandópolis;-20,2806;-50,2471;;35;6411;17;America/Sao_Paulo
FERNAO;Fernão;-22,3607;-49,5187;;35;796;14;America/Sao_Paulo
FERRAZ DE VASCONCELOS;Ferraz de Vasconcelos;-23,5411;-46,371;;35;6415;11;America/Sao_Paulo
;Ferreira Gomes;0,857256;-51,1795;;16;611;96;America/Sao_Paulo
;Ferreiros;-7,44666;-35,2373;;26;2409;81;America/Sao_Paulo
;Ferros;-19,2343;-43,0192;;31;4517;31;America/Sao_Paulo
;Fervedouro;-20,726;-42,279;;31;2683;32;America/Sao_Paulo
;Figueira;-23,8455;-50,4031;;41;8457;43;America/Sao_Paulo
;Figueirão;-18,6782;-53,638;;50;1178;67;America/Porto_Velho
;Figueirópolis;-12,1312;-49,1748;;17;9667;63;America/Sao_Paulo
;Figueirópolis D'Oeste;-15,4439;-58,7391;;51;9881;65;America/Porto_Velho
;Filadélfia;-7,33501;-47,4954;;17;9355;63;America/Sao_Paulo
;Filadélfia;-10,7405;-40,1437;;29;3091;74;America/Sao_Paulo
;Firmino Alves;-14,9823;-39,9269;;29;3517;73;America/Sao_Paulo
;Firminópolis;-16,5778;-50,304;;52;9357;64;America/Sao_Paulo
;Flexeiras;-9,27281;-35,7139;;27;2755;82;America/Sao_Paulo
;Flor da Serra do Sul;-26,2523;-53,3092;;41;5475;46;America/Sao_Paulo
;Flor do Sertão;-26,7811;-53,3505;;42;916;49;America/Sao_Paulo
FLORA RICA;Flora Rica;-21,6727;-51,3821;;35;6417;18;America/Sao_Paulo
;Floraí;-23,3178;-52,3029;;41;7553;44;America/Sao_Paulo
;Florânia;-6,12264;-36,8226;;24;1675;84;America/Sao_Paulo
FLOREAL;Floreal;-20,6752;-50,1513;;35;6419;17;America/Sao_Paulo
;Flores;-7,85842;-37,9715;;26;2411;87;America/Sao_Paulo
;Flores da Cunha;-29,0261;-51,1875;;43;8661;54;America/Sao_Paulo
;Flores de Goiás;-14,4451;-47,0417;;52;9359;62;America/Sao_Paulo
;Flores do Piauí;-7,78793;-42,918;;22;1075;89;America/Sao_Paulo
;Floresta;-23,6031;-52,0807;;41;7555;44;America/Sao_Paulo
;Floresta;-8,60307;-38,5687;;26;2413;87;America/Sao_Paulo
;Floresta Azul;-14,8629;-39,6579;;29;3519;73;America/Sao_Paulo
;Floresta do Araguaia;-7,55335;-49,7125;;15;52;94;America/Sao_Paulo
;Floresta do Piauí;-7,46682;-41,7883;;22;314;89;America/Sao_Paulo
;Florestal;-19,888;-44,4318;;31;4519;31;America/Sao_Paulo
;Florestópolis;-22,8623;-51,3882;;41;7557;43;America/Sao_Paulo
;Floriano;-6,77182;-43,0241;;22;1077;89;America/Sao_Paulo
;Floriano Peixoto;-27,8614;-52,0838;;43;986;54;America/Sao_Paulo
;Florianópolis;-27,5945;-48,5477;1.0;42;8105;48;America/Sao_Paulo
;Flórida;-23,0847;-51,9546;;41;7559;44;America/Sao_Paulo
FLORIDA PAULISTA;Flórida Paulista;-21,6127;-51,1724;;35;6421;18;America/Sao_Paulo
FLORINEA;Florínia;-22,868;-50,6814;;35;6423;18;America/Sao_Paulo
;Fonte Boa;-2,52342;-66,0942;;13;233;97;America/Porto_Velho
;Fontoura Xavier;-28,9817;-52,3445;;43;8663;54;America/Sao_Paulo
;Formiga;-20,4618;-45,4268;;31;4521;37;America/Sao_Paulo
;Formigueiro;-30,0035;-53,4959;;43;8665;55;America/Sao_Paulo
;Formosa;-15,54;-47,337;;52;9361;61;America/Sao_Paulo
;Formosa da Serra Negra;-6,44017;-46,1916;;21;160;99;America/Sao_Paulo
;Formosa do Oeste;-24,2951;-53,3114;;41;7561;44;America/Sao_Paulo
;Formosa do Rio Preto;-11,0328;-45,193;;29;3521;77;America/Sao_Paulo
;Formosa do Sul;-26,6453;-52,7946;;42;5581;49;America/Sao_Paulo
;Formoso;-13,6499;-48,8775;;52;9363;62;America/Sao_Paulo
;Formoso;-14,9446;-46,2371;;31;4523;38;America/Sao_Paulo
;Formoso do Araguaia;-11,7976;-49,5316;;17;9365;63;America/Sao_Paulo
;Forquetinha;-29,3828;-52,0981;;43;1142;51;America/Sao_Paulo
;Forquilha;-3,79945;-40,2634;;23;1591;88;America/Sao_Paulo
;Forquilhinha;-28,7454;-49,4785;;42;973;48;America/Sao_Paulo
;Fortaleza;-3,71664;-38,5423;1.0;23;1389;85;America/Sao_Paulo
;Fortaleza de Minas;-20,8508;-46,712;;31;4525;35;America/Sao_Paulo
;Fortaleza do Tabocão;-9,05611;-48,5206;;17;345;63;America/Sao_Paulo
;Fortaleza dos Nogueiras;-6,95983;-46,1749;;21;779;99;America/Sao_Paulo
;Fortaleza dos Valos;-28,7986;-53,2249;;43;9827;55;America/Sao_Paulo
;Fortim;-4,45126;-37,7981;;23;987;88;America/Sao_Paulo
;Fortuna;-5,72792;-44,1565;;21;781;99;America/Sao_Paulo
;Fortuna de Minas;-19,5578;-44,4472;;31;4527;31;America/Sao_Paulo
;Foz do Iguaçu;-25,5427;-54,5827;;41;7563;45;America/Sao_Paulo
;Foz do Jordão;-25,7371;-52,1188;;41;856;42;America/Sao_Paulo
;Fraiburgo;-27,0233;-50,92;;42;8107;49;America/Sao_Paulo
FRANCA;Franca;-20,5352;-47,4039;;35;6425;16;America/Sao_Paulo
;Francinópolis;-6,39334;-42,2591;;22;1079;89;America/Sao_Paulo
;Francisco Alves;-24,0667;-53,8461;;41;7977;44;America/Sao_Paulo
;Francisco Ayres;-6,62606;-42,6881;;22;1081;89;America/Sao_Paulo
;Francisco Badaró;-16,9883;-42,3568;;31;4529;33;America/Sao_Paulo
;Francisco Beltrão;-26,0817;-53,0535;;41;7565;46;America/Sao_Paulo
;Francisco Dantas;-6,07234;-38,1212;;24;1677;84;America/Sao_Paulo
;Francisco Dumont;-17,3107;-44,2317;;31;4531;38;America/Sao_Paulo
;Francisco Macedo;-7,331;-40,788;;22;316;89;America/Sao_Paulo
FRANCISCO MORATO;Francisco Morato;-23,2792;-46,7448;;35;6427;11;America/Sao_Paulo
;Francisco Sá;-16,4827;-43,4896;;31;4533;38;America/Sao_Paulo
;Francisco Santos;-6,99491;-41,1288;;22;1083;89;America/Sao_Paulo
;Franciscópolis;-17,9578;-42,0094;;31;608;33;America/Sao_Paulo
FRANCO DA ROCHA;Franco da Rocha;-23,3229;-46,729;;35;6429;11;America/Sao_Paulo
;Frecheirinha;-3,75557;-40,818;;23;1391;88;America/Sao_Paulo
;Frederico Westphalen;-27,3586;-53,3958;;43;8667;55;America/Sao_Paulo
;Frei Gaspar;-18,0709;-41,4325;;31;4535;33;America/Sao_Paulo
;Frei Inocêncio;-18,5556;-41,9121;;31;4537;33;America/Sao_Paulo
;Frei Lagonegro;-18,1751;-42,7617;;31;610;33;America/Sao_Paulo
;Frei Martinho;-6,39759;-36,4526;;25;2025;83;America/Sao_Paulo
;Frei Miguelinho;-7,93918;-35,9113;;26;2415;81;America/Sao_Paulo
;Frei Paulo;-10,5513;-37,5279;;28;3145;79;America/Sao_Paulo
;Frei Rogério;-27,175;-50,8076;;42;918;49;America/Sao_Paulo
;Fronteira;-20,2748;-49,1984;;31;4539;34;America/Sao_Paulo
;Fronteira dos Vales;-16,8898;-40,923;;31;4935;33;America/Sao_Paulo
;Fronteiras;-7,08173;-40,6146;;22;1085;89;America/Sao_Paulo
;Fruta de Leite;-16,1225;-42,5288;;31;612;38;America/Sao_Paulo
;Frutal;-20,0259;-48,9355;;31;4541;34;America/Sao_Paulo
;Frutuoso Gomes;-6,15669;-37,8375;;24;1751;84;America/Sao_Paulo
;Fundão;-19,937;-40,4078;;32;5643;27;America/Sao_Paulo
;Funilândia;-19,3661;-44,061;;31;4543;31;America/Sao_Paulo
GABRIEL MONTEIRO;Gabriel Monteiro;-21,5294;-50,5573;;35;6431;18;America/Sao_Paulo
;Gado Bravo;-7,58279;-35,7899;;25;480;83;America/Sao_Paulo
GALIA;Gália;-22,2918;-49,5504;;35;6433;14;America/Sao_Paulo
;Galiléia;-19,0005;-41,5387;;31;4545;33;America/Sao_Paulo
;Galinhos;-5,0909;-36,2754;;24;1679;84;America/Sao_Paulo
;Galvão;-26,4549;-52,6875;;42;8109;49;America/Sao_Paulo
;Gameleira;-8,5798;-35,3846;;26;2417;81;America/Sao_Paulo
;Gameleira de Goiás;-16,4854;-48,6454;;52;1072;62;America/Sao_Paulo
;Gameleiras;-15,0829;-43,125;;31;614;38;America/Sao_Paulo
;Gandu;-13,7441;-39,4747;;29;3523;73;America/Sao_Paulo
;Garanhuns;-8,88243;-36,4966;;26;2419;87;America/Sao_Paulo
;Gararu;-9,9722;-37,0869;;28;3149;79;America/Sao_Paulo
GARCA;Garça;-22,2125;-49,6546;;35;6435;14;America/Sao_Paulo
;Garibaldi;-29,259;-51,5352;;43;8669;54;America/Sao_Paulo
;Garopaba;-28,0275;-48,6192;;42;8113;48;America/Sao_Paulo
;Garrafão do Norte;-1,92986;-47,0505;;15;585;91;America/Sao_Paulo
;Garruchos;-28,1944;-55,6383;;43;6081;55;America/Sao_Paulo
;Garuva;-26,0292;-48,852;;42;8115;47;America/Sao_Paulo
;Gaspar;-26,9336;-48,9534;;42;8117;47;America/Sao_Paulo
GASTAO VIDIGAL;Gastão Vidigal;-20,7948;-50,1912;;35;6437;17;America/Sao_Paulo
;Gaúcha do Norte;-13,2443;-53,0809;;51;1038;66;America/Porto_Velho
;Gaurama;-27,5856;-52,0915;;43;8671;54;America/Sao_Paulo
;Gavião;-11,4688;-39,7757;;29;3093;75;America/Sao_Paulo
GAVIAO PEIXOTO;Gavião Peixoto;-21,8367;-48,4957;;35;798;16;America/Sao_Paulo
;Geminiano;-7,15476;-41,3409;;22;318;89;America/Sao_Paulo
;General Câmara;-29,9032;-51,7612;;43;8673;51;America/Sao_Paulo
;General Carneiro;-15,7094;-52,7574;;51;9077;66;America/Porto_Velho
;General Carneiro;-26,425;-51,3172;;41;7567;42;America/Sao_Paulo
;General Maynard;-10,6835;-36,9838;;28;3147;79;America/Sao_Paulo
GENERAL SALGADO;General Salgado;-20,6485;-50,364;;35;6439;17;America/Sao_Paulo
;General Sampaio;-4,04351;-39,454;;23;1393;85;America/Sao_Paulo
;Gentil;-28,4316;-52,0337;;43;5799;54;America/Sao_Paulo
;Gentio do Ouro;-11,4342;-42,5077;;29;3525;74;America/Sao_Paulo
GETULINA;Getulina;-21,7961;-49,9312;;35;6441;14;America/Sao_Paulo
;Getúlio Vargas;-27,8911;-52,2294;;43;8677;54;America/Sao_Paulo
;Gilbués;-9,83001;-45,3423;;22;1087;89;America/Sao_Paulo
;Girau do Ponciano;-9,88404;-36,8316;;27;2757;82;America/Sao_Paulo
;Giruá;-28,0297;-54,3517;;43;8679;55;America/Sao_Paulo
;Glaucilândia;-16,8481;-43,692;;31;616;38;America/Sao_Paulo
GLICERIO;Glicério;-21,3812;-50,2123;;35;6443;18;America/Sao_Paulo
;Glória;-9,34382;-38,2544;;29;3527;75;America/Sao_Paulo
;Glória D'Oeste;-15,768;-58,3108;;51;135;65;America/Porto_Velho
;Glória de Dourados;-22,4136;-54,2335;;50;9079;67;America/Porto_Velho
;Glória do Goitá;-8,00568;-35,2904;;26;2421;81;America/Sao_Paulo
;Glorinha;-29,8798;-50,7734;;43;8407;51;America/Sao_Paulo
;Godofredo Viana;-1,40259;-45,7795;;21;783;98;America/Sao_Paulo
;Godoy Moreira;-24,173;-51,9246;;41;9947;43;America/Sao_Paulo
;Goiabeira;-18,9807;-41,2235;;31;618;33;America/Sao_Paulo
;Goianá;-21,536;-43,1957;;31;620;32;America/Sao_Paulo
;Goiana;-7,5606;-34,9959;;26;2423;81;America/Sao_Paulo
;Goianápolis;-16,5098;-49,0234;;52;9367;62;America/Sao_Paulo
;Goiandira;-18,1352;-48,0875;;52;9369;64;America/Sao_Paulo
;Goianésia;-15,3118;-49,1162;;52;9371;62;America/Sao_Paulo
;Goianésia do Pará;-3,84338;-49,0974;;15;627;94;America/Sao_Paulo
;Goiânia;-16,6864;-49,2643;1.0;52;9373;62;America/Sao_Paulo
;Goianinha;-6,26486;-35,1943;;24;1681;84;America/Sao_Paulo
;Goianira;-16,4947;-49,427;;52;9375;62;America/Sao_Paulo
;Goianorte;-8,77413;-48,9313;;17;9699;63;America/Sao_Paulo
;Goiás;-15,9333;-50,14;;52;9377;62;America/Sao_Paulo
;Goiatins;-7,71478;-47,3252;;17;9533;63;America/Sao_Paulo
;Goiatuba;-18,0105;-49,3658;;52;9379;64;America/Sao_Paulo
;Goioerê;-24,1835;-53,0248;;41;7569;44;America/Sao_Paulo
;Goioxim;-25,1927;-51,9911;;41;858;42;America/Sao_Paulo
;Gonçalves;-22,6545;-45,8556;;31;4547;35;America/Sao_Paulo
;Gonçalves Dias;-5,1475;-44,3013;;21;785;99;America/Sao_Paulo
;Gongogi;-14,3195;-39,469;;29;3529;73;America/Sao_Paulo
;Gonzaga;-18,8196;-42,4769;;31;4549;33;America/Sao_Paulo
;Gouveia;-18,4519;-43,7423;;31;4551;38;America/Sao_Paulo
;Gouvelândia;-18,6238;-50,0805;;52;9799;64;America/Sao_Paulo
;Governador Archer;-5,02078;-44,2754;;21;787;99;America/Sao_Paulo
;Governador Celso Ramos;-27,3172;-48,5576;;42;8111;48;America/Sao_Paulo
;Governador Dix-Sept Rosado;-5,44887;-37,5183;;24;1683;84;America/Sao_Paulo
;Governador Edison Lobão;-5,74973;-47,3646;;21;162;99;America/Sao_Paulo
;Governador Eugênio Barros;-5,31897;-44,2469;;21;789;99;America/Sao_Paulo
;Governador Jorge Teixeira;-10,61;-62,7371;;11;693;69;America/Porto_Velho
;Governador Lindenberg;-19,1864;-40,4473;;32;1114;27;America/Sao_Paulo
;Governador Luiz Rocha;-5,47835;-44,0774;;21;164;99;America/Sao_Paulo
;Governador Mangabeira;-12,5994;-39,0412;;29;3531;75;America/Sao_Paulo
;Governador Newton Bello;-3,43245;-45,6619;;21;166;98;America/Sao_Paulo
;Governador Nunes Freire;-2,12899;-45,8777;;21;168;98;America/Sao_Paulo
;Governador Valadares;-18,8545;-41,9555;;31;4553;33;America/Sao_Paulo
;Graça;-4,04422;-40,749;;23;1249;88;America/Sao_Paulo
;Graça Aranha;-5,40547;-44,3358;;21;791;99;America/Sao_Paulo
;Gracho Cardoso;-10,2252;-37,2006;;28;3151;79;America/Sao_Paulo
;Grajaú;-5,81367;-46,1462;;21;793;99;America/Sao_Paulo
;Gramado;-29,3734;-50,8762;;43;8681;54;America/Sao_Paulo
;Gramado dos Loureiros;-27,4429;-52,9149;;43;5949;54;America/Sao_Paulo
;Gramado Xavier;-29,2706;-52,5795;;43;5763;51;America/Sao_Paulo
;Grandes Rios;-24,1466;-51,5094;;41;7959;43;America/Sao_Paulo
;Granito;-7,70711;-39,615;;26;2425;87;America/Sao_Paulo
;Granja;-3,12788;-40,8372;;23;1395;88;America/Sao_Paulo
;Granjeiro;-6,88134;-39,2144;;23;1397;88;America/Sao_Paulo
;Grão Mogol;-16,5662;-42,8923;;31;4555;38;America/Sao_Paulo
;Grão Pará;-28,1809;-49,2252;;42;8119;48;America/Sao_Paulo
;Gravatá;-8,21118;-35,5675;;26;2427;81;America/Sao_Paulo
;Gravataí;-29,9413;-50,9869;;43;8683;51;America/Sao_Paulo
;Gravatal;-28,3208;-49,0427;;42;8121;48;America/Sao_Paulo
;Groaíras;-3,91787;-40,3852;;23;1399;88;America/Sao_Paulo
;Grossos;-4,98068;-37,1621;;24;1685;84;America/Sao_Paulo
;Grupiara;-18,5003;-47,7318;;31;4557;34;America/Sao_Paulo
;Guabiju;-28,5421;-51,6948;;43;8405;54;America/Sao_Paulo
;Guabiruba;-27,0808;-48,9804;;42;8123;47;America/Sao_Paulo
;Guaçuí;-20,7668;-41,6734;;32;5645;28;America/Sao_Paulo
;Guadalupe;-6,78285;-43,5594;;22;1089;89;America/Sao_Paulo
;Guaíba;-30,1086;-51,3233;;43;8685;51;America/Sao_Paulo
GUAICARA;Guaiçara;-21,6195;-49,8013;;35;6445;14;America/Sao_Paulo
GUAIMBE;Guaimbê;-21,9091;-49,8986;;35;6447;14;America/Sao_Paulo
GUAIRA;Guaíra;-20,3196;-48,312;;35;6449;17;America/Sao_Paulo
;Guaíra;-24,085;-54,2573;;41;7571;44;America/Sao_Paulo
;Guairaçá;-22,932;-52,6906;;41;7573;44;America/Sao_Paulo
;Guaiúba;-4,04057;-38,6404;;23;1251;85;America/Sao_Paulo
;Guajará;-7,53797;-72,5907;;13;967;97;America/Rio_Branco
;Guajará-Mirim;-10,7889;-65,3296;;11;1;69;America/Porto_Velho
;Guajeru;-14,5467;-41,9381;;29;3095;77;America/Sao_Paulo
;Guamaré;-5,10619;-36,3222;;24;1687;84;America/Sao_Paulo
;Guamiranga;-25,1912;-50,8021;;41;860;42;America/Sao_Paulo
;Guanambi;-14,2231;-42,7799;;29;3533;77;America/Sao_Paulo
;Guanhães;-18,7713;-42,9312;;31;4559;33;America/Sao_Paulo
;Guapé;-20,7631;-45,9152;;31;4561;35;America/Sao_Paulo
GUAPIACU;Guapiaçu;-20,7959;-49,2172;;35;6451;17;America/Sao_Paulo
GUAPIARA;Guapiara;-24,1892;-48,5295;;35;6453;15;America/Sao_Paulo
;Guapimirim;-22,5347;-42,9895;;33;2907;21;America/Sao_Paulo
;Guapirama;-23,5203;-50,0407;;41;7575;43;America/Sao_Paulo
;Guapó;-16,8297;-49,5345;;52;9381;62;America/Sao_Paulo
;Guaporé;-28,8399;-51,8895;;43;8687;54;America/Sao_Paulo
;Guaporema;-23,3402;-52,7786;;41;7577;44;America/Sao_Paulo
GUARA;Guará;-20,4302;-47,8236;;35;6455;16;America/Sao_Paulo
;Guarabira;-6,85064;-35,485;;25;2027;83;America/Sao_Paulo
GUARACAI;Guaraçaí;-21,0292;-51,2119;;35;6457;18;America/Sao_Paulo
GUARACI;Guaraci;-20,4977;-48,9391;;35;6459;17;America/Sao_Paulo
;Guaraci;-22,9694;-51,6504;;41;7579;43;America/Sao_Paulo
;Guaraciaba;-20,5716;-43,0094;;31;4563;31;America/Sao_Paulo
;Guaraciaba;-26,6042;-53,5243;;42;8125;49;America/Sao_Paulo
;Guaraciaba do Norte;-4,15814;-40,7476;;23;1401;88;America/Sao_Paulo
;Guaraciama;-17,0142;-43,6675;;31;622;38;America/Sao_Paulo
;Guaraí;-8,83543;-48,5114;;17;9627;63;America/Sao_Paulo
;Guaraíta;-15,6121;-50,0265;;52;65;62;America/Sao_Paulo
;Guaramiranga;-4,26248;-38,932;;23;1403;85;America/Sao_Paulo
;Guaramirim;-26,4688;-49,0026;;42;8127;47;America/Sao_Paulo
;Guaranésia;-21,3009;-46,7964;;31;4565;35;America/Sao_Paulo
;Guarani;-21,3563;-43,0328;;31;4567;32;America/Sao_Paulo
GUARANI D'OESTE;Guarani d'Oeste;-20,0746;-50,3411;;35;6461;17;America/Sao_Paulo
;Guarani das Missões;-28,1491;-54,5629;;43;8689;55;America/Sao_Paulo
;Guarani de Goiás;-13,9421;-46,4868;;52;9383;62;America/Sao_Paulo
;Guaraniaçu;-25,0968;-52,8755;;41;7581;45;America/Sao_Paulo
GUARANTA;Guarantã;-21,8942;-49,5914;;35;6463;14;America/Sao_Paulo
;Guarantã do Norte;-9,96218;-54,9121;;51;9887;66;America/Porto_Velho
;Guarapari;-20,6772;-40,5093;;32;5647;27;America/Sao_Paulo
;Guarapuava;-25,3902;-51,4623;;41;7583;42;America/Sao_Paulo
;Guaraqueçaba;-25,3071;-48,3204;;41;7585;41;America/Sao_Paulo
;Guarará;-21,7304;-43,0334;;31;4569;32;America/Sao_Paulo
GUARARAPES;Guararapes;-21,2544;-50,6453;;35;6465;18;America/Sao_Paulo
GUARAREMA;Guararema;-23,4112;-46,0369;;35;6467;11;America/Sao_Paulo
;Guaratinga;-16,5833;-39,7847;;29;3535;73;America/Sao_Paulo
GUARATINGUETA;Guaratinguetá;-22,8075;-45,1938;;35;6469;12;America/Sao_Paulo
;Guaratuba;-25,8817;-48,5752;;41;7587;41;America/Sao_Paulo
;Guarda-Mor;-17,7673;-47,0998;;31;4571;38;America/Sao_Paulo
GUAREI;Guareí;-23,3714;-48,1837;;35;6471;15;America/Sao_Paulo
GUARIBA;Guariba;-21,3594;-48,2316;;35;6473;16;America/Sao_Paulo
;Guaribas;-9,38647;-43,6943;;22;320;89;America/Sao_Paulo
;Guarinos;-14,7292;-49,7006;;52;9993;62;America/Sao_Paulo
GUARUJA;Guarujá;-23,9888;-46,258;;35;6475;13;America/Sao_Paulo
;Guarujá do Sul;-26,3858;-53,5296;;42;8129;49;America/Sao_Paulo
GUARULHOS;Guarulhos;-23,4538;-46,5333;;35;6477;11;America/Sao_Paulo
;Guatambú;-27,1341;-52,7887;;42;5583;49;America/Sao_Paulo
GUATAPARA;Guatapará;-21,4944;-48,0356;;35;7257;16;America/Sao_Paulo
;Guaxupé;-21,305;-46,7081;;31;4573;35;America/Sao_Paulo
;Guia Lopes da Laguna;-21,4583;-56,1117;;50;9081;67;America/Porto_Velho
;Guidoval;-21,155;-42,7887;;31;4575;32;America/Sao_Paulo
;Guimarães;-2,12755;-44,602;;21;795;98;America/Sao_Paulo
;Guimarânia;-18,8425;-46,7901;;31;4577;34;America/Sao_Paulo
;Guiratinga;-16,346;-53,7575;;51;9083;66;America/Porto_Velho
;Guiricema;-21,0098;-42,7207;;31;4579;32;America/Sao_Paulo
;Gurinhatã;-19,2143;-49,7876;;31;4581;34;America/Sao_Paulo
;Gurinhém;-7,1233;-35,4222;;25;2029;83;America/Sao_Paulo
;Gurjão;-7,24833;-36,4923;;25;2031;83;America/Sao_Paulo
;Gurupá;-1,41412;-51,6338;;15;461;91;America/Sao_Paulo
;Gurupi;-11,7279;-49,068;;17;9385;63;America/Sao_Paulo
GUZOLANDIA;Guzolândia;-20,6467;-50,6645;;35;6479;17;America/Sao_Paulo
;Harmonia;-29,5456;-51,4185;;43;8403;51;America/Sao_Paulo
;Heitoraí;-15,719;-49,8268;;52;9387;62;America/Sao_Paulo
;Heliodora;-22,0644;-45,5453;;31;4583;35;America/Sao_Paulo
;Heliópolis;-10,6825;-38,2907;;29;3097;75;America/Sao_Paulo
HERCULANDIA;Herculândia;-22,0038;-50,3907;;35;6481;14;America/Sao_Paulo
;Herval;-32,024;-53,3944;;43;8639;53;America/Sao_Paulo
;Herval d'Oeste;-27,1903;-51,4917;;42;8131;49;America/Sao_Paulo
;Herveiras;-29,4552;-52,6553;;43;988;51;America/Sao_Paulo
;Hidrolândia;-16,9626;-49,2265;;52;9389;62;America/Sao_Paulo
;Hidrolândia;-4,40958;-40,4056;;23;1405;88;America/Sao_Paulo
;Hidrolina;-14,7261;-49,4634;;52;9391;62;America/Sao_Paulo
HOLAMBRA;Holambra;-22,6405;-47,0487;;35;2953;19;America/Sao_Paulo
;Honório Serpa;-26,139;-52,3848;;41;9981;46;America/Sao_Paulo
;Horizonte;-4,1209;-38,4707;;23;1253;85;America/Sao_Paulo
;Horizontina;-27,6282;-54,3053;;43;8691;55;America/Sao_Paulo
HORTOLANDIA;Hortolândia;-22,8529;-47,2143;;35;2951;19;America/Sao_Paulo
;Hugo Napoleão;-5,9886;-42,5598;;22;1091;86;America/Sao_Paulo
;Hulha Negra;-31,4067;-53,8667;;43;6085;53;America/Sao_Paulo
;Humaitá;-27,5691;-53,9695;;43;8695;55;America/Sao_Paulo
;Humaitá;-7,51171;-63,0327;;13;235;97;America/Porto_Velho
;Humberto de Campos;-2,59828;-43,4649;;21;797;98;America/Sao_Paulo
IACANGA;Iacanga;-21,8896;-49,031;;35;6483;14;America/Sao_Paulo
;Iaciara;-14,1011;-46,6335;;52;9393;62;America/Sao_Paulo
IACRI;Iacri;-21,8572;-50,6932;;35;6485;14;America/Sao_Paulo
;Iaçu;-12,7666;-40,2056;;29;3537;75;America/Sao_Paulo
;Iapu;-19,4387;-42,2147;;31;4585;33;America/Sao_Paulo
IARAS;Iaras;-22,8682;-49,1634;;35;7259;14;America/Sao_Paulo
;Iati;-9,04559;-36,8498;;26;2429;87;America/Sao_Paulo
;Ibaiti;-23,8478;-50,1932;;41;7589;43;America/Sao_Paulo
;Ibarama;-29,4203;-53,1295;;43;8401;51;America/Sao_Paulo
;Ibaretama;-4,80376;-38,7501;;23;1255;88;America/Sao_Paulo
IBATE;Ibaté;-21,9584;-47,9882;;35;6487;16;America/Sao_Paulo
;Ibateguara;-8,97823;-35,9373;;27;2759;82;America/Sao_Paulo
;Ibatiba;-20,2347;-41,5087;;32;5709;28;America/Sao_Paulo
;Ibema;-25,1193;-53,0072;;41;9949;45;America/Sao_Paulo
;Ibertioga;-21,433;-43,9639;;31;4587;32;America/Sao_Paulo
;Ibiá;-19,4749;-46,5474;;31;4589;34;America/Sao_Paulo
;Ibiaçá;-28,0566;-51,8599;;43;8697;54;America/Sao_Paulo
;Ibiaí;-16,8591;-44,9046;;31;4591;38;America/Sao_Paulo
;Ibiam;-27,1847;-51,2352;;42;920;49;America/Sao_Paulo
;Ibiapina;-3,92403;-40,8911;;23;1407;88;America/Sao_Paulo
;Ibiara;-7,47957;-38,4059;;25;2033;83;America/Sao_Paulo
;Ibiassucê;-14,2711;-42,257;;29;3539;77;America/Sao_Paulo
;Ibicaraí;-14,8579;-39,5914;;29;3541;73;America/Sao_Paulo
;Ibicaré;-27,0881;-51,3681;;42;8133;49;America/Sao_Paulo
;Ibicoara;-13,4059;-41,284;;29;3543;77;America/Sao_Paulo
;Ibicuí;-14,845;-39,9879;;29;3545;73;America/Sao_Paulo
;Ibicuitinga;-4,96999;-38,6362;;23;1257;88;America/Sao_Paulo
;Ibimirim;-8,54026;-37,7032;;26;2431;87;America/Sao_Paulo
;Ibipeba;-11,6438;-42,0195;;29;3547;74;America/Sao_Paulo
;Ibipitanga;-12,8804;-42,4856;;29;3551;77;America/Sao_Paulo
;Ibiporã;-23,2659;-51,0522;;41;7591;43;America/Sao_Paulo
;Ibiquera;-12,6444;-40,9338;;29;3553;75;America/Sao_Paulo
IBIRA;Ibirá;-21,083;-49,2448;;35;6489;17;America/Sao_Paulo
;Ibiracatu;-15,6605;-44,1667;;31;624;38;America/Sao_Paulo
;Ibiraci;-20,4611;-47,1222;;31;4593;35;America/Sao_Paulo
;Ibiraçu;-19,8366;-40,3732;;32;5649;27;America/Sao_Paulo
;Ibiraiaras;-28,3741;-51,6377;;43;8699;54;America/Sao_Paulo
;Ibirajuba;-8,57633;-36,1812;;26;2433;87;America/Sao_Paulo
;Ibirama;-27,0547;-49,5193;;42;8135;47;America/Sao_Paulo
;Ibirapitanga;-14,1649;-39,3787;;29;3555;73;America/Sao_Paulo
;Ibirapuã;-17,6832;-40,1129;;29;3557;73;America/Sao_Paulo
;Ibirapuitã;-28,6247;-52,5158;;43;7299;54;America/Sao_Paulo
IBIRAREMA;Ibirarema;-22,8185;-50,0739;;35;6491;14;America/Sao_Paulo
;Ibirataia;-14,0643;-39,6459;;29;3559;73;America/Sao_Paulo
;Ibirité;-20,0252;-44,0569;;31;4595;31;America/Sao_Paulo
;Ibirubá;-28,6302;-53,0961;;43;8701;54;America/Sao_Paulo
;Ibitiara;-12,6502;-42,2179;;29;3561;77;America/Sao_Paulo
IBITINGA;Ibitinga;-21,7562;-48,8319;;35;6493;16;America/Sao_Paulo
;Ibitirama;-20,5466;-41,6667;;32;6011;28;America/Sao_Paulo
;Ibititá;-11,5414;-41,9748;;29;3563;74;America/Sao_Paulo
;Ibitiúra de Minas;-22,0604;-46,4368;;31;4597;35;America/Sao_Paulo
;Ibituruna;-21,1541;-44,7479;;31;4599;35;America/Sao_Paulo
IBIUNA;Ibiúna;-23,6596;-47,223;;35;6495;15;America/Sao_Paulo
;Ibotirama;-12,1779;-43,2167;;29;3565;77;America/Sao_Paulo
;Icapuí;-4,71206;-37,3531;;23;1593;88;America/Sao_Paulo
;Içara;-28,7132;-49,3087;;42;8137;48;America/Sao_Paulo
;Icaraí de Minas;-16,214;-44,9034;;31;2693;38;America/Sao_Paulo
;Icaraíma;-23,3944;-53,615;;41;7593;44;America/Sao_Paulo
;Icatu;-2,77206;-44,0501;;21;799;98;America/Sao_Paulo
ICEM;Icém;-20,3391;-49,1915;;35;6497;17;America/Sao_Paulo
;Ichu;-11,7431;-39,1905;;29;3567;75;America/Sao_Paulo
;Icó;-6,39627;-38,8554;;23;1409;88;America/Sao_Paulo
;Iconha;-20,7913;-40,8132;;32;5651;28;America/Sao_Paulo
;Ielmo Marinho;-5,82447;-35,55;;24;1689;84;America/Sao_Paulo
IEPE;Iepê;-22,6602;-51,0779;;35;6499;18;America/Sao_Paulo
;Igaci;-9,53768;-36,6372;;27;2761;82;America/Sao_Paulo
;Igaporã;-13,774;-42,7155;;29;3569;77;America/Sao_Paulo
IGARACU DO TIETE;Igaraçu do Tietê;-22,509;-48,5597;;35;6501;14;America/Sao_Paulo
;Igaracy;-7,17184;-38,1478;;25;1953;83;America/Sao_Paulo
IGARAPAVA;Igarapava;-20,0407;-47,7466;;35;6503;16;America/Sao_Paulo
;Igarapé;-20,0707;-44,2994;;31;4601;31;America/Sao_Paulo
;Igarapé do Meio;-3,65771;-45,2114;;21;170;98;America/Sao_Paulo
;Igarapé Grande;-4,6625;-44,8558;;21;801;99;America/Sao_Paulo
;Igarapé-Açu;-1,12539;-47,626;;15;463;91;America/Sao_Paulo
;Igarapé-Miri;-1,97533;-48,9575;;15;465;91;America/Sao_Paulo
;Igarassu;-7,82881;-34,9013;;26;2435;81;America/Sao_Paulo
IGARATA;Igaratá;-23,2037;-46,157;;35;6505;11;America/Sao_Paulo
;Igaratinga;-19,9476;-44,7063;;31;4603;37;America/Sao_Paulo
;Igrapiúna;-13,8295;-39,1361;;29;3277;73;America/Sao_Paulo
;Igreja Nova;-10,1235;-36,6597;;27;2763;82;America/Sao_Paulo
;Igrejinha;-29,5693;-50,7919;;43;8703;51;America/Sao_Paulo
;Iguaba Grande;-22,8495;-42,2299;;33;774;22;America/Sao_Paulo
;Iguaí;-14,7528;-40,0894;;29;3571;73;America/Sao_Paulo
IGUAPE;Iguape;-24,699;-47,5537;;35;6507;13;America/Sao_Paulo
;Iguaraçu;-23,1949;-51,8256;;41;7595;44;America/Sao_Paulo
;Iguaracy;-7,83222;-37,5082;;26;2437;87;America/Sao_Paulo
;Iguatama;-20,1776;-45,7111;;31;4605;37;America/Sao_Paulo
;Iguatemi;-23,6736;-54,5637;;50;9085;67;America/Porto_Velho
;Iguatu;-6,36281;-39,2892;;23;1411;88;America/Sao_Paulo
;Iguatu;-24,7153;-53,0827;;41;5467;45;America/Sao_Paulo
;Ijaci;-21,1738;-44,9233;;31;4607;35;America/Sao_Paulo
;Ijuí;-28,388;-53,92;;43;8705;55;America/Sao_Paulo
ILHA COMPRIDA;Ilha Comprida;-24,7307;-47,5383;;35;2969;13;America/Sao_Paulo
;Ilha das Flores;-10,4425;-36,5479;;28;3153;79;America/Sao_Paulo
;Ilha de Itamaracá;-7,74766;-34,8303;;26;2451;81;America/Sao_Paulo
;Ilha Grande;-2,85774;-41,8186;;22;322;86;America/Sao_Paulo
ILHA SOLTEIRA;Ilha Solteira;-20,4326;-51,3426;;35;2943;18;America/Sao_Paulo
ILHABELA;Ilhabela;-23,7785;-45,3552;;35;6509;12;America/Sao_Paulo
;Ilhéus;-14,793;-39,046;;29;3573;73;America/Sao_Paulo
;Ilhota;-26,9023;-48,8251;;42;8139;47;America/Sao_Paulo
;Ilicínea;-20,9402;-45,8308;;31;4609;35;America/Sao_Paulo
;Ilópolis;-28,9282;-52,1258;;43;8707;51;America/Sao_Paulo
;Imaculada;-7,3889;-37,5079;;25;2035;83;America/Sao_Paulo
;Imaruí;-28,3339;-48,817;;42;8141;48;America/Sao_Paulo
;Imbaú;-24,448;-50,7533;;41;862;42;America/Sao_Paulo
;Imbé;-29,9753;-50,1281;;43;7297;51;America/Sao_Paulo
;Imbé de Minas;-19,6017;-41,9695;;31;626;33;America/Sao_Paulo
;Imbituba;-28,2284;-48,6659;;42;8143;48;America/Sao_Paulo
;Imbituva;-25,2285;-50,5989;;41;7597;42;America/Sao_Paulo
;Imbuia;-27,4908;-49,4218;;42;8145;47;America/Sao_Paulo
;Imigrante;-29,3508;-51,7748;;43;7295;51;America/Sao_Paulo
;Imperatriz;-5,51847;-47,4777;;21;803;99;America/Sao_Paulo
;Inácio Martins;-25,5704;-51,0769;;41;7599;42;America/Sao_Paulo
;Inaciolândia;-18,4869;-49,9888;;52;69;64;America/Sao_Paulo
;Inajá;-8,90206;-37,8351;;26;2439;87;America/Sao_Paulo
;Inajá;-22,7509;-52,1995;;41;7601;44;America/Sao_Paulo
;Inconfidentes;-22,3136;-46,3264;;31;4611;35;America/Sao_Paulo
;Indaiabira;-15,4911;-42,2005;;31;628;38;America/Sao_Paulo
;Indaial;-26,8992;-49,2354;;42;8147;47;America/Sao_Paulo
INDAIATUBA;Indaiatuba;-23,0816;-47,2101;;35;6511;19;America/Sao_Paulo
;Independência;-27,8354;-54,1886;;43;8709;55;America/Sao_Paulo
;Independência;-5,38789;-40,3085;;23;1413;88;America/Sao_Paulo
INDIANA;Indiana;-22,1738;-51,2555;;35;6513;18;America/Sao_Paulo
;Indianópolis;-23,4762;-52,6989;;41;7961;44;America/Sao_Paulo
;Indianópolis;-19,0341;-47,9155;;31;4613;34;America/Sao_Paulo
INDIAPORA;Indiaporã;-19,979;-50,2909;;35;6515;17;America/Sao_Paulo
;Indiara;-17,1387;-49,9862;;52;9681;64;America/Sao_Paulo
;Indiaroba;-11,5157;-37,515;;28;3155;79;America/Sao_Paulo
;Indiavaí;-15,4921;-58,5802;;51;9877;65;America/Porto_Velho
;Ingá;-7,28144;-35,605;;25;2037;83;America/Sao_Paulo
;Ingaí;-21,4024;-44,9152;;31;4615;35;America/Sao_Paulo
;Ingazeira;-7,66909;-37,4576;;26;2441;87;America/Sao_Paulo
;Inhacorá;-27,8752;-54,015;;43;6051;55;America/Sao_Paulo
;Inhambupe;-11,781;-38,355;;29;3575;75;America/Sao_Paulo
;Inhangapi;-1,4349;-47,9114;;15;467;91;America/Sao_Paulo
;Inhapi;-9,22594;-37,7509;;27;2765;82;America/Sao_Paulo
;Inhapim;-19,5476;-42,1147;;31;4617;33;America/Sao_Paulo
;Inhaúma;-19,4898;-44,3934;;31;4619;31;America/Sao_Paulo
;Inhuma;-6,665;-41,7041;;22;1093;89;America/Sao_Paulo
;Inhumas;-16,3611;-49,5001;;52;9395;62;America/Sao_Paulo
;Inimutaba;-18,7271;-44,3584;;31;4621;38;America/Sao_Paulo
;Inocência;-19,7277;-51,9281;;50;9087;67;America/Porto_Velho
INUBIA PAULISTA;Inúbia Paulista;-21,7695;-50,9633;;35;6517;18;America/Sao_Paulo
;Iomerê;-27,0019;-51,2442;;42;922;49;America/Sao_Paulo
;Ipaba;-19,4158;-42,4139;;31;2665;31;America/Sao_Paulo
;Ipameri;-17,7215;-48,1581;;52;9397;64;America/Sao_Paulo
;Ipanema;-19,7992;-41,7164;;31;4623;33;America/Sao_Paulo
;Ipanguaçu;-5,48984;-36,8501;;24;1691;84;America/Sao_Paulo
;Ipaporanga;-4,89764;-40,7537;;23;1259;88;America/Sao_Paulo
;Ipatinga;-19,4703;-42,5476;;31;4625;31;America/Sao_Paulo
;Ipaumirim;-6,78265;-38,7179;;23;1415;88;America/Sao_Paulo
IPAUSSU;Ipaussu;-23,0575;-49,6279;;35;6519;14;America/Sao_Paulo
;Ipê;-28,8171;-51,2859;;43;8399;54;America/Sao_Paulo
;Ipecaetá;-12,3028;-39,3069;;29;3577;75;America/Sao_Paulo
IPERO;Iperó;-23,3513;-47,6927;;35;6521;15;America/Sao_Paulo
IPEUNA;Ipeúna;-22,4355;-47,7151;;35;6523;19;America/Sao_Paulo
;Ipiaçu;-18,6927;-49,9436;;31;4627;34;America/Sao_Paulo
;Ipiaú;-14,1226;-39,7353;;29;3579;73;America/Sao_Paulo
IPIGUA;Ipiguá;-20,6557;-49,3842;;35;800;17;America/Sao_Paulo
;Ipirá;-12,1561;-39,7359;;29;3581;75;America/Sao_Paulo
;Ipira;-27,4038;-51,7758;;42;8149;49;America/Sao_Paulo
;Ipiranga;-25,0238;-50,5794;;41;7603;42;America/Sao_Paulo
;Ipiranga de Goiás;-15,1689;-49,6695;;52;1074;62;America/Sao_Paulo
;Ipiranga do Norte;-12,2408;-56,1531;;51;1184;65;America/Porto_Velho
;Ipiranga do Piauí;-6,82421;-41,7381;;22;1095;89;America/Sao_Paulo
;Ipiranga do Sul;-27,9404;-52,4271;;43;7399;54;America/Sao_Paulo
;Ipixuna;-7,04791;-71,6934;;13;239;97;America/Rio_Branco
;Ipixuna do Pará;-2,55992;-47,5059;;15;621;91;America/Sao_Paulo
;Ipojuca;-8,39303;-35,0609;;26;2443;81;America/Sao_Paulo
;Iporã;-24,0083;-53,706;;41;7605;44;America/Sao_Paulo
;Iporá;-16,4398;-51,118;;52;9399;64;America/Sao_Paulo
;Iporã do Oeste;-26,9854;-53,5355;;42;9951;49;America/Sao_Paulo
IPORANGA;Iporanga;-24,5847;-48,5971;;35;6525;15;America/Sao_Paulo
;Ipu;-4,31748;-40,7059;;23;1417;88;America/Sao_Paulo
IPUA;Ipuã;-20,4438;-48,0129;;35;6527;16;America/Sao_Paulo
;Ipuaçu;-26,635;-52,4556;;42;5737;49;America/Sao_Paulo
;Ipubi;-7,64505;-40,1476;;26;2445;87;America/Sao_Paulo
;Ipueira;-6,80596;-37,2045;;24;1693;84;America/Sao_Paulo
;Ipueiras;-11,2329;-48,46;;17;84;63;America/Sao_Paulo
;Ipueiras;-4,53802;-40,7118;;23;1419;88;America/Sao_Paulo
;Ipuiúna;-22,1013;-46,1915;;31;4629;35;America/Sao_Paulo
;Ipumirim;-27,0772;-52,1289;;42;8151;49;America/Sao_Paulo
;Ipupiara;-11,8219;-42,6179;;29;3583;77;America/Sao_Paulo
;Iracema;2,18305;-61,0415;;14;32;95;America/Porto_Velho
;Iracema;-5,8124;-38,2919;;23;1421;88;America/Sao_Paulo
;Iracema do Oeste;-24,4262;-53,3528;;41;5485;44;America/Sao_Paulo
IRACEMAPOLIS;Iracemápolis;-22,5832;-47,523;;35;6529;19;America/Sao_Paulo
;Iraceminha;-26,8215;-53,2767;;42;9953;49;America/Sao_Paulo
;Iraí;-27,1951;-53,2543;;43;8711;55;America/Sao_Paulo
;Iraí de Minas;-18,9819;-47,461;;31;4631;34;America/Sao_Paulo
;Irajuba;-13,2563;-40,0848;;29;3585;73;America/Sao_Paulo
;Iramaia;-13,2902;-40,9595;;29;3587;77;America/Sao_Paulo
;Iranduba;-3,27479;-60,19;;13;9835;92;America/Porto_Velho
;Irani;-27,0287;-51,9012;;42;8153;49;America/Sao_Paulo
IRAPUA;Irapuã;-21,2768;-49,4164;;35;6531;17;America/Sao_Paulo
IRAPURU;Irapuru;-21,5684;-51,3472;;35;6533;18;America/Sao_Paulo
;Iraquara;-12,2429;-41,6155;;29;3589;75;America/Sao_Paulo
;Irará;-12,0504;-38,7631;;29;3591;75;America/Sao_Paulo
;Irati;-25,4697;-50,6493;;41;7607;42;America/Sao_Paulo
;Irati;-26,6539;-52,8955;;42;5585;49;America/Sao_Paulo
;Irauçuba;-3,74737;-39,7843;;23;1423;88;America/Sao_Paulo
;Irecê;-11,3033;-41,8535;;29;3593;74;America/Sao_Paulo
;Iretama;-24,4253;-52,1012;;41;7609;44;America/Sao_Paulo
;Irineópolis;-26,242;-50,7957;;42;8155;47;America/Sao_Paulo
;Irituia;-1,76984;-47,446;;15;469;91;America/Sao_Paulo
;Irupi;-20,3501;-41,6444;;32;2931;28;America/Sao_Paulo
;Isaías Coelho;-7,73597;-41,6735;;22;1097;89;America/Sao_Paulo
;Israelândia;-16,3144;-50,9087;;52;9401;64;America/Sao_Paulo
;Itá;-27,2907;-52,3212;;42;8157;49;America/Sao_Paulo
;Itaara;-29,6013;-53,7725;;43;990;55;America/Sao_Paulo
;Itabaiana;-7,33167;-35,3317;;25;2039;83;America/Sao_Paulo
;Itabaiana;-10,6826;-37,4273;;28;3157;79;America/Sao_Paulo
;Itabaianinha;-11,2693;-37,7875;;28;3159;79;America/Sao_Paulo
;Itabela;-16,5732;-39,5593;;29;3279;73;America/Sao_Paulo
ITABERA;Itaberá;-23,8638;-49,14;;35;6535;15;America/Sao_Paulo
;Itaberaba;-12,5242;-40,3059;;29;3595;75;America/Sao_Paulo
;Itaberaí;-16,0206;-49,806;;52;9403;62;America/Sao_Paulo
;Itabi;-10,1248;-37,1056;;28;3161;79;America/Sao_Paulo
;Itabira;-19,6239;-43,2312;;31;4633;31;America/Sao_Paulo
;Itabirinha;-18,5712;-41,234;;31;4635;33;America/Sao_Paulo
;Itabirito;-20,2501;-43,8038;;31;4637;31;America/Sao_Paulo
;Itaboraí;-22,7565;-42,8639;;33;5837;21;America/Sao_Paulo
;Itabuna;-14,7876;-39,2781;;29;3597;73;America/Sao_Paulo
;Itacajá;-8,39293;-47,7726;;17;9405;63;America/Sao_Paulo
;Itacambira;-17,0625;-43,3069;;31;4639;38;America/Sao_Paulo
;Itacarambi;-15,089;-44,095;;31;4641;38;America/Sao_Paulo
;Itacaré;-14,2784;-38,9959;;29;3599;73;America/Sao_Paulo
;Itacoatiara;-3,13861;-58,4449;;13;241;92;America/Porto_Velho
;Itacuruba;-8,82231;-38,6975;;26;2447;87;America/Sao_Paulo
;Itacurubi;-28,7913;-55,2447;;43;7397;55;America/Sao_Paulo
;Itaeté;-12,9831;-40,9677;;29;3601;75;America/Sao_Paulo
;Itagi;-14,1615;-40,0131;;29;3603;73;America/Sao_Paulo
;Itagibá;-14,2782;-39,8449;;29;3605;73;America/Sao_Paulo
;Itagimirim;-16,0819;-39,6133;;29;3607;73;America/Sao_Paulo
;Itaguaçu;-19,8018;-40,8601;;32;5653;27;America/Sao_Paulo
;Itaguaçu da Bahia;-11,0147;-42,3997;;29;3281;74;America/Sao_Paulo
;Itaguaí;-22,8636;-43,7798;;33;5839;21;America/Sao_Paulo
;Itaguajé;-22,6183;-51,9674;;41;7611;44;America/Sao_Paulo
;Itaguara;-20,3947;-44,4875;;31;4643;31;America/Sao_Paulo
;Itaguari;-15,918;-49,6071;;52;9919;62;America/Sao_Paulo
;Itaguaru;-15,7565;-49,6354;;52;9407;62;America/Sao_Paulo
;Itaguatins;-5,77267;-47,4864;;17;9409;63;America/Sao_Paulo
ITAI;Itaí;-23,4213;-49,092;;35;6537;14;America/Sao_Paulo
;Itaíba;-8,94569;-37,4173;;26;2449;87;America/Sao_Paulo
;Itaiçaba;-4,67146;-37,833;;23;1425;88;America/Sao_Paulo
;Itainópolis;-7,44336;-41,4687;;22;1099;89;America/Sao_Paulo
;Itaiópolis;-26,339;-49,9092;;42;8159;47;America/Sao_Paulo
;Itaipava do Grajaú;-5,14252;-45,7877;;21;172;99;America/Sao_Paulo
;Itaipé;-17,4014;-41,6697;;31;4645;33;America/Sao_Paulo
;Itaipulândia;-25,1366;-54,3001;;41;5525;45;America/Sao_Paulo
;Itaitinga;-3,96577;-38,5298;;23;991;85;America/Sao_Paulo
;Itaituba;-4,2667;-55,9926;;15;471;93;America/Sao_Paulo
;Itajá;-5,63894;-36,8712;;24;418;84;America/Sao_Paulo
;Itajá;-19,0673;-51,5495;;52;9411;64;America/Sao_Paulo
;Itajaí;-26,9101;-48,6705;;42;8161;47;America/Sao_Paulo
ITAJOBI;Itajobi;-21,3123;-49,0629;;35;6539;17;America/Sao_Paulo
ITAJU;Itaju;-21,9857;-48,8116;;35;6541;14;America/Sao_Paulo
;Itaju do Colônia;-15,1366;-39,7283;;29;3609;73;America/Sao_Paulo
;Itajubá;-22,4225;-45,4598;;31;4647;35;America/Sao_Paulo
;Itajuípe;-14,6788;-39,3698;;29;3611;73;America/Sao_Paulo
;Italva;-21,4296;-41,7014;;33;5929;22;America/Sao_Paulo
;Itamaraju;-17,0378;-39,5386;;29;3613;73;America/Sao_Paulo
;Itamarandiba;-17,8552;-42,8561;;31;4649;38;America/Sao_Paulo
;Itamarati;-6,43852;-68,2437;;13;9837;97;America/Rio_Branco
;Itamarati de Minas;-21,4179;-42,813;;31;4651;32;America/Sao_Paulo
;Itamari;-13,7782;-39,683;;29;3615;73;America/Sao_Paulo
;Itambacuri;-18,035;-41,683;;31;4653;33;America/Sao_Paulo
;Itambaracá;-23,0181;-50,4097;;41;7613;43;America/Sao_Paulo
;Itambé;-23,6601;-51,9912;;41;7615;44;America/Sao_Paulo
;Itambé;-7,41403;-35,0963;;26;2597;81;America/Sao_Paulo
;Itambé;-15,2429;-40,63;;29;3617;77;America/Sao_Paulo
;Itambé do Mato Dentro;-19,4158;-43,3182;;31;4655;31;America/Sao_Paulo
;Itamogi;-21,0758;-47,046;;31;4657;35;America/Sao_Paulo
;Itamonte;-22,2859;-44,868;;31;4659;35;America/Sao_Paulo
;Itanagra;-12,2614;-38,0436;;29;3619;75;America/Sao_Paulo
ITANHAEM;Itanhaém;-24,1736;-46,788;;35;6543;13;America/Sao_Paulo
;Itanhandu;-22,2942;-44,9382;;31;4661;35;America/Sao_Paulo
;Itanhangá;-12,2259;-56,6463;;51;1186;66;America/Porto_Velho
;Itanhém;-17,1642;-40,3321;;29;3621;73;America/Sao_Paulo
;Itanhomi;-19,1736;-41,863;;31;4663;33;America/Sao_Paulo
;Itaobim;-16,5571;-41,5017;;31;4665;33;America/Sao_Paulo
ITAOCA;Itaóca;-24,6393;-48,8413;;35;3053;15;America/Sao_Paulo
;Itaocara;-21,6748;-42,0758;;33;5841;22;America/Sao_Paulo
;Itapaci;-14,9522;-49,5511;;52;9413;62;America/Sao_Paulo
;Itapagipe;-19,9062;-49,3781;;31;4667;34;America/Sao_Paulo
;Itapajé;-3,68314;-39,5855;;23;1427;85;America/Sao_Paulo
;Itaparica;-12,8932;-38,68;;29;3623;71;America/Sao_Paulo
;Itapé;-14,8876;-39,4239;;29;3625;73;America/Sao_Paulo
;Itapebi;-15,9551;-39,5329;;29;3627;73;America/Sao_Paulo
;Itapecerica;-20,4704;-45,127;;31;4669;37;America/Sao_Paulo
ITAPECERICA DA SERRA;Itapecerica da Serra;-23,7161;-46,8572;;35;6545;11;America/Sao_Paulo
;Itapecuru Mirim;-3,40202;-44,3508;;21;807;98;America/Sao_Paulo
;Itapejara d'Oeste;-25,9619;-52,8152;;41;7617;46;America/Sao_Paulo
;Itapema;-27,0861;-48,616;;42;8163;47;America/Sao_Paulo
;Itapemirim;-21,0095;-40,8307;;32;5655;28;America/Sao_Paulo
;Itaperuçu;-25,2193;-49,3454;;41;5451;41;America/Sao_Paulo
;Itaperuna;-21,1997;-41,8799;;33;5843;22;America/Sao_Paulo
;Itapetim;-7,37178;-37,1863;;26;2453;87;America/Sao_Paulo
;Itapetinga;-15,2475;-40,2482;;29;3629;77;America/Sao_Paulo
ITAPETININGA;Itapetininga;-23,5886;-48,0483;;35;6547;15;America/Sao_Paulo
ITAPEVA;Itapeva;-23,9788;-48,8764;;35;6549;15;America/Sao_Paulo
;Itapeva;-22,7665;-46,2241;;31;4671;35;America/Sao_Paulo
ITAPEVI;Itapevi;-23,5488;-46,9327;;35;6551;11;America/Sao_Paulo
;Itapicuru;-11,3088;-38,2262;;29;3631;75;America/Sao_Paulo
;Itapipoca;-3,49933;-39,5836;;23;1429;88;America/Sao_Paulo
ITAPIRA;Itapira;-22,4357;-46,8224;;35;6553;19;America/Sao_Paulo
;Itapiranga;-2,74081;-58,0293;;13;243;92;America/Porto_Velho
;Itapiranga;-27,1659;-53,7166;;42;8165;49;America/Sao_Paulo
;Itapirapuã;-15,8205;-50,6094;;52;9415;62;America/Sao_Paulo
ITAPIRAPUA PAULISTA;Itapirapuã Paulista;-24,572;-49,1661;;35;3055;15;America/Sao_Paulo
;Itapiratins;-8,37982;-48,1072;;17;347;63;America/Sao_Paulo
;Itapissuma;-7,76798;-34,8971;;26;2633;81;America/Sao_Paulo
;Itapitanga;-14,4139;-39,5657;;29;3633;73;America/Sao_Paulo
;Itapiúna;-4,55516;-38,9281;;23;1431;88;America/Sao_Paulo
;Itapoá;-26,1158;-48,6182;;42;9985;47;America/Sao_Paulo
ITAPOLIS;Itápolis;-21,5942;-48,8149;;35;6555;16;America/Sao_Paulo
;Itaporã;-22,08;-54,7934;;50;9089;67;America/Porto_Velho
;Itaporã do Tocantins;-8,57172;-48,6895;;17;9417;63;America/Sao_Paulo
ITAPORANGA;Itaporanga;-23,7043;-49,4819;;35;6557;15;America/Sao_Paulo
;Itaporanga;-7,30202;-38,1504;;25;2041;83;America/Sao_Paulo
;Itaporanga d'Ajuda;-10,99;-37,3078;;28;3163;79;America/Sao_Paulo
;Itapororoca;-6,82374;-35,2406;;25;2043;83;America/Sao_Paulo
;Itapuã do Oeste;-9,19687;-63,1809;;11;683;69;America/Porto_Velho
;Itapuca;-28,7768;-52,1693;;43;6027;51;America/Sao_Paulo
ITAPUI;Itapuí;-22,2324;-48,7197;;35;6559;14;America/Sao_Paulo
ITAPURA;Itapura;-20,6419;-51,5063;;35;6561;18;America/Sao_Paulo
;Itapuranga;-15,5606;-49,949;;52;9419;62;America/Sao_Paulo
ITAQUAQUECETUBA;Itaquaquecetuba;-23,4835;-46,3457;;35;6563;11;America/Sao_Paulo
;Itaquara;-13,4459;-39,9378;;29;3635;73;America/Sao_Paulo
;Itaqui;-29,1311;-56,5515;;43;8713;55;America/Sao_Paulo
;Itaquiraí;-23,4779;-54,187;;50;9807;67;America/Porto_Velho
;Itaquitinga;-7,66373;-35,1002;;26;2455;81;America/Sao_Paulo
;Itarana;-19,875;-40,8753;;32;5657;27;America/Sao_Paulo
;Itarantim;-15,6528;-40,065;;29;3637;73;America/Sao_Paulo
ITARARE;Itararé;-24,1085;-49,3352;;35;6565;15;America/Sao_Paulo
;Itarema;-2,9248;-39,9167;;23;1595;88;America/Sao_Paulo
ITARIRI;Itariri;-24,2834;-47,1736;;35;6567;13;America/Sao_Paulo
;Itarumã;-18,7646;-51,3485;;52;9421;64;America/Sao_Paulo
;Itati;-29,4974;-50,1016;;43;1144;51;America/Sao_Paulo
;Itatiaia;-22,4897;-44,5675;;33;6003;24;America/Sao_Paulo
;Itatiaiuçu;-20,1983;-44,4211;;31;4673;31;America/Sao_Paulo
ITATIBA;Itatiba;-23,0035;-46,8464;;35;6569;11;America/Sao_Paulo
;Itatiba do Sul;-27,3846;-52,4538;;43;8715;54;America/Sao_Paulo
;Itatim;-12,7099;-39,6952;;29;3283;75;America/Sao_Paulo
ITATINGA;Itatinga;-23,1047;-48,6157;;35;6571;14;America/Sao_Paulo
;Itatira;-4,52608;-39,6202;;23;1433;88;America/Sao_Paulo
;Itatuba;-7,38115;-35,638;;25;2045;83;America/Sao_Paulo
;Itaú;-5,8363;-37,9912;;24;1695;84;America/Sao_Paulo
;Itaú de Minas;-20,7375;-46,7525;;31;5731;35;America/Sao_Paulo
;Itaúba;-11,0614;-55,2766;;51;9901;66;America/Porto_Velho
;Itaubal;0,602185;-50,6996;;16;669;96;America/Sao_Paulo
;Itauçu;-16,2029;-49,6109;;52;9423;62;America/Sao_Paulo
;Itaueira;-7,59989;-43,0249;;22;1101;89;America/Sao_Paulo
;Itaúna;-20,0818;-44,5801;;31;4675;37;America/Sao_Paulo
;Itaúna do Sul;-22,7289;-52,8874;;41;7619;44;America/Sao_Paulo
;Itaverava;-20,6769;-43,6141;;31;4677;31;America/Sao_Paulo
;Itinga;-16,61;-41,7672;;31;4679;33;America/Sao_Paulo
;Itinga do Maranhão;-4,45293;-47,5235;;21;174;99;America/Sao_Paulo
;Itiquira;-17,2147;-54,1422;;51;9091;65;America/Porto_Velho
ITIRAPINA;Itirapina;-22,2562;-47,8166;;35;6573;19;America/Sao_Paulo
ITIRAPUA;Itirapuã;-20,6416;-47,2194;;35;6575;16;America/Sao_Paulo
;Itiruçu;-13,529;-40,1472;;29;3639;73;America/Sao_Paulo
;Itiúba;-10,6948;-39,8446;;29;3641;74;America/Sao_Paulo
ITOBI;Itobi;-21,7309;-46,9743;;35;6577;19;America/Sao_Paulo
;Itororó;-15,11;-40,0684;;29;3643;73;America/Sao_Paulo
ITU;Itu;-23,2544;-47,2927;;35;6579;11;America/Sao_Paulo
;Ituaçu;-13,8107;-41,3003;;29;3645;77;America/Sao_Paulo
;Ituberá;-13,7249;-39,1481;;29;3647;73;America/Sao_Paulo
;Itueta;-19,3999;-41,1746;;31;4681;33;America/Sao_Paulo
;Ituiutaba;-18,9772;-49,4639;;31;4683;34;America/Sao_Paulo
;Itumbiara;-18,4093;-49,2158;;52;9425;64;America/Sao_Paulo
;Itumirim;-21,3171;-44,8724;;31;4685;35;America/Sao_Paulo
ITUPEVA;Itupeva;-23,1526;-47,0593;;35;6581;11;America/Sao_Paulo
;Itupiranga;-5,13272;-49,3358;;15;473;94;America/Sao_Paulo
;Ituporanga;-27,4101;-49,5963;;42;8167;47;America/Sao_Paulo
;Iturama;-19,7276;-50,1966;;31;4687;34;America/Sao_Paulo
;Itutinga;-21,3;-44,6567;;31;4689;35;America/Sao_Paulo
ITUVERAVA;Ituverava;-20,3355;-47,7902;;35;6583;16;America/Sao_Paulo
;Iuiú;-14,4054;-43,5595;;29;3285;77;America/Sao_Paulo
;Iúna;-20,3531;-41,5334;;32;5659;28;America/Sao_Paulo
;Ivaí;-25,0067;-50,857;;41;7621;42;America/Sao_Paulo
;Ivaiporã;-24,2485;-51,6754;;41;7623;43;America/Sao_Paulo
;Ivaté;-23,4072;-53,3687;;41;9955;44;America/Sao_Paulo
;Ivatuba;-23,6187;-52,2203;;41;7625;44;America/Sao_Paulo
;Ivinhema;-22,3046;-53,8184;;50;9093;67;America/Porto_Velho
;Ivolândia;-16,5995;-50,7921;;52;9427;64;America/Sao_Paulo
;Ivorá;-29,5232;-53,5842;;43;7395;55;America/Sao_Paulo
;Ivoti;-29,5995;-51,1533;;43;8717;51;America/Sao_Paulo
;Jaboatão dos Guararapes;-8,11298;-35,015;;26;2457;81;America/Sao_Paulo
;Jaborá;-27,1782;-51,7279;;42;8169;49;America/Sao_Paulo
;Jaborandi;-13,6071;-44,4255;;29;9859;77;America/Sao_Paulo
JABORANDI;Jaborandi;-20,6884;-48,4112;;35;6585;17;America/Sao_Paulo
;Jaboti;-23,7435;-50,0729;;41;7627;43;America/Sao_Paulo
;Jaboticaba;-27,6347;-53,2762;;43;7393;55;America/Sao_Paulo
JABOTICABAL;Jaboticabal;-21,252;-48,3252;;35;6587;16;America/Sao_Paulo
;Jaboticatubas;-19,5119;-43,7373;;31;4691;31;America/Sao_Paulo
;Jaçanã;-6,41856;-36,2031;;24;1697;84;America/Sao_Paulo
;Jacaraci;-14,8541;-42,4329;;29;3649;77;America/Sao_Paulo
;Jacaraú;-6,61453;-35,289;;25;2047;83;America/Sao_Paulo
;Jacaré dos Homens;-9,63545;-37,2076;;27;2767;82;America/Sao_Paulo
;Jacareacanga;-6,21469;-57,7544;;15;631;93;America/Sao_Paulo
JACAREI;Jacareí;-23,2983;-45,9658;;35;6589;12;America/Sao_Paulo
;Jacarezinho;-23,1591;-49,9739;;41;7629;43;America/Sao_Paulo
JACI;Jaci;-20,8805;-49,5797;;35;6591;17;America/Sao_Paulo
;Jaciara;-15,9548;-54,9733;;51;9095;66;America/Porto_Velho
;Jacinto;-16,1428;-40,295;;31;4693;33;America/Sao_Paulo
;Jacinto Machado;-28,9961;-49,7623;;42;8171;48;America/Sao_Paulo
;Jacobina;-11,1812;-40,5117;;29;3651;74;America/Sao_Paulo
;Jacobina do Piauí;-7,93063;-41,2075;;22;2273;89;America/Sao_Paulo
;Jacuí;-21,0137;-46,7359;;31;4695;35;America/Sao_Paulo
;Jacuípe;-8,83951;-35,4591;;27;2769;82;America/Sao_Paulo
;Jacuizinho;-29,0401;-53,0657;;43;1146;55;America/Sao_Paulo
;Jacundá;-4,44617;-49,1153;;15;475;94;America/Sao_Paulo
JACUPIRANGA;Jacupiranga;-24,6963;-48,0064;;35;6593;13;America/Sao_Paulo
;Jacutinga;-27,7291;-52,5372;;43;8719;54;America/Sao_Paulo
;Jacutinga;-22,286;-46,6166;;31;4697;35;America/Sao_Paulo
;Jaguapitã;-23,1104;-51,5342;;41;7631;43;America/Sao_Paulo
;Jaguaquara;-13,5248;-39,964;;29;3653;73;America/Sao_Paulo
;Jaguaraçu;-19,647;-42,7498;;31;4699;31;America/Sao_Paulo
;Jaguarão;-32,5604;-53,377;;43;8721;53;America/Sao_Paulo
;Jaguarari;-10,2569;-40,1999;;29;3655;74;America/Sao_Paulo
;Jaguaré;-18,907;-40,0759;;32;5713;27;America/Sao_Paulo
;Jaguaretama;-5,6051;-38,7639;;23;1435;88;America/Sao_Paulo
;Jaguari;-29,4936;-54,703;;43;8723;55;America/Sao_Paulo
;Jaguariaíva;-24,2439;-49,7066;;41;7633;43;America/Sao_Paulo
;Jaguaribara;-5,67765;-38,5359;;23;1437;88;America/Sao_Paulo
;Jaguaribe;-5,90213;-38,6227;;23;1439;88;America/Sao_Paulo
;Jaguaripe;-13,1109;-38,8939;;29;3657;75;America/Sao_Paulo
JAGUARIUNA;Jaguariúna;-22,7037;-46,9851;;35;6595;19;America/Sao_Paulo
;Jaguaruana;-4,83151;-37,781;;23;1441;88;America/Sao_Paulo
;Jaguaruna;-28,6146;-49,0296;;42;8173;48;America/Sao_Paulo
;Jaíba;-15,3432;-43,6688;;31;2893;38;America/Sao_Paulo
;Jaicós;-7,36229;-41,1371;;22;1103;89;America/Sao_Paulo
JALES;Jales;-20,2672;-50,5494;;35;6597;17;America/Sao_Paulo
JAMBEIRO;Jambeiro;-23,2522;-45,6942;;35;6599;12;America/Sao_Paulo
;Jampruca;-18,461;-41,809;;31;2655;33;America/Sao_Paulo
;Janaúba;-15,8022;-43,3132;;31;4701;38;America/Sao_Paulo
;Jandaia;-17,0481;-50,1453;;52;9429;64;America/Sao_Paulo
;Jandaia do Sul;-23,6011;-51,6448;;41;7635;43;America/Sao_Paulo
;Jandaíra;-5,35211;-36,1278;;24;1699;84;America/Sao_Paulo
;Jandaíra;-11,5616;-37,7853;;29;3659;75;America/Sao_Paulo
JANDIRA;Jandira;-23,5275;-46,9023;;35;6601;11;America/Sao_Paulo
;Janduís;-6,01474;-37,4048;;24;1701;84;America/Sao_Paulo
;Jangada;-15,235;-56,4917;;51;9861;65;America/Porto_Velho
;Janiópolis;-24,1401;-52,7784;;41;7637;44;America/Sao_Paulo
;Januária;-15,4802;-44,3639;;31;4703;38;America/Sao_Paulo
;Januário Cicco (Boa Saúde);-6,16566;-35,6219;;24;1703;84;America/Sao_Paulo
;Japaraíba;-20,1442;-45,5015;;31;4705;37;America/Sao_Paulo
;Japaratinga;-9,08746;-35,2634;;27;2771;82;America/Sao_Paulo
;Japaratuba;-10,5849;-36,9418;;28;3165;79;America/Sao_Paulo
;Japeri;-22,6435;-43,6602;;33;2913;21;America/Sao_Paulo
;Japi;-6,46544;-35,9346;;24;1705;84;America/Sao_Paulo
;Japira;-23,8142;-50,1422;;41;7639;43;America/Sao_Paulo
;Japoatã;-10,3477;-36,8045;;28;3167;79;America/Sao_Paulo
;Japonvar;-15,9891;-44,2758;;31;630;38;America/Sao_Paulo
;Japorã;-23,8903;-54,4059;;50;161;67;America/Porto_Velho
;Japurá;-23,4693;-52,5557;;41;7641;44;America/Sao_Paulo
;Japurá;-1,88237;-66,9291;;13;245;97;America/Porto_Velho
;Jaqueira;-8,72618;-35,7942;;26;548;81;America/Sao_Paulo
;Jaquirana;-28,8811;-50,3637;;43;7391;54;America/Sao_Paulo
;Jaraguá;-15,7529;-49,3344;;52;9431;62;America/Sao_Paulo
;Jaraguá do Sul;-26,4851;-49,0713;;42;8175;47;America/Sao_Paulo
;Jaraguari;-20,1386;-54,3996;;50;9097;67;America/Porto_Velho
;Jaramataia;-9,66224;-37,0046;;27;2773;82;America/Sao_Paulo
;Jardim;-7,57599;-39,2826;;23;1443;88;America/Sao_Paulo
;Jardim;-21,4799;-56,1489;;50;9099;67;America/Porto_Velho
;Jardim Alegre;-24,1809;-51,6902;;41;7643;43;America/Sao_Paulo
;Jardim de Angicos;-5,64999;-35,9713;;24;1707;84;America/Sao_Paulo
;Jardim de Piranhas;-6,37665;-37,3496;;24;1709;84;America/Sao_Paulo
;Jardim do Mulato;-6,099;-42,63;;22;997;86;America/Sao_Paulo
;Jardim do Seridó;-6,58047;-36,7736;;24;1711;84;America/Sao_Paulo
;Jardim Olinda;-22,5523;-52,0503;;41;7645;44;America/Sao_Paulo
JARDINOPOLIS;Jardinópolis;-21,0176;-47,7606;;35;6603;16;America/Sao_Paulo
;Jardinópolis;-26,7191;-52,8625;;42;5587;49;America/Sao_Paulo
;Jari;-29,2922;-54,2237;;43;992;55;America/Sao_Paulo
JARINU;Jarinu;-23,1039;-46,728;;35;6605;11;America/Sao_Paulo
;Jaru;-10,4318;-62,4788;;11;15;69;America/Porto_Velho
;Jataí;-17,8784;-51,7204;;52;9433;64;America/Sao_Paulo
;Jataizinho;-23,2578;-50,9777;;41;7647;43;America/Sao_Paulo
;Jataúba;-7,97668;-36,4943;;26;2459;81;America/Sao_Paulo
;Jateí;-22,4806;-54,3079;;50;9101;67;America/Porto_Velho
;Jati;-7,6797;-39,0029;;23;1445;88;America/Sao_Paulo
;Jatobá;-5,82282;-44,2153;;21;176;99;America/Sao_Paulo
;Jatobá;-9,17476;-38,2607;;26;550;87;America/Sao_Paulo
;Jatobá do Piauí;-4,77025;-41,817;;22;324;86;America/Sao_Paulo
JAU;Jaú;-22,2936;-48,5592;;35;6607;14;America/Sao_Paulo
;Jaú do Tocantins;-12,6509;-48,589;;17;329;63;America/Sao_Paulo
;Jaupaci;-16,1773;-50,9508;;52;9435;64;America/Sao_Paulo
;Jauru;-15,3342;-58,8723;;51;8991;65;America/Porto_Velho
;Jeceaba;-20,5339;-43,9894;;31;4707;31;America/Sao_Paulo
;Jenipapo de Minas;-17,0831;-42,2589;;31;632;33;America/Sao_Paulo
;Jenipapo dos Vieiras;-5,36237;-45,6356;;21;178;99;America/Sao_Paulo
;Jequeri;-20,4542;-42,6651;;31;4709;31;America/Sao_Paulo
;Jequiá da Praia;-10,0133;-36,0142;;27;562;82;America/Sao_Paulo
;Jequié;-13,8509;-40,0877;;29;3661;73;America/Sao_Paulo
;Jequitaí;-17,229;-44,4376;;31;4711;38;America/Sao_Paulo
;Jequitibá;-19,2345;-44,0304;;31;4713;31;America/Sao_Paulo
;Jequitinhonha;-16,4375;-41,0117;;31;4715;33;America/Sao_Paulo
;Jeremoabo;-10,0685;-38,3471;;29;3663;75;America/Sao_Paulo
;Jericó;-6,54577;-37,8036;;25;2049;83;America/Sao_Paulo
JERIQUARA;Jeriquara;-20,3116;-47,5918;;35;6609;16;America/Sao_Paulo
;Jerônimo Monteiro;-20,7994;-41,3948;;32;5661;28;America/Sao_Paulo
;Jerumenha;-7,09128;-43,5033;;22;1105;89;America/Sao_Paulo
;Jesuânia;-21,9887;-45,2911;;31;4717;35;America/Sao_Paulo
;Jesuítas;-24,3839;-53,3849;;41;7997;44;America/Sao_Paulo
;Jesúpolis;-15,9484;-49,3739;;52;49;62;America/Sao_Paulo
;Ji-Paraná;-10,8777;-61,9322;;11;5;69;America/Porto_Velho
;Jijoca de Jericoacoara;-2,79331;-40,5127;;23;985;88;America/Sao_Paulo
;Jiquiriçá;-13,2621;-39,5737;;29;3665;75;America/Sao_Paulo
;Jitaúna;-14,0131;-39,8969;;29;3667;73;America/Sao_Paulo
;Joaçaba;-27,1721;-51,5108;;42;8177;49;America/Sao_Paulo
;Joaíma;-16,6522;-41,0229;;31;4719;33;America/Sao_Paulo
;Joanésia;-19,1729;-42,6775;;31;4721;33;America/Sao_Paulo
JOANOPOLIS;Joanópolis;-22,927;-46,2741;;35;6611;11;America/Sao_Paulo
;João Alfredo;-7,86565;-35,5787;;26;2461;81;America/Sao_Paulo
;João Câmara;-5,54094;-35,8122;;24;1713;84;America/Sao_Paulo
;João Costa;-8,50736;-42,4264;;22;326;89;America/Sao_Paulo
;João Dias;-6,27215;-37,7885;;24;1715;84;America/Sao_Paulo
;João Dourado;-11,3486;-41,6548;;29;3099;74;America/Sao_Paulo
;João Lisboa;-5,44363;-47,4064;;21;809;99;America/Sao_Paulo
;João Monlevade;-19,8126;-43,1735;;31;4723;31;America/Sao_Paulo
;João Neiva;-19,7577;-40,386;;32;5721;27;America/Sao_Paulo
;João Pessoa;-7,11509;-34,8641;1.0;25;2051;83;America/Sao_Paulo
;João Pinheiro;-17,7398;-46,1715;;31;4725;38;America/Sao_Paulo
JOAO RAMALHO;João Ramalho;-22,2473;-50,7694;;35;6613;18;America/Sao_Paulo
;Joaquim Felício;-17,758;-44,1643;;31;4727;38;America/Sao_Paulo
;Joaquim Gomes;-9,1328;-35,7474;;27;2775;82;America/Sao_Paulo
;Joaquim Nabuco;-8,62281;-35,5288;;26;2463;81;America/Sao_Paulo
;Joaquim Pires;-3,50164;-42,1865;;22;1107;86;America/Sao_Paulo
;Joaquim Távora;-23,4987;-49,909;;41;7649;43;America/Sao_Paulo
;Joca Claudino;-6,48362;-38,4764;;25;514;83;America/Sao_Paulo
;Joca Marques;-3,4804;-42,4255;;22;328;86;America/Sao_Paulo
;Jóia;-28,6435;-54,1141;;43;9829;55;America/Sao_Paulo
;Joinville;-26,3045;-48,8487;;42;8179;47;America/Sao_Paulo
;Jordânia;-15,9009;-40,1841;;31;4729;33;America/Sao_Paulo
;Jordão;-9,1908;-71,9503;;12;653;68;America/Rio_Branco
;José Boiteux;-26,9566;-49,6286;;42;9957;47;America/Sao_Paulo
JOSE BONIFACIO;José Bonifácio;-21,0551;-49,6892;;35;6615;17;America/Sao_Paulo
;José da Penha;-6,31095;-38,2823;;24;1717;84;America/Sao_Paulo
;José de Freitas;-4,75146;-42,5746;;22;1109;86;America/Sao_Paulo
;José Gonçalves de Minas;-16,9053;-42,6014;;31;634;33;America/Sao_Paulo
;José Raydan;-18,2195;-42,4946;;31;636;33;America/Sao_Paulo
;Joselândia;-4,98611;-44,6958;;21;811;99;America/Sao_Paulo
;Josenópolis;-16,5417;-42,5151;;31;638;38;America/Sao_Paulo
;Joviânia;-17,802;-49,6197;;52;9437;64;America/Sao_Paulo
;Juara;-11,2639;-57,5244;;51;9819;66;America/Porto_Velho
;Juarez Távora;-7,1713;-35,5686;;25;2053;83;America/Sao_Paulo
;Juarina;-8,11951;-49,0643;;17;349;63;America/Sao_Paulo
;Juatuba;-19,9448;-44,3451;;31;2691;31;America/Sao_Paulo
;Juazeirinho;-7,06092;-36,5793;;25;2055;83;America/Sao_Paulo
;Juazeiro;-9,41622;-40,5033;;29;3669;74;America/Sao_Paulo
;Juazeiro do Norte;-7,19621;-39,3076;;23;1447;88;America/Sao_Paulo
;Juazeiro do Piauí;-5,17459;-41,6976;;22;330;86;America/Sao_Paulo
;Jucás;-6,51523;-39,5187;;23;1449;88;America/Sao_Paulo
;Jucati;-8,70195;-36,4871;;26;2295;87;America/Sao_Paulo
;Jucuruçu;-16,8488;-40,1641;;29;3287;73;America/Sao_Paulo
;Jucurutu;-6,0306;-37,009;;24;1719;84;America/Sao_Paulo
;Juína;-11,3728;-58,7483;;51;9831;66;America/Porto_Velho
;Juiz de Fora;-21,7595;-43,3398;;31;4733;32;America/Sao_Paulo
;Júlio Borges;-10,3225;-44,2381;;22;332;89;America/Sao_Paulo
;Júlio de Castilhos;-29,2299;-53,6772;;43;8725;55;America/Sao_Paulo
JULIO MESQUITA;Júlio Mesquita;-22,0112;-49,7873;;35;6617;14;America/Sao_Paulo
JUMIRIM;Jumirim;-23,0884;-47,7868;;35;802;15;America/Sao_Paulo
;Junco do Maranhão;-1,83888;-46,09;;21;180;98;America/Sao_Paulo
;Junco do Seridó;-6,99269;-36,7166;;25;2057;83;America/Sao_Paulo
;Jundiá;-6,26866;-35,3495;;24;1108;84;America/Sao_Paulo
;Jundiá;-8,93297;-35,5669;;27;2777;82;America/Sao_Paulo
JUNDIAI;Jundiaí;-23,1852;-46,8974;;35;6619;11;America/Sao_Paulo
;Jundiaí do Sul;-23,4357;-50,2496;;41;7651;43;America/Sao_Paulo
;Junqueiro;-9,90696;-36,4803;;27;2779;82;America/Sao_Paulo
JUNQUEIROPOLIS;Junqueirópolis;-21,5103;-51,4342;;35;6621;18;America/Sao_Paulo
;Jupi;-8,70904;-36,4126;;26;2465;87;America/Sao_Paulo
;Jupiá;-26,395;-52,7298;;42;924;49;America/Sao_Paulo
JUQUIA;Juquiá;-24,3101;-47,6426;;35;6623;13;America/Sao_Paulo
JUQUITIBA;Juquitiba;-23,9244;-47,0653;;35;6625;11;America/Sao_Paulo
;Juramento;-16,8473;-43,5865;;31;4735;38;America/Sao_Paulo
;Juranda;-24,4209;-52,8413;;41;8463;44;America/Sao_Paulo
;Jurema;-8,70714;-36,1347;;26;2467;87;America/Sao_Paulo
;Jurema;-9,21992;-43,1337;;22;334;89;America/Sao_Paulo
;Juripiranga;-7,36176;-35,2321;;25;2059;83;America/Sao_Paulo
;Juru;-7,52983;-37,815;;25;2061;83;America/Sao_Paulo
;Juruá;-3,48438;-66,0718;;13;247;97;America/Porto_Velho
;Juruaia;-21,2493;-46,5735;;31;4737;35;America/Sao_Paulo
;Juruena;-10,3178;-58,3592;;51;9921;66;America/Porto_Velho
;Juruti;-2,16347;-56,0889;;15;477;93;America/Sao_Paulo
;Juscimeira;-16,0633;-54,8859;;51;9189;66;America/Porto_Velho
;Jussara;-11,0431;-41,9702;;29;3671;74;America/Sao_Paulo
;Jussara;-15,8659;-50,8668;;52;9439;62;America/Sao_Paulo
;Jussara;-23,6219;-52,4693;;41;7653;44;America/Sao_Paulo
;Jussari;-15,192;-39,491;;29;3069;73;America/Sao_Paulo
;Jussiape;-13,5155;-41,5882;;29;3673;77;America/Sao_Paulo
;Jutaí;-2,75814;-66,7595;;13;249;97;America/Rio_Branco
;Juti;-22,8596;-54,6061;;50;9923;67;America/Porto_Velho
;Juvenília;-14,2662;-44,1597;;31;640;38;America/Sao_Paulo
;Kaloré;-23,8188;-51,6687;;41;7655;43;America/Sao_Paulo
;Lábrea;-7,26413;-64,7948;;13;251;97;America/Rio_Branco
;Lacerdópolis;-27,2579;-51,5577;;42;8181;49;America/Sao_Paulo
;Ladainha;-17,6279;-41,7488;;31;4739;33;America/Sao_Paulo
;Ladário;-19,0089;-57,5973;;50;9103;67;America/Porto_Velho
;Lafaiete Coutinho;-13,6541;-40,2119;;29;3675;73;America/Sao_Paulo
;Lagamar;-18,1759;-46,8063;;31;4741;34;America/Sao_Paulo
;Lagarto;-10,9136;-37,6689;;28;3169;79;America/Sao_Paulo
;Lages;-27,815;-50,3259;;42;8183;49;America/Sao_Paulo
;Lago da Pedra;-4,56974;-45,1319;;21;813;99;America/Sao_Paulo
;Lago do Junco;-4,609;-45,049;;21;815;99;America/Sao_Paulo
;Lago dos Rodrigues;-4,61173;-44,9798;;21;184;99;America/Sao_Paulo
;Lago Verde;-3,94661;-44,826;;21;817;99;America/Sao_Paulo
;Lagoa;-6,58572;-37,9127;;25;2063;83;America/Sao_Paulo
;Lagoa Alegre;-4,51539;-42,6309;;22;999;86;America/Sao_Paulo
;Lagoa Bonita do Sul;-29,4939;-53,017;;43;1148;51;America/Sao_Paulo
;Lagoa d'Anta;-6,39493;-35,5949;;24;1723;84;America/Sao_Paulo
;Lagoa da Canoa;-9,83291;-36,7413;;27;2781;82;America/Sao_Paulo
;Lagoa da Confusão;-10,7906;-49,6199;;17;367;63;America/Sao_Paulo
;Lagoa da Prata;-20,0237;-45,5401;;31;4743;37;America/Sao_Paulo
;Lagoa de Dentro;-6,67213;-35,3706;;25;2065;83;America/Sao_Paulo
;Lagoa de Itaenga;-7,93005;-35,2874;;26;2469;81;America/Sao_Paulo
;Lagoa de Pedras;-6,15082;-35,4299;;24;1725;84;America/Sao_Paulo
;Lagoa de São Francisco;-4,38505;-41,5969;;22;338;86;America/Sao_Paulo
;Lagoa de Velhos;-6,0119;-35,8729;;24;1727;84;America/Sao_Paulo
;Lagoa do Barro do Piauí;-8,47673;-41,5342;;22;2259;89;America/Sao_Paulo
;Lagoa do Carro;-7,84383;-35,3108;;26;2289;81;America/Sao_Paulo
;Lagoa do Mato;-6,05023;-43,5333;;21;182;99;America/Sao_Paulo
;Lagoa do Ouro;-9,12567;-36,4584;;26;2471;87;America/Sao_Paulo
;Lagoa do Piauí;-5,41864;-42,6437;;22;340;86;America/Sao_Paulo
;Lagoa do Sítio;-6,50766;-41,5653;;22;342;89;America/Sao_Paulo
;Lagoa do Tocantins;-10,368;-47,538;;17;353;63;America/Sao_Paulo
;Lagoa dos Gatos;-8,6602;-35,904;;26;2473;81;America/Sao_Paulo
;Lagoa dos Patos;-16,978;-44,5754;;31;4745;38;America/Sao_Paulo
;Lagoa dos Três Cantos;-28,5676;-52,8618;;43;5951;54;America/Sao_Paulo
;Lagoa Dourada;-20,9139;-44,0797;;31;4747;32;America/Sao_Paulo
;Lagoa Formosa;-18,7715;-46,4012;;31;4749;34;America/Sao_Paulo
;Lagoa Grande;-17,8323;-46,5165;;31;2905;34;America/Sao_Paulo
;Lagoa Grande;-8,99452;-40,2767;;26;552;87;America/Sao_Paulo
;Lagoa Grande do Maranhão;-4,98893;-45,3816;;21;186;99;America/Sao_Paulo
;Lagoa Nova;-6,09339;-36,4703;;24;1729;84;America/Sao_Paulo
;Lagoa Real;-14,0334;-42,1328;;29;3289;77;America/Sao_Paulo
;Lagoa Salgada;-6,12295;-35,4724;;24;1731;84;America/Sao_Paulo
;Lagoa Santa;-19,1832;-51,3998;;52;1076;64;America/Sao_Paulo
;Lagoa Santa;-19,6397;-43,8932;;31;4751;31;America/Sao_Paulo
;Lagoa Seca;-7,15535;-35,8491;;25;2067;83;America/Sao_Paulo
;Lagoa Vermelha;-28,2093;-51,5248;;43;8727;54;America/Sao_Paulo
;Lagoão;-29,2348;-52,7997;;43;7389;51;America/Sao_Paulo
LAGOINHA;Lagoinha;-23,0846;-45,1944;;35;6627;12;America/Sao_Paulo
;Lagoinha do Piauí;-5,83074;-42,6223;;22;336;86;America/Sao_Paulo
;Laguna;-28,4843;-48,7772;;42;8185;48;America/Sao_Paulo
;Laguna Carapã;-22,5448;-55,1502;;50;163;67;America/Porto_Velho
;Laje;-13,1673;-39,4213;;29;3677;75;America/Sao_Paulo
;Laje do Muriaé;-21,2091;-42,1271;;33;5845;22;America/Sao_Paulo
;Lajeado;-9,74996;-48,3565;;17;351;63;America/Sao_Paulo
;Lajeado;-29,4591;-51,9644;;43;8729;51;America/Sao_Paulo
;Lajeado do Bugre;-27,6913;-53,1818;;43;5983;55;America/Sao_Paulo
;Lajeado Grande;-26,8576;-52,5648;;42;5739;49;America/Sao_Paulo
;Lajeado Novo;-6,18539;-47,0293;;21;188;99;America/Sao_Paulo
;Lajedão;-17,6056;-40,3383;;29;3679;73;America/Sao_Paulo
;Lajedinho;-12,3529;-40,9048;;29;3681;75;America/Sao_Paulo
;Lajedo;-8,65791;-36,3293;;26;2475;87;America/Sao_Paulo
;Lajedo do Tabocal;-13,4663;-40,2204;;29;3291;73;America/Sao_Paulo
;Lajes;-5,69322;-36,247;;24;1733;84;America/Sao_Paulo
;Lajes Pintadas;-6,14943;-36,1171;;24;1735;84;America/Sao_Paulo
;Lajinha;-20,1539;-41,6228;;31;4753;33;America/Sao_Paulo
;Lamarão;-11,773;-38,887;;29;3683;75;America/Sao_Paulo
;Lambari;-21,9671;-45,3498;;31;4755;35;America/Sao_Paulo
;Lambari D'Oeste;-15,3188;-58,0046;;51;137;65;America/Porto_Velho
;Lamim;-20,79;-43,4706;;31;4757;31;America/Sao_Paulo
;Landri Sales;-7,25922;-43,9364;;22;1111;89;America/Sao_Paulo
;Lapa;-25,7671;-49,7168;;41;7657;41;America/Sao_Paulo
;Lapão;-11,3851;-41,8286;;29;3973;74;America/Sao_Paulo
;Laranja da Terra;-19,8994;-41,0621;;32;5723;27;America/Sao_Paulo
;Laranjal;-21,3715;-42,4732;;31;4759;32;America/Sao_Paulo
;Laranjal;-24,8862;-52,47;;41;5501;42;America/Sao_Paulo
;Laranjal do Jari;-0,804911;-52,453;;16;613;96;America/Sao_Paulo
LARANJAL PAULISTA;Laranjal Paulista;-23,0506;-47,8375;;35;6629;15;America/Sao_Paulo
;Laranjeiras;-10,7981;-37,1731;;28;3171;79;America/Sao_Paulo
;Laranjeiras do Sul;-25,4077;-52,4109;;41;7659;42;America/Sao_Paulo
;Lassance;-17,887;-44,5735;;31;4761;38;America/Sao_Paulo
;Lastro;-6,50603;-38,1742;;25;2069;83;America/Sao_Paulo
;Laurentino;-27,2173;-49,7331;;42;8187;47;America/Sao_Paulo
;Lauro de Freitas;-12,8978;-38,321;;29;3685;71;America/Sao_Paulo
;Lauro Muller;-28,3859;-49,4035;;42;8189;48;America/Sao_Paulo
;Lavandeira;-12,7847;-46,5099;;17;86;63;America/Sao_Paulo
LAVINIA;Lavínia;-21,1639;-51,0412;;35;6631;18;America/Sao_Paulo
;Lavras;-21,248;-45,0009;;31;4763;35;America/Sao_Paulo
;Lavras da Mangabeira;-6,7448;-38,9706;;23;1451;88;America/Sao_Paulo
;Lavras do Sul;-30,8071;-53,8931;;43;8731;55;America/Sao_Paulo
LAVRINHAS;Lavrinhas;-22,57;-44,9024;;35;6633;12;America/Sao_Paulo
;Leandro Ferreira;-19,7193;-45,0279;;31;4765;37;America/Sao_Paulo
;Lebon Régis;-26,928;-50,6921;;42;8191;49;America/Sao_Paulo
LEME;Leme;-22,1809;-47,3841;;35;6635;19;America/Sao_Paulo
;Leme do Prado;-17,0793;-42,6936;;31;642;33;America/Sao_Paulo
;Lençóis;-12,5616;-41,3928;;29;3687;75;America/Sao_Paulo
LENCOIS PAULISTA;Lençóis Paulista;-22,6027;-48,8037;;35;6637;14;America/Sao_Paulo
;Leoberto Leal;-27,5081;-49,2789;;42;8193;48;America/Sao_Paulo
;Leopoldina;-21,5296;-42,6421;;31;4767;32;America/Sao_Paulo
;Leopoldo de Bulhões;-16,619;-48,7428;;52;9443;62;America/Sao_Paulo
;Leópolis;-23,0818;-50,7511;;41;7661;43;America/Sao_Paulo
;Liberato Salzano;-27,601;-53,0753;;43;8733;55;America/Sao_Paulo
;Liberdade;-22,0275;-44,3208;;31;4769;32;America/Sao_Paulo
;Licínio de Almeida;-14,6842;-42,5095;;29;3689;77;America/Sao_Paulo
;Lidianópolis;-24,11;-51,6506;;41;5507;43;America/Sao_Paulo
;Lima Campos;-4,51837;-44,4646;;21;819;99;America/Sao_Paulo
;Lima Duarte;-21,8386;-43,7934;;31;4771;32;America/Sao_Paulo
LIMEIRA;Limeira;-22,566;-47,397;;35;6639;19;America/Sao_Paulo
;Limeira do Oeste;-19,5512;-50,5815;;31;2687;34;America/Sao_Paulo
;Limoeiro;-7,8726;-35,4402;;26;2477;81;America/Sao_Paulo
;Limoeiro de Anadia;-9,74098;-36,5121;;27;2783;82;America/Sao_Paulo
;Limoeiro do Ajuru;-1,8985;-49,3903;;15;479;91;America/Sao_Paulo
;Limoeiro do Norte;-5,14392;-38,0847;;23;1453;88;America/Sao_Paulo
;Lindoeste;-25,2596;-53,5733;;41;9959;45;America/Sao_Paulo
LINDOIA;Lindóia;-22,5226;-46,65;;35;6641;19;America/Sao_Paulo
;Lindóia do Sul;-27,0545;-52,069;;42;9961;49;America/Sao_Paulo
;Lindolfo Collor;-29,5859;-51,2141;;43;6017;51;America/Sao_Paulo
;Linha Nova;-29,4679;-51,2003;;43;6047;51;America/Sao_Paulo
;Linhares;-19,3946;-40,0643;;32;5663;27;America/Sao_Paulo
LINS;Lins;-21,6718;-49,7526;;35;6643;14;America/Sao_Paulo
;Livramento;-7,37113;-36,9491;;25;2071;83;America/Sao_Paulo
;Livramento de Nossa Senhora;-13,6369;-41,8432;;29;3691;77;America/Sao_Paulo
;Lizarda;-9,59002;-46,6738;;17;9569;63;America/Sao_Paulo
;Loanda;-22,9232;-53,1362;;41;7663;44;America/Sao_Paulo
;Lobato;-23,0058;-51,9524;;41;7665;44;America/Sao_Paulo
;Logradouro;-6,61191;-35,4384;;25;482;83;America/Sao_Paulo
;Londrina;-23,304;-51,1691;;41;7667;43;America/Sao_Paulo
;Lontra;-15,9013;-44,306;;31;2695;38;America/Sao_Paulo
;Lontras;-27,1684;-49,535;;42;8195;47;America/Sao_Paulo
LORENA;Lorena;-22,7334;-45,1197;;35;6645;12;America/Sao_Paulo
;Loreto;-7,08111;-45,1451;;21;821;99;America/Sao_Paulo
LOURDES;Lourdes;-20,966;-50,2263;;35;2937;18;America/Sao_Paulo
LOUVEIRA;Louveira;-23,0856;-46,9484;;35;6647;19;America/Sao_Paulo
;Lucas do Rio Verde;-13,0588;-55,9042;;51;9925;65;America/Porto_Velho
LUCELIA;Lucélia;-21,7182;-51,0215;;35;6649;18;America/Sao_Paulo
;Lucena;-6,90258;-34,8748;;25;2073;83;America/Sao_Paulo
LUCIANOPOLIS;Lucianópolis;-22,4294;-49,522;;35;6651;14;America/Sao_Paulo
;Luciara;-11,2219;-50,6676;;51;9105;66;America/Porto_Velho
;Lucrécia;-6,10525;-37,8134;;24;1737;84;America/Sao_Paulo
LUIS ANTONIO;Luís Antônio;-21,55;-47,7801;;35;6653;16;America/Sao_Paulo
;Luís Correia;-2,88438;-41,6641;;22;1113;86;America/Sao_Paulo
;Luís Domingues;-1,27492;-45,867;;21;823;98;America/Sao_Paulo
;Luís Eduardo Magalhães;-12,0956;-45,7866;;29;1112;77;America/Sao_Paulo
;Luís Gomes;-6,40588;-38,3899;;24;1739;84;America/Sao_Paulo
;Luisburgo;-20,4468;-42,0976;;31;644;33;America/Sao_Paulo
;Luislândia;-16,1095;-44,5886;;31;646;38;America/Sao_Paulo
;Luiz Alves;-26,7151;-48,9322;;42;8197;47;America/Sao_Paulo
;Luiziana;-24,2853;-52,269;;41;8481;44;America/Sao_Paulo
LUIZIANIA;Luiziânia;-21,6737;-50,3294;;35;6655;18;America/Sao_Paulo
;Luminárias;-21,5145;-44,9034;;31;4773;35;America/Sao_Paulo
;Lunardelli;-24,0821;-51,7368;;41;8459;43;America/Sao_Paulo
LUPERCIO;Lupércio;-22,4146;-49,818;;35;6657;14;America/Sao_Paulo
;Lupionópolis;-22,755;-51,6601;;41;7669;43;America/Sao_Paulo
LUTECIA;Lutécia;-22,3384;-50,394;;35;6659;18;America/Sao_Paulo
;Luz;-19,7911;-45,6794;;31;4775;37;America/Sao_Paulo
;Luzerna;-27,1304;-51,4682;;42;926;49;America/Sao_Paulo
;Luziânia;-16,253;-47,95;;52;9445;61;America/Sao_Paulo
;Luzilândia;-3,4683;-42,3718;;22;1115;86;America/Sao_Paulo
;Luzinópolis;-6,17794;-47,8582;;17;88;63;America/Sao_Paulo
;Macaé;-22,3768;-41,7848;;33;5847;22;America/Sao_Paulo
;Macaíba;-5,85229;-35,3552;;24;1741;84;America/Sao_Paulo
;Macajuba;-12,1326;-40,3571;;29;3693;74;America/Sao_Paulo
;Maçambará;-29,1445;-56,0674;;43;994;55;America/Sao_Paulo
;Macambira;-10,6619;-37,5413;;28;3173;79;America/Sao_Paulo
;Macapá;0,034934;-51,0694;1.0;16;605;96;America/Sao_Paulo
;Macaparana;-7,55564;-35,4425;;26;2479;81;America/Sao_Paulo
;Macarani;-15,5646;-40,4209;;29;3695;77;America/Sao_Paulo
MACATUBA;Macatuba;-22,5002;-48,7102;;35;6661;14;America/Sao_Paulo
;Macau;-5,10795;-36,6318;;24;1743;84;America/Sao_Paulo
MACAUBAL;Macaubal;-20,8022;-49,9687;;35;6663;17;America/Sao_Paulo
;Macaúbas;-13,0186;-42,6945;;29;3697;77;America/Sao_Paulo
MACEDONIA;Macedônia;-20,1444;-50,1973;;35;6665;17;America/Sao_Paulo
;Maceió;-9,66599;-35,735;1.0;27;2785;82;America/Sao_Paulo
;Machacalis;-17,0723;-40,7245;;31;4777;33;America/Sao_Paulo
;Machadinho;-27,5667;-51,6668;;43;8735;54;America/Sao_Paulo
;Machadinho D'Oeste;-9,44363;-61,9818;;11;39;69;America/Porto_Velho
;Machado;-21,6778;-45,9219;;31;4779;35;America/Sao_Paulo
;Machados;-7,68827;-35,5114;;26;2481;81;America/Sao_Paulo
;Macieira;-26,8552;-51,3705;;42;5575;49;America/Sao_Paulo
;Macuco;-21,9813;-42,2533;;33;776;22;America/Sao_Paulo
;Macururé;-9,16226;-39,0518;;29;3699;75;America/Sao_Paulo
;Madalena;-4,84601;-39,5725;;23;1261;88;America/Sao_Paulo
;Madeiro;-3,48624;-42,4981;;22;344;86;America/Sao_Paulo
;Madre de Deus;-12,7446;-38,6153;;29;3293;71;America/Sao_Paulo
;Madre de Deus de Minas;-21,483;-44,3287;;31;4781;32;America/Sao_Paulo
;Mãe d'Água;-7,25201;-37,4322;;25;2075;83;America/Sao_Paulo
;Mãe do Rio;-2,05683;-47,5601;;15;587;91;America/Sao_Paulo
;Maetinga;-14,6623;-41,4915;;29;3975;77;America/Sao_Paulo
;Mafra;-26,1159;-49,8086;;42;8199;47;America/Sao_Paulo
;Magalhães Barata;-0,803391;-47,6014;;15;481;91;America/Sao_Paulo
;Magalhães de Almeida;-3,39232;-42,2117;;21;825;98;America/Sao_Paulo
MAGDA;Magda;-20,6445;-50,2305;;35;6667;17;America/Sao_Paulo
;Magé;-22,6632;-43,0315;;33;5849;21;America/Sao_Paulo
;Maiquinique;-15,624;-40,2587;;29;3701;77;America/Sao_Paulo
;Mairi;-11,7107;-40,1437;;29;3703;74;America/Sao_Paulo
MAIRINQUE;Mairinque;-23,5398;-47,185;;35;6669;11;America/Sao_Paulo
MAIRIPORA;Mairiporã;-23,3171;-46,5897;;35;6671;11;America/Sao_Paulo
;Mairipotaba;-17,2975;-49,4898;;52;9447;64;America/Sao_Paulo
;Major Gercino;-27,4192;-48,9488;;42;8201;48;America/Sao_Paulo
;Major Isidoro;-9,53009;-36,992;;27;2787;82;America/Sao_Paulo
;Major Sales;-6,39949;-38,324;;24;420;84;America/Sao_Paulo
;Major Vieira;-26,3709;-50,3266;;42;8203;47;America/Sao_Paulo
;Malacacheta;-17,8456;-42,0769;;31;4783;33;America/Sao_Paulo
;Malhada;-14,3371;-43,7686;;29;3705;77;America/Sao_Paulo
;Malhada de Pedras;-14,3847;-41,8842;;29;3707;77;America/Sao_Paulo
;Malhada dos Bois;-10,3418;-36,9252;;28;3175;79;America/Sao_Paulo
;Malhador;-10,6649;-37,3004;;28;3177;79;America/Sao_Paulo
;Mallet;-25,8806;-50,8173;;41;7671;42;America/Sao_Paulo
;Malta;-6,89719;-37,5221;;25;2077;83;America/Sao_Paulo
;Mamanguape;-6,8337;-35,1213;;25;2079;83;America/Sao_Paulo
;Mambaí;-14,4823;-46,1165;;52;9449;62;America/Sao_Paulo
;Mamborê;-24,317;-52,5271;;41;7673;44;America/Sao_Paulo
;Mamonas;-15,0479;-42,9469;;31;2895;38;America/Sao_Paulo
;Mampituba;-29,2136;-49,9311;;43;996;51;America/Sao_Paulo
;Manacapuru;-3,29066;-60,6216;;13;253;92;America/Porto_Velho
;Manaíra;-7,70331;-38,1523;;25;2081;83;America/Sao_Paulo
;Manaquiri;-3,44078;-60,4612;;13;9839;92;America/Porto_Velho
;Manari;-8,9649;-37,6313;;26;554;87;America/Sao_Paulo
;Manaus;-3,11866;-60,0212;1.0;13;255;92;America/Porto_Velho
;Mâncio Lima;-7,61657;-72,8997;;12;109;68;America/Rio_Branco
;Mandaguaçu;-23,3458;-52,0944;;41;7675;44;America/Sao_Paulo
;Mandaguari;-23,5446;-51,671;;41;7677;44;America/Sao_Paulo
;Mandirituba;-25,777;-49,3282;;41;7679;41;America/Sao_Paulo
MANDURI;Manduri;-23,0056;-49,3202;;35;6673;14;America/Sao_Paulo
;Manfrinópolis;-26,1441;-53,3113;;41;864;46;America/Sao_Paulo
;Manga;-14,7529;-43,9391;;31;4785;38;America/Sao_Paulo
;Mangaratiba;-22,9594;-44,0409;;33;5851;21;America/Sao_Paulo
;Mangueirinha;-25,9421;-52,1743;;41;7511;46;America/Sao_Paulo
;Manhuaçu;-20,2572;-42,028;;31;4787;33;America/Sao_Paulo
;Manhumirim;-20,3591;-41,9589;;31;4789;33;America/Sao_Paulo
;Manicoré;-5,80462;-61,2895;;13;257;97;America/Porto_Velho
;Manoel Emídio;-8,01234;-43,8755;;22;1117;89;America/Sao_Paulo
;Manoel Ribas;-24,5144;-51,6658;;41;7681;43;America/Sao_Paulo
;Manoel Urbano;-8,83291;-69,2679;;12;155;68;America/Rio_Branco
;Manoel Viana;-29,5859;-55,4841;;43;6079;55;America/Sao_Paulo
;Manoel Vitorino;-14,1476;-40,2399;;29;3709;73;America/Sao_Paulo
;Mansidão;-10,7227;-44,0428;;29;3977;77;America/Sao_Paulo
;Mantena;-18,7761;-40,9874;;31;4791;33;America/Sao_Paulo
;Mantenópolis;-18,8594;-41,124;;32;5665;27;America/Sao_Paulo
;Maquiné;-29,6798;-50,2079;;43;5783;51;America/Sao_Paulo
;Mar de Espanha;-21,8707;-43,0062;;31;4795;32;America/Sao_Paulo
;Mar Vermelho;-9,44739;-36,3881;;27;2797;82;America/Sao_Paulo
;Mara Rosa;-14,0148;-49,1777;;52;9451;62;America/Sao_Paulo
;Maraã;-1,85313;-65,573;;13;259;97;America/Porto_Velho
;Marabá;-5,38075;-49,1327;;15;483;94;America/Sao_Paulo
MARABA PAULISTA;Marabá Paulista;-22,1068;-51,9617;;35;6675;18;America/Sao_Paulo
;Maracaçumé;-2,04918;-45,9587;;21;190;98;America/Sao_Paulo
MARACAI;Maracaí;-22,6149;-50,6713;;35;6677;18;America/Sao_Paulo
;Maracajá;-28,8463;-49,4605;;42;8391;48;America/Sao_Paulo
;Maracaju;-21,6105;-55,1678;;50;9107;67;America/Porto_Velho
;Maracanã;-0,778899;-47,452;;15;485;91;America/Sao_Paulo
;Maracanaú;-3,86699;-38,6259;;23;1585;85;America/Sao_Paulo
;Maracás;-13,4355;-40,4323;;29;3711;73;America/Sao_Paulo
;Maragogi;-9,00744;-35,2267;;27;2789;82;America/Sao_Paulo
;Maragogipe;-12,776;-38,9175;;29;3713;75;America/Sao_Paulo
;Maraial;-8,79062;-35,8266;;26;2483;81;America/Sao_Paulo
;Marajá do Sena;-4,62806;-45,4531;;21;192;98;America/Sao_Paulo
;Maranguape;-3,89143;-38,6829;;23;1455;85;America/Sao_Paulo
;Maranhãozinho;-2,24078;-45,8507;;21;194;98;America/Sao_Paulo
;Marapanim;-0,714702;-47,7034;;15;487;91;America/Sao_Paulo
MARAPOAMA;Marapoama;-21,2587;-49,13;;35;2977;17;America/Sao_Paulo
;Maratá;-29,5457;-51,5573;;43;6039;51;America/Sao_Paulo
;Marataízes;-21,0398;-40,8384;;32;760;28;America/Sao_Paulo
;Marau;-28,4498;-52,1986;;43;8737;54;America/Sao_Paulo
;Maraú;-14,1035;-39,0137;;29;3715;73;America/Sao_Paulo
;Maravilha;-9,23045;-37,3524;;27;2791;82;America/Sao_Paulo
;Maravilha;-26,7665;-53,1737;;42;8205;49;America/Sao_Paulo
;Maravilhas;-19,5076;-44,6779;;31;4793;37;America/Sao_Paulo
;Marcação;-6,76535;-35,0087;;25;484;83;America/Sao_Paulo
;Marcelândia;-11,0463;-54,4377;;51;9899;66;America/Porto_Velho
;Marcelino Ramos;-27,4676;-51,9095;;43;8739;54;America/Sao_Paulo
;Marcelino Vieira;-6,2846;-38,1642;;24;1745;84;America/Sao_Paulo
;Marcionílio Souza;-13,0064;-40,5295;;29;3717;75;America/Sao_Paulo
;Marco;-3,1285;-40,1582;;23;1457;88;America/Sao_Paulo
;Marcolândia;-7,44169;-40,6602;;22;2275;89;America/Sao_Paulo
;Marcos Parente;-7,11565;-43,8926;;22;1119;89;America/Sao_Paulo
;Marechal Cândido Rondon;-24,557;-54,0571;;41;7683;45;America/Sao_Paulo
;Marechal Deodoro;-9,70971;-35,8967;;27;2793;82;America/Sao_Paulo
;Marechal Floriano;-20,4159;-40,67;;32;2929;27;America/Sao_Paulo
;Marechal Thaumaturgo;-8,93898;-72,7997;;12;655;68;America/Rio_Branco
;Marema;-26,8024;-52,6264;;42;9963;49;America/Sao_Paulo
;Mari;-7,05942;-35,318;;25;2083;83;America/Sao_Paulo
;Maria da Fé;-22,3044;-45,3773;;31;4797;35;America/Sao_Paulo
;Maria Helena;-23,6158;-53,2053;;41;7685;44;America/Sao_Paulo
;Marialva;-23,4843;-51,7928;;41;7687;44;America/Sao_Paulo
;Mariana;-20,3765;-43,414;;31;4799;31;America/Sao_Paulo
;Mariana Pimentel;-30,353;-51,5803;;43;5759;51;America/Sao_Paulo
;Mariano Moro;-27,3568;-52,1467;;43;8741;54;America/Sao_Paulo
;Marianópolis do Tocantins;-9,79377;-49,6553;;17;9711;63;America/Sao_Paulo
MARIAPOLIS;Mariápolis;-21,7959;-51,1824;;35;6679;18;America/Sao_Paulo
;Maribondo;-9,58353;-36,3045;;27;2795;82;America/Sao_Paulo
;Maricá;-22,9354;-42,8246;;33;5853;21;America/Sao_Paulo
;Marilac;-18,5079;-42,0822;;31;4801;33;America/Sao_Paulo
;Marilândia;-19,4114;-40,5456;;32;5707;27;America/Sao_Paulo
;Marilândia do Sul;-23,7425;-51,3137;;41;7433;43;America/Sao_Paulo
;Marilena;-22,7336;-53,0402;;41;7975;44;America/Sao_Paulo
MARILIA;Marília;-22,2171;-49,9501;;35;6681;14;America/Sao_Paulo
;Mariluz;-24,0089;-53,1432;;41;7689;44;America/Sao_Paulo
;Maringá;-23,4205;-51,9333;;41;7691;44;America/Sao_Paulo
MARINOPOLIS;Marinópolis;-20,4389;-50,8254;;35;6683;17;America/Sao_Paulo
;Mário Campos;-20,0582;-44,1883;;31;648;31;America/Sao_Paulo
;Mariópolis;-26,355;-52,5532;;41;7693;46;America/Sao_Paulo
;Maripá;-24,42;-53,8286;;41;5487;44;America/Sao_Paulo
;Maripá de Minas;-21,6979;-42,9546;;31;4803;32;America/Sao_Paulo
;Marituba;-1,36002;-48,3421;;15;54;91;America/Sao_Paulo
;Marizópolis;-6,82748;-38,3528;;25;486;83;America/Sao_Paulo
;Marliéria;-19,7096;-42,7327;;31;4805;31;America/Sao_Paulo
;Marmeleiro;-26,1472;-53,0267;;41;7695;46;America/Sao_Paulo
;Marmelópolis;-22,447;-45,1645;;31;4807;35;America/Sao_Paulo
;Marques de Souza;-29,3311;-52,0973;;43;998;51;America/Sao_Paulo
;Marquinho;-25,112;-52,2497;;41;866;42;America/Sao_Paulo
;Martinho Campos;-19,3306;-45,2434;;31;4809;37;America/Sao_Paulo
;Martinópole;-3,2252;-40,6896;;23;1459;88;America/Sao_Paulo
MARTINOPOLIS;Martinópolis;-22,1462;-51,1709;;35;6685;18;America/Sao_Paulo
;Martins;-6,08279;-37,908;;24;1747;84;America/Sao_Paulo
;Martins Soares;-20,2546;-41,8786;;31;650;33;America/Sao_Paulo
;Maruim;-10,7308;-37,0856;;28;3179;79;America/Sao_Paulo
;Marumbi;-23,7058;-51,6404;;41;7697;43;America/Sao_Paulo
;Marzagão;-17,983;-48,6415;;52;9453;64;America/Sao_Paulo
;Mascote;-15,5542;-39,3016;;29;3719;73;America/Sao_Paulo
;Massapê;-3,52364;-40,3423;;23;1461;88;America/Sao_Paulo
;Massapê do Piauí;-7,47469;-41,1103;;22;346;89;America/Sao_Paulo
;Massaranduba;-7,18995;-35,7848;;25;2085;83;America/Sao_Paulo
;Massaranduba;-26,6109;-49,0054;;42;8207;47;America/Sao_Paulo
;Mata;-29,5649;-54,4641;;43;8743;55;America/Sao_Paulo
;Mata de São João;-12,5307;-38,3009;;29;3721;71;America/Sao_Paulo
;Mata Grande;-9,11824;-37,7323;;27;2799;82;America/Sao_Paulo
;Mata Roma;-3,62035;-43,1112;;21;827;98;America/Sao_Paulo
;Mata Verde;-15,6869;-40,7366;;31;2659;33;America/Sao_Paulo
MATAO;Matão;-21,6025;-48,364;;35;6687;16;America/Sao_Paulo
;Mataraca;-6,59673;-35,0531;;25;2087;83;America/Sao_Paulo
;Mateiros;-10,5464;-46,4168;;17;317;63;America/Sao_Paulo
;Matelândia;-25,2496;-53,9935;;41;7699;45;America/Sao_Paulo
;Materlândia;-18,4699;-43,0579;;31;4811;33;America/Sao_Paulo
;Mateus Leme;-19,9794;-44,4318;;31;4813;31;America/Sao_Paulo
;Mathias Lobato;-18,59;-41,9166;;31;5431;33;America/Sao_Paulo
;Matias Barbosa;-21,869;-43,3135;;31;4815;32;America/Sao_Paulo
;Matias Cardoso;-14,8563;-43,9146;;31;2897;38;America/Sao_Paulo
;Matias Olímpio;-3,71492;-42,5507;;22;1121;86;America/Sao_Paulo
;Matina;-13,9109;-42,8439;;29;3295;77;America/Sao_Paulo
;Matinha;-3,09849;-45,035;;21;829;98;America/Sao_Paulo
;Matinhas;-7,12486;-35,7669;;25;488;83;America/Sao_Paulo
;Matinhos;-25,8237;-48,549;;41;7963;41;America/Sao_Paulo
;Matipó;-20,2873;-42,3401;;31;4817;31;America/Sao_Paulo
;Mato Castelhano;-28,28;-52,1932;;43;5931;54;America/Sao_Paulo
;Mato Grosso;-6,54018;-37,7279;;25;490;83;America/Sao_Paulo
;Mato Leitão;-29,5285;-52,1278;;43;6031;51;America/Sao_Paulo
;Mato Queimado;-28,252;-54,6159;;43;1150;55;America/Sao_Paulo
;Mato Rico;-24,6995;-52,1454;;41;5503;42;America/Sao_Paulo
;Mato Verde;-15,3944;-42,86;;31;4819;38;America/Sao_Paulo
;Matões;-5,51359;-43,2018;;21;831;99;America/Sao_Paulo
;Matões do Norte;-3,6244;-44,5468;;21;196;98;America/Sao_Paulo
;Matos Costa;-26,4709;-51,1501;;42;8209;49;America/Sao_Paulo
;Matozinhos;-19,5543;-44,0868;;31;4821;31;America/Sao_Paulo
;Matrinchã;-15,4342;-50,7456;;52;9927;62;America/Sao_Paulo
;Matriz de Camaragibe;-9,15437;-35,5243;;27;2801;82;America/Sao_Paulo
;Matupá;-10,1821;-54,9467;;51;9929;66;America/Porto_Velho
;Maturéia;-7,26188;-37,351;;25;492;83;America/Sao_Paulo
;Matutina;-19,2179;-45,9664;;31;4823;34;America/Sao_Paulo
MAUA;Mauá;-23,6677;-46,4613;;35;6689;11;America/Sao_Paulo
;Mauá da Serra;-23,8988;-51,2277;;41;5459;43;America/Sao_Paulo
;Maués;-3,39289;-57,7067;;13;261;92;America/Porto_Velho
;Maurilândia;-17,9719;-50,3388;;52;9457;64;America/Sao_Paulo
;Maurilândia do Tocantins;-5,95169;-47,5125;;17;183;63;America/Sao_Paulo
;Mauriti;-7,38597;-38,7708;;23;1463;88;America/Sao_Paulo
;Maxaranguape;-5,52181;-35,2631;;24;1749;84;America/Sao_Paulo
;Maximiliano de Almeida;-27,6325;-51,802;;43;8745;54;America/Sao_Paulo
;Mazagão;-0,11336;-51,2891;;16;607;96;America/Sao_Paulo
;Medeiros;-19,9865;-46,2181;;31;4825;37;America/Sao_Paulo
;Medeiros Neto;-17,3707;-40,2238;;29;3723;73;America/Sao_Paulo
;Medianeira;-25,2977;-54,0943;;41;7701;45;America/Sao_Paulo
;Medicilândia;-3,44637;-52,8875;;15;589;93;America/Sao_Paulo
;Medina;-16,2245;-41,4728;;31;4827;33;America/Sao_Paulo
;Meleiro;-28,8244;-49,6378;;42;8211;48;America/Sao_Paulo
;Melgaço;-1,8032;-50,7149;;15;489;91;America/Sao_Paulo
;Mendes;-22,5245;-43,7312;;33;5855;24;America/Sao_Paulo
;Mendes Pimentel;-18,6631;-41,4052;;31;4829;33;America/Sao_Paulo
MENDONCA;Mendonça;-21,1757;-49,5791;;35;6691;17;America/Sao_Paulo
;Mercedes;-24,4538;-54,1618;;41;5531;45;America/Sao_Paulo
;Mercês;-21,1976;-43,3337;;31;4831;32;America/Sao_Paulo
MERIDIANO;Meridiano;-20,3579;-50,1811;;35;6693;17;America/Sao_Paulo
;Meruoca;-3,53974;-40,4531;;23;1465;88;America/Sao_Paulo
MESOPOLIS;Mesópolis;-19,9684;-50,6326;;35;2983;17;America/Sao_Paulo
;Mesquita;-22,8028;-43,4601;;33;1116;21;America/Sao_Paulo
;Mesquita;-19,224;-42,6079;;31;4833;33;America/Sao_Paulo
;Messias;-9,39384;-35,8392;;27;2803;82;America/Sao_Paulo
;Messias Targino;-6,07194;-37,5158;;24;1721;84;America/Sao_Paulo
;Miguel Alves;-4,16857;-42,8963;;22;1123;86;America/Sao_Paulo
;Miguel Calmon;-11,4299;-40,6031;;29;3725;74;America/Sao_Paulo
;Miguel Leão;-5,68077;-42,7436;;22;1125;86;America/Sao_Paulo
;Miguel Pereira;-22,4572;-43,4803;;33;5857;24;America/Sao_Paulo
MIGUELOPOLIS;Miguelópolis;-20,1796;-48,031;;35;6695;16;America/Sao_Paulo
;Milagres;-7,29749;-38,9378;;23;1467;88;America/Sao_Paulo
;Milagres;-12,8646;-39,8611;;29;3727;75;America/Sao_Paulo
;Milagres do Maranhão;-3,57443;-42,6131;;21;198;98;America/Sao_Paulo
;Milhã;-5,67252;-39,1875;;23;1597;88;America/Sao_Paulo
;Milton Brandão;-4,68295;-41,4173;;22;348;86;America/Sao_Paulo
;Mimoso de Goiás;-15,0515;-48,1611;;52;9931;62;America/Sao_Paulo
;Mimoso do Sul;-21,0628;-41,3615;;32;5667;28;America/Sao_Paulo
;Minaçu;-13,5304;-48,2206;;52;9647;62;America/Sao_Paulo
;Minador do Negrão;-9,31236;-36,8696;;27;2805;82;America/Sao_Paulo
;Minas do Leão;-30,1346;-52,0423;;43;5773;51;America/Sao_Paulo
;Minas Novas;-17,2156;-42,5884;;31;4835;33;America/Sao_Paulo
;Minduri;-21,6797;-44,6051;;31;4837;35;America/Sao_Paulo
;Mineiros;-17,5654;-52,5537;;52;9459;64;America/Sao_Paulo
MINEIROS DO TIETE;Mineiros do Tietê;-22,412;-48,451;;35;6697;14;America/Sao_Paulo
;Ministro Andreazza;-11,196;-61,5174;;11;695;69;America/Porto_Velho
MIRA ESTRELA;Mira Estrela;-19,9789;-50,139;;35;6701;17;America/Sao_Paulo
;Mirabela;-16,256;-44,1602;;31;4839;38;America/Sao_Paulo
MIRACATU;Miracatu;-24,2766;-47,4625;;35;6699;13;America/Sao_Paulo
;Miracema;-21,4148;-42,1938;;33;5859;22;America/Sao_Paulo
;Miracema do Tocantins;-9,56556;-48,393;;17;9461;63;America/Sao_Paulo
;Mirador;-6,37454;-44,3683;;21;833;99;America/Sao_Paulo
;Mirador;-23,255;-52,7761;;41;7703;44;America/Sao_Paulo
;Miradouro;-20,8899;-42,3458;;31;4841;32;America/Sao_Paulo
;Miraguaí;-27,497;-53,6891;;43;8747;55;America/Sao_Paulo
;Miraí;-21,2021;-42,6122;;31;4843;32;America/Sao_Paulo
;Miraíma;-3,56867;-39,9663;;23;1263;88;America/Sao_Paulo
;Miranda;-20,2355;-56,3746;;50;9111;67;America/Porto_Velho
;Miranda do Norte;-3,56313;-44,5814;;21;1283;98;America/Sao_Paulo
;Mirandiba;-8,12113;-38,7388;;26;2485;87;America/Sao_Paulo
MIRANDOPOLIS;Mirandópolis;-21,1313;-51,1035;;35;6703;18;America/Sao_Paulo
;Mirangaba;-10,961;-40,574;;29;3729;74;America/Sao_Paulo
;Miranorte;-9,52907;-48,5922;;17;9463;63;America/Sao_Paulo
;Mirante;-14,2385;-40,7718;;29;3297;77;America/Sao_Paulo
;Mirante da Serra;-11,029;-62,6696;;11;697;69;America/Porto_Velho
MIRANTE DO PARANAPANEMA;Mirante do Paranapanema;-22,2904;-51,9084;;35;6705;18;America/Sao_Paulo
;Miraselva;-22,9657;-51,4846;;41;7705;43;America/Sao_Paulo
MIRASSOL;Mirassol;-20,8169;-49,5206;;35;6707;17;America/Sao_Paulo
;Mirassol d'Oeste;-15,6759;-58,0951;;51;9177;65;America/Porto_Velho
MIRASSOLANDIA;Mirassolândia;-20,6179;-49,4617;;35;6709;17;America/Sao_Paulo
;Miravânia;-14,7348;-44,4092;;31;652;38;America/Sao_Paulo
;Mirim Doce;-27,197;-50,0786;;42;5559;47;America/Sao_Paulo
;Mirinzal;-2,07094;-44,7787;;21;835;98;America/Sao_Paulo
;Missal;-25,0919;-54,2477;;41;8469;45;America/Sao_Paulo
;Missão Velha;-7,23522;-39,143;;23;1469;88;America/Sao_Paulo
;Mocajuba;-2,5831;-49,5042;;15;491;91;America/Sao_Paulo
MOCOCA;Mococa;-21,4647;-47,0024;;35;6711;19;America/Sao_Paulo
;Modelo;-26,7729;-53,04;;42;8213;49;America/Sao_Paulo
;Moeda;-20,3399;-44,0509;;31;4845;31;America/Sao_Paulo
;Moema;-19,8387;-45,4127;;31;4847;37;America/Sao_Paulo
;Mogeiro;-7,28517;-35,4832;;25;2089;83;America/Sao_Paulo
MOGI DAS CRUZES;Mogi das Cruzes;-23,5208;-46,1854;;35;6713;11;America/Sao_Paulo
MOGI GUACU;Mogi Guaçu;-22,3675;-46,9428;;35;6715;19;America/Sao_Paulo
MOGI MIRIM;Mogi Mirim;-22,4332;-46,9532;;35;6717;19;America/Sao_Paulo
;Moiporá;-16,5434;-50,739;;52;9465;64;America/Sao_Paulo
;Moita Bonita;-10,5769;-37,3512;;28;3181;79;America/Sao_Paulo
;Moju;-1,88993;-48,7668;;15;493;91;America/Sao_Paulo
;Mojuí dos Campos;-2,6822;-54,6425;;15;1190;93;America/Sao_Paulo
;Mombaça;-5,73844;-39,63;;23;1471;88;America/Sao_Paulo
MOMBUCA;Mombuca;-22,9285;-47,559;;35;6719;19;America/Sao_Paulo
;Monção;-3,48125;-45,2496;;21;837;98;America/Sao_Paulo
MONCOES;Monções;-20,8509;-50,0975;;35;6721;17;America/Sao_Paulo
;Mondaí;-27,1008;-53,4032;;42;8215;49;America/Sao_Paulo
MONGAGUA;Mongaguá;-24,0809;-46,6265;;35;6723;13;America/Sao_Paulo
;Monjolos;-18,3245;-44,118;;31;4849;38;America/Sao_Paulo
;Monsenhor Gil;-5,562;-42,6075;;22;1127;86;America/Sao_Paulo
;Monsenhor Hipólito;-6,99275;-41,026;;22;1129;89;America/Sao_Paulo
;Monsenhor Paulo;-21,7579;-45,5391;;31;4851;35;America/Sao_Paulo
;Monsenhor Tabosa;-4,79102;-40,0646;;23;1473;88;America/Sao_Paulo
;Montadas;-7,08848;-35,9592;;25;2091;83;America/Sao_Paulo
;Montalvânia;-14,4197;-44,3719;;31;4853;38;America/Sao_Paulo
;Montanha;-18,1303;-40,3668;;32;5669;27;America/Sao_Paulo
;Montanhas;-6,48522;-35,2842;;24;1753;84;America/Sao_Paulo
;Montauri;-28,6462;-52,0767;;43;7387;54;America/Sao_Paulo
;Monte Alegre;-1,99768;-54,0724;;15;495;93;America/Sao_Paulo
;Monte Alegre;-6,07063;-35,3253;;24;1755;84;America/Sao_Paulo
;Monte Alegre de Goiás;-13,2552;-46,8928;;52;9467;62;America/Sao_Paulo
;Monte Alegre de Minas;-18,869;-48,881;;31;4855;34;America/Sao_Paulo
;Monte Alegre de Sergipe;-10,0256;-37,5616;;28;3183;79;America/Sao_Paulo
;Monte Alegre do Piauí;-9,75364;-45,3037;;22;1131;89;America/Sao_Paulo
MONTE ALEGRE DO SUL;Monte Alegre do Sul;-22,6817;-46,681;;35;6725;19;America/Sao_Paulo
;Monte Alegre dos Campos;-28,6805;-50,7834;;43;1000;54;America/Sao_Paulo
MONTE ALTO;Monte Alto;-21,2655;-48,4971;;35;6727;16;America/Sao_Paulo
MONTE APRAZIVEL;Monte Aprazível;-20,768;-49,7184;;35;6729;17;America/Sao_Paulo
;Monte Azul;-15,1514;-42,8718;;31;4857;38;America/Sao_Paulo
MONTE AZUL PAULISTA;Monte Azul Paulista;-20,9065;-48,6387;;35;6731;17;America/Sao_Paulo
;Monte Belo;-21,3271;-46,3635;;31;4859;35;America/Sao_Paulo
;Monte Belo do Sul;-29,1607;-51,6333;;43;5993;54;America/Sao_Paulo
;Monte Carlo;-27,2239;-50,9808;;42;5561;49;America/Sao_Paulo
;Monte Carmelo;-18,7302;-47,4912;;31;4861;34;America/Sao_Paulo
;Monte Castelo;-26,461;-50,2327;;42;8217;47;America/Sao_Paulo
MONTE CASTELO;Monte Castelo;-21,2981;-51,5679;;35;6733;18;America/Sao_Paulo
;Monte das Gameleiras;-6,43698;-35,7831;;24;1757;84;America/Sao_Paulo
;Monte do Carmo;-10,7611;-48,1114;;17;9469;63;America/Sao_Paulo
;Monte Formoso;-16,8691;-41,2473;;31;654;33;America/Sao_Paulo
;Monte Horebe;-7,20402;-38,5838;;25;2093;83;America/Sao_Paulo
MONTE MOR;Monte Mor;-22,945;-47,3122;;35;6737;19;America/Sao_Paulo
;Monte Negro;-10,2458;-63,29;;11;685;69;America/Porto_Velho
;Monte Santo;-10,4374;-39,3321;;29;3731;75;America/Sao_Paulo
;Monte Santo de Minas;-21,1873;-46,9753;;31;4863;35;America/Sao_Paulo
;Monte Santo do Tocantins;-10,0075;-48,9941;;17;90;63;America/Sao_Paulo
;Monte Sião;-22,4335;-46,573;;31;4867;35;America/Sao_Paulo
;Monteiro;-7,88363;-37,1184;;25;2095;83;America/Sao_Paulo
MONTEIRO LOBATO;Monteiro Lobato;-22,9544;-45,8407;;35;6735;12;America/Sao_Paulo
;Monteirópolis;-9,60357;-37,2505;;27;2807;82;America/Sao_Paulo
;Montenegro;-29,6824;-51,4679;;43;8749;51;America/Sao_Paulo
;Montes Altos;-5,83067;-47,0673;;21;839;99;America/Sao_Paulo
;Montes Claros;-16,7282;-43,8578;;31;4865;38;America/Sao_Paulo
;Montes Claros de Goiás;-16,0059;-51,3979;;52;9471;62;America/Sao_Paulo
;Montezuma;-15,1702;-42,4941;;31;2697;38;America/Sao_Paulo
;Montividiu;-17,4439;-51,1728;;52;9933;64;America/Sao_Paulo
;Montividiu do Norte;-13,3485;-48,6853;;52;79;62;America/Sao_Paulo
;Morada Nova;-5,09736;-38,3702;;23;1475;88;America/Sao_Paulo
;Morada Nova de Minas;-18,5998;-45,3584;;31;4869;37;America/Sao_Paulo
;Moraújo;-3,46311;-40,6776;;23;1477;88;America/Sao_Paulo
;Moreilândia;-7,61931;-39,546;;26;2585;87;America/Sao_Paulo
;Moreira Sales;-24,0509;-53,0102;;41;7707;44;America/Sao_Paulo
;Moreno;-8,10871;-35,0835;;26;2487;81;America/Sao_Paulo
;Mormaço;-28,6968;-52,6999;;43;5933;54;America/Sao_Paulo
;Morpará;-11,5569;-43,2766;;29;3733;77;America/Sao_Paulo
;Morretes;-25,4744;-48,8345;;41;7709;41;America/Sao_Paulo
;Morrinhos;-17,7334;-49,1059;;52;9473;64;America/Sao_Paulo
;Morrinhos;-3,23426;-40,1233;;23;1479;88;America/Sao_Paulo
;Morrinhos do Sul;-29,3578;-49,9328;;43;5775;51;America/Sao_Paulo
MORRO AGUDO;Morro Agudo;-20,7288;-48,0581;;35;6739;16;America/Sao_Paulo
;Morro Agudo de Goiás;-15,3184;-50,0553;;52;9935;62;America/Sao_Paulo
;Morro Cabeça no Tempo;-9,71891;-43,9072;;22;350;89;America/Sao_Paulo
;Morro da Fumaça;-28,6511;-49,2169;;42;8219;48;America/Sao_Paulo
;Morro da Garça;-18,5356;-44,601;;31;4871;38;America/Sao_Paulo
;Morro do Chapéu;-11,5488;-41,1565;;29;3735;74;America/Sao_Paulo
;Morro do Chapéu do Piauí;-3,73337;-42,3024;;22;352;86;America/Sao_Paulo
;Morro do Pilar;-19,2236;-43,3795;;31;4873;31;America/Sao_Paulo
;Morro Grande;-28,8006;-49,7214;;42;5539;48;America/Sao_Paulo
;Morro Redondo;-31,5887;-52,6261;;43;7385;53;America/Sao_Paulo
;Morro Reuter;-29,5379;-51,0811;;43;6019;51;America/Sao_Paulo
;Morros;-2,85379;-44,0357;;21;841;98;America/Sao_Paulo
;Mortugaba;-15,0225;-42,3727;;29;3737;77;America/Sao_Paulo
MORUNGABA;Morungaba;-22,8811;-46,7896;;35;6741;11;America/Sao_Paulo
;Mossâmedes;-16,124;-50,2136;;52;9475;64;America/Sao_Paulo
;Mossoró;-5,18374;-37,3474;;24;1759;84;America/Sao_Paulo
;Mostardas;-31,1054;-50,9167;;43;8751;51;America/Sao_Paulo
MOTUCA;Motuca;-21,5103;-48,1538;;35;7263;16;America/Sao_Paulo
;Mozarlândia;-14,7457;-50,5713;;52;9477;62;America/Sao_Paulo
;Muaná;-1,53936;-49,2224;;15;497;91;America/Sao_Paulo
;Mucajaí;2,43998;-60,9096;;14;309;95;America/Porto_Velho
;Mucambo;-3,90271;-40,7452;;23;1481;88;America/Sao_Paulo
;Mucugê;-13,0053;-41,3703;;29;3739;75;America/Sao_Paulo
;Muçum;-29,163;-51,8714;;43;8753;51;America/Sao_Paulo
;Mucuri;-18,0754;-39,5565;;29;3741;73;America/Sao_Paulo
;Mucurici;-18,0965;-40,52;;32;5671;27;America/Sao_Paulo
;Muitos Capões;-28,3132;-51,1836;;43;1002;54;America/Sao_Paulo
;Muliterno;-28,3253;-51,7697;;43;5935;54;America/Sao_Paulo
;Mulungu;-7,02525;-35,46;;25;2097;83;America/Sao_Paulo
;Mulungu;-4,30294;-38,9951;;23;1483;85;America/Sao_Paulo
;Mulungu do Morro;-11,9648;-41,6374;;29;3299;74;America/Sao_Paulo
;Mundo Novo;-11,8541;-40,4714;;29;3743;74;America/Sao_Paulo
;Mundo Novo;-23,9355;-54,281;;50;9179;67;America/Porto_Velho
;Mundo Novo;-13,7729;-50,2814;;52;9651;62;America/Sao_Paulo
;Munhoz;-22,6092;-46,362;;31;4875;35;America/Sao_Paulo
;Munhoz de Melo;-23,1487;-51,7737;;41;7711;44;America/Sao_Paulo
;Muniz Ferreira;-13,0092;-39,1092;;29;3745;75;America/Sao_Paulo
;Muniz Freire;-20,4652;-41,4156;;32;5673;28;America/Sao_Paulo
;Muquém de São Francisco;-12,065;-43,5497;;29;3005;77;America/Sao_Paulo
;Muqui;-20,9509;-41,346;;32;5675;28;America/Sao_Paulo
;Muriaé;-21,13;-42,3693;;31;4877;32;America/Sao_Paulo
;Muribeca;-10,4271;-36,9588;;28;3185;79;America/Sao_Paulo
;Murici;-9,30682;-35,9428;;27;2809;82;America/Sao_Paulo
;Murici dos Portelas;-3,319;-42,094;;22;354;86;America/Sao_Paulo
;Muricilândia;-7,14669;-48,6091;;17;187;63;America/Sao_Paulo
;Muritiba;-12,6329;-38,9921;;29;3747;75;America/Sao_Paulo
MURUTINGA DO SUL;Murutinga do Sul;-20,9908;-51,2774;;35;6743;18;America/Sao_Paulo
;Mutuípe;-13,2284;-39,5044;;29;3749;75;America/Sao_Paulo
;Mutum;-19,8121;-41,4407;;31;4879;33;America/Sao_Paulo
;Mutunópolis;-13,7303;-49,2745;;52;9479;62;America/Sao_Paulo
;Muzambinho;-21,3692;-46,5213;;31;4881;35;America/Sao_Paulo
;Nacip Raydan;-18,4544;-42,2481;;31;4883;33;America/Sao_Paulo
NANTES;Nantes;-22,6156;-51,24;;35;804;18;America/Sao_Paulo
;Nanuque;-17,8481;-40,3533;;31;4885;33;America/Sao_Paulo
;Não-Me-Toque;-28,4548;-52,8182;;43;8755;54;America/Sao_Paulo
;Naque;-19,2291;-42,3312;;31;656;33;America/Sao_Paulo
NARANDIBA;Narandiba;-22,4057;-51,5274;;35;6745;18;America/Sao_Paulo
;Natal;-5,79357;-35,1986;1.0;24;1761;84;America/Sao_Paulo
;Natalândia;-16,5021;-46,4874;;31;658;38;America/Sao_Paulo
;Natércia;-22,1158;-45,5123;;31;4887;35;America/Sao_Paulo
;Natividade;-11,7034;-47,7223;;17;9481;63;America/Sao_Paulo
;Natividade;-21,039;-41,9697;;33;5861;22;America/Sao_Paulo
NATIVIDADE DA SERRA;Natividade da Serra;-23,3707;-45,4468;;35;6747;12;America/Sao_Paulo
;Natuba;-7,63514;-35,5586;;25;2099;83;America/Sao_Paulo
;Navegantes;-26,8943;-48,6546;;42;8221;47;America/Sao_Paulo
;Naviraí;-23,0618;-54,1995;;50;9113;67;America/Porto_Velho
;Nazaré;-13,0235;-39,0108;;29;3751;75;America/Sao_Paulo
;Nazaré;-6,37496;-47,6643;;17;9483;63;America/Sao_Paulo
;Nazaré da Mata;-7,74149;-35,2193;;26;2489;81;America/Sao_Paulo
;Nazaré do Piauí;-6,97023;-42,6773;;22;1133;89;America/Sao_Paulo
NAZARE PAULISTA;Nazaré Paulista;-23,1747;-46,3983;;35;6749;11;America/Sao_Paulo
;Nazareno;-21,2168;-44,6138;;31;4889;35;America/Sao_Paulo
;Nazarezinho;-6,9114;-38,322;;25;2101;83;America/Sao_Paulo
;Nazária;-5,35128;-42,8153;;22;1180;86;America/Sao_Paulo
;Nazário;-16,5808;-49,8817;;52;9485;64;America/Sao_Paulo
;Neópolis;-10,3215;-36,585;;28;3187;79;America/Sao_Paulo
;Nepomuceno;-21,2324;-45,235;;31;4891;35;America/Sao_Paulo
;Nerópolis;-16,4047;-49,2227;;52;9487;62;America/Sao_Paulo
NEVES PAULISTA;Neves Paulista;-20,843;-49,6358;;35;6751;17;America/Sao_Paulo
;Nhamundá;-2,20793;-56,7112;;13;263;92;America/Porto_Velho
NHANDEARA;Nhandeara;-20,6945;-50,0436;;35;6753;17;America/Sao_Paulo
;Nicolau Vergueiro;-28,5298;-52,4676;;43;5937;54;America/Sao_Paulo
;Nilo Peçanha;-13,604;-39,1091;;29;3753;73;America/Sao_Paulo
;Nilópolis;-22,8057;-43,4233;;33;5863;21;America/Sao_Paulo
;Nina Rodrigues;-3,46788;-43,9134;;21;843;98;America/Sao_Paulo
;Ninheira;-15,3148;-41,7564;;31;660;38;America/Sao_Paulo
;Nioaque;-21,1419;-55,8296;;50;9115;67;America/Porto_Velho
NIPOA;Nipoã;-20,9114;-49,7833;;35;6755;17;America/Sao_Paulo
;Niquelândia;-14,4662;-48,4599;;52;9489;62;America/Sao_Paulo
;Nísia Floresta;-6,09329;-35,1991;;24;1763;84;America/Sao_Paulo
;Niterói;-22,8832;-43,1034;;33;5865;21;America/Sao_Paulo
;Nobres;-14,7192;-56,3284;;51;9117;65;America/Porto_Velho
;Nonoai;-27,3689;-52,7756;;43;8757;54;America/Sao_Paulo
;Nordestina;-10,8192;-39,4297;;29;3979;75;America/Sao_Paulo
;Normandia;3,8853;-59,6204;;14;311;95;America/Porto_Velho
;Nortelândia;-14,454;-56,7945;;51;9119;65;America/Porto_Velho
;Nossa Senhora Aparecida;-10,3944;-37,4517;;28;3135;79;America/Sao_Paulo
;Nossa Senhora da Glória;-10,2158;-37,4211;;28;3189;79;America/Sao_Paulo
;Nossa Senhora das Dores;-10,4854;-37,1963;;28;3191;79;America/Sao_Paulo
;Nossa Senhora das Graças;-22,9129;-51,7978;;41;7713;44;America/Sao_Paulo
;Nossa Senhora de Lourdes;-10,0772;-37,0615;;28;3193;79;America/Sao_Paulo
;Nossa Senhora de Nazaré;-4,63019;-42,173;;22;356;86;America/Sao_Paulo
;Nossa Senhora do Livramento;-15,772;-56,3432;;51;9121;65;America/Porto_Velho
;Nossa Senhora do Socorro;-10,8468;-37,1231;;28;3195;79;America/Sao_Paulo
;Nossa Senhora dos Remédios;-3,97574;-42,6184;;22;1135;86;America/Sao_Paulo
NOVA ALIANCA;Nova Aliança;-21,0156;-49,4986;;35;6757;17;America/Sao_Paulo
;Nova Aliança do Ivaí;-23,1763;-52,6032;;41;7715;44;America/Sao_Paulo
;Nova Alvorada;-28,6822;-52,1631;;43;7383;54;America/Sao_Paulo
;Nova Alvorada do Sul;-21,4657;-54,3825;;50;143;67;America/Porto_Velho
;Nova América;-15,0206;-49,8953;;52;9491;62;America/Sao_Paulo
;Nova América da Colina;-23,3308;-50,7168;;41;7717;43;America/Sao_Paulo
;Nova Andradina;-22,238;-53,3437;;50;9123;67;America/Porto_Velho
;Nova Araçá;-28,6537;-51,7458;;43;8759;54;America/Sao_Paulo
;Nova Aurora;-24,5289;-53,2575;;41;7965;45;America/Sao_Paulo
;Nova Aurora;-18,0597;-48,2552;;52;9493;64;America/Sao_Paulo
;Nova Bandeirantes;-9,84977;-57,8139;;51;117;66;America/Porto_Velho
;Nova Bassano;-28,7291;-51,7072;;43;8761;54;America/Sao_Paulo
;Nova Belém;-18,4925;-41,1107;;31;662;33;America/Sao_Paulo
;Nova Boa Vista;-27,9926;-52,9784;;43;5953;54;America/Sao_Paulo
;Nova Brasilândia;-14,9612;-54,9685;;51;8981;66;America/Porto_Velho
;Nova Brasilândia D'Oeste;-11,7247;-62,3127;;11;41;69;America/Porto_Velho
;Nova Bréscia;-29,2182;-52,0319;;43;8763;51;America/Sao_Paulo
NOVA CAMPINA;Nova Campina;-24,1224;-48,9022;;35;3061;15;America/Sao_Paulo
;Nova Canaã;-14,7912;-40,1458;;29;3755;73;America/Sao_Paulo
;Nova Canaã do Norte;-10,558;-55,953;;51;9889;66;America/Porto_Velho
NOVA CANAA PAULISTA;Nova Canaã Paulista;-20,3836;-50,9483;;35;2985;17;America/Sao_Paulo
;Nova Candelária;-27,6137;-54,1074;;43;1004;55;America/Sao_Paulo
;Nova Cantu;-24,6723;-52,5661;;41;7719;44;America/Sao_Paulo
NOVA CASTILHO;Nova Castilho;-20,7615;-50,3477;;35;806;17;America/Sao_Paulo
;Nova Colinas;-7,12263;-46,2607;;21;200;99;America/Sao_Paulo
;Nova Crixás;-14,0957;-50,33;;52;9653;62;America/Sao_Paulo
;Nova Cruz;-6,47511;-35,4286;;24;1765;84;America/Sao_Paulo
;Nova Era;-19,7577;-43,0333;;31;4893;31;America/Sao_Paulo
;Nova Erechim;-26,8982;-52,9066;;42;8223;49;America/Sao_Paulo
;Nova Esperança;-23,182;-52,2031;;41;7721;44;America/Sao_Paulo
;Nova Esperança do Piriá;-2,26693;-46,9731;;15;391;91;America/Sao_Paulo
;Nova Esperança do Sudoeste;-25,9004;-53,2618;;41;5477;46;America/Sao_Paulo
;Nova Esperança do Sul;-29,4066;-54,8293;;43;7381;55;America/Sao_Paulo
NOVA EUROPA;Nova Europa;-21,7765;-48,5705;;35;6759;16;America/Sao_Paulo
;Nova Fátima;-23,4324;-50,5665;;41;7723;43;America/Sao_Paulo
;Nova Fátima;-11,6031;-39,6302;;29;3007;75;America/Sao_Paulo
;Nova Floresta;-6,45056;-36,2057;;25;2103;83;America/Sao_Paulo
;Nova Friburgo;-22,2932;-42,5377;;33;5867;22;America/Sao_Paulo
;Nova Glória;-15,145;-49,5737;;52;9655;62;America/Sao_Paulo
NOVA GRANADA;Nova Granada;-20,5321;-49,3123;;35;6761;17;America/Sao_Paulo
;Nova Guarita;-10,312;-55,4061;;51;121;66;America/Porto_Velho
NOVA GUATAPORANGA;Nova Guataporanga;-21,332;-51,6447;;35;6763;18;America/Sao_Paulo
;Nova Hartz;-29,5808;-50,9051;;43;7379;51;America/Sao_Paulo
;Nova Ibiá;-13,812;-39,6182;;29;3009;73;America/Sao_Paulo
;Nova Iguaçu;-22,7556;-43,4603;;33;5869;21;America/Sao_Paulo
;Nova Iguaçu de Goiás;-14,2868;-49,3872;;52;87;62;America/Sao_Paulo
NOVA INDEPENDENCIA;Nova Independência;-21,1026;-51,4905;;35;6765;18;America/Sao_Paulo
;Nova Iorque;-6,73047;-44,0471;;21;845;99;America/Sao_Paulo
;Nova Ipixuna;-4,91622;-49,0822;;15;56;94;America/Sao_Paulo
;Nova Itaberaba;-26,9428;-52,8141;;42;5589;49;America/Sao_Paulo
;Nova Itarana;-13,0241;-40,0653;;29;3757;73;America/Sao_Paulo
;Nova Lacerda;-14,4727;-59,6001;;51;1040;65;America/Porto_Velho
;Nova Laranjeiras;-25,3054;-52,5447;;41;5479;42;America/Sao_Paulo
;Nova Lima;-19,9758;-43,8509;;31;4895;31;America/Sao_Paulo
;Nova Londrina;-22,7639;-52,9868;;41;7725;44;America/Sao_Paulo
NOVA LUZITANIA;Nova Luzitânia;-20,856;-50,2617;;35;6767;17;America/Sao_Paulo
;Nova Mamoré;-10,4077;-65,3346;;11;47;69;America/Porto_Velho
;Nova Marilândia;-14,3568;-56,9696;;51;103;65;America/Porto_Velho
;Nova Maringá;-13,0136;-57,0908;;51;111;66;America/Porto_Velho
;Nova Módica;-18,4417;-41,4984;;31;4897;33;America/Sao_Paulo
;Nova Monte Verde;-9,99998;-57,5261;;51;119;66;America/Porto_Velho
;Nova Mutum;-13,8374;-56,0743;;51;9937;65;America/Porto_Velho
;Nova Nazaré;-13,9486;-51,8002;;51;1086;66;America/Porto_Velho
NOVA ODESSA;Nova Odessa;-22,7832;-47,2941;;35;6769;19;America/Sao_Paulo
;Nova Olímpia;-23,4703;-53,0898;;41;7967;44;America/Sao_Paulo
;Nova Olímpia;-14,7889;-57,2886;;51;9893;65;America/Porto_Velho
;Nova Olinda;-7,63171;-48,4252;;17;9663;63;America/Sao_Paulo
;Nova Olinda;-7,08415;-39,6713;;23;1485;88;America/Sao_Paulo
;Nova Olinda;-7,47232;-38,0382;;25;2105;83;America/Sao_Paulo
;Nova Olinda do Maranhão;-2,84227;-45,6953;;21;202;98;America/Sao_Paulo
;Nova Olinda do Norte;-3,90037;-59,094;;13;265;92;America/Porto_Velho
;Nova Pádua;-29,0275;-51,3098;;43;5991;54;America/Sao_Paulo
;Nova Palma;-29,471;-53,4689;;43;8765;55;America/Sao_Paulo
;Nova Palmeira;-6,67122;-36,422;;25;2107;83;America/Sao_Paulo
;Nova Petrópolis;-29,3741;-51,1136;;43;8767;54;America/Sao_Paulo
;Nova Ponte;-19,1461;-47,6779;;31;4899;34;America/Sao_Paulo
;Nova Porteirinha;-15,7993;-43,2941;;31;664;38;America/Sao_Paulo
;Nova Prata;-28,7799;-51,6113;;43;8769;54;America/Sao_Paulo
;Nova Prata do Iguaçu;-25,6309;-53,3469;;41;7995;46;America/Sao_Paulo
;Nova Ramada;-28,0667;-53,6992;;43;1006;55;America/Sao_Paulo
;Nova Redenção;-12,815;-41,0748;;29;3011;75;America/Sao_Paulo
;Nova Resende;-21,1286;-46,4157;;31;4901;35;America/Sao_Paulo
;Nova Roma;-13,7388;-46,8734;;52;9495;62;America/Sao_Paulo
;Nova Roma do Sul;-28,9882;-51,4095;;43;7377;54;America/Sao_Paulo
;Nova Rosalândia;-10,5651;-48,9125;;17;9721;63;America/Sao_Paulo
;Nova Russas;-4,70581;-40,5621;;23;1487;88;America/Sao_Paulo
;Nova Santa Bárbara;-23,5865;-50,7598;;41;5457;43;America/Sao_Paulo
;Nova Santa Helena;-10,8651;-55,1872;;51;1088;66;America/Porto_Velho
;Nova Santa Rita;-29,8525;-51,2837;;43;5757;51;America/Sao_Paulo
;Nova Santa Rita;-8,09707;-42,0471;;22;370;89;America/Sao_Paulo
;Nova Santa Rosa;-24,4693;-53,9552;;41;7979;45;America/Sao_Paulo
;Nova Serrana;-19,8713;-44,9847;;31;4903;37;America/Sao_Paulo
;Nova Soure;-11,2329;-38,4871;;29;3759;75;America/Sao_Paulo
;Nova Tebas;-24,438;-51,9454;;41;9913;42;America/Sao_Paulo
;Nova Timboteua;-1,20874;-47,3921;;15;499;91;America/Sao_Paulo
;Nova Trento;-27,278;-48,9298;;42;8225;48;America/Sao_Paulo
;Nova Ubiratã;-12,9834;-55,2556;;51;1042;66;America/Porto_Velho
;Nova União;-19,6876;-43,583;;31;4731;31;America/Sao_Paulo
;Nova União;-10,9068;-62,5564;;11;10;69;America/Porto_Velho
;Nova Venécia;-18,715;-40,4053;;32;5677;27;America/Sao_Paulo
;Nova Veneza;-28,6338;-49,5055;;42;8227;48;America/Sao_Paulo
;Nova Veneza;-16,3695;-49,3168;;52;9497;62;America/Sao_Paulo
;Nova Viçosa;-17,8926;-39,3743;;29;3761;73;America/Sao_Paulo
;Nova Xavantina;-14,6771;-52,3502;;51;9195;66;America/Porto_Velho
NOVAIS;Novais;-20,9893;-48,9141;;35;2979;17;America/Sao_Paulo
;Novo Acordo;-9,97063;-47,6785;;17;9499;63;America/Sao_Paulo
;Novo Airão;-2,63637;-60,9434;;13;201;92;America/Porto_Velho
;Novo Alegre;-12,9217;-46,5713;;17;9703;63;America/Sao_Paulo
;Novo Aripuanã;-5,12593;-60,3732;;13;267;97;America/Porto_Velho
;Novo Barreiro;-27,9077;-53,1103;;43;5985;55;America/Sao_Paulo
;Novo Brasil;-16,0313;-50,7113;;52;9501;62;America/Sao_Paulo
;Novo Cabrais;-29,7338;-52,9489;;43;1008;51;America/Sao_Paulo
;Novo Cruzeiro;-17,4654;-41,8826;;31;4905;33;America/Sao_Paulo
;Novo Gama;-16,0592;-48,0417;;52;1058;61;America/Sao_Paulo
;Novo Hamburgo;-29,6875;-51,1328;;43;8771;51;America/Sao_Paulo
;Novo Horizonte;-26,4442;-52,8281;;42;5591;49;America/Sao_Paulo
NOVO HORIZONTE;Novo Horizonte;-21,4651;-49,2234;;35;6771;17;America/Sao_Paulo
;Novo Horizonte;-12,8083;-42,1682;;29;3013;77;America/Sao_Paulo
;Novo Horizonte do Norte;-11,4089;-57,3488;;51;9903;66;America/Porto_Velho
;Novo Horizonte do Oeste;-11,6961;-61,9951;;11;689;69;America/Porto_Velho
;Novo Horizonte do Sul;-22,6693;-53,8601;;50;159;67;America/Porto_Velho
;Novo Itacolomi;-23,7631;-51,5079;;41;5517;43;America/Sao_Paulo
;Novo Jardim;-11,826;-46,6325;;17;321;63;America/Sao_Paulo
;Novo Lino;-8,94191;-35,664;;27;2811;82;America/Sao_Paulo
;Novo Machado;-27,5765;-54,5036;;43;6057;55;America/Sao_Paulo
;Novo Mundo;-9,95616;-55,2029;;51;1044;66;America/Porto_Velho
;Novo Oriente;-5,52552;-40,7713;;23;1489;88;America/Sao_Paulo
;Novo Oriente de Minas;-17,4089;-41,2194;;31;666;33;America/Sao_Paulo
;Novo Oriente do Piauí;-6,44901;-41,9261;;22;1137;89;America/Sao_Paulo
;Novo Planalto;-13,2424;-49,506;;52;9735;62;America/Sao_Paulo
;Novo Progresso;-7,14347;-55,3786;;15;633;93;America/Sao_Paulo
;Novo Repartimento;-4,24749;-49,9499;;15;629;94;America/Sao_Paulo
;Novo Santo Antônio;-5,28749;-41,9325;;22;358;86;America/Sao_Paulo
;Novo Santo Antônio;-12,2875;-50,9686;;51;1090;66;America/Porto_Velho
;Novo São Joaquim;-14,9054;-53,0194;;51;9867;66;America/Porto_Velho
;Novo Tiradentes;-27,5649;-53,1837;;43;5973;55;America/Sao_Paulo
;Novo Triunfo;-10,3182;-38,4014;;29;3015;75;America/Sao_Paulo
;Novo Xingu;-27,749;-53,0639;;43;1152;54;America/Sao_Paulo
;Novorizonte;-16,0162;-42,4044;;31;668;38;America/Sao_Paulo
NUPORANGA;Nuporanga;-20,7296;-47,7429;;35;6773;16;America/Sao_Paulo
;Óbidos;-1,90107;-55,5208;;15;501;93;America/Sao_Paulo
;Ocara;-4,48523;-38,5933;;23;1265;85;America/Sao_Paulo
OCAUCU;Ocauçu;-22,438;-49,922;;35;6775;14;America/Sao_Paulo
;Oeiras;-7,01915;-42,1283;;22;1139;89;America/Sao_Paulo
;Oeiras do Pará;-2,00358;-49,8628;;15;503;91;America/Sao_Paulo
;Oiapoque;3,84074;-51,8331;;16;609;96;America/Sao_Paulo
;Olaria;-21,8598;-43,9356;;31;4907;32;America/Sao_Paulo
OLEO;Óleo;-22,9435;-49,3419;;35;6777;14;America/Sao_Paulo
;Olho d'Água;-7,22118;-37,7406;;25;2109;83;America/Sao_Paulo
;Olho d'Água das Cunhãs;-4,13417;-45,1163;;21;847;98;America/Sao_Paulo
;Olho d'Água das Flores;-9,53686;-37,2971;;27;2813;82;America/Sao_Paulo
;Olho d'Água do Casado;-9,50357;-37,8301;;27;2815;82;America/Sao_Paulo
;Olho D'Água do Piauí;-5,84125;-42,5594;;22;360;86;America/Sao_Paulo
;Olho d'Água Grande;-10,0572;-36,8101;;27;2817;82;America/Sao_Paulo
;Olho-d'Água do Borges;-5,9486;-37,7047;;24;1767;84;America/Sao_Paulo
;Olhos d'Água;-17,3982;-43,5719;;31;670;38;America/Sao_Paulo
OLIMPIA;Olímpia;-20,7366;-48,9106;;35;6779;17;America/Sao_Paulo
;Olímpio Noronha;-22,0685;-45,2657;;31;4909;35;America/Sao_Paulo
;Olinda;-8,01017;-34,8545;;26;2491;81;America/Sao_Paulo
;Olinda Nova do Maranhão;-2,99295;-44,9897;;21;204;98;America/Sao_Paulo
;Olindina;-11,3497;-38,3379;;29;3763;75;America/Sao_Paulo
;Olivedos;-6,98434;-36,241;;25;2111;83;America/Sao_Paulo
;Oliveira;-20,6982;-44,829;;31;4911;37;America/Sao_Paulo
;Oliveira de Fátima;-10,707;-48,9086;;17;92;63;America/Sao_Paulo
;Oliveira dos Brejinhos;-12,3132;-42,8969;;29;3765;77;America/Sao_Paulo
;Oliveira Fortes;-21,3401;-43,4499;;31;4913;32;America/Sao_Paulo
;Olivença;-9,51954;-37,1954;;27;2819;82;America/Sao_Paulo
;Onça de Pitangui;-19,7276;-44,8058;;31;4915;37;America/Sao_Paulo
ONDA VERDE;Onda Verde;-20,6042;-49,2929;;35;6781;17;America/Sao_Paulo
;Oratórios;-20,4298;-42,7977;;31;672;31;America/Sao_Paulo
ORIENTE;Oriente;-22,1549;-50,0971;;35;6783;14;America/Sao_Paulo
ORINDIUVA;Orindiúva;-20,1861;-49,3464;;35;6785;17;America/Sao_Paulo
;Oriximiná;-1,75989;-55,8579;;15;505;93;America/Sao_Paulo
;Orizânia;-20,5142;-42,1991;;31;674;32;America/Sao_Paulo
;Orizona;-17,0334;-48,2964;;52;9503;64;America/Sao_Paulo
ORLANDIA;Orlândia;-20,7169;-47,8852;;35;6787;16;America/Sao_Paulo
;Orleans;-28,3487;-49,2986;;42;8229;48;America/Sao_Paulo
;Orobó;-7,74553;-35,5956;;26;2493;81;America/Sao_Paulo
;Orocó;-8,61026;-39,6026;;26;2495;87;America/Sao_Paulo
;Orós;-6,25182;-38,9053;;23;1491;88;America/Sao_Paulo
;Ortigueira;-24,2058;-50,9185;;41;7727;42;America/Sao_Paulo
OSASCO;Osasco;-23,5324;-46,7916;;35;6789;11;America/Sao_Paulo
OSCAR BRESSANE;Oscar Bressane;-22,3149;-50,2811;;35;6791;14;America/Sao_Paulo
;Osório;-29,8881;-50,2667;;43;8773;51;America/Sao_Paulo
OSVALDO CRUZ;Osvaldo Cruz;-21,7968;-50,8793;;35;6793;18;America/Sao_Paulo
;Otacílio Costa;-27,4789;-50,1231;;42;8397;49;America/Sao_Paulo
;Ourém;-1,54168;-47,1126;;15;507;91;America/Sao_Paulo
;Ouriçangas;-12,0175;-38,6166;;29;3767;75;America/Sao_Paulo
;Ouricuri;-7,87918;-40,08;;26;2497;87;America/Sao_Paulo
;Ourilândia do Norte;-6,7529;-51,0858;;15;591;94;America/Sao_Paulo
OURINHOS;Ourinhos;-22,9797;-49,8697;;35;6795;14;America/Sao_Paulo
;Ourizona;-23,4053;-52,1964;;41;7729;44;America/Sao_Paulo
;Ouro;-27,3379;-51,6194;;42;8231;49;America/Sao_Paulo
;Ouro Branco;-20,5263;-43,6962;;31;4917;31;America/Sao_Paulo
;Ouro Branco;-6,6958;-36,9428;;24;1769;84;America/Sao_Paulo
;Ouro Branco;-9,15884;-37,3556;;27;2821;82;America/Sao_Paulo
;Ouro Fino;-22,2779;-46,3716;;31;4919;35;America/Sao_Paulo
;Ouro Preto;-20,3796;-43,512;;31;4921;31;America/Sao_Paulo
;Ouro Preto do Oeste;-10,7167;-62,2565;;11;17;69;America/Porto_Velho
;Ouro Velho;-7,61604;-37,1519;;25;2113;83;America/Sao_Paulo
;Ouro Verde;-26,692;-52,3108;;42;5741;49;America/Sao_Paulo
OURO VERDE;Ouro Verde;-21,4872;-51,7024;;35;6797;18;America/Sao_Paulo
;Ouro Verde de Goiás;-16,2181;-49,1942;;52;9505;62;America/Sao_Paulo
;Ouro Verde de Minas;-18,0719;-41,2734;;31;4923;33;America/Sao_Paulo
;Ouro Verde do Oeste;-24,7933;-53,9043;;41;9965;45;America/Sao_Paulo
OUROESTE;Ouroeste;-20,0061;-50,3768;;35;808;17;America/Sao_Paulo
;Ourolândia;-10,9578;-41,0756;;29;3017;74;America/Sao_Paulo
;Ouvidor;-18,2277;-47,8355;;52;9507;64;America/Sao_Paulo
PACAEMBU;Pacaembu;-21,5627;-51,2654;;35;6799;18;America/Sao_Paulo
;Pacajá;-3,83542;-50,6399;;15;593;91;America/Sao_Paulo
;Pacajus;-4,17107;-38,465;;23;1493;85;America/Sao_Paulo
;Pacaraima;4,4799;-61,1477;;14;34;95;America/Porto_Velho
;Pacatuba;-3,9784;-38,6183;;23;1495;85;America/Sao_Paulo
;Pacatuba;-10,4538;-36,6531;;28;3197;79;America/Sao_Paulo
;Paço do Lumiar;-2,51657;-44,1019;;21;849;98;America/Sao_Paulo
;Pacoti;-4,22492;-38,922;;23;1497;85;America/Sao_Paulo
;Pacujá;-3,98327;-40,6989;;23;1499;88;America/Sao_Paulo
;Padre Bernardo;-15,1605;-48,2833;;52;9509;61;America/Sao_Paulo
;Padre Carvalho;-16,3646;-42,5088;;31;676;38;America/Sao_Paulo
;Padre Marcos;-7,35101;-40,8997;;22;1143;89;America/Sao_Paulo
;Padre Paraíso;-17,0758;-41,4821;;31;4925;33;America/Sao_Paulo
;Paes Landim;-7,77375;-42,2474;;22;1145;89;America/Sao_Paulo
;Pai Pedro;-15,5271;-43,07;;31;678;38;America/Sao_Paulo
;Paial;-27,2541;-52,4975;;42;928;49;America/Sao_Paulo
;Paiçandu;-23,4555;-52,046;;41;7731;44;America/Sao_Paulo
;Paim Filho;-27,7075;-51,763;;43;8775;54;America/Sao_Paulo
;Paineiras;-18,8993;-45,5321;;31;4927;37;America/Sao_Paulo
;Painel;-27,9234;-50,0972;;42;930;49;America/Sao_Paulo
;Pains;-20,3705;-45,6627;;31;4929;37;America/Sao_Paulo
;Paiva;-21,2913;-43,4088;;31;4931;32;America/Sao_Paulo
;Pajeú do Piauí;-7,85508;-42,8248;;22;362;89;America/Sao_Paulo
;Palestina;-9,67493;-37,339;;27;2823;82;America/Sao_Paulo
PALESTINA;Palestina;-20,39;-49,4309;;35;6801;17;America/Sao_Paulo
;Palestina de Goiás;-16,7392;-51,5309;;52;9737;64;America/Sao_Paulo
;Palestina do Pará;-5,74027;-48,3181;;15;379;94;America/Sao_Paulo
;Palhano;-4,73672;-37,9655;;23;1501;88;America/Sao_Paulo
;Palhoça;-27,6455;-48,6697;;42;8233;48;America/Sao_Paulo
;Palma;-21,3748;-42,3123;;31;4933;32;America/Sao_Paulo
;Palma Sola;-26,3471;-53,2771;;42;8235;49;America/Sao_Paulo
;Palmácia;-4,13831;-38,8446;;23;1503;85;America/Sao_Paulo
;Palmares;-8,68423;-35,589;;26;2499;81;America/Sao_Paulo
;Palmares do Sul;-30,2535;-50,5103;;43;8967;51;America/Sao_Paulo
PALMARES PAULISTA;Palmares Paulista;-21,0854;-48,8037;;35;6803;17;America/Sao_Paulo
;Palmas;-26,4839;-51,9888;;41;7733;46;America/Sao_Paulo
;Palmas;-10,24;-48,3558;1.0;17;9733;63;America/Sao_Paulo
;Palmas de Monte Alto;-14,2676;-43,1609;;29;3769;77;America/Sao_Paulo
;Palmeira;-25,4257;-50,007;;41;7735;42;America/Sao_Paulo
;Palmeira;-27,583;-50,1577;;42;932;49;America/Sao_Paulo
PALMEIRA D'OESTE;Palmeira d'Oeste;-20,4148;-50,7632;;35;6805;17;America/Sao_Paulo
;Palmeira das Missões;-27,9007;-53,3134;;43;8777;55;America/Sao_Paulo
;Palmeira do Piauí;-8,73076;-44,2466;;22;1147;89;America/Sao_Paulo
;Palmeira dos Índios;-9,40568;-36,6328;;27;2825;82;America/Sao_Paulo
;Palmeirais;-5,97086;-43,056;;22;1149;86;America/Sao_Paulo
;Palmeirândia;-2,64433;-44,8933;;21;851;98;America/Sao_Paulo
;Palmeirante;-7,84786;-47,9242;;17;189;63;America/Sao_Paulo
;Palmeiras;-12,5059;-41,5809;;29;3771;75;America/Sao_Paulo
;Palmeiras de Goiás;-16,8044;-49,924;;52;9511;64;America/Sao_Paulo
;Palmeiras do Tocantins;-6,61658;-47,5464;;17;185;63;America/Sao_Paulo
;Palmeirina;-9,0109;-36,3242;;26;2501;87;America/Sao_Paulo
;Palmeirópolis;-13,0447;-48,4026;;17;9649;63;America/Sao_Paulo
;Palmelo;-17,3258;-48,426;;52;9513;64;America/Sao_Paulo
;Palminópolis;-16,7924;-50,1652;;52;9515;64;America/Sao_Paulo
PALMITAL;Palmital;-22,7858;-50,218;;35;6807;18;America/Sao_Paulo
;Palmital;-24,8853;-52,2029;;41;7737;42;America/Sao_Paulo
;Palmitinho;-27,3596;-53,558;;43;8779;55;America/Sao_Paulo
;Palmitos;-27,0702;-53,1586;;42;8237;49;America/Sao_Paulo
;Palmópolis;-16,7364;-40,4296;;31;2661;33;America/Sao_Paulo
;Palotina;-24,2868;-53,8404;;41;7739;44;America/Sao_Paulo
;Panamá;-18,1783;-49,355;;52;9517;64;America/Sao_Paulo
;Panambi;-28,2833;-53,5023;;43;8781;55;America/Sao_Paulo
;Pancas;-19,2229;-40,8534;;32;5679;27;America/Sao_Paulo
;Panelas;-8,66121;-36,0125;;26;2503;81;America/Sao_Paulo
PANORAMA;Panorama;-21,354;-51,8562;;35;6809;18;America/Sao_Paulo
;Pantano Grande;-30,1902;-52,3729;;43;7375;51;America/Sao_Paulo
;Pão de Açúcar;-9,74032;-37,4403;;27;2827;82;America/Sao_Paulo
;Papagaios;-19,4419;-44,7468;;31;4937;37;America/Sao_Paulo
;Papanduva;-26,3777;-50,1419;;42;8239;47;America/Sao_Paulo
;Paquetá;-7,10303;-41,7;;22;364;89;America/Sao_Paulo
;Pará de Minas;-19,8534;-44,6114;;31;4941;37;America/Sao_Paulo
;Paracambi;-22,6078;-43,7108;;33;5871;21;America/Sao_Paulo
;Paracatu;-17,2252;-46,8711;;31;4939;38;America/Sao_Paulo
;Paracuru;-3,41436;-39,03;;23;1505;85;America/Sao_Paulo
;Paragominas;-3,00212;-47,3527;;15;509;91;America/Sao_Paulo
;Paraguaçu;-21,5465;-45,7374;;31;4943;35;America/Sao_Paulo
PARAGUACU PAULISTA;Paraguaçu Paulista;-22,4114;-50,5732;;35;6811;18;America/Sao_Paulo
;Paraí;-28,5964;-51,7896;;43;8783;54;America/Sao_Paulo
;Paraíba do Sul;-22,1585;-43,304;;33;5873;24;America/Sao_Paulo
;Paraibano;-6,4264;-43,9792;;21;853;99;America/Sao_Paulo
PARAIBUNA;Paraibuna;-23,3872;-45,6639;;35;6813;12;America/Sao_Paulo
;Paraipaba;-3,43799;-39,1479;;23;1599;85;America/Sao_Paulo
PARAISO;Paraíso;-21,0159;-48,7761;;35;6815;17;America/Sao_Paulo
;Paraíso;-26,62;-53,6716;;42;5747;49;America/Sao_Paulo
;Paraíso das Águas;-19,0216;-53,0116;;50;1196;67;America/Porto_Velho
;Paraíso do Norte;-23,2824;-52,6054;;41;7741;44;America/Sao_Paulo
;Paraíso do Sul;-29,6717;-53,144;;43;7373;55;America/Sao_Paulo
;Paraíso do Tocantins;-10,175;-48,8823;;17;9519;63;America/Sao_Paulo
;Paraisópolis;-22,5539;-45,7803;;31;4945;35;America/Sao_Paulo
;Parambu;-6,20768;-40,6905;;23;1507;88;America/Sao_Paulo
;Paramirim;-13,4388;-42,2395;;29;3773;77;America/Sao_Paulo
;Paramoti;-4,08815;-39,2417;;23;1509;85;America/Sao_Paulo
;Paranã;-12,6167;-47,8734;;17;9521;63;America/Sao_Paulo
;Paraná;-6,47565;-38,3057;;24;1771;84;America/Sao_Paulo
;Paranacity;-22,9297;-52,1549;;41;7743;44;America/Sao_Paulo
;Paranaguá;-25,5161;-48,5225;;41;7745;41;America/Sao_Paulo
;Paranaíba;-19,6746;-51,1909;;50;9125;67;America/Porto_Velho
;Paranaiguara;-18,9141;-50,6539;;52;9455;64;America/Sao_Paulo
;Paranaíta;-9,65835;-56,4786;;51;9885;66;America/Porto_Velho
PARANAPANEMA;Paranapanema;-23,3862;-48,7214;;35;6817;14;America/Sao_Paulo
;Paranapoema;-22,6412;-52,0905;;41;7747;44;America/Sao_Paulo
PARANAPUA;Paranapuã;-20,1048;-50,5886;;35;6819;17;America/Sao_Paulo
;Paranatama;-8,91875;-36,6549;;26;2505;87;America/Sao_Paulo
;Paranatinga;-14,4265;-54,0524;;51;8983;66;America/Porto_Velho
;Paranavaí;-23,0816;-52,4617;;41;7749;44;America/Sao_Paulo
;Paranhos;-23,8911;-55,429;;50;9739;67;America/Porto_Velho
;Paraopeba;-19,2732;-44,4044;;31;4947;31;America/Sao_Paulo
PARAPUA;Parapuã;-21,7792;-50,7949;;35;6821;18;America/Sao_Paulo
;Parari;-7,30975;-36,6522;;25;494;83;America/Sao_Paulo
;Paratinga;-12,687;-43,1798;;29;3775;77;America/Sao_Paulo
;Paraty;-23,2221;-44,7175;;33;5875;24;America/Sao_Paulo
;Paraú;-5,76893;-37,1032;;24;1773;84;America/Sao_Paulo
;Parauapebas;-6,06781;-49,9037;;15;595;94;America/Sao_Paulo
;Paraúna;-16,9463;-50,4484;;52;9523;64;America/Sao_Paulo
;Parazinho;-5,22276;-35,8398;;24;1775;84;America/Sao_Paulo
PARDINHO;Pardinho;-23,0841;-48,3679;;35;6823;14;America/Sao_Paulo
;Pareci Novo;-29,6365;-51,3974;;43;6041;51;America/Sao_Paulo
;Parecis;-12,1754;-61,6032;;11;12;69;America/Porto_Velho
;Parelhas;-6,68491;-36,6566;;24;1777;84;America/Sao_Paulo
;Pariconha;-9,25634;-37,9988;;27;2645;82;America/Sao_Paulo
;Parintins;-2,63741;-56,729;;13;269;92;America/Porto_Velho
;Paripiranga;-10,6859;-37,8626;;29;3777;75;America/Sao_Paulo
;Paripueira;-9,46313;-35,552;;27;2641;82;America/Sao_Paulo
PARIQUERA-ACU;Pariquera-Açu;-24,7147;-47,8742;;35;6825;13;America/Sao_Paulo
PARISI;Parisi;-20,3034;-50,0163;;35;2989;17;America/Sao_Paulo
;Parnaguá;-10,2166;-44,63;;22;1151;89;America/Sao_Paulo
;Parnaíba;-2,90585;-41,7754;;22;1153;86;America/Sao_Paulo
;Parnamirim;-5,91116;-35,271;;24;1779;84;America/Sao_Paulo
;Parnamirim;-8,08729;-39,5795;;26;2507;87;America/Sao_Paulo
;Parnarama;-5,67365;-43,1011;;21;855;99;America/Sao_Paulo
;Parobé;-29,6243;-50,8312;;43;9825;51;America/Sao_Paulo
;Passa e Fica;-6,43018;-35,6442;;24;1781;84;America/Sao_Paulo
;Passa Quatro;-22,3871;-44,9709;;31;4951;35;America/Sao_Paulo
;Passa Sete;-29,4577;-52,9599;;43;1010;51;America/Sao_Paulo
;Passa Tempo;-20,6539;-44,4926;;31;4953;37;America/Sao_Paulo
;Passa-Vinte;-22,2097;-44,2344;;31;4955;32;America/Sao_Paulo
;Passabém;-19,3509;-43,1383;;31;4949;31;America/Sao_Paulo
;Passagem;-6,27268;-35,37;;24;1783;84;America/Sao_Paulo
;Passagem;-7,13467;-37,0433;;25;2115;83;America/Sao_Paulo
;Passagem Franca;-6,17745;-43,7755;;21;857;99;America/Sao_Paulo
;Passagem Franca do Piauí;-5,86036;-42,4436;;22;1293;86;America/Sao_Paulo
;Passira;-7,9971;-35,5813;;26;2509;81;America/Sao_Paulo
;Passo de Camaragibe;-9,24511;-35,4745;;27;2829;82;America/Sao_Paulo
;Passo de Torres;-29,3099;-49,722;;42;5541;48;America/Sao_Paulo
;Passo do Sobrado;-29,748;-52,2748;;43;5765;51;America/Sao_Paulo
;Passo Fundo;-28,2576;-52,4091;;43;8785;54;America/Sao_Paulo
;Passos;-20,7193;-46,609;;31;4957;35;America/Sao_Paulo
;Passos Maia;-26,7829;-52,0568;;42;5743;49;America/Sao_Paulo
;Pastos Bons;-6,60296;-44,0745;;21;859;99;America/Sao_Paulo
;Patis;-16,0773;-44,0787;;31;680;38;America/Sao_Paulo
;Pato Bragado;-24,6271;-54,2265;;41;5533;45;America/Sao_Paulo
;Pato Branco;-26,2292;-52,6706;;41;7751;46;America/Sao_Paulo
;Patos;-7,01743;-37,2747;;25;2117;83;America/Sao_Paulo
;Patos de Minas;-18,5699;-46,5013;;31;4959;34;America/Sao_Paulo
;Patos do Piauí;-7,67231;-41,2408;;22;2277;89;America/Sao_Paulo
;Patrocínio;-18,9379;-46,9934;;31;4961;34;America/Sao_Paulo
;Patrocínio do Muriaé;-21,1544;-42,2125;;31;4963;32;America/Sao_Paulo
PATROCINIO PAULISTA;Patrocínio Paulista;-20,6384;-47,2801;;35;6827;16;America/Sao_Paulo
;Patu;-6,10656;-37,6356;;24;1785;84;America/Sao_Paulo
;Paty do Alferes;-22,4309;-43,4285;;33;6005;24;America/Sao_Paulo
;Pau Brasil;-15,4572;-39,6458;;29;3779;73;America/Sao_Paulo
;Pau d'Arco;-1,59772;-46,9268;;15;387;94;America/Sao_Paulo
;Pau D'Arco;-7,53919;-49,367;;17;191;63;America/Sao_Paulo
;Pau D'Arco do Piauí;-5,26072;-42,3908;;22;1104;86;America/Sao_Paulo
;Pau dos Ferros;-6,10498;-38,2077;;24;1787;84;America/Sao_Paulo
;Paudalho;-7,90287;-35,1716;;26;2511;81;America/Sao_Paulo
;Pauini;-7,71311;-66,992;;13;271;97;America/Rio_Branco
;Paula Cândido;-20,8754;-42,9752;;31;4965;32;America/Sao_Paulo
;Paula Freitas;-26,2105;-50,931;;41;7753;42;America/Sao_Paulo
PAULICEIA;Paulicéia;-21,3153;-51,8321;;35;6829;18;America/Sao_Paulo
PAULINIA;Paulínia;-22,7542;-47,1488;;35;6831;19;America/Sao_Paulo
;Paulino Neves;-2,72094;-42,5258;;21;206;98;America/Sao_Paulo
;Paulista;-6,59138;-37,6185;;25;2119;83;America/Sao_Paulo
;Paulista;-7,93401;-34,8684;;26;2513;81;America/Sao_Paulo
;Paulistana;-8,13436;-41,1431;;22;1155;89;America/Sao_Paulo
PAULISTANIA;Paulistânia;-22,5768;-49,4008;;35;810;14;America/Sao_Paulo
;Paulistas;-18,4276;-42,8628;;31;4967;33;America/Sao_Paulo
;Paulo Afonso;-9,3983;-38,2216;;29;3781;75;America/Sao_Paulo
;Paulo Bento;-27,7051;-52,4169;;43;1154;54;America/Sao_Paulo
PAULO DE FARIA;Paulo de Faria;-20,0296;-49,4;;35;6833;17;America/Sao_Paulo
;Paulo Frontin;-26,0466;-50,8304;;41;7755;42;America/Sao_Paulo
;Paulo Jacinto;-9,36792;-36,3672;;27;2831;82;America/Sao_Paulo
;Paulo Lopes;-27,9607;-48,6864;;42;8241;48;America/Sao_Paulo
;Paulo Ramos;-4,44485;-45,2398;;21;959;98;America/Sao_Paulo
;Pavão;-17,4267;-41,0035;;31;4969;33;America/Sao_Paulo
;Paverama;-29,5486;-51,7339;;43;7371;51;America/Sao_Paulo
;Pavussu;-7,96059;-43,2284;;22;366;89;America/Sao_Paulo
;Pé de Serra;-11,8313;-39,611;;29;3981;75;America/Sao_Paulo
;Peabiru;-23,914;-52,3431;;41;7757;44;America/Sao_Paulo
;Peçanha;-18,5441;-42,5583;;31;4971;33;America/Sao_Paulo
PEDERNEIRAS;Pederneiras;-22,3511;-48,7781;;35;6835;14;America/Sao_Paulo
;Pedra;-8,49641;-36,94;;26;2515;87;America/Sao_Paulo
;Pedra Azul;-16,0086;-41,2909;;31;4973;33;America/Sao_Paulo
PEDRA BELA;Pedra Bela;-22,7902;-46,4455;;35;6837;11;America/Sao_Paulo
;Pedra Bonita;-20,5219;-42,3304;;31;682;31;America/Sao_Paulo
;Pedra Branca;-7,42169;-38,0689;;25;2121;83;America/Sao_Paulo
;Pedra Branca;-5,45341;-39,7078;;23;1511;88;America/Sao_Paulo
;Pedra Branca do Amapari;0,777424;-51,9503;;16;663;96;America/Sao_Paulo
;Pedra do Anta;-20,5968;-42,7123;;31;4975;31;America/Sao_Paulo
;Pedra do Indaiá;-20,2563;-45,2107;;31;4977;37;America/Sao_Paulo
;Pedra Dourada;-20,8266;-42,1515;;31;4979;32;America/Sao_Paulo
;Pedra Grande;-5,14988;-35,876;;24;1789;84;America/Sao_Paulo
;Pedra Lavrada;-6,74997;-36,4758;;25;2123;83;America/Sao_Paulo
;Pedra Mole;-10,6134;-37,6922;;28;3199;79;America/Sao_Paulo
;Pedra Preta;-5,57352;-36,1084;;24;1791;84;America/Sao_Paulo
;Pedra Preta;-16,6245;-54,4722;;51;9181;66;America/Porto_Velho
;Pedralva;-22,2386;-45,4654;;31;4981;35;America/Sao_Paulo
PEDRANOPOLIS;Pedranópolis;-20,2474;-50,1129;;35;6839;17;America/Sao_Paulo
;Pedrão;-12,1491;-38,6487;;29;3783;75;America/Sao_Paulo
;Pedras Altas;-31,7365;-53,5814;;43;1156;53;America/Sao_Paulo
;Pedras de Fogo;-7,39107;-35,1065;;25;2125;83;America/Sao_Paulo
;Pedras de Maria da Cruz;-15,6032;-44,391;;31;2899;38;America/Sao_Paulo
;Pedras Grandes;-28,4339;-49,1949;;42;8243;48;America/Sao_Paulo
PEDREGULHO;Pedregulho;-20,2535;-47,4775;;35;6841;16;America/Sao_Paulo
PEDREIRA;Pedreira;-22,7413;-46,8948;;35;6843;19;America/Sao_Paulo
;Pedreiras;-4,56482;-44,6006;;21;861;99;America/Sao_Paulo
;Pedrinhas;-11,1902;-37,6775;;28;3201;79;America/Sao_Paulo
PEDRINHAS PAULISTA;Pedrinhas Paulista;-22,8174;-50,7933;;35;2963;18;America/Sao_Paulo
;Pedrinópolis;-19,2241;-47,4579;;31;4983;34;America/Sao_Paulo
;Pedro Afonso;-8,97034;-48,1729;;17;9525;63;America/Sao_Paulo
;Pedro Alexandre;-10,012;-37,8932;;29;3785;75;America/Sao_Paulo
;Pedro Avelino;-5,5161;-36,3867;;24;1793;84;America/Sao_Paulo
;Pedro Canário;-18,3004;-39,9574;;32;5715;27;America/Sao_Paulo
PEDRO DE TOLEDO;Pedro de Toledo;-24,2764;-47,2354;;35;6845;13;America/Sao_Paulo
;Pedro do Rosário;-2,97272;-45,3493;;21;208;98;America/Sao_Paulo
;Pedro Gomes;-18,0996;-54,5507;;50;9127;67;America/Porto_Velho
;Pedro II;-4,42585;-41,4482;;22;1157;86;America/Sao_Paulo
;Pedro Laurentino;-8,06807;-42,2847;;22;368;89;America/Sao_Paulo
;Pedro Leopoldo;-19,6308;-44,0383;;31;4985;31;America/Sao_Paulo
;Pedro Osório;-31,8642;-52,8184;;43;8787;53;America/Sao_Paulo
;Pedro Régis;-6,63323;-35,2966;;25;500;83;America/Sao_Paulo
;Pedro Teixeira;-21,7076;-43,743;;31;4987;32;America/Sao_Paulo
;Pedro Velho;-6,4356;-35,2195;;24;1795;84;America/Sao_Paulo
;Peixe;-12,0254;-48,5395;;17;9527;63;America/Sao_Paulo
;Peixe-Boi;-1,19382;-47,324;;15;511;91;America/Sao_Paulo
;Peixoto de Azevedo;-10,2262;-54,9794;;51;9891;66;America/Porto_Velho
;Pejuçara;-28,4283;-53,6579;;43;8789;55;America/Sao_Paulo
;Pelotas;-31,7649;-52,3371;;43;8791;53;America/Sao_Paulo
;Penaforte;-7,82163;-39,0707;;23;1513;88;America/Sao_Paulo
;Penalva;-3,27674;-45,1768;;21;863;98;America/Sao_Paulo
PENAPOLIS;Penápolis;-21,4148;-50,0769;;35;6847;18;America/Sao_Paulo
;Pendências;-5,2564;-36,7095;;24;1797;84;America/Sao_Paulo
;Penedo;-10,2874;-36,5819;;27;2833;82;America/Sao_Paulo
;Penha;-26,7754;-48,6465;;42;8245;47;America/Sao_Paulo
;Pentecoste;-3,79274;-39,2692;;23;1515;85;America/Sao_Paulo
;Pequeri;-21,8341;-43,1145;;31;4989;32;America/Sao_Paulo
;Pequi;-19,6284;-44,6604;;31;4991;37;America/Sao_Paulo
;Pequizeiro;-8,5932;-48,9327;;17;9705;63;America/Sao_Paulo
;Perdigão;-19,9411;-45,078;;31;4993;37;America/Sao_Paulo
;Perdizes;-19,3434;-47,2963;;31;4995;34;America/Sao_Paulo
;Perdões;-21,0932;-45,0896;;31;4997;35;America/Sao_Paulo
PEREIRA BARRETO;Pereira Barreto;-20,6368;-51,1123;;35;6849;18;America/Sao_Paulo
PEREIRAS;Pereiras;-23,0804;-47,972;;35;6851;14;America/Sao_Paulo
;Pereiro;-6,03576;-38,4624;;23;1517;88;America/Sao_Paulo
;Peri Mirim;-2,57676;-44,8504;;21;865;98;America/Sao_Paulo
;Periquito;-19,1573;-42,2333;;31;684;33;America/Sao_Paulo
;Peritiba;-27,3754;-51,9018;;42;8247;49;America/Sao_Paulo
;Peritoró;-4,37459;-44,3369;;21;210;99;America/Sao_Paulo
;Perobal;-23,8949;-53,4098;;41;868;44;America/Sao_Paulo
;Pérola;-23,8039;-53,6834;;41;7969;44;America/Sao_Paulo
;Pérola d'Oeste;-25,8278;-53,7433;;41;7759;46;America/Sao_Paulo
;Perolândia;-17,5258;-52,065;;52;75;64;America/Sao_Paulo
PERUIBE;Peruíbe;-24,312;-47,0012;;35;6853;13;America/Sao_Paulo
;Pescador;-18,357;-41,6006;;31;4999;33;America/Sao_Paulo
;Pescaria Brava;-28,3966;-48,8864;;42;1194;48;America/Sao_Paulo
;Pesqueira;-8,35797;-36,6978;;26;2517;87;America/Sao_Paulo
;Petrolândia;-9,06863;-38,3027;;26;2519;87;America/Sao_Paulo
;Petrolândia;-27,5346;-49,6937;;42;8249;47;America/Sao_Paulo
;Petrolina;-9,38866;-40,5027;;26;2521;87;America/Sao_Paulo
;Petrolina de Goiás;-16,0968;-49,3364;;52;9531;62;America/Sao_Paulo
;Petrópolis;-22,52;-43,1926;;33;5877;24;America/Sao_Paulo
;Piaçabuçu;-10,406;-36,434;;27;2835;82;America/Sao_Paulo
PIACATU;Piacatu;-21,5921;-50,6003;;35;6855;18;America/Sao_Paulo
;Piancó;-7,19282;-37,9289;;25;2127;83;America/Sao_Paulo
;Piatã;-13,1465;-41,7702;;29;3787;77;America/Sao_Paulo
;Piau;-21,5096;-43,313;;31;5001;32;America/Sao_Paulo
;Picada Café;-29,4464;-51,1367;;43;6021;54;America/Sao_Paulo
;Piçarra;-6,43778;-48,8716;;15;58;94;America/Sao_Paulo
;Picos;-7,07721;-41,467;;22;1159;89;America/Sao_Paulo
;Picuí;-6,50845;-36,3497;;25;2129;83;America/Sao_Paulo
PIEDADE;Piedade;-23,7139;-47,4256;;35;6857;15;America/Sao_Paulo
;Piedade de Caratinga;-19,7593;-42,0756;;31;686;33;America/Sao_Paulo
;Piedade de Ponte Nova;-20,2438;-42,7379;;31;5003;31;America/Sao_Paulo
;Piedade do Rio Grande;-21,469;-44,1938;;31;5005;32;America/Sao_Paulo
;Piedade dos Gerais;-20,4715;-44,2243;;31;5007;31;America/Sao_Paulo
;Piên;-26,0965;-49,4336;;41;7761;41;America/Sao_Paulo
;Pilão Arcado;-10,0051;-42,4936;;29;3789;74;America/Sao_Paulo
;Pilar;-7,26403;-35,2523;;25;2131;83;America/Sao_Paulo
;Pilar;-9,60135;-35,9543;;27;2837;82;America/Sao_Paulo
;Pilar de Goiás;-14,7608;-49,5784;;52;9535;62;America/Sao_Paulo
PILAR DO SUL;Pilar do Sul;-23,8077;-47,7222;;35;6859;15;America/Sao_Paulo
;Pilões;-6,26364;-38,0461;;24;1799;84;America/Sao_Paulo
;Pilões;-6,86827;-35,613;;25;2133;83;America/Sao_Paulo
;Pilõezinhos;-6,84277;-35,531;;25;2135;83;America/Sao_Paulo
;Pimenta;-20,4827;-45,8049;;31;5009;37;America/Sao_Paulo
;Pimenta Bueno;-11,672;-61,198;;11;11;69;America/Porto_Velho
;Pimenteiras;-6,23839;-41,4113;;22;1161;89;America/Sao_Paulo
;Pimenteiras do Oeste;-13,4823;-61,0471;;11;14;69;America/Porto_Velho
;Pindaí;-14,4921;-42,686;;29;3791;77;America/Sao_Paulo
PINDAMONHANGABA;Pindamonhangaba;-22,9246;-45,4613;;35;6861;12;America/Sao_Paulo
;Pindaré-Mirim;-3,60985;-45,342;;21;867;98;America/Sao_Paulo
;Pindoba;-9,47382;-36,2918;;27;2839;82;America/Sao_Paulo
;Pindobaçu;-10,7433;-40,3675;;29;3793;74;America/Sao_Paulo
PINDORAMA;Pindorama;-21,1853;-48,9086;;35;6863;17;America/Sao_Paulo
;Pindorama do Tocantins;-11,1311;-47,5726;;17;9537;63;America/Sao_Paulo
;Pindoretama;-4,01584;-38,3061;;23;1267;85;America/Sao_Paulo
;Pingo-d'Água;-19,7287;-42,4095;;31;688;33;America/Sao_Paulo
;Pinhais;-25,4429;-49,1927;;41;5453;41;America/Sao_Paulo
;Pinhal;-27,508;-53,2082;;43;7369;55;America/Sao_Paulo
;Pinhal da Serra;-27,8751;-51,1673;;43;1158;54;America/Sao_Paulo
;Pinhal de São Bento;-26,0324;-53,482;;41;5495;46;America/Sao_Paulo
;Pinhal Grande;-29,345;-53,3206;;43;5787;55;America/Sao_Paulo
;Pinhalão;-23,7982;-50,0536;;41;7763;43;America/Sao_Paulo
PINHALZINHO;Pinhalzinho;-22,7811;-46,5897;;35;6867;11;America/Sao_Paulo
;Pinhalzinho;-26,8495;-52,9913;;42;8253;49;America/Sao_Paulo
;Pinhão;-10,5677;-37,7242;;28;3203;79;America/Sao_Paulo
;Pinhão;-25,6944;-51,6536;;41;7765;42;America/Sao_Paulo
;Pinheiral;-22,5172;-44,0022;;33;778;24;America/Sao_Paulo
;Pinheirinho do Vale;-27,2109;-53,608;;43;5975;55;America/Sao_Paulo
;Pinheiro;-2,52224;-45,0788;;21;869;98;America/Sao_Paulo
;Pinheiro Machado;-31,5794;-53,3798;;43;8793;53;America/Sao_Paulo
;Pinheiro Preto;-27,0483;-51,2243;;42;8255;49;America/Sao_Paulo
;Pinheiros;-18,4141;-40,2171;;32;5681;27;America/Sao_Paulo
;Pintadas;-11,8117;-39,9009;;29;3983;75;America/Sao_Paulo
;Pinto Bandeira;-29,0975;-51,4503;;43;1160;54;America/Sao_Paulo
;Pintópolis;-16,0572;-45,1402;;31;690;38;America/Sao_Paulo
;Pio IX;-6,83002;-40,6083;;22;1163;89;America/Sao_Paulo
;Pio XII;-3,89315;-45,1759;;21;871;98;America/Sao_Paulo
PIQUEROBI;Piquerobi;-21,8747;-51,7282;;35;6869;18;America/Sao_Paulo
;Piquet Carneiro;-5,80025;-39,417;;23;1519;88;America/Sao_Paulo
PIQUETE;Piquete;-22,6069;-45,1869;;35;6871;12;America/Sao_Paulo
PIRACAIA;Piracaia;-23,0525;-46,3594;;35;6873;11;America/Sao_Paulo
;Piracanjuba;-17,302;-49,017;;52;9539;64;America/Sao_Paulo
;Piracema;-20,5089;-44,4783;;31;5011;37;America/Sao_Paulo
PIRACICABA;Piracicaba;-22,7338;-47,6476;;35;6875;19;America/Sao_Paulo
;Piracuruca;-3,93335;-41,7088;;22;1165;86;America/Sao_Paulo
;Piraí;-22,6215;-43,9081;;33;5879;24;America/Sao_Paulo
;Piraí do Norte;-13,759;-39,3836;;29;3019;73;America/Sao_Paulo
;Piraí do Sul;-24,5306;-49,9433;;41;7767;42;America/Sao_Paulo
PIRAJU;Piraju;-23,1981;-49,3803;;35;6877;14;America/Sao_Paulo
;Pirajuba;-19,9092;-48,7027;;31;5013;34;America/Sao_Paulo
PIRAJUI;Pirajuí;-21,999;-49,4608;;35;6879;14;America/Sao_Paulo
;Pirambu;-10,7215;-36,8544;;28;3205;79;America/Sao_Paulo
;Piranga;-20,6834;-43,2967;;31;5015;31;America/Sao_Paulo
PIRANGI;Pirangi;-21,0886;-48,6607;;35;6881;17;America/Sao_Paulo
;Piranguçu;-22,5249;-45,4945;;31;5017;35;America/Sao_Paulo
;Piranguinho;-22,395;-45,5324;;31;5019;35;America/Sao_Paulo
;Piranhas;-9,624;-37,757;;27;2841;82;America/Sao_Paulo
;Piranhas;-16,4258;-51,8235;;52;9541;64;America/Sao_Paulo
;Pirapemas;-3,72041;-44,2216;;21;873;98;America/Sao_Paulo
;Pirapetinga;-21,6554;-42,3434;;31;5021;32;America/Sao_Paulo
;Pirapó;-28,0439;-55,2001;;43;7367;55;America/Sao_Paulo
;Pirapora;-17,3392;-44,934;;31;5023;38;America/Sao_Paulo
PIRAPORA DO BOM JESUS;Pirapora do Bom Jesus;-23,3965;-46,9991;;35;6883;11;America/Sao_Paulo
PIRAPOZINHO;Pirapozinho;-22,2711;-51,4976;;35;6885;18;America/Sao_Paulo
;Piraquara;-25,4422;-49,0624;;41;7769;41;America/Sao_Paulo
;Piraquê;-6,77302;-48,2958;;17;355;63;America/Sao_Paulo
PIRASSUNUNGA;Pirassununga;-21,996;-47,4257;;35;6887;19;America/Sao_Paulo
;Piratini;-31,4473;-53,0973;;43;8795;53;America/Sao_Paulo
PIRATININGA;Piratininga;-22,4142;-49,1339;;35;6889;14;America/Sao_Paulo
;Piratuba;-27,4242;-51,7668;;42;8257;49;America/Sao_Paulo
;Piraúba;-21,2825;-43,0172;;31;5025;32;America/Sao_Paulo
;Pirenópolis;-15,8507;-48,9584;;52;9543;62;America/Sao_Paulo
;Pires do Rio;-17,3019;-48,2768;;52;9545;64;America/Sao_Paulo
;Pires Ferreira;-4,23922;-40,6442;;23;1269;88;America/Sao_Paulo
;Piripá;-14,9444;-41,7168;;29;3795;77;America/Sao_Paulo
;Piripiri;-4,27157;-41,7716;;22;1167;86;America/Sao_Paulo
;Piritiba;-11,73;-40,5587;;29;3797;74;America/Sao_Paulo
;Pirpirituba;-6,77922;-35,4906;;25;2137;83;America/Sao_Paulo
;Pitanga;-24,7588;-51,7596;;41;7771;42;America/Sao_Paulo
PITANGUEIRAS;Pitangueiras;-21,0132;-48,221;;35;6891;16;America/Sao_Paulo
;Pitangueiras;-23,2281;-51,5873;;41;5461;43;America/Sao_Paulo
;Pitangui;-19,6741;-44,8964;;31;5027;37;America/Sao_Paulo
;Pitimbu;-7,4664;-34,8151;;25;2139;83;America/Sao_Paulo
;Pium;-10,442;-49,1876;;17;9547;63;America/Sao_Paulo
;Piúma;-20,8334;-40,7268;;32;5683;28;America/Sao_Paulo
;Piumhi;-20,4762;-45,9589;;31;5029;37;America/Sao_Paulo
;Placas;-3,86813;-54,2124;;15;60;93;America/Sao_Paulo
;Plácido de Castro;-10,2806;-67,1371;;12;151;68;America/Rio_Branco
;Planaltina;-15,452;-47,6089;;52;9595;61;America/Sao_Paulo
;Planaltina do Paraná;-23,0101;-52,9162;;41;7773;44;America/Sao_Paulo
;Planaltino;-13,2618;-40,3695;;29;3799;73;America/Sao_Paulo
;Planalto;-14,6654;-40,4718;;29;3801;77;America/Sao_Paulo
;Planalto;-27,3297;-53,0575;;43;8797;55;America/Sao_Paulo
PLANALTO;Planalto;-21,0342;-49,933;;35;6893;18;America/Sao_Paulo
;Planalto;-25,7211;-53,7642;;41;7775;46;America/Sao_Paulo
;Planalto Alegre;-27,0704;-52,867;;42;5593;49;America/Sao_Paulo
;Planalto da Serra;-14,6518;-54,7819;;51;91;66;America/Porto_Velho
;Planura;-20,1376;-48,7;;31;5031;34;America/Sao_Paulo
PLATINA;Platina;-22,6371;-50,2104;;35;6895;18;America/Sao_Paulo
POA;Poá;-23,5333;-46,3473;;35;6897;11;America/Sao_Paulo
;Poção;-8,18726;-36,7111;;26;2523;87;America/Sao_Paulo
;Poção de Pedras;-4,74626;-44,9432;;21;875;99;America/Sao_Paulo
;Pocinhos;-7,06658;-36,0668;;25;2141;83;America/Sao_Paulo
;Poço Branco;-5,62233;-35,6635;;24;1801;84;America/Sao_Paulo
;Poço Dantas;-6,39876;-38,4909;;25;496;83;America/Sao_Paulo
;Poço das Antas;-29,4481;-51,6719;;43;7365;51;America/Sao_Paulo
;Poço das Trincheiras;-9,30742;-37,2889;;27;2843;82;America/Sao_Paulo
;Poço de José de Moura;-6,56401;-38,5111;;25;498;83;America/Sao_Paulo
;Poço Fundo;-21,78;-45,9658;;31;5033;35;America/Sao_Paulo
;Poço Redondo;-9,80616;-37,6833;;28;3207;79;America/Sao_Paulo
;Poço Verde;-10,7151;-38,1813;;28;3209;79;America/Sao_Paulo
;Poções;-14,5234;-40,3634;;29;3803;77;America/Sao_Paulo
;Poconé;-16,266;-56,6261;;51;9129;65;America/Porto_Velho
;Poços de Caldas;-21,78;-46,5692;;31;5035;35;America/Sao_Paulo
;Pocrane;-19,6208;-41,6334;;31;5037;33;America/Sao_Paulo
;Pojuca;-12,4303;-38,3374;;29;3805;71;America/Sao_Paulo
POLONI;Poloni;-20,7829;-49,8258;;35;6899;17;America/Sao_Paulo
;Pombal;-6,76606;-37,8003;;25;2143;83;America/Sao_Paulo
;Pombos;-8,13982;-35,3967;;26;2525;81;America/Sao_Paulo
;Pomerode;-26,7384;-49,1785;;42;8259;47;America/Sao_Paulo
POMPEIA;Pompéia;-22,107;-50,176;;35;6901;14;America/Sao_Paulo
;Pompéu;-19,2257;-45,0141;;31;5039;37;America/Sao_Paulo
PONGAI;Pongaí;-21,7396;-49,3604;;35;6903;14;America/Sao_Paulo
;Ponta de Pedras;-1,39587;-48,8661;;15;513;91;America/Sao_Paulo
;Ponta Grossa;-25,0916;-50,1668;;41;7777;42;America/Sao_Paulo
;Ponta Porã;-22,5296;-55,7203;;50;9131;67;America/Porto_Velho
PONTAL;Pontal;-21,0216;-48,0423;;35;6905;16;America/Sao_Paulo
;Pontal do Araguaia;-15,9274;-52,3273;;51;95;66;America/Porto_Velho
;Pontal do Paraná;-25,6735;-48,5111;;41;870;41;America/Sao_Paulo
;Pontalina;-17,5225;-49,4489;;52;9549;64;America/Sao_Paulo
PONTALINDA;Pontalinda;-20,4396;-50,5258;;35;2987;17;America/Sao_Paulo
;Pontão;-28,0585;-52,6791;;43;5939;54;America/Sao_Paulo
;Ponte Alta;-27,4835;-50,3764;;42;8261;49;America/Sao_Paulo
;Ponte Alta do Bom Jesus;-12,0853;-46,4825;;17;9551;63;America/Sao_Paulo
;Ponte Alta do Norte;-27,1591;-50,4659;;42;5569;49;America/Sao_Paulo
;Ponte Alta do Tocantins;-10,7481;-47,5276;;17;9553;63;America/Sao_Paulo
;Ponte Branca;-16,7584;-52,8369;;51;9133;66;America/Porto_Velho
;Ponte Nova;-20,4111;-42,8978;;31;5041;31;America/Sao_Paulo
;Ponte Preta;-27,6587;-52,4848;;43;5967;54;America/Sao_Paulo
;Ponte Serrada;-26,8733;-52,0112;;42;8263;49;America/Sao_Paulo
;Pontes e Lacerda;-15,2219;-59,3435;;51;8999;65;America/Porto_Velho
PONTES GESTAL;Pontes Gestal;-20,1727;-49,7064;;35;6907;17;America/Sao_Paulo
;Ponto Belo;-18,1253;-40,5458;;32;762;27;America/Sao_Paulo
;Ponto Chique;-16,6282;-45,0588;;31;692;38;America/Sao_Paulo
;Ponto dos Volantes;-16,7473;-41,5025;;31;694;33;America/Sao_Paulo
;Ponto Novo;-10,8653;-40,1311;;29;3021;74;America/Sao_Paulo
POPULINA;Populina;-19,9453;-50,538;;35;6909;17;America/Sao_Paulo
;Poranga;-4,74672;-40,9205;;23;1521;88;America/Sao_Paulo
PORANGABA;Porangaba;-23,1761;-48,1195;;35;6911;15;America/Sao_Paulo
;Porangatu;-13,4391;-49,1503;;52;9555;62;America/Sao_Paulo
;Porciúncula;-20,9632;-42,0465;;33;5881;22;America/Sao_Paulo
;Porecatu;-22,7537;-51,3795;;41;7779;43;America/Sao_Paulo
;Portalegre;-6,02064;-37,9865;;24;1803;84;America/Sao_Paulo
;Portão;-29,7015;-51,2429;;43;8799;51;America/Sao_Paulo
;Porteirão;-17,8143;-50,1653;;52;1060;64;America/Sao_Paulo
;Porteiras;-7,52265;-39,114;;23;1523;88;America/Sao_Paulo
;Porteirinha;-15,7404;-43,0281;;31;5043;38;America/Sao_Paulo
;Portel;-1,93639;-50,8194;;15;515;91;America/Sao_Paulo
;Portelândia;-17,3554;-52,6799;;52;9557;64;America/Sao_Paulo
;Porto;-3,88815;-42,6998;;22;1169;86;America/Sao_Paulo
;Porto Acre;-9,58138;-67,5478;;12;649;68;America/Rio_Branco
;Porto Alegre;-30,0318;-51,2065;1.0;43;8801;51;America/Sao_Paulo
;Porto Alegre do Norte;-10,8761;-51,6357;;51;9895;66;America/Porto_Velho
;Porto Alegre do Piauí;-6,96423;-44,1837;;22;372;89;America/Sao_Paulo
;Porto Alegre do Tocantins;-11,618;-47,0621;;17;9723;63;America/Sao_Paulo
;Porto Amazonas;-25,54;-49,8946;;41;7781;42;America/Sao_Paulo
;Porto Barreiro;-25,5477;-52,4067;;41;872;42;America/Sao_Paulo
;Porto Belo;-27,1586;-48,5469;;42;8265;47;America/Sao_Paulo
;Porto Calvo;-9,05195;-35,3987;;27;2845;82;America/Sao_Paulo
;Porto da Folha;-9,91626;-37,2842;;28;3211;79;America/Sao_Paulo
;Porto de Moz;-1,74691;-52,2361;;15;517;93;America/Sao_Paulo
;Porto de Pedras;-9,16006;-35,3049;;27;2847;82;America/Sao_Paulo
;Porto do Mangue;-5,05441;-36,7887;;24;426;84;America/Sao_Paulo
;Porto dos Gaúchos;-11,533;-57,4132;;51;9135;66;America/Porto_Velho
;Porto Esperidião;-15,857;-58,4619;;51;9875;65;America/Porto_Velho
;Porto Estrela;-15,3235;-57,2204;;51;101;65;America/Porto_Velho
PORTO FELIZ;Porto Feliz;-23,2093;-47,5251;;35;6913;15;America/Sao_Paulo
PORTO FERREIRA;Porto Ferreira;-21,8498;-47,487;;35;6915;19;America/Sao_Paulo
;Porto Firme;-20,6642;-43,0834;;31;5045;31;America/Sao_Paulo
;Porto Franco;-6,34149;-47,3962;;21;877;99;America/Sao_Paulo
;Porto Grande;0,71243;-51,4155;;16;671;96;America/Sao_Paulo
;Porto Lucena;-27,8569;-55,01;;43;8803;55;America/Sao_Paulo
;Porto Mauá;-27,5796;-54,6657;;43;6065;55;America/Sao_Paulo
;Porto Murtinho;-21,6981;-57,8836;;50;9137;67;America/Porto_Velho
;Porto Nacional;-10,7027;-48,408;;17;9559;63;America/Sao_Paulo
;Porto Real;-22,4175;-44,2952;;33;780;24;America/Sao_Paulo
;Porto Real do Colégio;-10,1849;-36,8376;;27;2849;82;America/Sao_Paulo
;Porto Rico;-22,7747;-53,2677;;41;7783;44;America/Sao_Paulo
;Porto Rico do Maranhão;-1,85925;-44,5842;;21;212;98;America/Sao_Paulo
;Porto Seguro;-16,4435;-39,0643;;29;3807;73;America/Sao_Paulo
;Porto União;-26,2451;-51,0759;;42;8267;42;America/Sao_Paulo
;Porto Velho;-8,76077;-63,8999;1.0;11;3;69;America/Porto_Velho
;Porto Vera Cruz;-27,7405;-54,8994;;43;6067;55;America/Sao_Paulo
;Porto Vitória;-26,1674;-51,231;;41;7785;42;America/Sao_Paulo
;Porto Walter;-8,26323;-72,7537;;12;657;68;America/Rio_Branco
;Porto Xavier;-27,9082;-55,1379;;43;8805;55;America/Sao_Paulo
;Posse;-14,0859;-46,3704;;52;9561;62;America/Sao_Paulo
;Poté;-17,8077;-41,786;;31;5047;33;America/Sao_Paulo
;Potengi;-7,09154;-40,0233;;23;1525;88;America/Sao_Paulo
POTIM;Potim;-22,8343;-45,2552;;35;2993;12;America/Sao_Paulo
;Potiraguá;-15,5943;-39,8638;;29;3809;73;America/Sao_Paulo
POTIRENDABA;Potirendaba;-21,0428;-49,3815;;35;6917;17;America/Sao_Paulo
;Potiretama;-5,71287;-38,1578;;23;1271;88;America/Sao_Paulo
;Pouso Alegre;-22,2266;-45,9389;;31;5049;35;America/Sao_Paulo
;Pouso Alto;-22,1964;-44,9748;;31;5051;35;America/Sao_Paulo
;Pouso Novo;-29,1738;-52,2136;;43;7363;51;America/Sao_Paulo
;Pouso Redondo;-27,2567;-49,9301;;42;8269;47;America/Sao_Paulo
;Poxoréu;-15,8299;-54,4208;;51;9139;66;America/Porto_Velho
PRACINHA;Pracinha;-21,8496;-51,0868;;35;812;18;America/Sao_Paulo
;Pracuúba;1,74543;-50,7892;;16;673;96;America/Sao_Paulo
;Prado;-17,3364;-39,2227;;29;3811;73;America/Sao_Paulo
;Prado Ferreira;-23,0357;-51,4429;;41;874;43;America/Sao_Paulo
PRADOPOLIS;Pradópolis;-21,3626;-48,0679;;35;6919;16;America/Sao_Paulo
;Prados;-21,0597;-44,0778;;31;5053;32;America/Sao_Paulo
PRAIA GRANDE;Praia Grande;-24,0084;-46,4121;;35;6921;13;America/Sao_Paulo
;Praia Grande;-29,1918;-49,9525;;42;8271;48;America/Sao_Paulo
;Praia Norte;-5,39281;-47,8111;;17;9725;63;America/Sao_Paulo
;Prainha;-1,798;-53,4779;;15;519;93;America/Sao_Paulo
;Pranchita;-26,0209;-53,7397;;41;7991;46;America/Sao_Paulo
;Prata;-19,3086;-48,9276;;31;5055;34;America/Sao_Paulo
;Prata;-7,68826;-37,0801;;25;2145;83;America/Sao_Paulo
;Prata do Piauí;-5,67265;-42,2046;;22;1171;86;America/Sao_Paulo
PRATANIA;Pratânia;-22,8112;-48,6636;;35;814;14;America/Sao_Paulo
;Pratápolis;-20,7411;-46,8624;;31;5057;35;America/Sao_Paulo
;Pratinha;-19,739;-46,3755;;31;5059;34;America/Sao_Paulo
PRESIDENTE ALVES;Presidente Alves;-22,0999;-49,4381;;35;6923;14;America/Sao_Paulo
PRESIDENTE BERNARDES;Presidente Bernardes;-22,0082;-51,5565;;35;6925;18;America/Sao_Paulo
;Presidente Bernardes;-20,7656;-43,1895;;31;5061;32;America/Sao_Paulo
;Presidente Castello Branco;-27,2218;-51,8089;;42;8273;49;America/Sao_Paulo
;Presidente Castelo Branco;-23,2782;-52,1536;;41;7787;44;America/Sao_Paulo
;Presidente Dutra;-11,2923;-41,9843;;29;3813;74;America/Sao_Paulo
;Presidente Dutra;-5,2898;-44,495;;21;879;99;America/Sao_Paulo
PRESIDENTE EPITACIO;Presidente Epitácio;-21,7651;-52,1111;;35;6927;18;America/Sao_Paulo
;Presidente Figueiredo;-2,02981;-60,0234;;13;9841;92;America/Porto_Velho
;Presidente Getúlio;-27,0474;-49,6246;;42;8275;47;America/Sao_Paulo
;Presidente Jânio Quadros;-14,6885;-41,6798;;29;3815;77;America/Sao_Paulo
;Presidente Juscelino;-18,6401;-44,06;;31;5063;38;America/Sao_Paulo
;Presidente Juscelino;-2,91872;-44,0715;;21;881;98;America/Sao_Paulo
;Presidente Kennedy;-8,5406;-48,5062;;17;9629;63;America/Sao_Paulo
;Presidente Kennedy;-21,0964;-41,0468;;32;5685;28;America/Sao_Paulo
;Presidente Kubitschek;-18,6193;-43,5628;;31;5065;38;America/Sao_Paulo
;Presidente Lucena;-29,5175;-51,1798;;43;6023;51;America/Sao_Paulo
;Presidente Médici;-11,169;-61,8986;;11;19;69;America/Porto_Velho
;Presidente Médici;-2,38991;-45,82;;21;214;98;America/Sao_Paulo
;Presidente Nereu;-27,2768;-49,3889;;42;8277;47;America/Sao_Paulo
;Presidente Olegário;-18,4096;-46,4165;;31;5067;34;America/Sao_Paulo
PRESIDENTE PRUDENTE;Presidente Prudente;-22,1207;-51,3925;;35;6929;18;America/Sao_Paulo
;Presidente Sarney;-2,58799;-45,3595;;21;216;98;America/Sao_Paulo
;Presidente Tancredo Neves;-13,4471;-39,4203;;29;3023;73;America/Sao_Paulo
;Presidente Vargas;-3,40787;-44,0234;;21;883;98;America/Sao_Paulo
PRESIDENTE VENCESLAU;Presidente Venceslau;-21,8732;-51,8447;;35;6931;18;America/Sao_Paulo
;Primavera;-8,32999;-35,3544;;26;2527;81;America/Sao_Paulo
;Primavera;-0,945439;-47,1253;;15;521;91;America/Sao_Paulo
;Primavera de Rondônia;-11,8295;-61,3153;;11;16;69;America/Porto_Velho
;Primavera do Leste;-15,544;-54,2811;;51;9871;66;America/Porto_Velho
;Primeira Cruz;-2,50568;-43,4232;;21;885;98;America/Sao_Paulo
;Primeiro de Maio;-22,8517;-51,0293;;41;7789;43;America/Sao_Paulo
;Princesa;-26,4441;-53,5994;;42;934;49;America/Sao_Paulo
;Princesa Isabel;-7,73175;-37,9886;;25;2147;83;America/Sao_Paulo
;Professor Jamil;-17,2497;-49,244;;52;51;64;America/Sao_Paulo
;Progresso;-29,2441;-52,3197;;43;7361;51;America/Sao_Paulo
PROMISSAO;Promissão;-21,5356;-49,8599;;35;6933;14;America/Sao_Paulo
;Propriá;-10,2138;-36,8442;;28;3213;79;America/Sao_Paulo
;Protásio Alves;-28,7572;-51,4757;;43;7359;54;America/Sao_Paulo
;Prudente de Morais;-19,4742;-44,1591;;31;5071;31;America/Sao_Paulo
;Prudentópolis;-25,2111;-50,9754;;41;7791;42;America/Sao_Paulo
;Pugmil;-10,424;-48,8957;;17;94;63;America/Sao_Paulo
;Pureza;-5,46393;-35,5554;;24;1807;84;America/Sao_Paulo
;Putinga;-29,0045;-52,1569;;43;8807;51;America/Sao_Paulo
;Puxinanã;-7,15479;-35,9543;;25;2149;83;America/Sao_Paulo
QUADRA;Quadra;-23,2993;-48,0547;;35;816;15;America/Sao_Paulo
;Quaraí;-30,384;-56,4483;;43;8809;55;America/Sao_Paulo
;Quartel Geral;-19,2703;-45,5569;;31;5073;37;America/Sao_Paulo
;Quarto Centenário;-24,2775;-53,0759;;41;876;44;America/Sao_Paulo
QUATA;Quatá;-22,2456;-50,6966;;35;6935;18;America/Sao_Paulo
;Quatiguá;-23,5671;-49,916;;41;7793;43;America/Sao_Paulo
;Quatipuru;-0,899604;-47,0134;;15;62;91;America/Sao_Paulo
;Quatis;-22,4045;-44,2597;;33;2923;24;America/Sao_Paulo
;Quatro Barras;-25,3673;-49,0763;;41;7795;41;America/Sao_Paulo
;Quatro Irmãos;-27,8257;-52,4424;;43;1162;54;America/Sao_Paulo
;Quatro Pontes;-24,5752;-53,9759;;41;5535;45;America/Sao_Paulo
;Quebrangulo;-9,32001;-36,4692;;27;2851;82;America/Sao_Paulo
;Quedas do Iguaçu;-25,4492;-52,9102;;41;7955;46;America/Sao_Paulo
;Queimada Nova;-8,57064;-41,4106;;22;2279;89;America/Sao_Paulo
;Queimadas;-7,35029;-35,9031;;25;2151;83;America/Sao_Paulo
;Queimadas;-10,9736;-39,6293;;29;3817;75;America/Sao_Paulo
;Queimados;-22,7102;-43,5518;;33;2911;21;America/Sao_Paulo
QUEIROZ;Queiroz;-21,7969;-50,2415;;35;6937;14;America/Sao_Paulo
QUELUZ;Queluz;-22,5312;-44,7781;;35;6939;12;America/Sao_Paulo
;Queluzito;-20,7416;-43,8851;;31;5075;31;America/Sao_Paulo
;Querência;-12,6093;-52,1821;;51;97;66;America/Porto_Velho
;Querência do Norte;-23,0838;-53,483;;41;7797;44;America/Sao_Paulo
;Quevedos;-29,3504;-54,0789;;43;5789;55;America/Sao_Paulo
;Quijingue;-10,7505;-39,2137;;29;3819;75;America/Sao_Paulo
;Quilombo;-26,7264;-52,724;;42;8279;49;America/Sao_Paulo
;Quinta do Sol;-23,8533;-52,1309;;41;7799;44;America/Sao_Paulo
QUINTANA;Quintana;-22,0692;-50,307;;35;6941;14;America/Sao_Paulo
;Quinze de Novembro;-28,7466;-53,1011;;43;7357;54;America/Sao_Paulo
;Quipapá;-8,81175;-36,0137;;26;2529;81;America/Sao_Paulo
;Quirinópolis;-18,4472;-50,4547;;52;9563;64;America/Sao_Paulo
;Quissamã;-22,1031;-41,4693;;33;6007;22;America/Sao_Paulo
;Quitandinha;-25,8734;-49,4973;;41;7801;41;America/Sao_Paulo
;Quiterianópolis;-5,8425;-40,7002;;23;9917;88;America/Sao_Paulo
;Quixabá;-7,0224;-37,1458;;25;2153;83;America/Sao_Paulo
;Quixaba;-7,70734;-37,8446;;26;2637;87;America/Sao_Paulo
;Quixabeira;-11,4031;-40,12;;29;3025;74;America/Sao_Paulo
;Quixadá;-4,9663;-39,0155;;23;1527;88;America/Sao_Paulo
;Quixelô;-6,24637;-39,2011;;23;9853;88;America/Sao_Paulo
;Quixeramobim;-5,19067;-39,2889;;23;1529;88;America/Sao_Paulo
;Quixeré;-5,07148;-37,9802;;23;1531;88;America/Sao_Paulo
;Rafael Fernandes;-6,18987;-38,2211;;24;1809;84;America/Sao_Paulo
;Rafael Godeiro;-6,07244;-37,716;;24;1893;84;America/Sao_Paulo
;Rafael Jambeiro;-12,4053;-39,5007;;29;3985;75;America/Sao_Paulo
RAFARD;Rafard;-23,0105;-47,5318;;35;6943;19;America/Sao_Paulo
;Ramilândia;-25,1195;-54,023;;41;5527;45;America/Sao_Paulo
RANCHARIA;Rancharia;-22,2269;-50,893;;35;6945;18;America/Sao_Paulo
;Rancho Alegre;-23,0676;-50,9145;;41;7803;43;America/Sao_Paulo
;Rancho Alegre D'Oeste;-24,3065;-52,9552;;41;5513;44;America/Sao_Paulo
;Rancho Queimado;-27,6727;-49,0191;;42;8281;48;America/Sao_Paulo
;Raposa;-2,4254;-44,0973;;21;218;98;America/Sao_Paulo
;Raposos;-19,9636;-43,8079;;31;5077;31;America/Sao_Paulo
;Raul Soares;-20,1061;-42,4502;;31;5079;33;America/Sao_Paulo
;Realeza;-25,7711;-53,526;;41;7805;46;America/Sao_Paulo
;Rebouças;-25,6232;-50,6877;;41;7807;42;America/Sao_Paulo
;Recife;-8,04666;-34,8771;1.0;26;2531;81;America/Sao_Paulo
;Recreio;-21,5289;-42,4676;;31;5081;32;America/Sao_Paulo
;Recursolândia;-8,7227;-47,2421;;17;357;63;America/Sao_Paulo
;Redenção;-8,02529;-50,0317;;15;567;94;America/Sao_Paulo
;Redenção;-4,21587;-38,7277;;23;1533;85;America/Sao_Paulo
REDENCAO DA SERRA;Redenção da Serra;-23,2638;-45,5422;;35;6947;12;America/Sao_Paulo
;Redenção do Gurguéia;-9,47937;-44,5811;;22;1173;89;America/Sao_Paulo
;Redentora;-27,664;-53,6407;;43;8811;55;America/Sao_Paulo
;Reduto;-20,2401;-41,9848;;31;696;33;America/Sao_Paulo
;Regeneração;-6,23115;-42,6842;;22;1175;86;America/Sao_Paulo
REGENTE FEIJO;Regente Feijó;-22,2181;-51,3055;;35;6949;18;America/Sao_Paulo
REGINOPOLIS;Reginópolis;-21,8914;-49,2268;;35;6951;14;America/Sao_Paulo
REGISTRO;Registro;-24,4979;-47,8449;;35;6953;13;America/Sao_Paulo
;Relvado;-29,1164;-52,0778;;43;7355;51;America/Sao_Paulo
;Remanso;-9,61944;-42,0848;;29;3821;74;America/Sao_Paulo
;Remígio;-6,94992;-35,8011;;25;2155;83;America/Sao_Paulo
;Renascença;-26,1588;-52,9703;;41;7809;46;America/Sao_Paulo
;Reriutaba;-4,14191;-40,5759;;23;1535;88;America/Sao_Paulo
;Resende;-22,4705;-44,4509;;33;5883;24;America/Sao_Paulo
;Resende Costa;-20,9171;-44,2407;;31;5083;32;America/Sao_Paulo
;Reserva;-24,6492;-50,8466;;41;7811;42;America/Sao_Paulo
;Reserva do Cabaçal;-15,0743;-58,4585;;51;9879;65;America/Porto_Velho
;Reserva do Iguaçu;-25,8319;-52,0272;;41;878;42;America/Sao_Paulo
;Resplendor;-19,3194;-41,2462;;31;5085;33;America/Sao_Paulo
;Ressaquinha;-21,0642;-43,7598;;31;5087;32;America/Sao_Paulo
RESTINGA;Restinga;-20,6056;-47,4833;;35;6955;16;America/Sao_Paulo
;Restinga Sêca;-29,8188;-53,3807;;43;8813;55;America/Sao_Paulo
;Retirolândia;-11,4832;-39,4234;;29;3823;75;America/Sao_Paulo
;Riachão;-6,54269;-35,661;;25;502;83;America/Sao_Paulo
;Riachão;-7,35819;-46,6225;;21;887;99;America/Sao_Paulo
;Riachão das Neves;-11,7508;-44,9143;;29;3825;77;America/Sao_Paulo
;Riachão do Bacamarte;-7,25347;-35,6693;;25;504;83;America/Sao_Paulo
;Riachão do Dantas;-11,0729;-37,731;;28;3215;79;America/Sao_Paulo
;Riachão do Jacuípe;-11,8067;-39,3818;;29;3827;75;America/Sao_Paulo
;Riachão do Poço;-7,14173;-35,2914;;25;506;83;America/Sao_Paulo
;Riachinho;-6,44005;-48,1371;;17;193;63;America/Sao_Paulo
;Riachinho;-16,2258;-45,9888;;31;2901;38;America/Sao_Paulo
;Riacho da Cruz;-5,92654;-37,949;;24;1811;84;America/Sao_Paulo
;Riacho das Almas;-8,13742;-35,8648;;26;2533;81;America/Sao_Paulo
;Riacho de Santana;-6,25139;-38,3116;;24;1813;84;America/Sao_Paulo
;Riacho de Santana;-13,6059;-42,9397;;29;3829;77;America/Sao_Paulo
;Riacho de Santo Antônio;-7,68023;-36,157;;25;508;83;America/Sao_Paulo
;Riacho dos Cavalos;-6,44067;-37,6483;;25;2157;83;America/Sao_Paulo
;Riacho dos Machados;-16,0091;-43,0488;;31;5089;38;America/Sao_Paulo
;Riacho Frio;-10,1244;-44,9503;;22;374;89;America/Sao_Paulo
;Riachuelo;-5,82156;-35,8215;;24;1815;84;America/Sao_Paulo
;Riachuelo;-10,735;-37,1966;;28;3217;79;America/Sao_Paulo
;Rialma;-15,3145;-49,5814;;52;9565;62;America/Sao_Paulo
;Rianápolis;-15,4456;-49,5114;;52;9567;62;America/Sao_Paulo
;Ribamar Fiquene;-5,93067;-47,3888;;21;220;99;America/Sao_Paulo
;Ribas do Rio Pardo;-20,4445;-53,7588;;50;9141;67;America/Porto_Velho
RIBEIRA;Ribeira;-24,6517;-49,0044;;35;6957;15;America/Sao_Paulo
;Ribeira do Amparo;-11,0421;-38,4242;;29;3831;75;America/Sao_Paulo
;Ribeira do Piauí;-7,69028;-42,7128;;22;376;89;America/Sao_Paulo
;Ribeira do Pombal;-10,8373;-38,5382;;29;3833;75;America/Sao_Paulo
;Ribeirão;-8,50957;-35,3698;;26;2535;81;America/Sao_Paulo
RIBEIRAO BONITO;Ribeirão Bonito;-22,0685;-48,182;;35;6959;16;America/Sao_Paulo
RIBEIRAO BRANCO;Ribeirão Branco;-24,2206;-48,7635;;35;6961;15;America/Sao_Paulo
;Ribeirão Cascalheira;-12,9367;-51,8244;;51;9741;66;America/Porto_Velho
;Ribeirão Claro;-23,1941;-49,7597;;41;7813;43;America/Sao_Paulo
RIBEIRAO CORRENTE;Ribeirão Corrente;-20,4579;-47,5904;;35;6963;16;America/Sao_Paulo
;Ribeirão das Neves;-19,7621;-44,0844;;31;5091;31;America/Sao_Paulo
;Ribeirão do Largo;-15,4508;-40,7441;;29;3027;77;America/Sao_Paulo
;Ribeirão do Pinhal;-23,4091;-50,3601;;41;7815;43;America/Sao_Paulo
RIBEIRAO DO SUL;Ribeirão do Sul;-22,789;-49,933;;35;6965;14;America/Sao_Paulo
RIBEIRAO DOS INDIOS;Ribeirão dos Índios;-21,8382;-51,6103;;35;818;18;America/Sao_Paulo
RIBEIRAO GRANDE;Ribeirão Grande;-24,1011;-48,3679;;35;3057;15;America/Sao_Paulo
RIBEIRAO PIRES;Ribeirão Pires;-23,7067;-46,4058;;35;6967;11;America/Sao_Paulo
RIBEIRAO PRETO;Ribeirão Preto;-21,1699;-47,8099;;35;6969;16;America/Sao_Paulo
;Ribeirão Vermelho;-21,1879;-45,0637;;31;5093;35;America/Sao_Paulo
;Ribeirãozinho;-16,4856;-52,6924;;51;99;66;America/Porto_Velho
;Ribeiro Gonçalves;-7,55651;-45,2447;;22;1177;89;America/Sao_Paulo
;Ribeirópolis;-10,5357;-37,438;;28;3219;79;America/Sao_Paulo
RIFAINA;Rifaina;-20,0803;-47,4291;;35;6973;16;America/Sao_Paulo
RINCAO;Rincão;-21,5894;-48,0728;;35;6975;16;America/Sao_Paulo
RINOPOLIS;Rinópolis;-21,7284;-50,7239;;35;6977;18;America/Sao_Paulo
;Rio Acima;-20,0876;-43,7878;;31;5095;31;America/Sao_Paulo
;Rio Azul;-25,7306;-50,7985;;41;7817;42;America/Sao_Paulo
;Rio Bananal;-19,2719;-40,3366;;32;5711;27;America/Sao_Paulo
;Rio Bom;-23,7606;-51,4122;;41;7819;43;America/Sao_Paulo
;Rio Bonito;-22,7181;-42,6276;;33;5885;21;America/Sao_Paulo
;Rio Bonito do Iguaçu;-25,4874;-52,5292;;41;5481;42;America/Sao_Paulo
;Rio Branco;-15,2483;-58,1259;;51;8995;65;America/Porto_Velho
;Rio Branco;-9,97499;-67,8243;1.0;12;139;68;America/Rio_Branco
;Rio Branco do Ivaí;-24,3244;-51,3187;;41;880;43;America/Sao_Paulo
;Rio Branco do Sul;-25,1892;-49,3115;;41;7821;41;America/Sao_Paulo
;Rio Brilhante;-21,8033;-54,5427;;50;9143;67;America/Porto_Velho
;Rio Casca;-20,2285;-42,6462;;31;5097;31;America/Sao_Paulo
;Rio Claro;-22,72;-44,1419;;33;5887;24;America/Sao_Paulo
RIO CLARO;Rio Claro;-22,3984;-47,5546;;35;6979;19;America/Sao_Paulo
;Rio Crespo;-9,69965;-62,9011;;11;687;69;America/Porto_Velho
;Rio da Conceição;-11,3949;-46,8847;;17;323;63;America/Sao_Paulo
;Rio das Antas;-26,8946;-51,0674;;42;8283;49;America/Sao_Paulo
;Rio das Flores;-22,1692;-43,5856;;33;5889;24;America/Sao_Paulo
;Rio das Ostras;-22,5174;-41,9475;;33;2921;22;America/Sao_Paulo
RIO DAS PEDRAS;Rio das Pedras;-22,8417;-47,6047;;35;6981;19;America/Sao_Paulo
;Rio de Contas;-13,5852;-41,8048;;29;3835;77;America/Sao_Paulo
;Rio de Janeiro;-22,9129;-43,2003;1.0;33;6001;21;America/Sao_Paulo
;Rio do Antônio;-14,4071;-42,0721;;29;3837;77;America/Sao_Paulo
;Rio do Campo;-26,9452;-50,136;;42;8285;47;America/Sao_Paulo
;Rio do Fogo;-5,2765;-35,3794;;24;422;84;America/Sao_Paulo
;Rio do Oeste;-27,1952;-49,7989;;42;8287;47;America/Sao_Paulo
;Rio do Pires;-13,1185;-42,2902;;29;3839;77;America/Sao_Paulo
;Rio do Prado;-16,6056;-40,5714;;31;5101;33;America/Sao_Paulo
;Rio do Sul;-27,2156;-49,643;;42;8291;47;America/Sao_Paulo
;Rio Doce;-20,2412;-42,8995;;31;5099;31;America/Sao_Paulo
;Rio dos Bois;-9,34425;-48,5245;;17;359;63;America/Sao_Paulo
;Rio dos Cedros;-26,7398;-49,2718;;42;8289;47;America/Sao_Paulo
;Rio dos Índios;-27,2973;-52,8417;;43;5955;54;America/Sao_Paulo
;Rio Espera;-20,855;-43,4721;;31;5103;31;America/Sao_Paulo
;Rio Formoso;-8,6592;-35,1532;;26;2537;81;America/Sao_Paulo
;Rio Fortuna;-28,1244;-49,1068;;42;8293;48;America/Sao_Paulo
;Rio Grande;-32,0349;-52,1071;;43;8815;53;America/Sao_Paulo
RIO GRANDE DA SERRA;Rio Grande da Serra;-23,7437;-46,3971;;35;6983;11;America/Sao_Paulo
;Rio Grande do Piauí;-7,78029;-43,1369;;22;1179;89;America/Sao_Paulo
;Rio Largo;-9,47783;-35,8394;;27;2853;82;America/Sao_Paulo
;Rio Manso;-20,2666;-44,3069;;31;5105;31;America/Sao_Paulo
;Rio Maria;-7,31236;-50,0379;;15;569;94;America/Sao_Paulo
;Rio Negrinho;-26,2591;-49,5177;;42;8295;47;America/Sao_Paulo
;Rio Negro;-19,447;-54,9859;;50;9145;67;America/Porto_Velho
;Rio Negro;-26,095;-49,7982;;41;7823;47;America/Sao_Paulo
;Rio Novo;-21,4649;-43,1168;;31;5107;32;America/Sao_Paulo
;Rio Novo do Sul;-20,8556;-40,9388;;32;5687;28;America/Sao_Paulo
;Rio Paranaíba;-19,1861;-46,2455;;31;5109;34;America/Sao_Paulo
;Rio Pardo;-29,988;-52,3711;;43;8817;51;America/Sao_Paulo
;Rio Pardo de Minas;-15,616;-42,5405;;31;5111;38;America/Sao_Paulo
;Rio Piracicaba;-19,9284;-43,1829;;31;5113;31;America/Sao_Paulo
;Rio Pomba;-21,2712;-43,1696;;31;5115;32;America/Sao_Paulo
;Rio Preto;-22,0861;-43,8293;;31;5117;32;America/Sao_Paulo
;Rio Preto da Eva;-2,7045;-59,6858;;13;9843;92;America/Porto_Velho
;Rio Quente;-17,774;-48,7725;;52;9995;64;America/Sao_Paulo
;Rio Real;-11,4814;-37,9332;;29;3841;75;America/Sao_Paulo
;Rio Rufino;-27,8592;-49,7754;;42;5571;49;America/Sao_Paulo
;Rio Sono;-9,35002;-47,888;;17;9679;63;America/Sao_Paulo
;Rio Tinto;-6,80383;-35,0776;;25;2159;83;America/Sao_Paulo
;Rio Verde;-17,7923;-50,9192;;52;9571;64;America/Sao_Paulo
;Rio Verde de Mato Grosso;-18,9249;-54,8434;;50;9147;67;America/Porto_Velho
;Rio Vermelho;-18,2922;-43,0018;;31;5119;33;America/Sao_Paulo
RIOLANDIA;Riolândia;-19,9868;-49,6836;;35;6985;17;America/Sao_Paulo
;Riozinho;-29,639;-50,4488;;43;7353;51;America/Sao_Paulo
;Riqueza;-27,0653;-53,3265;;42;5749;49;America/Sao_Paulo
;Ritápolis;-21,0276;-44,3204;;31;5121;32;America/Sao_Paulo
RIVERSUL;Riversul;-23,829;-49,429;;35;6971;15;America/Sao_Paulo
;Roca Sales;-29,2884;-51,8658;;43;8819;51;America/Sao_Paulo
;Rochedo;-19,9565;-54,8848;;50;9149;67;America/Porto_Velho
;Rochedo de Minas;-21,6284;-43,0165;;31;5123;32;America/Sao_Paulo
;Rodeio;-26,9243;-49,3649;;42;8297;47;America/Sao_Paulo
;Rodeio Bonito;-27,4742;-53,1706;;43;8821;55;America/Sao_Paulo
;Rodeiro;-21,2035;-42,8586;;31;5125;32;America/Sao_Paulo
;Rodelas;-8,85021;-38,78;;29;3843;75;America/Sao_Paulo
;Rodolfo Fernandes;-5,78393;-38,0579;;24;1817;84;America/Sao_Paulo
;Rodrigues Alves;-7,73864;-72,661;;12;659;68;America/Rio_Branco
;Rolador;-28,2566;-54,8186;;43;1164;55;America/Sao_Paulo
;Rolândia;-23,3101;-51,3659;;41;7825;43;America/Sao_Paulo
;Rolante;-29,6462;-50,5819;;43;8823;51;America/Sao_Paulo
;Rolim de Moura;-11,7271;-61,7714;;11;29;69;America/Porto_Velho
;Romaria;-18,8838;-47,5782;;31;5127;34;America/Sao_Paulo
;Romelândia;-26,6809;-53,3172;;42;8299;49;America/Sao_Paulo
;Roncador;-24,5958;-52,2716;;41;7827;44;America/Sao_Paulo
;Ronda Alta;-27,7758;-52,8056;;43;8825;54;America/Sao_Paulo
;Rondinha;-27,8315;-52,9081;;43;8827;54;America/Sao_Paulo
;Rondolândia;-10,8376;-61,4697;;51;1092;66;America/Porto_Velho
;Rondon;-23,412;-52,7659;;41;7829;44;America/Sao_Paulo
;Rondon do Pará;-4,77793;-48,067;;15;573;94;America/Sao_Paulo
;Rondonópolis;-16,4673;-54,6372;;51;9151;66;America/Porto_Velho
;Roque Gonzales;-28,1297;-55,0266;;43;8829;55;America/Sao_Paulo
;Rorainópolis;0,939956;-60,4389;;14;36;95;America/Porto_Velho
ROSANA;Rosana;-22,5782;-53,0603;;35;7265;18;America/Sao_Paulo
;Rosário;-2,93444;-44,2531;;21;891;98;America/Sao_Paulo
;Rosário da Limeira;-20,9812;-42,5112;;31;698;32;America/Sao_Paulo
;Rosário do Catete;-10,6904;-37,0357;;28;3221;79;America/Sao_Paulo
;Rosário do Ivaí;-24,2682;-51,272;;41;8473;43;America/Sao_Paulo
;Rosário do Sul;-30,2515;-54,9221;;43;8831;55;America/Sao_Paulo
;Rosário Oeste;-14,8259;-56,4236;;51;9153;65;America/Porto_Velho
ROSEIRA;Roseira;-22,8938;-45,307;;35;6987;12;America/Sao_Paulo
;Roteiro;-9,83503;-35,9782;;27;2855;82;America/Sao_Paulo
;Rubelita;-16,4053;-42,261;;31;5129;38;America/Sao_Paulo
RUBIACEA;Rubiácea;-21,3006;-50,7296;;35;6989;18;America/Sao_Paulo
;Rubiataba;-15,1617;-49,8048;;52;9573;62;America/Sao_Paulo
;Rubim;-16,3775;-40,5397;;31;5131;33;America/Sao_Paulo
RUBINEIA;Rubinéia;-20,1759;-51,007;;35;6991;17;America/Sao_Paulo
;Rurópolis;-4,10028;-54,9092;;15;597;93;America/Sao_Paulo
;Russas;-4,92673;-37,9721;;23;1537;88;America/Sao_Paulo
;Ruy Barbosa;-5,88745;-35,933;;24;1819;84;America/Sao_Paulo
;Ruy Barbosa;-12,2816;-40,4931;;29;3845;75;America/Sao_Paulo
;Sabará;-19,884;-43,8263;;31;5133;31;America/Sao_Paulo
;Sabáudia;-23,3155;-51,555;;41;7831;43;America/Sao_Paulo
SABINO;Sabino;-21,4593;-49,5755;;35;6993;14;America/Sao_Paulo
;Sabinópolis;-18,6653;-43,0752;;31;5135;33;America/Sao_Paulo
;Saboeiro;-6,5346;-39,9017;;23;1539;88;America/Sao_Paulo
;Sacramento;-19,8622;-47,4508;;31;5137;34;America/Sao_Paulo
;Sagrada Família;-27,7085;-53,1351;;43;5987;55;America/Sao_Paulo
SAGRES;Sagres;-21,8823;-50,9594;;35;6995;18;America/Sao_Paulo
;Sairé;-8,32864;-35,6967;;26;2539;81;America/Sao_Paulo
;Saldanha Marinho;-28,3941;-53,097;;43;7339;55;America/Sao_Paulo
SALES;Sales;-21,3427;-49,4897;;35;6997;17;America/Sao_Paulo
SALES OLIVEIRA;Sales Oliveira;-20,7696;-47,8369;;35;6999;16;America/Sao_Paulo
SALESOPOLIS;Salesópolis;-23,5288;-45,8465;;35;7001;11;America/Sao_Paulo
;Salete;-26,9798;-49,9988;;42;8301;47;America/Sao_Paulo
;Salgadinho;-7,10098;-36,8458;;25;2161;83;America/Sao_Paulo
;Salgadinho;-7,9269;-35,6503;;26;2541;81;America/Sao_Paulo
;Salgado;-11,0288;-37,4804;;28;3223;79;America/Sao_Paulo
;Salgado de São Félix;-7,35337;-35,4305;;25;2163;83;America/Sao_Paulo
;Salgado Filho;-26,1777;-53,3631;;41;7833;46;America/Sao_Paulo
;Salgueiro;-8,07373;-39,1247;;26;2543;87;America/Sao_Paulo
;Salinas;-16,1753;-42,2964;;31;5139;38;America/Sao_Paulo
;Salinas da Margarida;-12,873;-38,7562;;29;3847;75;America/Sao_Paulo
;Salinópolis;-0,630815;-47,3465;;15;523;91;America/Sao_Paulo
;Salitre;-7,28398;-40,45;;23;1273;88;America/Sao_Paulo
SALMOURAO;Salmourão;-21,6267;-50,8614;;35;7003;18;America/Sao_Paulo
;Saloá;-8,9723;-36,691;;26;2545;87;America/Sao_Paulo
;Saltinho;-26,6049;-53,0578;;42;936;49;America/Sao_Paulo
SALTINHO;Saltinho;-22,8442;-47,6754;;35;5445;19;America/Sao_Paulo
SALTO;Salto;-23,1996;-47,2931;;35;7005;11;America/Sao_Paulo
;Salto da Divisa;-16,0063;-39,9391;;31;5141;33;America/Sao_Paulo
SALTO DE PIRAPORA;Salto de Pirapora;-23,6474;-47,5743;;35;7007;15;America/Sao_Paulo
;Salto do Céu;-15,1303;-58,1317;;51;8997;65;America/Porto_Velho
;Salto do Itararé;-23,6074;-49,6354;;41;7835;43;America/Sao_Paulo
;Salto do Jacuí;-29,0951;-53,2133;;43;8975;55;America/Sao_Paulo
;Salto do Lontra;-25,7813;-53,3135;;41;7837;46;America/Sao_Paulo
SALTO GRANDE;Salto Grande;-22,8894;-49,9831;;35;7009;14;America/Sao_Paulo
;Salto Veloso;-26,903;-51,4043;;42;8303;49;America/Sao_Paulo
;Salvador;-12,9718;-38,5011;1.0;29;3849;71;America/Sao_Paulo
;Salvador das Missões;-28,1233;-54,8373;;43;6061;55;America/Sao_Paulo
;Salvador do Sul;-29,4386;-51,5077;;43;8833;51;America/Sao_Paulo
;Salvaterra;-0,758444;-48,5139;;15;525;91;America/Sao_Paulo
;Sambaíba;-7,13447;-45,3515;;21;893;99;America/Sao_Paulo
;Sampaio;-5,35423;-47,8782;;17;9727;63;America/Sao_Paulo
;Sananduva;-27,947;-51,8079;;43;8835;54;America/Sao_Paulo
;Sanclerlândia;-16,197;-50,3124;;52;9575;64;America/Sao_Paulo
;Sandolândia;-12,538;-49,9242;;17;331;63;America/Sao_Paulo
SANDOVALINA;Sandovalina;-22,4551;-51,7648;;35;7011;18;America/Sao_Paulo
;Sangão;-28,6326;-49,1322;;42;5547;48;America/Sao_Paulo
;Sanharó;-8,36097;-36,5696;;26;2547;87;America/Sao_Paulo
;Sant'Ana do Livramento;-30,8773;-55,5392;;43;8845;55;America/Sao_Paulo
SANTA ADELIA;Santa Adélia;-21,2427;-48,8063;;35;7013;17;America/Sao_Paulo
SANTA ALBERTINA;Santa Albertina;-20,0311;-50,7297;;35;7015;17;America/Sao_Paulo
;Santa Amélia;-23,2654;-50,4288;;41;7839;43;America/Sao_Paulo
;Santa Bárbara;-11,9515;-38,9681;;29;3851;75;America/Sao_Paulo
;Santa Bárbara;-19,9604;-43,4101;;31;5143;31;America/Sao_Paulo
SANTA BARBARA D'OESTE;Santa Bárbara d'Oeste;-22,7553;-47,4143;;35;7017;19;America/Sao_Paulo
;Santa Bárbara de Goiás;-16,5714;-49,6954;;52;9577;62;America/Sao_Paulo
;Santa Bárbara do Leste;-19,9753;-42,1457;;31;2667;33;America/Sao_Paulo
;Santa Bárbara do Monte Verde;-21,9592;-43,7027;;31;700;32;America/Sao_Paulo
;Santa Bárbara do Pará;-1,19219;-48,238;;15;369;91;America/Sao_Paulo
;Santa Bárbara do Sul;-28,3653;-53,251;;43;8837;55;America/Sao_Paulo
;Santa Bárbara do Tugúrio;-21,2431;-43,5607;;31;5145;32;America/Sao_Paulo
SANTA BRANCA;Santa Branca;-23,3933;-45,8875;;35;7021;12;America/Sao_Paulo
;Santa Brígida;-9,73227;-38,1209;;29;3853;75;America/Sao_Paulo
;Santa Carmem;-11,9125;-55,2263;;51;123;66;America/Porto_Velho
;Santa Cecília;-26,9592;-50,4252;;42;8305;49;America/Sao_Paulo
;Santa Cecília;-7,7389;-35,8764;;25;510;83;America/Sao_Paulo
;Santa Cecília do Pavão;-23,5201;-50,7835;;41;7841;43;America/Sao_Paulo
;Santa Cecília do Sul;-28,1609;-51,9279;;43;1166;54;America/Sao_Paulo
SANTA CLARA D'OESTE;Santa Clara d'Oeste;-20,09;-50,9491;;35;7023;17;America/Sao_Paulo
;Santa Clara do Sul;-29,4747;-52,0843;;43;6033;51;America/Sao_Paulo
;Santa Cruz;-6,22475;-36,0193;;24;1823;84;America/Sao_Paulo
;Santa Cruz;-6,5237;-38,0617;;25;2165;83;America/Sao_Paulo
;Santa Cruz;-8,24153;-40,3434;;26;2297;87;America/Sao_Paulo
;Santa Cruz Cabrália;-16,2825;-39,0295;;29;3855;73;America/Sao_Paulo
;Santa Cruz da Baixa Verde;-7,81339;-38,1476;;26;2639;87;America/Sao_Paulo
SANTA CRUZ DA CONCEICAO;Santa Cruz da Conceição;-22,1405;-47,4512;;35;7025;19;America/Sao_Paulo
SANTA CRUZ DA ESPERANCA;Santa Cruz da Esperança;-21,2951;-47,4304;;35;820;16;America/Sao_Paulo
;Santa Cruz da Vitória;-14,964;-39,8115;;29;3857;73;America/Sao_Paulo
SANTA CRUZ DAS PALMEIRAS;Santa Cruz das Palmeiras;-21,8235;-47,248;;35;7027;19;America/Sao_Paulo
;Santa Cruz de Goiás;-17,3155;-48,4809;;52;9579;64;America/Sao_Paulo
;Santa Cruz de Minas;-21,1241;-44,2202;;31;702;32;America/Sao_Paulo
;Santa Cruz de Monte Castelo;-22,9582;-53,2949;;41;7843;44;America/Sao_Paulo
;Santa Cruz de Salinas;-16,0967;-41,7418;;31;704;38;America/Sao_Paulo
;Santa Cruz do Arari;-0,661019;-49,1771;;15;527;91;America/Sao_Paulo
;Santa Cruz do Capibaribe;-7,94802;-36,2061;;26;2549;81;America/Sao_Paulo
;Santa Cruz do Escalvado;-20,2372;-42,8169;;31;5147;31;America/Sao_Paulo
;Santa Cruz do Piauí;-7,1785;-41,7609;;22;1181;89;America/Sao_Paulo
SANTA CRUZ DO RIO PARDO;Santa Cruz do Rio Pardo;-22,8988;-49,6354;;35;7029;14;America/Sao_Paulo
;Santa Cruz do Sul;-29,722;-52,4343;;43;8839;51;America/Sao_Paulo
;Santa Cruz do Xingu;-10,1532;-52,3953;;51;1094;66;America/Porto_Velho
;Santa Cruz dos Milagres;-5,80581;-41,9506;;22;1295;89;America/Sao_Paulo
;Santa Efigênia de Minas;-18,8235;-42,4388;;31;5149;33;America/Sao_Paulo
SANTA ERNESTINA;Santa Ernestina;-21,4618;-48,3953;;35;7031;16;America/Sao_Paulo
;Santa Fé;-23,04;-51,808;;41;7845;44;America/Sao_Paulo
;Santa Fé de Goiás;-15,7664;-51,1037;;52;9743;62;America/Sao_Paulo
;Santa Fé de Minas;-16,6859;-45,4102;;31;5151;38;America/Sao_Paulo
;Santa Fé do Araguaia;-7,15803;-48,7165;;17;195;63;America/Sao_Paulo
SANTA FE DO SUL;Santa Fé do Sul;-20,2083;-50,932;;35;7033;17;America/Sao_Paulo
;Santa Filomena;-9,11228;-45,9116;;22;1183;89;America/Sao_Paulo
;Santa Filomena;-8,16688;-40,6079;;26;556;87;America/Sao_Paulo
;Santa Filomena do Maranhão;-5,49671;-44,5638;;21;222;99;America/Sao_Paulo
SANTA GERTRUDES;Santa Gertrudes;-22,4572;-47,5272;;35;7035;19;America/Sao_Paulo
;Santa Helena;-24,8585;-54,336;;41;7971;45;America/Sao_Paulo
;Santa Helena;-26,937;-53,6214;;42;5751;49;America/Sao_Paulo
;Santa Helena;-2,24426;-45,29;;21;895;98;America/Sao_Paulo
;Santa Helena;-6,7176;-38,6427;;25;2167;83;America/Sao_Paulo
;Santa Helena de Goiás;-17,8115;-50,5977;;52;9581;64;America/Sao_Paulo
;Santa Helena de Minas;-16,9707;-40,6727;;31;706;33;America/Sao_Paulo
;Santa Inês;-13,2793;-39,814;;29;3859;73;America/Sao_Paulo
;Santa Inês;-22,6376;-51,9024;;41;7847;44;America/Sao_Paulo
;Santa Inês;-7,621;-38,554;;25;512;83;America/Sao_Paulo
;Santa Inês;-3,65112;-45,3774;;21;957;98;America/Sao_Paulo
SANTA ISABEL;Santa Isabel;-23,3172;-46,2237;;35;7037;11;America/Sao_Paulo
;Santa Isabel;-15,2958;-49,4259;;52;9689;62;America/Sao_Paulo
;Santa Isabel do Ivaí;-23,0025;-53,1989;;41;7849;44;America/Sao_Paulo
;Santa Isabel do Rio Negro;-0,410824;-65,0092;;13;237;97;America/Porto_Velho
;Santa Izabel do Oeste;-25,8217;-53,4801;;41;7851;46;America/Sao_Paulo
;Santa Izabel do Pará;-1,29686;-48,1606;;15;529;91;America/Sao_Paulo
;Santa Juliana;-19,3108;-47,5322;;31;5153;34;America/Sao_Paulo
;Santa Leopoldina;-20,0999;-40,527;;32;5689;27;America/Sao_Paulo
SANTA LUCIA;Santa Lúcia;-21,685;-48,0885;;35;7039;16;America/Sao_Paulo
;Santa Lúcia;-25,4104;-53,5638;;41;5469;45;America/Sao_Paulo
;Santa Luz;-8,9488;-44,1296;;22;1185;89;America/Sao_Paulo
;Santa Luzia;-4,06873;-45,69;;21;897;98;America/Sao_Paulo
;Santa Luzia;-15,4342;-39,3287;;29;3987;73;America/Sao_Paulo
;Santa Luzia;-19,7548;-43,8497;;31;5155;31;America/Sao_Paulo
;Santa Luzia;-6,86092;-36,9178;;25;2169;83;America/Sao_Paulo
;Santa Luzia D'Oeste;-11,9074;-61,7777;;11;43;69;America/Porto_Velho
;Santa Luzia do Itanhy;-11,3536;-37,4586;;28;3225;79;America/Sao_Paulo
;Santa Luzia do Norte;-9,6037;-35,8232;;27;2857;82;America/Sao_Paulo
;Santa Luzia do Pará;-1,52147;-46,9008;;15;371;91;America/Sao_Paulo
;Santa Luzia do Paruá;-2,51123;-45,7801;;21;1285;98;America/Sao_Paulo
;Santa Margarida;-20,3839;-42,2519;;31;5157;31;America/Sao_Paulo
;Santa Margarida do Sul;-30,3393;-54,0817;;43;1168;55;America/Sao_Paulo
;Santa Maria;-29,6868;-53,8149;;43;8841;55;America/Sao_Paulo
;Santa Maria;-5,83802;-35,6914;;24;424;84;America/Sao_Paulo
;Santa Maria da Boa Vista;-8,79766;-39,8241;;26;2551;87;America/Sao_Paulo
SANTA MARIA DA SERRA;Santa Maria da Serra;-22,5661;-48,1593;;35;7041;19;America/Sao_Paulo
;Santa Maria da Vitória;-13,3859;-44,2011;;29;3863;77;America/Sao_Paulo
;Santa Maria das Barreiras;-8,85784;-49,7215;;15;599;94;America/Sao_Paulo
;Santa Maria de Itabira;-19,4431;-43,1064;;31;5159;31;America/Sao_Paulo
;Santa Maria de Jetibá;-20,0253;-40,7439;;32;5725;27;America/Sao_Paulo
;Santa Maria do Cambucá;-7,83676;-35,8941;;26;2553;81;America/Sao_Paulo
;Santa Maria do Herval;-29,4902;-50,9919;;43;7337;51;America/Sao_Paulo
;Santa Maria do Oeste;-24,9377;-51,8696;;41;5505;42;America/Sao_Paulo
;Santa Maria do Pará;-1,35392;-47,5712;;15;531;91;America/Sao_Paulo
;Santa Maria do Salto;-16,2479;-40,1512;;31;5161;33;America/Sao_Paulo
;Santa Maria do Suaçuí;-18,1896;-42,4139;;31;5163;33;America/Sao_Paulo
;Santa Maria do Tocantins;-8,8046;-47,7887;;17;361;63;America/Sao_Paulo
;Santa Maria Madalena;-21,9547;-42,0098;;33;5891;22;America/Sao_Paulo
;Santa Mariana;-23,1465;-50,5167;;41;7853;43;America/Sao_Paulo
SANTA MERCEDES;Santa Mercedes;-21,3495;-51,7564;;35;7043;18;America/Sao_Paulo
;Santa Mônica;-23,108;-53,1103;;41;5519;44;America/Sao_Paulo
;Santa Quitéria;-4,32608;-40,1523;;23;1545;88;America/Sao_Paulo
;Santa Quitéria do Maranhão;-3,49308;-42,5688;;21;899;98;America/Sao_Paulo
;Santa Rita;-3,14241;-44,3211;;21;901;98;America/Sao_Paulo
;Santa Rita;-7,11724;-34,9753;;25;2175;83;America/Sao_Paulo
SANTA RITA D'OESTE;Santa Rita d'Oeste;-20,1414;-50,8358;;35;7049;17;America/Sao_Paulo
;Santa Rita de Caldas;-22,0292;-46,3385;;31;5183;35;America/Sao_Paulo
;Santa Rita de Cássia;-11,0063;-44,5255;;29;3549;77;America/Sao_Paulo
;Santa Rita de Ibitipoca;-21,5658;-43,9163;;31;5187;32;America/Sao_Paulo
;Santa Rita de Jacutinga;-22,1474;-44,0977;;31;5185;32;America/Sao_Paulo
;Santa Rita de Minas;-19,876;-42,1363;;31;2669;33;America/Sao_Paulo
;Santa Rita do Araguaia;-17,3269;-53,2012;;52;9583;64;America/Sao_Paulo
;Santa Rita do Itueto;-19,3576;-41,3821;;31;5189;33;America/Sao_Paulo
;Santa Rita do Novo Destino;-15,1351;-49,1203;;52;1062;62;America/Sao_Paulo
;Santa Rita do Pardo;-21,3016;-52,8333;;50;9745;67;America/Porto_Velho
SANTA RITA DO PASSA QUATRO;Santa Rita do Passa Quatro;-21,7083;-47,478;;35;7051;19;America/Sao_Paulo
;Santa Rita do Sapucaí;-22,2461;-45,7034;;31;5191;35;America/Sao_Paulo
;Santa Rita do Tocantins;-10,8617;-48,9161;;17;96;63;America/Sao_Paulo
;Santa Rita do Trivelato;-13,8146;-55,2706;;51;1096;65;America/Porto_Velho
;Santa Rosa;-27,8702;-54,4796;;43;8847;55;America/Sao_Paulo
;Santa Rosa da Serra;-19,5186;-45,9611;;31;5193;34;America/Sao_Paulo
;Santa Rosa de Goiás;-16,084;-49,4953;;52;9585;62;America/Sao_Paulo
;Santa Rosa de Lima;-28,0331;-49,133;;42;8307;48;America/Sao_Paulo
;Santa Rosa de Lima;-10,6434;-37,1931;;28;3229;79;America/Sao_Paulo
SANTA ROSA DE VITERBO;Santa Rosa de Viterbo;-21,4776;-47,3622;;35;7053;16;America/Sao_Paulo
;Santa Rosa do Piauí;-6,79581;-42,2814;;22;2261;89;America/Sao_Paulo
;Santa Rosa do Purus;-9,44652;-70,4902;;12;661;68;America/Rio_Branco
;Santa Rosa do Sul;-29,1313;-49,7109;;42;9967;48;America/Sao_Paulo
;Santa Rosa do Tocantins;-11,4474;-48,1216;;17;9729;63;America/Sao_Paulo
SANTA SALETE;Santa Salete;-20,2429;-50,6887;;35;822;17;America/Sao_Paulo
;Santa Teresa;-19,9363;-40,5979;;32;5691;27;America/Sao_Paulo
;Santa Teresinha;-12,7697;-39,5215;;29;3869;75;America/Sao_Paulo
;Santa Teresinha;-7,07964;-37,4435;;25;2177;83;America/Sao_Paulo
;Santa Tereza;-29,1655;-51,7351;;43;5995;54;America/Sao_Paulo
;Santa Tereza de Goiás;-13,7138;-49,0144;;52;9587;62;America/Sao_Paulo
;Santa Tereza do Oeste;-25,0543;-53,6274;;41;9969;45;America/Sao_Paulo
;Santa Tereza do Tocantins;-10,2746;-47,8033;;17;9731;63;America/Sao_Paulo
;Santa Terezinha;-26,7813;-50,009;;42;5555;47;America/Sao_Paulo
;Santa Terezinha;-10,4704;-50,514;;51;9197;66;America/Porto_Velho
;Santa Terezinha;-7,37696;-37,4787;;26;2555;87;America/Sao_Paulo
;Santa Terezinha de Goiás;-14,4326;-49,7091;;52;9589;62;America/Sao_Paulo
;Santa Terezinha de Itaipu;-25,4391;-54,402;;41;8467;45;America/Sao_Paulo
;Santa Terezinha do Progresso;-26,624;-53,1997;;42;938;49;America/Sao_Paulo
;Santa Terezinha do Tocantins;-6,44438;-47,6684;;17;98;63;America/Sao_Paulo
;Santa Vitória;-18,8414;-50,1208;;31;5195;34;America/Sao_Paulo
;Santa Vitória do Palmar;-33,525;-53,3717;;43;8849;53;America/Sao_Paulo
;Santaluz;-11,2508;-39,375;;29;3861;75;America/Sao_Paulo
;Santana;-12,9792;-44,0506;;29;3865;77;America/Sao_Paulo
;Santana;-0,045434;-51,1729;;16;615;96;America/Sao_Paulo
;Santana da Boa Vista;-30,8697;-53,11;;43;8843;53;America/Sao_Paulo
SANTANA DA PONTE PENSA;Santana da Ponte Pensa;-20,2523;-50,8014;;35;7045;17;America/Sao_Paulo
;Santana da Vargem;-21,2449;-45,5005;;31;5165;35;America/Sao_Paulo
;Santana de Cataguases;-21,2893;-42,5524;;31;5167;32;America/Sao_Paulo
;Santana de Mangueira;-7,54705;-38,3236;;25;2171;83;America/Sao_Paulo
SANTANA DE PARNAIBA;Santana de Parnaíba;-23,4439;-46,9178;;35;7047;11;America/Sao_Paulo
;Santana de Pirapama;-18,9962;-44,0409;;31;5169;31;America/Sao_Paulo
;Santana do Acaraú;-3,46144;-40,2118;;23;1541;88;America/Sao_Paulo
;Santana do Araguaia;-9,3281;-50,35;;15;533;94;America/Sao_Paulo
;Santana do Cariri;-7,17613;-39,7302;;23;1543;88;America/Sao_Paulo
;Santana do Deserto;-21,9512;-43,1583;;31;5171;32;America/Sao_Paulo
;Santana do Garambéu;-21,5983;-44,105;;31;5173;32;America/Sao_Paulo
;Santana do Ipanema;-9,36999;-37,248;;27;2859;82;America/Sao_Paulo
;Santana do Itararé;-23,7587;-49,6293;;41;7855;43;America/Sao_Paulo
;Santana do Jacaré;-20,9007;-45,1285;;31;5175;35;America/Sao_Paulo
;Santana do Manhuaçu;-20,1031;-41,9278;;31;5177;33;America/Sao_Paulo
;Santana do Maranhão;-3,109;-42,4064;;21;224;98;America/Sao_Paulo
;Santana do Matos;-5,94605;-36,6578;;24;1827;84;America/Sao_Paulo
;Santana do Mundaú;-9,17141;-36,2176;;27;2861;82;America/Sao_Paulo
;Santana do Paraíso;-19,3661;-42,5446;;31;2673;31;America/Sao_Paulo
;Santana do Piauí;-6,94696;-41,5178;;22;2281;89;America/Sao_Paulo
;Santana do Riacho;-19,1662;-43,722;;31;5179;31;America/Sao_Paulo
;Santana do São Francisco;-10,2922;-36,6105;;28;2647;79;America/Sao_Paulo
;Santana do Seridó;-6,76643;-36,7312;;24;1825;84;America/Sao_Paulo
;Santana dos Garrotes;-7,38162;-37,9819;;25;2173;83;America/Sao_Paulo
;Santana dos Montes;-20,7868;-43,6949;;31;5181;31;America/Sao_Paulo
;Santanópolis;-12,0311;-38,8694;;29;3867;75;America/Sao_Paulo
;Santarém;-2,43849;-54,6996;;15;535;93;America/Sao_Paulo
;Santarém Novo;-0,93097;-47,3855;;15;537;91;America/Sao_Paulo
;Santiago;-29,1897;-54,8666;;43;8851;55;America/Sao_Paulo
;Santiago do Sul;-26,6388;-52,6799;;42;940;49;America/Sao_Paulo
;Santo Afonso;-14,4945;-57,0091;;51;115;65;America/Porto_Velho
;Santo Amaro;-12,5472;-38,7137;;29;3871;75;America/Sao_Paulo
;Santo Amaro da Imperatriz;-27,6852;-48,7813;;42;8309;48;America/Sao_Paulo
;Santo Amaro das Brotas;-10,7892;-37,0564;;28;3231;79;America/Sao_Paulo
;Santo Amaro do Maranhão;-2,50068;-43,238;;21;226;98;America/Sao_Paulo
SANTO ANASTACIO;Santo Anastácio;-21,9747;-51,6527;;35;7055;18;America/Sao_Paulo
SANTO ANDRE;Santo André;-23,6737;-46,5432;;35;7057;11;America/Sao_Paulo
;Santo André;-7,22016;-36,6213;;25;516;83;America/Sao_Paulo
;Santo Ângelo;-28,3001;-54,2668;;43;8853;55;America/Sao_Paulo
;Santo Antônio;-6,31195;-35,4739;;24;1829;84;America/Sao_Paulo
SANTO ANTONIO DA ALEGRIA;Santo Antônio da Alegria;-21,0864;-47,1464;;35;7059;16;America/Sao_Paulo
;Santo Antônio da Barra;-17,5585;-50,6345;;52;83;64;America/Sao_Paulo
;Santo Antônio da Patrulha;-29,8268;-50,5175;;43;8855;51;America/Sao_Paulo
;Santo Antônio da Platina;-23,2959;-50,0815;;41;7859;43;America/Sao_Paulo
;Santo Antônio das Missões;-28,514;-55,2251;;43;8857;55;America/Sao_Paulo
;Santo Antônio de Goiás;-16,4815;-49,3096;;52;53;62;America/Sao_Paulo
;Santo Antônio de Jesus;-12,9614;-39,2584;;29;3873;75;America/Sao_Paulo
;Santo Antônio de Lisboa;-6,98676;-41,2252;;22;1187;89;America/Sao_Paulo
;Santo Antônio de Pádua;-21,541;-42,1832;;33;5893;22;America/Sao_Paulo
SANTO ANTONIO DE POSSE;Santo Antônio de Posse;-22,6029;-46,9192;;35;7061;19;America/Sao_Paulo
;Santo Antônio do Amparo;-20,943;-44,9176;;31;5197;35;America/Sao_Paulo
SANTO ANTONIO DO ARACANGUA;Santo Antônio do Aracanguá;-20,9331;-50,498;;35;2939;18;America/Sao_Paulo
;Santo Antônio do Aventureiro;-21,7606;-42,8115;;31;5199;32;America/Sao_Paulo
;Santo Antônio do Caiuá;-22,7351;-52,344;;41;7861;44;America/Sao_Paulo
;Santo Antônio do Descoberto;-15,9412;-48,2578;;52;9677;61;America/Sao_Paulo
;Santo Antônio do Grama;-20,3185;-42,6047;;31;5201;31;America/Sao_Paulo
;Santo Antônio do Içá;-3,09544;-67,9463;;13;273;97;America/Porto_Velho
;Santo Antônio do Itambé;-18,4609;-43,3006;;31;5203;33;America/Sao_Paulo
;Santo Antônio do Jacinto;-16,5332;-40,1817;;31;5205;33;America/Sao_Paulo
SANTO ANTONIO DO JARDIM;Santo Antônio do Jardim;-22,1121;-46,6845;;35;7063;19;America/Sao_Paulo
;Santo Antônio do Leste;-14,805;-53,6075;;51;1098;66;America/Porto_Velho
;Santo Antônio do Leverger;-15,8632;-56,0788;;51;9155;65;America/Porto_Velho
;Santo Antônio do Monte;-20,085;-45,2947;;31;5207;37;America/Sao_Paulo
;Santo Antônio do Palma;-28,4956;-52,0267;;43;5941;54;America/Sao_Paulo
;Santo Antônio do Paraíso;-23,4969;-50,6455;;41;7863;43;America/Sao_Paulo
SANTO ANTONIO DO PINHAL;Santo Antônio do Pinhal;-22,827;-45,663;;35;7065;12;America/Sao_Paulo
;Santo Antônio do Planalto;-28,403;-52,6992;;43;5957;54;America/Sao_Paulo
;Santo Antônio do Retiro;-15,3393;-42,6171;;31;708;38;America/Sao_Paulo
;Santo Antônio do Rio Abaixo;-19,2374;-43,2604;;31;5209;31;America/Sao_Paulo
;Santo Antônio do Sudoeste;-26,0737;-53,7251;;41;7857;46;America/Sao_Paulo
;Santo Antônio do Tauá;-1,1522;-48,1314;;15;539;91;America/Sao_Paulo
;Santo Antônio dos Lopes;-4,86613;-44,3653;;21;903;99;America/Sao_Paulo
;Santo Antônio dos Milagres;-6,04647;-42,7123;;22;378;86;America/Sao_Paulo
;Santo Augusto;-27,8526;-53,7776;;43;8859;55;America/Sao_Paulo
;Santo Cristo;-27,8263;-54,662;;43;8861;55;America/Sao_Paulo
;Santo Estêvão;-12,428;-39,2505;;29;3875;75;America/Sao_Paulo
SANTO EXPEDITO;Santo Expedito;-21,8467;-51,3929;;35;7067;18;America/Sao_Paulo
;Santo Expedito do Sul;-27,9074;-51,6434;;43;5977;54;America/Sao_Paulo
;Santo Hipólito;-18,2968;-44,2229;;31;5211;38;America/Sao_Paulo
;Santo Inácio;-22,6957;-51,7969;;41;7865;44;America/Sao_Paulo
;Santo Inácio do Piauí;-7,42072;-41,9063;;22;1189;89;America/Sao_Paulo
SANTOPOLIS DO AGUAPEI;Santópolis do Aguapeí;-21,6376;-50,5044;;35;7069;18;America/Sao_Paulo
SANTOS;Santos;-23,9535;-46,335;;35;7071;13;America/Sao_Paulo
;Santos Dumont;-21,4634;-43,5499;;31;5213;32;America/Sao_Paulo
;São Benedito;-4,04713;-40,8596;;23;1547;88;America/Sao_Paulo
;São Benedito do Rio Preto;-3,33515;-43,5287;;21;905;98;America/Sao_Paulo
;São Benedito do Sul;-8,8166;-35,9453;;26;2557;81;America/Sao_Paulo
;São Bentinho;-6,88596;-37,7243;;25;518;83;America/Sao_Paulo
;São Bento;-6,48529;-37,4488;;25;2179;83;America/Sao_Paulo
;São Bento;-2,69781;-44,8289;;21;907;98;America/Sao_Paulo
;São Bento Abade;-21,5839;-45,0699;;31;5215;35;America/Sao_Paulo
;São Bento do Norte;-5,09259;-35,9587;;24;1831;84;America/Sao_Paulo
SAO BENTO DO SAPUCAI;São Bento do Sapucaí;-22,6837;-45,7287;;35;7073;12;America/Sao_Paulo
;São Bento do Sul;-26,2495;-49,3831;;42;8311;47;America/Sao_Paulo
;São Bento do Tocantins;-6,0258;-47,9012;;17;197;63;America/Sao_Paulo
;São Bento do Trairí;-6,33798;-36,0863;;24;1833;84;America/Sao_Paulo
;São Bento do Una;-8,52637;-36,4465;;26;2559;81;America/Sao_Paulo
;São Bernardino;-26,4739;-52,9687;;42;942;49;America/Sao_Paulo
;São Bernardo;-3,37223;-42,4191;;21;909;98;America/Sao_Paulo
SAO BERNARDO DO CAMPO;São Bernardo do Campo;-23,6914;-46,5646;;35;7075;11;America/Sao_Paulo
;São Bonifácio;-27,9009;-48,9326;;42;8313;48;America/Sao_Paulo
;São Borja;-28,6578;-56,0036;;43;8863;55;America/Sao_Paulo
;São Brás;-10,1141;-36,8522;;27;2863;82;America/Sao_Paulo
;São Brás do Suaçuí;-20,6242;-43,9515;;31;5217;31;America/Sao_Paulo
;São Braz do Piauí;-9,05797;-43,0076;;22;2263;89;America/Sao_Paulo
;São Caetano;-8,33763;-36,2869;;26;2561;81;America/Sao_Paulo
;São Caetano de Odivelas;-0,747293;-48,0246;;15;541;91;America/Sao_Paulo
SAO CAETANO DO SUL;São Caetano do Sul;-23,6229;-46,5548;;35;7077;11;America/Sao_Paulo
SAO CARLOS;São Carlos;-22,0174;-47,886;;35;7079;16;America/Sao_Paulo
;São Carlos;-27,0798;-53,0037;;42;8315;49;America/Sao_Paulo
;São Carlos do Ivaí;-23,3158;-52,4761;;41;7867;44;America/Sao_Paulo
;São Cristóvão;-11,0084;-37,2044;;28;3233;79;America/Sao_Paulo
;São Cristovão do Sul;-27,2666;-50,4388;;42;5573;49;America/Sao_Paulo
;São Desidério;-12,3572;-44,9769;;29;3877;77;America/Sao_Paulo
;São Domingos;-11,4649;-39,5268;;29;3029;75;America/Sao_Paulo
;São Domingos;-26,5548;-52,5313;;42;8317;49;America/Sao_Paulo
;São Domingos;-6,80313;-37,9488;;25;522;83;America/Sao_Paulo
;São Domingos;-10,7916;-37,5685;;28;3235;79;America/Sao_Paulo
;São Domingos;-13,621;-46,7415;;52;9591;62;America/Sao_Paulo
;São Domingos das Dores;-19,5246;-42,0106;;31;710;33;America/Sao_Paulo
;São Domingos do Araguaia;-5,53732;-48,7366;;15;381;94;America/Sao_Paulo
;São Domingos do Azeitão;-6,81471;-44,6509;;21;228;99;America/Sao_Paulo
;São Domingos do Capim;-1,68768;-47,7665;;15;543;91;America/Sao_Paulo
;São Domingos do Cariri;-7,63273;-36,4374;;25;520;83;America/Sao_Paulo
;São Domingos do Maranhão;-5,58095;-44,3822;;21;911;99;America/Sao_Paulo
;São Domingos do Norte;-19,1452;-40,6281;;32;2933;27;America/Sao_Paulo
;São Domingos do Prata;-19,8678;-42,971;;31;5219;31;America/Sao_Paulo
;São Domingos do Sul;-28,5312;-51,886;;43;7351;54;America/Sao_Paulo
;São Felipe;-12,8394;-39,0893;;29;3881;75;America/Sao_Paulo
;São Felipe D'Oeste;-11,9023;-61,5026;;11;18;69;America/Porto_Velho
;São Félix;-12,6104;-38,9727;;29;3879;75;America/Sao_Paulo
;São Félix de Balsas;-7,07535;-44,8092;;21;913;99;America/Sao_Paulo
;São Félix de Minas;-18,5959;-41,4889;;31;712;33;America/Sao_Paulo
;São Félix do Araguaia;-11,615;-50,6706;;51;9183;66;America/Porto_Velho
;São Félix do Coribe;-13,4019;-44,1837;;29;3031;77;America/Sao_Paulo
;São Félix do Piauí;-5,93485;-42,1172;;22;1191;86;America/Sao_Paulo
;São Félix do Tocantins;-10,1615;-46,6618;;17;363;63;America/Sao_Paulo
;São Félix do Xingu;-6,64254;-51,9904;;15;545;94;America/Sao_Paulo
;São Fernando;-6,37975;-37,1864;;24;1835;84;America/Sao_Paulo
;São Fidélis;-21,6551;-41,756;;33;5895;22;America/Sao_Paulo
SAO FRANCISCO;São Francisco;-20,3623;-50,6952;;35;7081;17;America/Sao_Paulo
;São Francisco;-6,60773;-38,0968;;25;524;83;America/Sao_Paulo
;São Francisco;-10,3442;-36,8869;;28;3237;79;America/Sao_Paulo
;São Francisco;-15,9514;-44,8593;;31;5221;38;America/Sao_Paulo
;São Francisco de Assis;-29,5547;-55,1253;;43;8865;55;America/Sao_Paulo
;São Francisco de Assis do Piauí;-8,23599;-41,6873;;22;380;89;America/Sao_Paulo
;São Francisco de Goiás;-15,9256;-49,2605;;52;9593;62;America/Sao_Paulo
;São Francisco de Itabapoana;-21,4702;-41,1091;;33;782;22;America/Sao_Paulo
;São Francisco de Paula;-29,4404;-50,5828;;43;8867;54;America/Sao_Paulo
;São Francisco de Paula;-20,7036;-44,9838;;31;5223;37;America/Sao_Paulo
;São Francisco de Sales;-19,8611;-49,7727;;31;5225;34;America/Sao_Paulo
;São Francisco do Brejão;-5,12584;-47,389;;21;230;99;America/Sao_Paulo
;São Francisco do Conde;-12,6183;-38,6786;;29;3883;71;America/Sao_Paulo
;São Francisco do Glória;-20,7923;-42,2673;;31;5227;32;America/Sao_Paulo
;São Francisco do Guaporé;-12,052;-63,568;;11;20;69;America/Porto_Velho
;São Francisco do Maranhão;-6,25159;-42,8668;;21;915;99;America/Sao_Paulo
;São Francisco do Oeste;-5,97472;-38,1519;;24;1821;84;America/Sao_Paulo
;São Francisco do Pará;-1,16963;-47,7917;;15;547;91;America/Sao_Paulo
;São Francisco do Piauí;-7,2463;-42,541;;22;1193;89;America/Sao_Paulo
;São Francisco do Sul;-26,2579;-48,6344;;42;8319;47;America/Sao_Paulo
;São Gabriel;-30,3337;-54,3217;;43;8869;55;America/Sao_Paulo
;São Gabriel;-11,2175;-41,8843;;29;3989;74;America/Sao_Paulo
;São Gabriel da Cachoeira;-0,11909;-67,084;;13;283;97;America/Porto_Velho
;São Gabriel da Palha;-19,0182;-40,5365;;32;5693;27;America/Sao_Paulo
;São Gabriel do Oeste;-19,3889;-54,5507;;50;9809;67;America/Porto_Velho
;São Geraldo;-20,9252;-42,8364;;31;5229;32;America/Sao_Paulo
;São Geraldo da Piedade;-18,8411;-42,2867;;31;5231;33;America/Sao_Paulo
;São Geraldo do Araguaia;-6,39471;-48,5592;;15;619;94;America/Sao_Paulo
;São Geraldo do Baixio;-18,9097;-41,363;;31;714;33;America/Sao_Paulo
;São Gonçalo;-22,8268;-43,0634;;33;5897;21;America/Sao_Paulo
;São Gonçalo do Abaeté;-18,3315;-45,8265;;31;5233;38;America/Sao_Paulo
;São Gonçalo do Amarante;-5,79068;-35,3257;;24;1837;84;America/Sao_Paulo
;São Gonçalo do Amarante;-3,60515;-38,9726;;23;1549;85;America/Sao_Paulo
;São Gonçalo do Gurguéia;-10,0319;-45,3092;;22;382;89;America/Sao_Paulo
;São Gonçalo do Pará;-19,9822;-44,8593;;31;5235;37;America/Sao_Paulo
;São Gonçalo do Piauí;-5,99393;-42,7095;;22;1195;86;America/Sao_Paulo
;São Gonçalo do Rio Abaixo;-19,8221;-43,366;;31;5237;31;America/Sao_Paulo
;São Gonçalo do Rio Preto;-18,0025;-43,3854;;31;4509;38;America/Sao_Paulo
;São Gonçalo do Sapucaí;-21,8932;-45,5893;;31;5239;35;America/Sao_Paulo
;São Gonçalo dos Campos;-12,4331;-38,9663;;29;3885;75;America/Sao_Paulo
;São Gotardo;-19,3087;-46,0465;;31;5241;34;America/Sao_Paulo
;São Jerônimo;-29,9716;-51,7251;;43;8871;51;America/Sao_Paulo
;São Jerônimo da Serra;-23,7218;-50,7475;;41;7869;43;America/Sao_Paulo
;São João;-25,8214;-52,7252;;41;7871;46;America/Sao_Paulo
;São João;-8,87576;-36,3653;;26;2563;87;America/Sao_Paulo
;São João Batista;-2,95398;-44,7953;;21;917;98;America/Sao_Paulo
;São João Batista;-27,2772;-48,8474;;42;8321;48;America/Sao_Paulo
;São João Batista do Glória;-20,635;-46,508;;31;5243;35;America/Sao_Paulo
;São João d'Aliança;-14,7048;-47,5228;;52;9597;62;America/Sao_Paulo
;São João da Baliza;0,951659;-59,9133;;14;313;95;America/Porto_Velho
;São João da Barra;-21,638;-41,0446;;33;5899;22;America/Sao_Paulo
SAO JOAO DA BOA VISTA;São João da Boa Vista;-21,9707;-46,7944;;35;7083;19;America/Sao_Paulo
;São João da Canabrava;-6,81203;-41,3415;;22;1291;89;America/Sao_Paulo
;São João da Fronteira;-3,95497;-41,2569;;22;384;86;America/Sao_Paulo
;São João da Lagoa;-16,8455;-44,3507;;31;716;38;America/Sao_Paulo
;São João da Mata;-21,928;-45,9297;;31;5245;35;America/Sao_Paulo
;São João da Paraúna;-16,8126;-50,4092;;52;9747;64;America/Sao_Paulo
;São João da Ponta;-0,857885;-47,918;;15;64;91;America/Sao_Paulo
;São João da Ponte;-15,9271;-44,0096;;31;5247;38;America/Sao_Paulo
;São João da Serra;-5,51081;-41,8923;;22;1197;86;America/Sao_Paulo
;São João da Urtiga;-27,8195;-51,8257;;43;7349;54;America/Sao_Paulo
;São João da Varjota;-6,94082;-41,8889;;22;386;89;America/Sao_Paulo
SAO JOAO DAS DUAS PONTES;São João das Duas Pontes;-20,3879;-50,3792;;35;7085;17;America/Sao_Paulo
;São João das Missões;-14,8859;-44,0922;;31;718;38;America/Sao_Paulo
SAO JOAO DE IRACEMA;São João de Iracema;-20,5111;-50,3561;;35;2941;17;America/Sao_Paulo
;São João de Meriti;-22,8058;-43,3729;;33;5901;21;America/Sao_Paulo
;São João de Pirabas;-0,780222;-47,181;;15;393;91;America/Sao_Paulo
;São João del Rei;-21,1311;-44,2526;;31;5249;32;America/Sao_Paulo
;São João do Araguaia;-5,36334;-48,7926;;15;549;94;America/Sao_Paulo
;São João do Arraial;-3,8186;-42,4459;;22;388;86;America/Sao_Paulo
;São João do Caiuá;-22,8535;-52,3411;;41;7873;44;America/Sao_Paulo
;São João do Cariri;-7,38168;-36,5345;;25;2181;83;America/Sao_Paulo
;São João do Carú;-3,5503;-46,2507;;21;232;98;America/Sao_Paulo
;São João do Itaperiú;-26,6213;-48,7683;;42;5551;47;America/Sao_Paulo
;São João do Ivaí;-23,9833;-51,8215;;41;7875;43;America/Sao_Paulo
;São João do Jaguaribe;-5,27516;-38,2694;;23;1551;88;America/Sao_Paulo
;São João do Manhuaçu;-20,3933;-42,1533;;31;2677;33;America/Sao_Paulo
;São João do Manteninha;-18,723;-41,1628;;31;2679;33;America/Sao_Paulo
;São João do Oeste;-27,0984;-53,5977;;42;5753;49;America/Sao_Paulo
;São João do Oriente;-19,3384;-42,1575;;31;5251;33;America/Sao_Paulo
;São João do Pacuí;-16,5373;-44,5134;;31;720;38;America/Sao_Paulo
;São João do Paraíso;-15,3168;-42,0213;;31;5253;38;America/Sao_Paulo
;São João do Paraíso;-6,45634;-47,0594;;21;234;99;America/Sao_Paulo
SAO JOAO DO PAU D'ALHO;São João do Pau d'Alho;-21,2662;-51,6672;;35;7087;18;America/Sao_Paulo
;São João do Piauí;-8,35466;-42,2559;;22;1199;89;America/Sao_Paulo
;São João do Polêsine;-29,6194;-53,4439;;43;5791;55;America/Sao_Paulo
;São João do Rio do Peixe;-6,72195;-38,4468;;25;1913;83;America/Sao_Paulo
;São João do Sabugi;-6,71387;-37,2027;;24;1839;84;America/Sao_Paulo
;São João do Soter;-5,10821;-43,8163;;21;236;99;America/Sao_Paulo
;São João do Sul;-29,2154;-49,8094;;42;8323;48;America/Sao_Paulo
;São João do Tigre;-8,07703;-36,8547;;25;2183;83;America/Sao_Paulo
;São João do Triunfo;-25,683;-50,2949;;41;7877;42;America/Sao_Paulo
;São João dos Patos;-6,4934;-43,7036;;21;919;99;America/Sao_Paulo
;São João Evangelista;-18,548;-42,7655;;31;5255;33;America/Sao_Paulo
;São João Nepomuceno;-21,5381;-43,0069;;31;5257;32;America/Sao_Paulo
;São Joaquim;-28,2887;-49,9457;;42;8325;49;America/Sao_Paulo
SAO JOAQUIM DA BARRA;São Joaquim da Barra;-20,5812;-47,8593;;35;7089;16;America/Sao_Paulo
;São Joaquim de Bicas;-20,048;-44,2749;;31;722;31;America/Sao_Paulo
;São Joaquim do Monte;-8,43196;-35,8035;;26;2565;81;America/Sao_Paulo
;São Jorge;-28,4984;-51,7064;;43;7347;54;America/Sao_Paulo
;São Jorge d'Oeste;-25,7085;-52,9204;;41;7881;46;America/Sao_Paulo
;São Jorge do Ivaí;-23,4336;-52,2929;;41;7879;44;America/Sao_Paulo
;São Jorge do Patrocínio;-23,7647;-53,8823;;41;7999;44;America/Sao_Paulo
;São José;-27,6136;-48,6366;;42;8327;48;America/Sao_Paulo
;São José da Barra;-20,7178;-46,313;;31;724;35;America/Sao_Paulo
SAO JOSE DA BELA VISTA;São José da Bela Vista;-20,5935;-47,6424;;35;7091;16;America/Sao_Paulo
;São José da Boa Vista;-23,9122;-49,6577;;41;7883;43;America/Sao_Paulo
;São José da Coroa Grande;-8,88937;-35,1515;;26;2567;81;America/Sao_Paulo
;São José da Lagoa Tapada;-6,93646;-38,1622;;25;2185;83;America/Sao_Paulo
;São José da Laje;-9,01278;-36,0515;;27;2865;82;America/Sao_Paulo
;São José da Lapa;-19,6971;-43,9586;;31;2649;31;America/Sao_Paulo
;São José da Safira;-18,3243;-42,1431;;31;5259;33;America/Sao_Paulo
;São José da Tapera;-9,55768;-37,3831;;27;2867;82;America/Sao_Paulo
;São José da Varginha;-19,7006;-44,556;;31;5261;37;America/Sao_Paulo
;São José da Vitória;-15,0787;-39,3437;;29;3035;73;America/Sao_Paulo
;São José das Missões;-27,7789;-53,1226;;43;5989;55;America/Sao_Paulo
;São José das Palmeiras;-24,8369;-54,0572;;41;8471;45;America/Sao_Paulo
;São José de Caiana;-7,24636;-38,2989;;25;2187;83;America/Sao_Paulo
;São José de Espinharas;-6,83974;-37,3214;;25;2189;83;America/Sao_Paulo
;São José de Mipibu;-6,0773;-35,2417;;24;1841;84;America/Sao_Paulo
;São José de Piranhas;-7,1187;-38,502;;25;2191;83;America/Sao_Paulo
;São José de Princesa;-7,73633;-38,0894;;25;528;83;America/Sao_Paulo
;São José de Ribamar;-2,54704;-44,0597;;21;889;98;America/Sao_Paulo
;São José de Ubá;-21,3661;-41,9511;;33;784;22;America/Sao_Paulo
;São José do Alegre;-22,3243;-45,5258;;31;5263;35;America/Sao_Paulo
SAO JOSE DO BARREIRO;São José do Barreiro;-22,6414;-44,5774;;35;7093;12;America/Sao_Paulo
;São José do Belmonte;-7,85723;-38,7577;;26;2569;87;America/Sao_Paulo
;São José do Bonfim;-7,1607;-37,3036;;25;2193;83;America/Sao_Paulo
;São José do Brejo do Cruz;-6,21054;-37,3601;;25;530;83;America/Sao_Paulo
;São José do Calçado;-21,0274;-41,6636;;32;5695;28;America/Sao_Paulo
;São José do Campestre;-6,31087;-35,7067;;24;1843;84;America/Sao_Paulo
;São José do Cedro;-26,4561;-53,4955;;42;8329;49;America/Sao_Paulo
;São José do Cerrito;-27,6602;-50,5733;;42;8331;49;America/Sao_Paulo
;São José do Divino;-3,81411;-41,8308;;22;2285;86;America/Sao_Paulo
;São José do Divino;-18,4793;-41,3907;;31;5265;33;America/Sao_Paulo
;São José do Egito;-7,46945;-37,274;;26;2571;87;America/Sao_Paulo
;São José do Goiabal;-19,9214;-42,7035;;31;5267;31;America/Sao_Paulo
;São José do Herval;-29,052;-52,295;;43;7345;54;America/Sao_Paulo
;São José do Hortêncio;-29,528;-51,245;;43;7343;51;America/Sao_Paulo
;São José do Inhacorá;-27,7251;-54,1275;;43;6059;55;America/Sao_Paulo
;São José do Jacuípe;-11,4137;-39,8669;;29;3033;74;America/Sao_Paulo
;São José do Jacuri;-18,281;-42,6729;;31;5269;33;America/Sao_Paulo
;São José do Mantimento;-20,0058;-41,7486;;31;5271;33;America/Sao_Paulo
;São José do Norte;-32,0151;-52,0331;;43;8873;53;America/Sao_Paulo
;São José do Ouro;-27,7707;-51,5966;;43;8875;54;America/Sao_Paulo
;São José do Peixe;-7,48554;-42,5672;;22;1201;89;America/Sao_Paulo
;São José do Piauí;-6,87194;-41,4731;;22;1203;89;America/Sao_Paulo
;São José do Povo;-16,4549;-54,2487;;51;6087;66;America/Porto_Velho
;São José do Rio Claro;-13,4398;-56,7218;;51;9199;65;America/Porto_Velho
SAO JOSE DO RIO PARDO;São José do Rio Pardo;-21,5953;-46,8873;;35;7095;19;America/Sao_Paulo
SAO JOSE DO RIO PRETO;São José do Rio Preto;-20,8113;-49,3758;;35;7097;17;America/Sao_Paulo
;São José do Sabugi;-6,76295;-36,7972;;25;2195;83;America/Sao_Paulo
;São José do Seridó;-6,44002;-36,8746;;24;1845;84;America/Sao_Paulo
;São José do Sul;-29,5448;-51,4821;;43;1170;51;America/Sao_Paulo
;São José do Vale do Rio Preto;-22,1525;-42,9327;;33;6009;24;America/Sao_Paulo
;São José do Xingu;-10,7982;-52,7486;;51;133;66;America/Porto_Velho
;São José dos Ausentes;-28,7476;-50,0677;;43;6015;54;America/Sao_Paulo
;São José dos Basílios;-5,05493;-44,5809;;21;238;99;America/Sao_Paulo
SAO JOSE DOS CAMPOS;São José dos Campos;-23,1896;-45,8841;;35;7099;12;America/Sao_Paulo
;São José dos Cordeiros;-7,38775;-36,8085;;25;2197;83;America/Sao_Paulo
;São José dos Pinhais;-25,5313;-49,2031;;41;7885;41;America/Sao_Paulo
;São José dos Quatro Marcos;-15,6276;-58,1772;;51;8993;65;America/Porto_Velho
;São José dos Ramos;-7,25238;-35,3725;;25;526;83;America/Sao_Paulo
;São Julião;-7,08391;-40,8246;;22;1205;89;America/Sao_Paulo
;São Leopoldo;-29,7545;-51,1498;;43;8877;51;America/Sao_Paulo
;São Lourenço;-22,1166;-45,0506;;31;5273;35;America/Sao_Paulo
;São Lourenço da Mata;-8,00684;-35,0124;;26;2573;81;America/Sao_Paulo
SAO LOURENCO DA SERRA;São Lourenço da Serra;-23,8491;-46,9432;;35;5447;11;America/Sao_Paulo
;São Lourenço do Oeste;-26,3557;-52,8498;;42;8333;49;America/Sao_Paulo
;São Lourenço do Piauí;-9,16463;-42,5496;;22;2265;89;America/Sao_Paulo
;São Lourenço do Sul;-31,3564;-51,9715;;43;8879;53;America/Sao_Paulo
;São Ludgero;-28,3144;-49,1806;;42;8335;48;America/Sao_Paulo
;São Luís;-2,53874;-44,2825;1.0;21;921;98;America/Sao_Paulo
;São Luís de Montes Belos;-16,5211;-50,3726;;52;9599;64;America/Sao_Paulo
;São Luís do Curu;-3,66976;-39,2391;;23;1553;85;America/Sao_Paulo
;São Luis do Piauí;-6,81936;-41,3175;;22;390;89;America/Sao_Paulo
;São Luís do Quitunde;-9,31816;-35,5606;;27;2869;82;America/Sao_Paulo
;São Luís Gonzaga do Maranhão;-4,38541;-44,6654;;21;805;99;America/Sao_Paulo
;São Luiz;1,01019;-60,0419;;14;315;95;America/Porto_Velho
;São Luiz do Norte;-14,8608;-49,3285;;52;9749;62;America/Sao_Paulo
SAO LUIZ DO PARAITINGA;São Luiz do Paraitinga;-23,222;-45,3109;;35;7101;12;America/Sao_Paulo
;São Luiz Gonzaga;-28,412;-54,9559;;43;8881;55;America/Sao_Paulo
;São Mamede;-6,92386;-37,0954;;25;2199;83;America/Sao_Paulo
;São Manoel do Paraná;-23,3941;-52,6454;;41;5515;44;America/Sao_Paulo
SAO MANUEL;São Manuel;-22,7321;-48,5723;;35;7103;14;America/Sao_Paulo
;São Marcos;-28,9677;-51,0696;;43;8883;54;America/Sao_Paulo
;São Martinho;-28,1609;-48,9867;;42;8337;48;America/Sao_Paulo
;São Martinho;-27,7112;-53,9699;;43;8885;55;America/Sao_Paulo
;São Martinho da Serra;-29,5397;-53,859;;43;5793;55;America/Sao_Paulo
;São Mateus;-18,7214;-39,8579;;32;5697;27;America/Sao_Paulo
;São Mateus do Maranhão;-4,03736;-44,4707;;21;923;99;America/Sao_Paulo
;São Mateus do Sul;-25,8677;-50,384;;41;7887;42;America/Sao_Paulo
;São Miguel;-6,20283;-38,4947;;24;1847;84;America/Sao_Paulo
SAO MIGUEL ARCANJO;São Miguel Arcanjo;-23,8782;-47,9935;;35;7105;15;America/Sao_Paulo
;São Miguel da Baixa Grande;-5,85646;-42,1934;;22;392;86;America/Sao_Paulo
;São Miguel da Boa Vista;-26,687;-53,2511;;42;5755;49;America/Sao_Paulo
;São Miguel das Matas;-13,0434;-39,4578;;29;3887;75;America/Sao_Paulo
;São Miguel das Missões;-28,556;-54,5559;;43;7341;55;America/Sao_Paulo
;São Miguel de Taipu;-7,24764;-35,2016;;25;2201;83;America/Sao_Paulo
;São Miguel do Aleixo;-10,3847;-37,3836;;28;3239;79;America/Sao_Paulo
;São Miguel do Anta;-20,7067;-42,7174;;31;5275;31;America/Sao_Paulo
;São Miguel do Araguaia;-13,2731;-50,1634;;52;9601;62;America/Sao_Paulo
;São Miguel do Fidalgo;-7,59713;-42,3676;;22;394;89;America/Sao_Paulo
;São Miguel do Gostoso;-5,12302;-35,6354;;24;430;84;America/Sao_Paulo
;São Miguel do Guamá;-1,61307;-47,4784;;15;551;91;America/Sao_Paulo
;São Miguel do Guaporé;-11,6953;-62,7192;;11;45;69;America/Porto_Velho
;São Miguel do Iguaçu;-25,3492;-54,2405;;41;7889;45;America/Sao_Paulo
;São Miguel do Oeste;-26,7242;-53,5163;;42;8339;49;America/Sao_Paulo
;São Miguel do Passa Quatro;-17,0582;-48,662;;52;9751;62;America/Sao_Paulo
;São Miguel do Tapuio;-5,49729;-41,3165;;22;1207;86;America/Sao_Paulo
;São Miguel do Tocantins;-5,56305;-47,5743;;17;199;63;America/Sao_Paulo
;São Miguel dos Campos;-9,78301;-36,0971;;27;2871;82;America/Sao_Paulo
;São Miguel dos Milagres;-9,26493;-35,3763;;27;2873;82;America/Sao_Paulo
;São Nicolau;-28,1834;-55,2654;;43;8887;55;America/Sao_Paulo
;São Patrício;-15,35;-49,818;;52;1064;62;America/Sao_Paulo
SAO PAULO;São Paulo;-23,5329;-46,6395;1.0;35;7107;11;America/Sao_Paulo
;São Paulo das Missões;-28,0195;-54,9404;;43;8889;55;America/Sao_Paulo
;São Paulo de Olivença;-3,47292;-68,9646;;13;275;97;America/Rio_Branco
;São Paulo do Potengi;-5,8994;-35,7642;;24;1849;84;America/Sao_Paulo
;São Pedro;-5,90559;-35,6317;;24;1851;84;America/Sao_Paulo
SAO PEDRO;São Pedro;-22,5483;-47,9096;;35;7109;19;America/Sao_Paulo
;São Pedro da Água Branca;-5,08472;-48,4291;;21;240;99;America/Sao_Paulo
;São Pedro da Aldeia;-22,8429;-42,1026;;33;5903;22;America/Sao_Paulo
;São Pedro da Cipa;-16,0109;-54,9176;;51;93;66;America/Porto_Velho
;São Pedro da Serra;-29,4193;-51,5134;;43;6043;51;America/Sao_Paulo
;São Pedro da União;-21,131;-46,6123;;31;5277;35;America/Sao_Paulo
;São Pedro das Missões;-27,7706;-53,2513;;43;1172;55;America/Sao_Paulo
;São Pedro de Alcântara;-27,5665;-48,8048;;42;944;48;America/Sao_Paulo
;São Pedro do Butiá;-28,1243;-54,8926;;43;6063;55;America/Sao_Paulo
;São Pedro do Iguaçu;-24,9373;-53,8521;;41;5489;45;America/Sao_Paulo
;São Pedro do Ivaí;-23,8634;-51,8568;;41;7891;43;America/Sao_Paulo
;São Pedro do Paraná;-22,8239;-53,2241;;41;7893;44;America/Sao_Paulo
;São Pedro do Piauí;-5,92078;-42,7192;;22;1209;86;America/Sao_Paulo
;São Pedro do Suaçuí;-18,3609;-42,5981;;31;5281;33;America/Sao_Paulo
;São Pedro do Sul;-29,6202;-54,1855;;43;8891;55;America/Sao_Paulo
SAO PEDRO DO TURVO;São Pedro do Turvo;-22,7453;-49,7428;;35;7111;14;America/Sao_Paulo
;São Pedro dos Crentes;-6,82389;-46,5319;;21;242;99;America/Sao_Paulo
;São Pedro dos Ferros;-20,1732;-42,5251;;31;5279;33;America/Sao_Paulo
;São Rafael;-5,79791;-36,8778;;24;1853;84;America/Sao_Paulo
;São Raimundo das Mangabeiras;-7,02183;-45,4809;;21;925;99;America/Sao_Paulo
;São Raimundo do Doca Bezerra;-5,11053;-45,0696;;21;244;99;America/Sao_Paulo
;São Raimundo Nonato;-9,01241;-42,6987;;22;1211;89;America/Sao_Paulo
;São Roberto;-5,0231;-45,001;;21;246;99;America/Sao_Paulo
;São Romão;-16,3641;-45,0749;;31;5283;38;America/Sao_Paulo
SAO ROQUE;São Roque;-23,5226;-47,1357;;35;7113;11;America/Sao_Paulo
;São Roque de Minas;-20,249;-46,3639;;31;5285;37;America/Sao_Paulo
;São Roque do Canaã;-19,7411;-40,6526;;32;764;27;America/Sao_Paulo
;São Salvador do Tocantins;-12,7458;-48,2352;;17;333;63;America/Sao_Paulo
SAO SEBASTIAO;São Sebastião;-23,7951;-45,4143;;35;7115;12;America/Sao_Paulo
;São Sebastião;-9,93043;-36,559;;27;2875;82;America/Sao_Paulo
;São Sebastião da Amoreira;-23,4656;-50,7625;;41;7895;43;America/Sao_Paulo
;São Sebastião da Bela Vista;-22,1583;-45,7546;;31;5287;35;America/Sao_Paulo
;São Sebastião da Boa Vista;-1,71597;-49,5249;;15;553;91;America/Sao_Paulo
SAO SEBASTIAO DA GRAMA;São Sebastião da Grama;-21,7041;-46,8208;;35;7117;19;America/Sao_Paulo
;São Sebastião da Vargem Alegre;-19,7477;-43,3679;;31;726;32;America/Sao_Paulo
;São Sebastião de Lagoa de Roça;-7,11034;-35,8678;;25;2203;83;America/Sao_Paulo
;São Sebastião do Alto;-21,9578;-42,1328;;33;5905;22;America/Sao_Paulo
;São Sebastião do Anta;-19,5064;-41,985;;31;728;33;America/Sao_Paulo
;São Sebastião do Caí;-29,5885;-51,3749;;43;8893;51;America/Sao_Paulo
;São Sebastião do Maranhão;-18,0873;-42,5659;;31;5289;33;America/Sao_Paulo
;São Sebastião do Oeste;-20,2758;-45,0063;;31;5291;37;America/Sao_Paulo
;São Sebastião do Paraíso;-20,9167;-46,9837;;31;5293;35;America/Sao_Paulo
;São Sebastião do Passé;-12,5123;-38,4905;;29;3889;71;America/Sao_Paulo
;São Sebastião do Rio Preto;-19,2959;-43,1757;;31;5295;31;America/Sao_Paulo
;São Sebastião do Rio Verde;-22,2183;-44,9761;;31;5297;35;America/Sao_Paulo
;São Sebastião do Tocantins;-5,26131;-48,2021;;17;9603;63;America/Sao_Paulo
;São Sebastião do Uatumã;-2,55915;-57,8731;;13;9845;92;America/Porto_Velho
;São Sebastião do Umbuzeiro;-8,15289;-37,0138;;25;2205;83;America/Sao_Paulo
;São Sepé;-30,1643;-53,5603;;43;8895;55;America/Sao_Paulo
SAO SIMAO;São Simão;-21,4732;-47,5518;;35;7119;16;America/Sao_Paulo
;São Simão;-18,996;-50,547;;52;9605;64;America/Sao_Paulo
;São Thomé das Letras;-21,7218;-44,9849;;31;5303;35;America/Sao_Paulo
;São Tiago;-20,9075;-44,5098;;31;5299;32;America/Sao_Paulo
;São Tomás de Aquino;-20,7791;-47,0962;;31;5301;35;America/Sao_Paulo
;São Tomé;-23,5349;-52,5901;;41;7897;44;America/Sao_Paulo
;São Tomé;-5,96404;-36,0798;;24;1855;84;America/Sao_Paulo
;São Valentim;-27,5583;-52,5237;;43;8897;54;America/Sao_Paulo
;São Valentim do Sul;-29,0451;-51,7684;;43;5997;54;America/Sao_Paulo
;São Valério;-11,9743;-48,2353;;17;9691;63;America/Sao_Paulo
;São Valério do Sul;-27,7906;-53,9368;;43;6075;55;America/Sao_Paulo
;São Vendelino;-29,3729;-51,3675;;43;7293;51;America/Sao_Paulo
SAO VICENTE;São Vicente;-23,9574;-46,3883;;35;7121;13;America/Sao_Paulo
;São Vicente;-6,21893;-36,6827;;24;1857;84;America/Sao_Paulo
;São Vicente de Minas;-21,7042;-44,4431;;31;5305;35;America/Sao_Paulo
;São Vicente do Seridó;-6,85426;-36,4122;;25;2209;83;America/Sao_Paulo
;São Vicente do Sul;-29,6882;-54,6826;;43;8675;55;America/Sao_Paulo
;São Vicente Ferrer;-7,58969;-35,4808;;26;2575;81;America/Sao_Paulo
;São Vicente Ferrer;-2,89487;-44,8681;;21;927;98;America/Sao_Paulo
;Sapé;-7,09359;-35,228;;25;2207;83;America/Sao_Paulo
;Sapeaçu;-12,7208;-39,1824;;29;3891;75;America/Sao_Paulo
;Sapezal;-12,9892;-58,7645;;51;1046;65;America/Porto_Velho
;Sapiranga;-29,6349;-51,0064;;43;8899;51;America/Sao_Paulo
;Sapopema;-23,9078;-50,5801;;41;7899;43;America/Sao_Paulo
;Sapucaí-Mirim;-22,7409;-45,738;;31;5307;35;America/Sao_Paulo
;Sapucaia;-6,94018;-49,6834;;15;66;94;America/Sao_Paulo
;Sapucaia;-21,9949;-42,9142;;33;5907;24;America/Sao_Paulo
;Sapucaia do Sul;-29,8276;-51,145;;43;8901;51;America/Sao_Paulo
;Saquarema;-22,9292;-42,5099;;33;5909;22;America/Sao_Paulo
;Sarandi;-23,4441;-51,876;;41;8461;44;America/Sao_Paulo
;Sarandi;-27,942;-52,9231;;43;8903;54;America/Sao_Paulo
SARAPUI;Sarapuí;-23,6397;-47,8249;;35;7123;15;America/Sao_Paulo
;Sardoá;-18,7828;-42,3629;;31;5309;33;America/Sao_Paulo
SARUTAIA;Sarutaiá;-23,2721;-49,4763;;35;7125;14;America/Sao_Paulo
;Sarzedo;-20,0367;-44,1446;;31;730;31;America/Sao_Paulo
;Sátiro Dias;-11,5929;-38,5938;;29;3893;75;America/Sao_Paulo
;Satuba;-9,56911;-35,8227;;27;2877;82;America/Sao_Paulo
;Satubinha;-4,04913;-45,2457;;21;248;98;America/Sao_Paulo
;Saubara;-12,7387;-38,7625;;29;3037;71;America/Sao_Paulo
;Saudade do Iguaçu;-25,6917;-52,6184;;41;5493;46;America/Sao_Paulo
;Saudades;-26,9317;-53,0021;;42;8341;49;America/Sao_Paulo
;Saúde;-10,9428;-40,4155;;29;3895;74;America/Sao_Paulo
;Schroeder;-26,4116;-49,074;;42;8343;47;America/Sao_Paulo
;Seabra;-12,4169;-41,7722;;29;3897;75;America/Sao_Paulo
;Seara;-27,1564;-52,299;;42;8345;49;America/Sao_Paulo
SEBASTIANOPOLIS DO SUL;Sebastianópolis do Sul;-20,6523;-49,925;;35;7127;17;America/Sao_Paulo
;Sebastião Barros;-10,817;-44,8337;;22;396;89;America/Sao_Paulo
;Sebastião Laranjeiras;-14,571;-42,9434;;29;3899;77;America/Sao_Paulo
;Sebastião Leal;-7,56803;-44,06;;22;398;89;America/Sao_Paulo
;Seberi;-27,4829;-53,4026;;43;8905;55;America/Sao_Paulo
;Sede Nova;-27,6367;-53,9493;;43;7335;55;America/Sao_Paulo
;Segredo;-29,3523;-52,9767;;43;7317;51;America/Sao_Paulo
;Selbach;-28,6294;-52,9498;;43;8907;54;America/Sao_Paulo
;Selvíria;-20,3637;-51,4192;;50;9811;67;America/Porto_Velho
;Sem-Peixe;-20,1008;-42,8483;;31;734;31;America/Sao_Paulo
;Sena Madureira;-9,06596;-68,6571;;12;145;68;America/Rio_Branco
;Senador Alexandre Costa;-5,25096;-44,0533;;21;250;99;America/Sao_Paulo
;Senador Amaral;-22,5869;-46,1763;;31;2689;35;America/Sao_Paulo
;Senador Canedo;-16,7084;-49,0914;;52;9753;62;America/Sao_Paulo
;Senador Cortes;-21,7986;-42,9424;;31;5311;32;America/Sao_Paulo
;Senador Elói de Souza;-6,03334;-35,6978;;24;1859;84;America/Sao_Paulo
;Senador Firmino;-20,9158;-43,0904;;31;5313;32;America/Sao_Paulo
;Senador Georgino Avelino;-6,1576;-35,1299;;24;1861;84;America/Sao_Paulo
;Senador Guiomard;-10,1497;-67,7362;;12;153;68;America/Rio_Branco
;Senador José Bento;-22,1633;-46,1792;;31;5315;35;America/Sao_Paulo
;Senador José Porfírio;-4,31242;-51,5764;;15;555;91;America/Sao_Paulo
;Senador La Rocque;-5,4461;-47,2959;;21;252;99;America/Sao_Paulo
;Senador Modestino Gonçalves;-17,9465;-43,2172;;31;5317;38;America/Sao_Paulo
;Senador Pompeu;-5,58244;-39,3704;;23;1555;88;America/Sao_Paulo
;Senador Rui Palmeira;-9,46986;-37,4576;;27;2891;82;America/Sao_Paulo
;Senador Sá;-3,35305;-40,4662;;23;1557;88;America/Sao_Paulo
;Senador Salgado Filho;-28,025;-54,5507;;43;1012;55;America/Sao_Paulo
;Sengés;-24,1129;-49,4616;;41;7901;43;America/Sao_Paulo
;Senhor do Bonfim;-10,4594;-40,1865;;29;3901;74;America/Sao_Paulo
;Senhora de Oliveira;-20,7972;-43,3394;;31;5319;31;America/Sao_Paulo
;Senhora do Porto;-18,8909;-43,0799;;31;5321;33;America/Sao_Paulo
;Senhora dos Remédios;-21,0351;-43,5812;;31;5323;32;America/Sao_Paulo
;Sentinela do Sul;-30,6107;-51,5862;;43;5781;51;America/Sao_Paulo
;Sento Sé;-9,74138;-41,8786;;29;3903;74;America/Sao_Paulo
;Serafina Corrêa;-28,7126;-51,9352;;43;8909;54;America/Sao_Paulo
;Sericita;-20,4748;-42,4828;;31;5325;31;America/Sao_Paulo
;Seringueiras;-11,8055;-63,0182;;11;699;69;America/Porto_Velho
;Sério;-29,3904;-52,2685;;43;6035;51;America/Sao_Paulo
;Seritinga;-21,9134;-44,518;;31;5327;35;America/Sao_Paulo
;Seropédica;-22,7526;-43,7155;;33;786;21;America/Sao_Paulo
;Serra;-20,121;-40,3074;;32;5699;27;America/Sao_Paulo
;Serra Alta;-26,7229;-53,0409;;42;9989;49;America/Sao_Paulo
SERRA AZUL;Serra Azul;-21,3074;-47,5602;;35;7129;16;America/Sao_Paulo
;Serra Azul de Minas;-18,3602;-43,1675;;31;5329;38;America/Sao_Paulo
;Serra Branca;-7,48034;-36,666;;25;2211;83;America/Sao_Paulo
;Serra Caiada;-6,10478;-35,7113;;24;1805;84;America/Sao_Paulo
;Serra da Raiz;-6,68527;-35,4379;;25;2213;83;America/Sao_Paulo
;Serra da Saudade;-19,4447;-45,795;;31;5331;37;America/Sao_Paulo
;Serra de São Bento;-6,41762;-35,7033;;24;1863;84;America/Sao_Paulo
;Serra do Mel;-5,17725;-37,0242;;24;1927;84;America/Sao_Paulo
;Serra do Navio;0,901357;-52,0036;;16;665;96;America/Sao_Paulo
;Serra do Ramalho;-13,5659;-43,5929;;29;3039;77;America/Sao_Paulo
;Serra do Salitre;-19,1083;-46,6961;;31;5335;34;America/Sao_Paulo
;Serra dos Aimorés;-17,7872;-40,2453;;31;5333;33;America/Sao_Paulo
;Serra Dourada;-12,759;-43,9504;;29;3905;77;America/Sao_Paulo
;Serra Grande;-7,20957;-38,3647;;25;2215;83;America/Sao_Paulo
SERRA NEGRA;Serra Negra;-22,6139;-46,7033;;35;7133;19;America/Sao_Paulo
;Serra Negra do Norte;-6,66031;-37,3996;;24;1865;84;America/Sao_Paulo
;Serra Nova Dourada;-12,0896;-51,4025;;51;1100;66;America/Porto_Velho
;Serra Preta;-12,156;-39,3305;;29;3907;75;America/Sao_Paulo
;Serra Redonda;-7,18622;-35,6842;;25;2217;83;America/Sao_Paulo
;Serra Talhada;-7,98178;-38,289;;26;2577;87;America/Sao_Paulo
SERRANA;Serrana;-21,2043;-47,5952;;35;7131;16;America/Sao_Paulo
;Serrania;-21,5441;-46,0417;;31;5337;35;America/Sao_Paulo
;Serrano do Maranhão;-1,85229;-45,1207;;21;254;98;America/Sao_Paulo
;Serranópolis;-18,3067;-51,9586;;52;9607;64;America/Sao_Paulo
;Serranópolis de Minas;-15,8176;-42,8732;;31;736;38;America/Sao_Paulo
;Serranópolis do Iguaçu;-25,3799;-54,0518;;41;882;45;America/Sao_Paulo
;Serranos;-21,8857;-44,5125;;31;5339;35;America/Sao_Paulo
;Serraria;-6,81569;-35,6282;;25;2219;83;America/Sao_Paulo
;Serrinha;-6,28181;-35,5;;24;1867;84;America/Sao_Paulo
;Serrinha;-11,6584;-39,01;;29;3909;75;America/Sao_Paulo
;Serrinha dos Pintos;-6,11087;-37,9548;;24;432;84;America/Sao_Paulo
;Serrita;-7,94041;-39,2951;;26;2579;87;America/Sao_Paulo
;Serro;-18,5991;-43,3744;;31;5341;38;America/Sao_Paulo
;Serrolândia;-11,4085;-40,2983;;29;3911;74;America/Sao_Paulo
;Sertaneja;-23,0361;-50,8317;;41;7903;43;America/Sao_Paulo
;Sertânia;-8,06847;-37,2684;;26;2581;87;America/Sao_Paulo
;Sertanópolis;-23,0571;-51,0399;;41;7905;43;America/Sao_Paulo
;Sertão;-27,9798;-52,2588;;43;8911;54;America/Sao_Paulo
;Sertão Santana;-30,4562;-51,6017;;43;5761;51;America/Sao_Paulo
SERTAOZINHO;Sertãozinho;-21,1316;-47,9875;;35;7135;16;America/Sao_Paulo
;Sertãozinho;-6,75127;-35,4372;;25;532;83;America/Sao_Paulo
SETE BARRAS;Sete Barras;-24,382;-47,9279;;35;7137;13;America/Sao_Paulo
;Sete de Setembro;-28,1362;-54,4637;;43;1014;55;America/Sao_Paulo
;Sete Lagoas;-19,4569;-44,2413;;31;5343;31;America/Sao_Paulo
;Sete Quedas;-23,9705;-55,0398;;50;9813;67;America/Porto_Velho
;Setubinha;-17,6002;-42,1587;;31;732;33;America/Sao_Paulo
;Severiano de Almeida;-27,4362;-52,1217;;43;8913;54;America/Sao_Paulo
;Severiano Melo;-5,77666;-37,957;;24;1869;84;America/Sao_Paulo
SEVERINIA;Severínia;-20,8108;-48,8054;;35;7139;17;America/Sao_Paulo
;Siderópolis;-28,5955;-49,4314;;42;8347;48;America/Sao_Paulo
;Sidrolândia;-20,9302;-54,9692;;50;9157;67;America/Porto_Velho
;Sigefredo Pacheco;-4,91665;-41,7311;;22;1379;86;America/Sao_Paulo
;Silva Jardim;-22,6574;-42,3961;;33;5911;22;America/Sao_Paulo
;Silvânia;-16,66;-48,6083;;52;9609;62;America/Sao_Paulo
;Silvanópolis;-11,1471;-48,1694;;17;9659;63;America/Sao_Paulo
;Silveira Martins;-29,6467;-53,591;;43;7315;55;America/Sao_Paulo
;Silveirânia;-21,1615;-43,2128;;31;5345;32;America/Sao_Paulo
SILVEIRAS;Silveiras;-22,6638;-44,8522;;35;7141;12;America/Sao_Paulo
;Silves;-2,81748;-58,248;;13;277;92;America/Porto_Velho
;Silvianópolis;-22,0274;-45,8385;;31;5347;35;America/Sao_Paulo
;Simão Dias;-10,7387;-37,8097;;28;3241;79;America/Sao_Paulo
;Simão Pereira;-21,964;-43,3088;;31;5349;32;America/Sao_Paulo
;Simões;-7,59109;-40,8137;;22;1213;89;America/Sao_Paulo
;Simões Filho;-12,7866;-38,4029;;29;3913;71;America/Sao_Paulo
;Simolândia;-14,4644;-46,4847;;52;9755;62;America/Sao_Paulo
;Simonésia;-20,1341;-42,0091;;31;5351;33;America/Sao_Paulo
;Simplício Mendes;-7,85294;-41,9075;;22;1215;89;America/Sao_Paulo
;Sinimbu;-29,5357;-52,5304;;43;5767;51;America/Sao_Paulo
;Sinop;-11,8604;-55,5091;;51;8985;66;America/Porto_Velho
;Siqueira Campos;-23,6875;-49,8304;;41;7907;43;America/Sao_Paulo
;Sirinhaém;-8,58778;-35,1126;;26;2583;81;America/Sao_Paulo
;Siriri;-10,5965;-37,1131;;28;3243;79;America/Sao_Paulo
;Sítio d'Abadia;-14,7992;-46,2506;;52;9611;62;America/Sao_Paulo
;Sítio do Mato;-13,0801;-43,4689;;29;3041;77;America/Sao_Paulo
;Sítio do Quinto;-10,3545;-38,2213;;29;3043;75;America/Sao_Paulo
;Sítio Novo;-5,87601;-46,7033;;21;929;99;America/Sao_Paulo
;Sítio Novo;-6,11132;-35,909;;24;1871;84;America/Sao_Paulo
;Sítio Novo do Tocantins;-5,6012;-47,6381;;17;9613;63;America/Sao_Paulo
;Sobradinho;-9,45024;-40,8145;;29;3045;74;America/Sao_Paulo
;Sobradinho;-29,4194;-53,0326;;43;8917;51;America/Sao_Paulo
;Sobrado;-7,14429;-35,2357;;25;534;83;America/Sao_Paulo
;Sobral;-3,68913;-40,3482;;23;1559;88;America/Sao_Paulo
;Sobrália;-19,2345;-42,0998;;31;5353;33;America/Sao_Paulo
SOCORRO;Socorro;-22,5903;-46,5251;;35;7143;19;America/Sao_Paulo
;Socorro do Piauí;-7,86773;-42,4922;;22;1217;89;America/Sao_Paulo
;Solânea;-6,75161;-35,6636;;25;2221;83;America/Sao_Paulo
;Soledade;-7,05829;-36,3668;;25;2223;83;America/Sao_Paulo
;Soledade;-28,8306;-52,5131;;43;8919;54;America/Sao_Paulo
;Soledade de Minas;-22,0554;-45,0464;;31;5355;35;America/Sao_Paulo
;Solidão;-7,59472;-37,6445;;26;2587;87;America/Sao_Paulo
;Solonópole;-5,71894;-39,0107;;23;1561;88;America/Sao_Paulo
;Sombrio;-29,108;-49,6328;;42;8349;48;America/Sao_Paulo
;Sonora;-17,5698;-54,7551;;50;9757;67;America/Porto_Velho
;Sooretama;-19,1897;-40,0974;;32;766;27;America/Sao_Paulo
SOROCABA;Sorocaba;-23,4969;-47,4451;;35;7145;15;America/Sao_Paulo
;Sorriso;-12,5425;-55,7211;;51;9907;66;America/Porto_Velho
;Sossêgo;-6,77067;-36,2538;;25;536;83;America/Sao_Paulo
;Soure;-0,73032;-48,5015;;15;557;91;America/Sao_Paulo
;Sousa;-6,75148;-38,2311;;25;2225;83;America/Sao_Paulo
;Souto Soares;-12,088;-41,6427;;29;3915;75;America/Sao_Paulo
;Sucupira;-11,993;-48,9685;;17;335;63;America/Sao_Paulo
;Sucupira do Norte;-6,47839;-44,1919;;21;931;99;America/Sao_Paulo
;Sucupira do Riachão;-6,40858;-43,5455;;21;256;99;America/Sao_Paulo
SUD MENNUCCI;Sud Mennucci;-20,6872;-50,9238;;35;7147;18;America/Sao_Paulo
;Sul Brasil;-26,7351;-52,964;;42;5595;49;America/Sao_Paulo
;Sulina;-25,7066;-52,7299;;41;8477;46;America/Sao_Paulo
SUMARE;Sumaré;-22,8204;-47,2728;;35;7149;19;America/Sao_Paulo
;Sumé;-7,66206;-36,884;;25;2227;83;America/Sao_Paulo
;Sumidouro;-22,0485;-42,6761;;33;5913;22;America/Sao_Paulo
;Surubim;-7,84746;-35,7481;;26;2589;81;America/Sao_Paulo
;Sussuapara;-7,03687;-41,3767;;22;400;89;America/Sao_Paulo
SUZANAPOLIS;Suzanápolis;-20,4981;-51,0268;;35;2945;18;America/Sao_Paulo
SUZANO;Suzano;-23,5448;-46,3112;;35;7151;11;America/Sao_Paulo
;Tabaí;-29,643;-51,6823;;43;1016;51;America/Sao_Paulo
;Tabaporã;-11,3007;-56,8312;;51;125;66;America/Porto_Velho
TABAPUA;Tabapuã;-20,9602;-49,0307;;35;7153;17;America/Sao_Paulo
TABATINGA;Tabatinga;-21,7239;-48,6896;;35;7155;16;America/Sao_Paulo
;Tabatinga;-4,2416;-69,9383;;13;9847;97;America/Rio_Branco
;Tabira;-7,58366;-37,5377;;26;2591;87;America/Sao_Paulo
TABOAO DA SERRA;Taboão da Serra;-23,6019;-46,7526;;35;7157;11;America/Sao_Paulo
;Tabocas do Brejo Velho;-12,7026;-44,0075;;29;3917;77;America/Sao_Paulo
;Taboleiro Grande;-5,91948;-38,0367;;24;1873;84;America/Sao_Paulo
;Tabuleiro;-21,3632;-43,2381;;31;5357;32;America/Sao_Paulo
;Tabuleiro do Norte;-5,24353;-38,1282;;23;1563;88;America/Sao_Paulo
;Tacaimbó;-8,30867;-36,3;;26;2593;81;America/Sao_Paulo
;Tacaratu;-9,09798;-38,1504;;26;2595;87;America/Sao_Paulo
TACIBA;Taciba;-22,3866;-51,2882;;35;7159;18;America/Sao_Paulo
;Tacima;-6,48759;-35,6367;;25;2229;83;America/Sao_Paulo
;Tacuru;-23,636;-55,0141;;50;9815;67;America/Porto_Velho
TAGUAI;Taguaí;-23,4452;-49,4024;;35;7161;14;America/Sao_Paulo
;Taguatinga;-12,4026;-46,437;;17;9615;63;America/Sao_Paulo
TAIACU;Taiaçu;-21,1431;-48,5112;;35;7163;16;America/Sao_Paulo
;Tailândia;-2,94584;-48,9489;;15;395;91;America/Sao_Paulo
;Taió;-27,121;-49,9942;;42;8351;47;America/Sao_Paulo
;Taiobeiras;-15,8106;-42,2259;;31;5359;38;America/Sao_Paulo
;Taipas do Tocantins;-12,1873;-46,9797;;17;325;63;America/Sao_Paulo
;Taipu;-5,63058;-35,5918;;24;1875;84;America/Sao_Paulo
TAIUVA;Taiúva;-21,1223;-48,4528;;35;7165;16;America/Sao_Paulo
;Talismã;-12,7949;-49,0896;;17;100;63;America/Sao_Paulo
;Tamandaré;-8,75665;-35,1033;;26;558;81;America/Sao_Paulo
;Tamarana;-23,7204;-51,0991;;41;884;43;America/Sao_Paulo
TAMBAU;Tambaú;-21,7029;-47,2703;;35;7167;19;America/Sao_Paulo
;Tamboara;-23,2036;-52,4743;;41;7909;44;America/Sao_Paulo
;Tamboril;-4,83136;-40,3196;;23;1565;88;America/Sao_Paulo
;Tamboril do Piauí;-8,40937;-42,9211;;22;402;89;America/Sao_Paulo
TANABI;Tanabi;-20,6228;-49,6563;;35;7169;17;America/Sao_Paulo
;Tangará;-6,19649;-35,7989;;24;1877;84;America/Sao_Paulo
;Tangará;-27,0996;-51,2473;;42;8353;49;America/Sao_Paulo
;Tangará da Serra;-14,6229;-57,4933;;51;9185;65;America/Porto_Velho
;Tanguá;-22,7423;-42,7202;;33;788;21;America/Sao_Paulo
;Tanhaçu;-14,0197;-41,2473;;29;3919;77;America/Sao_Paulo
;Tanque d'Arca;-9,53379;-36,4366;;27;2879;82;America/Sao_Paulo
;Tanque do Piauí;-6,59787;-42,2795;;22;404;89;America/Sao_Paulo
;Tanque Novo;-13,5485;-42,4934;;29;3991;77;America/Sao_Paulo
;Tanquinho;-11,968;-39,1033;;29;3921;75;America/Sao_Paulo
;Taparuba;-19,7621;-41,608;;31;738;33;America/Sao_Paulo
;Tapauá;-5,62085;-63,1808;;13;279;97;America/Porto_Velho
;Tapejara;-23,7315;-52,8735;;41;7911;44;America/Sao_Paulo
;Tapejara;-28,0652;-52,0097;;43;8921;54;America/Sao_Paulo
;Tapera;-28,6277;-52,8613;;43;8923;54;America/Sao_Paulo
;Taperoá;-13,5321;-39,1009;;29;3923;75;America/Sao_Paulo
;Taperoá;-7,20629;-36,8245;;25;2231;83;America/Sao_Paulo
;Tapes;-30,6683;-51,3991;;43;8925;51;America/Sao_Paulo
;Tapira;-23,3193;-53,0684;;41;7973;44;America/Sao_Paulo
;Tapira;-19,9166;-46,8264;;31;5361;34;America/Sao_Paulo
;Tapiraí;-19,8936;-46,0221;;31;5363;37;America/Sao_Paulo
TAPIRAI;Tapiraí;-23,9612;-47,5062;;35;7171;15;America/Sao_Paulo
;Tapiramutá;-11,8475;-40,7927;;29;3925;74;America/Sao_Paulo
TAPIRATIBA;Tapiratiba;-21,4713;-46,7448;;35;7173;19;America/Sao_Paulo
;Tapurah;-12,695;-56,5178;;51;9763;66;America/Porto_Velho
;Taquara;-29,6505;-50,7753;;43;8927;51;America/Sao_Paulo
;Taquaraçu de Minas;-19,6652;-43,6922;;31;5365;31;America/Sao_Paulo
TAQUARAL;Taquaral;-21,0737;-48,4126;;35;824;16;America/Sao_Paulo
;Taquaral de Goiás;-16,0521;-49,6039;;52;9617;62;America/Sao_Paulo
;Taquarana;-9,64529;-36,4928;;27;2881;82;America/Sao_Paulo
;Taquari;-29,7943;-51,8653;;43;8929;51;America/Sao_Paulo
TAQUARITINGA;Taquaritinga;-21,4049;-48,5103;;35;7175;16;America/Sao_Paulo
;Taquaritinga do Norte;-7,89446;-36,0423;;26;2599;81;America/Sao_Paulo
TAQUARITUBA;Taquarituba;-23,5307;-49,241;;35;7177;14;America/Sao_Paulo
TAQUARIVAI;Taquarivaí;-23,9211;-48,6948;;35;3063;15;America/Sao_Paulo
;Taquaruçu do Sul;-27,4005;-53,4702;;43;7313;55;America/Sao_Paulo
;Taquarussu;-22,4898;-53,3519;;50;9817;67;America/Porto_Velho
TARABAI;Tarabai;-22,3016;-51,5621;;35;7179;18;America/Sao_Paulo
;Tarauacá;-8,15697;-70,7722;;12;147;68;America/Rio_Branco
;Tarrafas;-6,67838;-39,753;;23;1275;88;America/Sao_Paulo
;Tartarugalzinho;1,50652;-50,9087;;16;617;96;America/Sao_Paulo
TARUMA;Tarumã;-22,7429;-50,5786;;35;7267;18;America/Sao_Paulo
;Tarumirim;-19,2835;-42,0097;;31;5367;33;America/Sao_Paulo
;Tasso Fragoso;-8,4662;-45,7536;;21;933;99;America/Sao_Paulo
TATUI;Tatuí;-23,3487;-47,8461;;35;7181;15;America/Sao_Paulo
;Tauá;-5,98585;-40,2968;;23;1567;88;America/Sao_Paulo
TAUBATE;Taubaté;-23,0104;-45,5593;;35;7183;12;America/Sao_Paulo
;Tavares;-31,2843;-51,088;;43;8971;51;America/Sao_Paulo
;Tavares;-7,62697;-37,8712;;25;2233;83;America/Sao_Paulo
;Tefé;-3,36822;-64,7193;;13;281;97;America/Porto_Velho
;Teixeira;-7,22104;-37,2525;;25;2235;83;America/Sao_Paulo
;Teixeira de Freitas;-17,5399;-39,74;;29;3993;73;America/Sao_Paulo
;Teixeira Soares;-25,3701;-50,4571;;41;7913;42;America/Sao_Paulo
;Teixeiras;-20,6561;-42,8564;;31;5369;31;America/Sao_Paulo
;Teixeirópolis;-10,9056;-62,242;;11;22;69;America/Porto_Velho
;Tejuçuoca;-3,98831;-39,5799;;23;1277;85;America/Sao_Paulo
TEJUPA;Tejupá;-23,3425;-49,3722;;35;7185;14;America/Sao_Paulo
;Telêmaco Borba;-24,3245;-50,6176;;41;7915;42;America/Sao_Paulo
;Telha;-10,2064;-36,8818;;28;3245;79;America/Sao_Paulo
;Tenente Ananias;-6,45823;-38,182;;24;1879;84;America/Sao_Paulo
;Tenente Laurentino Cruz;-6,1378;-36,7135;;24;434;84;America/Sao_Paulo
;Tenente Portela;-27,3711;-53,7585;;43;8931;55;America/Sao_Paulo
;Tenório;-6,93855;-36,6273;;25;538;83;America/Sao_Paulo
;Teodoro Sampaio;-12,295;-38,6347;;29;3927;75;America/Sao_Paulo
TEODORO SAMPAIO;Teodoro Sampaio;-22,5299;-52,1682;;35;7187;18;America/Sao_Paulo
;Teofilândia;-11,4827;-38,9913;;29;3929;75;America/Sao_Paulo
;Teófilo Otoni;-17,8595;-41,5087;;31;5371;33;America/Sao_Paulo
;Teolândia;-13,5896;-39,484;;29;3931;73;America/Sao_Paulo
;Teotônio Vilela;-9,91656;-36,3492;;27;971;82;America/Sao_Paulo
;Terenos;-20,4378;-54,8647;;50;9159;67;America/Porto_Velho
;Teresina;-5,09194;-42,8034;1.0;22;1219;86;America/Sao_Paulo
;Teresina de Goiás;-13,7801;-47,2659;;52;9759;62;America/Sao_Paulo
;Teresópolis;-22,4165;-42,9752;;33;5915;21;America/Sao_Paulo
;Terezinha;-9,05621;-36,6272;;26;2601;87;America/Sao_Paulo
;Terezópolis de Goiás;-16,3945;-49,0797;;52;57;62;America/Sao_Paulo
;Terra Alta;-1,02963;-47,9004;;15;373;91;America/Sao_Paulo
;Terra Boa;-23,7683;-52,447;;41;7917;44;America/Sao_Paulo
;Terra de Areia;-29,5782;-50,0644;;43;7333;51;America/Sao_Paulo
;Terra Nova;-12,3888;-38,6238;;29;3933;75;America/Sao_Paulo
;Terra Nova;-8,22244;-39,3825;;26;2603;87;America/Sao_Paulo
;Terra Nova do Norte;-10,517;-55,231;;51;9909;66;America/Porto_Velho
;Terra Rica;-22,7111;-52,6188;;41;7919;44;America/Sao_Paulo
;Terra Roxa;-24,1575;-54,0988;;41;7921;44;America/Sao_Paulo
TERRA ROXA;Terra Roxa;-20,787;-48,3314;;35;7189;17;America/Sao_Paulo
;Terra Santa;-2,10443;-56,4877;;15;637;93;America/Sao_Paulo
;Tesouro;-16,0809;-53,559;;51;9161;66;America/Porto_Velho
;Teutônia;-29,4482;-51,8044;;43;9821;51;America/Sao_Paulo
;Theobroma;-10,2483;-62,3538;;11;975;69;America/Porto_Velho
;Tianguá;-3,72965;-40,9923;;23;1569;88;America/Sao_Paulo
;Tibagi;-24,5153;-50,4176;;41;7923;42;America/Sao_Paulo
;Tibau;-4,83729;-37,2554;;24;428;84;America/Sao_Paulo
;Tibau do Sul;-6,19176;-35,0866;;24;1881;84;America/Sao_Paulo
TIETE;Tietê;-23,1101;-47,7164;;35;7191;15;America/Sao_Paulo
;Tigrinhos;-26,6876;-53,1545;;42;946;49;America/Sao_Paulo
;Tijucas;-27,2354;-48,6322;;42;8355;48;America/Sao_Paulo
;Tijucas do Sul;-25,9311;-49,195;;41;7925;41;America/Sao_Paulo
;Timbaúba;-7,50484;-35,3119;;26;2605;81;America/Sao_Paulo
;Timbaúba dos Batistas;-6,45768;-37,2745;;24;1883;84;America/Sao_Paulo
;Timbé do Sul;-28,8287;-49,842;;42;8393;48;America/Sao_Paulo
;Timbiras;-4,25597;-43,932;;21;935;99;America/Sao_Paulo
;Timbó;-26,8246;-49,269;;42;8357;47;America/Sao_Paulo
;Timbó Grande;-26,6127;-50,6607;;42;9971;49;America/Sao_Paulo
TIMBURI;Timburi;-23,2057;-49,6096;;35;7193;14;America/Sao_Paulo
;Timon;-5,09769;-42,8329;;21;937;99;America/Sao_Paulo
;Timóteo;-19,5811;-42,6471;;31;5373;31;America/Sao_Paulo
;Tio Hugo;-28,5712;-52,5955;;43;1174;54;America/Sao_Paulo
;Tiradentes;-21,1102;-44,1744;;31;5375;32;America/Sao_Paulo
;Tiradentes do Sul;-27,4022;-54,0814;;43;6077;55;America/Sao_Paulo
;Tiros;-19,0037;-45,9626;;31;5377;34;America/Sao_Paulo
;Tobias Barreto;-11,1798;-37,9995;;28;3247;79;America/Sao_Paulo
;Tocantínia;-9,5632;-48,3741;;17;9619;63;America/Sao_Paulo
;Tocantinópolis;-6,32447;-47,4224;;17;9621;63;America/Sao_Paulo
;Tocantins;-21,1774;-43,0127;;31;5379;32;America/Sao_Paulo
;Tocos do Moji;-22,3698;-46,0971;;31;740;35;America/Sao_Paulo
;Toledo;-22,7421;-46,3728;;31;5381;35;America/Sao_Paulo
;Toledo;-24,7246;-53,7412;;41;7927;45;America/Sao_Paulo
;Tomar do Geru;-11,3694;-37,8433;;28;3249;79;America/Sao_Paulo
;Tomazina;-23,7796;-49,9499;;41;7929;43;America/Sao_Paulo
;Tombos;-20,9086;-42,0228;;31;5383;32;America/Sao_Paulo
;Tomé-Açu;-2,41302;-48,1415;;15;559;91;America/Sao_Paulo
;Tonantins;-2,86582;-67,7919;;13;9851;97;America/Porto_Velho
;Toritama;-8,00955;-36,0637;;26;2607;81;America/Sao_Paulo
;Torixoréu;-16,2006;-52,5571;;51;9163;66;America/Porto_Velho
;Toropi;-29,4782;-54,2244;;43;1018;55;America/Sao_Paulo
TORRE DE PEDRA;Torre de Pedra;-23,2462;-48,1955;;35;3227;15;America/Sao_Paulo
;Torres;-29,3334;-49,7333;;43;8933;51;America/Sao_Paulo
TORRINHA;Torrinha;-22,4237;-48,1731;;35;7195;14;America/Sao_Paulo
;Touros;-5,20182;-35,4621;;24;1885;84;America/Sao_Paulo
TRABIJU;Trabiju;-22,0388;-48,3342;;35;826;16;America/Sao_Paulo
;Tracuateua;-1,07653;-46,9031;;15;68;91;America/Sao_Paulo
;Tracunhaém;-7,80228;-35,2314;;26;2609;81;America/Sao_Paulo
;Traipu;-9,96262;-37,0071;;27;2883;82;America/Sao_Paulo
;Trairão;-4,57347;-55,9429;;15;635;93;America/Sao_Paulo
;Trairi;-3,26932;-39,2681;;23;1571;85;America/Sao_Paulo
;Trajano de Moraes;-22,0638;-42,0643;;33;5917;22;America/Sao_Paulo
;Tramandaí;-29,9841;-50,1322;;43;8935;51;America/Sao_Paulo
;Travesseiro;-29,2977;-52,0532;;43;6037;51;America/Sao_Paulo
;Tremedal;-14,9736;-41,4142;;29;3935;77;America/Sao_Paulo
TREMEMBE;Tremembé;-22,9571;-45,5475;;35;7197;12;America/Sao_Paulo
;Três Arroios;-27,5003;-52,1448;;43;7331;54;America/Sao_Paulo
;Três Barras;-26,1056;-50,3197;;42;8359;47;America/Sao_Paulo
;Três Barras do Paraná;-25,4185;-53,1833;;41;7987;45;America/Sao_Paulo
;Três Cachoeiras;-29,4487;-49,9275;;43;7329;51;America/Sao_Paulo
;Três Corações;-21,6921;-45,2511;;31;5385;35;America/Sao_Paulo
;Três Coroas;-29,5137;-50,7739;;43;8937;51;America/Sao_Paulo
;Três de Maio;-27,78;-54,2357;;43;8939;55;America/Sao_Paulo
;Três Forquilhas;-29,5384;-50,0708;;43;5777;51;America/Sao_Paulo
TRES FRONTEIRAS;Três Fronteiras;-20,2344;-50,8905;;35;7199;17;America/Sao_Paulo
;Três Lagoas;-20,7849;-51,7007;;50;9165;67;America/Porto_Velho
;Três Marias;-18,2048;-45,2473;;31;4115;38;America/Sao_Paulo
;Três Palmeiras;-27,6139;-52,8437;;43;7327;54;America/Sao_Paulo
;Três Passos;-27,4555;-53,9296;;43;8941;55;America/Sao_Paulo
;Três Pontas;-21,3694;-45,5109;;31;5387;35;America/Sao_Paulo
;Três Ranchos;-18,3539;-47,776;;52;9623;64;America/Sao_Paulo
;Três Rios;-22,1165;-43,2185;;33;5919;24;America/Sao_Paulo
;Treviso;-28,5097;-49,4634;;42;948;48;America/Sao_Paulo
;Treze de Maio;-28,5537;-49,1565;;42;8361;48;America/Sao_Paulo
;Treze Tílias;-27,0026;-51,4084;;42;8363;49;America/Sao_Paulo
;Trindade;-16,6517;-49,4927;;52;9625;62;America/Sao_Paulo
;Trindade;-7,759;-40,2647;;26;2611;87;America/Sao_Paulo
;Trindade do Sul;-27,5239;-52,8956;;43;7325;54;America/Sao_Paulo
;Triunfo;-29,9291;-51,7075;;43;8943;51;America/Sao_Paulo
;Triunfo;-6,5713;-38,5986;;25;2237;83;America/Sao_Paulo
;Triunfo;-7,83272;-38,0978;;26;2613;87;America/Sao_Paulo
;Triunfo Potiguar;-5,85408;-37,1786;;24;436;84;America/Sao_Paulo
;Trizidela do Vale;-4,538;-44,628;;21;258;99;America/Sao_Paulo
;Trombas;-13,5079;-48,7417;;52;9761;62;America/Sao_Paulo
;Trombudo Central;-27,3033;-49,793;;42;8365;47;America/Sao_Paulo
;Tubarão;-28,4713;-49,0144;;42;8367;48;America/Sao_Paulo
;Tucano;-10,9584;-38,7894;;29;3937;75;America/Sao_Paulo
;Tucumã;-6,74687;-51,1626;;15;397;94;America/Sao_Paulo
;Tucunduva;-27,6573;-54,4439;;43;8945;55;America/Sao_Paulo
;Tucuruí;-3,7657;-49,6773;;15;561;94;America/Sao_Paulo
;Tufilândia;-3,67355;-45,6238;;21;260;98;America/Sao_Paulo
TUIUTI;Tuiuti;-22,8193;-46,6937;;35;2955;11;America/Sao_Paulo
;Tumiritinga;-18,9844;-41,6527;;31;5389;33;America/Sao_Paulo
;Tunápolis;-26,9681;-53,6417;;42;9991;49;America/Sao_Paulo
;Tunas;-29,1039;-52,9538;;43;7323;51;America/Sao_Paulo
;Tunas do Paraná;-24,9731;-49,0879;;41;5455;41;America/Sao_Paulo
;Tuneiras do Oeste;-23,8648;-52,8769;;41;7931;44;America/Sao_Paulo
;Tuntum;-5,25476;-44,6444;;21;939;99;America/Sao_Paulo
TUPA;Tupã;-21,9335;-50,5191;;35;7201;14;America/Sao_Paulo
;Tupaciguara;-18,5866;-48,6985;;31;5391;34;America/Sao_Paulo
;Tupanatinga;-8,74798;-37,3445;;26;2615;87;America/Sao_Paulo
;Tupanci do Sul;-27,9241;-51,5383;;43;5979;54;America/Sao_Paulo
;Tupanciretã;-29,0858;-53,8445;;43;8947;55;America/Sao_Paulo
;Tupandi;-29,4772;-51,4174;;43;7321;51;America/Sao_Paulo
;Tuparendi;-27,7598;-54,4814;;43;8949;55;America/Sao_Paulo
;Tuparetama;-7,6003;-37,3165;;26;2617;87;America/Sao_Paulo
;Tupãssi;-24,5879;-53,5105;;41;7993;44;America/Sao_Paulo
TUPI PAULISTA;Tupi Paulista;-21,3825;-51,575;;35;7203;18;America/Sao_Paulo
;Tupirama;-8,97168;-48,1883;;17;102;63;America/Sao_Paulo
;Tupiratins;-8,39388;-48,1277;;17;365;63;America/Sao_Paulo
;Turiaçu;-1,65893;-45,3798;;21;941;98;America/Sao_Paulo
;Turilândia;-2,21638;-45,3044;;21;262;98;America/Sao_Paulo
TURIUBA;Turiúba;-20,9428;-50,1135;;35;7205;18;America/Sao_Paulo
TURMALINA;Turmalina;-20,0486;-50,4792;;35;7207;17;America/Sao_Paulo
;Turmalina;-17,2828;-42,7285;;31;5393;38;America/Sao_Paulo
;Turuçu;-31,4173;-52,1706;;43;1020;53;America/Sao_Paulo
;Tururu;-3,58413;-39,4297;;23;1279;85;America/Sao_Paulo
;Turvânia;-16,6125;-50,1369;;52;9631;64;America/Sao_Paulo
;Turvelândia;-17,8502;-50,3024;;52;9765;64;America/Sao_Paulo
;Turvo;-25,0437;-51,5282;;41;8453;42;America/Sao_Paulo
;Turvo;-28,9272;-49,6831;;42;8369;48;America/Sao_Paulo
;Turvolândia;-21,8733;-45,7859;;31;5395;35;America/Sao_Paulo
;Tutóia;-2,76141;-42,2755;;21;943;98;America/Sao_Paulo
;Uarini;-2,99609;-65,1133;;13;9849;97;America/Porto_Velho
;Uauá;-9,83325;-39,4794;;29;3939;74;America/Sao_Paulo
;Ubá;-21,1204;-42,9359;;31;5397;32;America/Sao_Paulo
;Ubaí;-16,2885;-44,7783;;31;5399;38;America/Sao_Paulo
;Ubaíra;-13,2714;-39,666;;29;3941;75;America/Sao_Paulo
;Ubaitaba;-14,303;-39,3222;;29;3943;73;America/Sao_Paulo
;Ubajara;-3,85448;-40,9204;;23;1573;88;America/Sao_Paulo
;Ubaporanga;-19,6351;-42,1059;;31;2671;33;America/Sao_Paulo
UBARANA;Ubarana;-21,165;-49,7198;;35;2971;17;America/Sao_Paulo
;Ubatã;-14,2063;-39,5207;;29;3945;73;America/Sao_Paulo
UBATUBA;Ubatuba;-23,4332;-45,0834;;35;7209;12;America/Sao_Paulo
;Uberaba;-19,7472;-47,9381;;31;5401;34;America/Sao_Paulo
;Uberlândia;-18,9141;-48,2749;;31;5403;34;America/Sao_Paulo
UBIRAJARA;Ubirajara;-22,5272;-49,6613;;35;7211;14;America/Sao_Paulo
;Ubiratã;-24,5393;-52,9865;;41;7933;44;America/Sao_Paulo
;Ubiretama;-28,0404;-54,686;;43;1022;55;America/Sao_Paulo
UCHOA;Uchoa;-20,9511;-49,1713;;35;7213;17;America/Sao_Paulo
;Uibaí;-11,3394;-42,1354;;29;3947;74;America/Sao_Paulo
;Uiramutã;4,60314;-60,1815;;14;38;95;America/Porto_Velho
;Uirapuru;-14,2835;-49,9201;;52;59;62;America/Sao_Paulo
;Uiraúna;-6,51504;-38,4128;;25;2239;83;America/Sao_Paulo
;Ulianópolis;-3,75007;-47,4892;;15;623;91;America/Sao_Paulo
;Umari;-6,63893;-38,7008;;23;1575;88;America/Sao_Paulo
;Umarizal;-5,98238;-37,818;;24;1887;84;America/Sao_Paulo
;Umbaúba;-11,3809;-37,6623;;28;3251;79;America/Sao_Paulo
;Umburanas;-10,7339;-41,3234;;29;3047;74;America/Sao_Paulo
;Umburatiba;-17,2548;-40,5779;;31;5405;33;America/Sao_Paulo
;Umbuzeiro;-7,69199;-35,6582;;25;2241;83;America/Sao_Paulo
;Umirim;-3,67654;-39,3465;;23;9855;85;America/Sao_Paulo
;Umuarama;-23,7656;-53,3201;;41;7935;44;America/Sao_Paulo
;Una;-15,2791;-39,0765;;29;3949;73;America/Sao_Paulo
;Unaí;-16,3592;-46,9022;;31;5407;38;America/Sao_Paulo
;União;-4,58571;-42,8583;;22;1221;86;America/Sao_Paulo
;União da Serra;-28,7833;-52,0238;;43;5999;54;America/Sao_Paulo
;União da Vitória;-26,2273;-51,0873;;41;7937;42;America/Sao_Paulo
;União de Minas;-19,5299;-50,338;;31;742;34;America/Sao_Paulo
;União do Oeste;-26,762;-52,8541;;42;9973;49;America/Sao_Paulo
;União do Sul;-11,5308;-54,3616;;51;1048;66;America/Porto_Velho
;União dos Palmares;-9,15921;-36,0223;;27;2885;82;America/Sao_Paulo
UNIAO PAULISTA;União Paulista;-20,8862;-49,9025;;35;7215;17;America/Sao_Paulo
;Uniflor;-23,0868;-52,1573;;41;7939;44;America/Sao_Paulo
;Unistalda;-29,04;-55,1517;;43;1024;55;America/Sao_Paulo
;Upanema;-5,63761;-37,2635;;24;1889;84;America/Sao_Paulo
;Uraí;-23,2;-50,7939;;41;7941;43;America/Sao_Paulo
;Urandi;-14,7678;-42,6498;;29;3951;77;America/Sao_Paulo
URANIA;Urânia;-20,2455;-50,6455;;35;7217;17;America/Sao_Paulo
;Urbano Santos;-3,20642;-43,3878;;21;945;98;America/Sao_Paulo
URU;Uru;-21,7866;-49,2848;;35;7219;14;America/Sao_Paulo
;Uruaçu;-14,5238;-49,1396;;52;9633;62;America/Sao_Paulo
;Uruana;-15,4993;-49,6861;;52;9635;62;America/Sao_Paulo
;Uruana de Minas;-16,0634;-46,2443;;31;744;38;America/Sao_Paulo
;Uruará;-3,71519;-53,7396;;15;399;93;America/Sao_Paulo
;Urubici;-28,0157;-49,5925;;42;8371;49;America/Sao_Paulo
;Uruburetama;-3,62316;-39,5107;;23;1577;85;America/Sao_Paulo
;Urucânia;-20,3521;-42,737;;31;5409;31;America/Sao_Paulo
;Urucará;-2,52936;-57,7538;;13;285;92;America/Porto_Velho
;Uruçuca;-14,5963;-39,2851;;29;3953;73;America/Sao_Paulo
;Uruçuí;-7,23944;-44,5577;;22;1223;89;America/Sao_Paulo
;Urucuia;-16,1244;-45,7352;;31;2699;38;America/Sao_Paulo
;Urucurituba;-3,12841;-58,1496;;13;287;92;America/Porto_Velho
;Uruguaiana;-29,7614;-57,0853;;43;8951;55;America/Sao_Paulo
;Uruoca;-3,30819;-40,5628;;23;1579;88;America/Sao_Paulo
;Urupá;-11,1261;-62,3639;;11;977;69;America/Porto_Velho
;Urupema;-27,9557;-49,8729;;42;9975;49;America/Sao_Paulo
URUPES;Urupês;-21,2032;-49,2931;;35;7221;17;America/Sao_Paulo
;Urussanga;-28,518;-49,3238;;42;8373;48;America/Sao_Paulo
;Urutaí;-17,4651;-48,2015;;52;9637;64;America/Sao_Paulo
;Utinga;-12,0783;-41,0954;;29;3955;75;America/Sao_Paulo
;Vacaria;-28,5079;-50,9418;;43;8953;54;America/Sao_Paulo
;Vale de São Domingos;-15,286;-59,0683;;51;1102;65;America/Porto_Velho
;Vale do Anari;-9,86215;-62,1876;;11;24;69;America/Porto_Velho
;Vale do Paraíso;-10,4465;-62,1352;;11;979;69;America/Porto_Velho
;Vale do Sol;-29,5967;-52,6839;;43;5769;51;America/Sao_Paulo
;Vale Real;-29,3919;-51,2559;;43;6049;51;America/Sao_Paulo
;Vale Verde;-29,7864;-52,1857;;43;1026;51;America/Sao_Paulo
;Valença;-13,3669;-39,073;;29;3957;75;America/Sao_Paulo
;Valença;-22,2445;-43,7129;;33;5921;24;America/Sao_Paulo
;Valença do Piauí;-6,40301;-41,7375;;22;1225;89;America/Sao_Paulo
;Valente;-11,4062;-39,457;;29;3959;75;America/Sao_Paulo
VALENTIM GENTIL;Valentim Gentil;-20,4217;-50,0889;;35;7223;17;America/Sao_Paulo
VALINHOS;Valinhos;-22,9698;-46,9974;;35;7225;19;America/Sao_Paulo
VALPARAISO;Valparaíso;-21,2229;-50,8699;;35;7227;18;America/Sao_Paulo
;Valparaíso de Goiás;-16,0651;-47,9757;;52;1066;61;America/Sao_Paulo
;Vanini;-28,4758;-51,8447;;43;7319;54;America/Sao_Paulo
;Vargeão;-26,8621;-52,1549;;42;8375;49;America/Sao_Paulo
;Vargem;-27,4867;-50,9724;;42;5563;49;America/Sao_Paulo
VARGEM;Vargem;-22,887;-46,4124;;35;2957;11;America/Sao_Paulo
;Vargem Alegre;-19,5988;-42,2949;;31;746;33;America/Sao_Paulo
;Vargem Alta;-20,669;-41,0179;;32;5727;28;America/Sao_Paulo
;Vargem Bonita;-20,3333;-46,3688;;31;5411;37;America/Sao_Paulo
;Vargem Bonita;-27,0055;-51,7402;;42;5565;49;America/Sao_Paulo
;Vargem Grande;-3,53639;-43,917;;21;947;98;America/Sao_Paulo
;Vargem Grande do Rio Pardo;-15,3987;-42,3085;;31;748;38;America/Sao_Paulo
VARGEM GRANDE DO SUL;Vargem Grande do Sul;-21,8322;-46,8913;;35;7231;19;America/Sao_Paulo
VARGEM GRANDE PAULISTA;Vargem Grande Paulista;-23,5993;-47,022;;35;7273;11;America/Sao_Paulo
;Varginha;-21,5556;-45,4364;;31;5413;35;America/Sao_Paulo
;Varjão;-17,0471;-49,6312;;52;9639;62;America/Sao_Paulo
;Varjão de Minas;-18,3741;-46,0313;;31;750;38;America/Sao_Paulo
;Varjota;-4,19387;-40,4741;;23;9857;88;America/Sao_Paulo
;Varre-Sai;-20,9276;-41,8701;;33;2917;22;America/Sao_Paulo
;Várzea;-6,34641;-35,3732;;24;1891;84;America/Sao_Paulo
;Várzea;-6,76189;-36,9913;;25;2243;83;America/Sao_Paulo
;Várzea Alegre;-6,78264;-39,2942;;23;1581;88;America/Sao_Paulo
;Várzea Branca;-9,238;-42,9692;;22;2267;89;America/Sao_Paulo
;Várzea da Palma;-17,5944;-44,7226;;31;5415;38;America/Sao_Paulo
;Várzea da Roça;-11,6005;-40,1328;;29;3997;74;America/Sao_Paulo
;Várzea do Poço;-11,5273;-40,3149;;29;3961;74;America/Sao_Paulo
;Várzea Grande;-6,54899;-42,248;;22;1227;89;America/Sao_Paulo
;Várzea Grande;-15,6458;-56,1322;;51;9167;65;America/Porto_Velho
;Várzea Nova;-11,2557;-40,9432;;29;3995;74;America/Sao_Paulo
VARZEA PAULISTA;Várzea Paulista;-23,2136;-46,8234;;35;7233;11;America/Sao_Paulo
;Varzedo;-12,9672;-39,3919;;29;3049;75;America/Sao_Paulo
;Varzelândia;-15,6992;-44,0278;;31;5417;38;America/Sao_Paulo
;Vassouras;-22,4059;-43,6686;;33;5923;24;America/Sao_Paulo
;Vazante;-17,9827;-46,9088;;31;5419;34;America/Sao_Paulo
;Venâncio Aires;-29,6143;-52,1932;;43;8955;51;America/Sao_Paulo
;Venda Nova do Imigrante;-20,327;-41,1355;;32;5729;28;America/Sao_Paulo
;Venha-Ver;-6,32016;-38,4896;;24;438;84;America/Sao_Paulo
;Ventania;-24,2458;-50,2376;;41;5497;42;America/Sao_Paulo
;Venturosa;-8,57885;-36,8742;;26;2619;87;America/Sao_Paulo
;Vera;-12,3017;-55,3045;;51;9905;66;America/Porto_Velho
;Vera Cruz;-6,04399;-35,428;;24;1895;84;America/Sao_Paulo
;Vera Cruz;-12,9568;-38,6153;;29;3963;71;America/Sao_Paulo
;Vera Cruz;-29,7184;-52,5152;;43;8957;51;America/Sao_Paulo
VERA CRUZ;Vera Cruz;-22,2183;-49,8207;;35;7235;14;America/Sao_Paulo
;Vera Cruz do Oeste;-25,0577;-53,8771;;41;7989;45;America/Sao_Paulo
;Vera Mendes;-7,59748;-41,4673;;22;406;89;America/Sao_Paulo
;Veranópolis;-28,9312;-51,5516;;43;8959;54;America/Sao_Paulo
;Verdejante;-7,92235;-38,9701;;26;2621;87;America/Sao_Paulo
;Verdelândia;-15,5845;-43,6121;;31;752;38;America/Sao_Paulo
;Verê;-25,8772;-52,9051;;41;7945;46;America/Sao_Paulo
;Vereda;-17,2183;-40,0974;;29;3051;73;America/Sao_Paulo
;Veredinha;-17,3974;-42,7307;;31;754;38;America/Sao_Paulo
;Veríssimo;-19,6657;-48,3118;;31;5423;34;America/Sao_Paulo
;Vermelho Novo;-20,0406;-42,2688;;31;756;33;America/Sao_Paulo
;Vertente do Lério;-7,77084;-35,8491;;26;2291;81;America/Sao_Paulo
;Vertentes;-7,90158;-35,9681;;26;2623;81;America/Sao_Paulo
;Vespasiano;-19,6883;-43,9239;;31;5425;31;America/Sao_Paulo
;Vespasiano Corrêa;-29,0655;-51,8625;;43;1028;51;America/Sao_Paulo
;Viadutos;-27,5716;-52,0211;;43;8961;54;America/Sao_Paulo
;Viamão;-30,0819;-51,0194;;43;8963;51;America/Sao_Paulo
;Viana;-20,3825;-40,4933;;32;5701;27;America/Sao_Paulo
;Viana;-3,20451;-44,9912;;21;949;98;America/Sao_Paulo
;Vianópolis;-16,7405;-48,5159;;52;9641;62;America/Sao_Paulo
;Vicência;-7,65655;-35,3139;;26;2625;81;America/Sao_Paulo
;Vicente Dutra;-27,1607;-53,4022;;43;8965;55;America/Sao_Paulo
;Vicentina;-22,4098;-54,4415;;50;9187;67;America/Porto_Velho
;Vicentinópolis;-17,7322;-49,8047;;52;9657;64;America/Sao_Paulo
;Viçosa;-5,98253;-37,9462;;24;1897;84;America/Sao_Paulo
;Viçosa;-9,36763;-36,2431;;27;2887;82;America/Sao_Paulo
;Viçosa;-20,7559;-42,8742;;31;5427;31;America/Sao_Paulo
;Viçosa do Ceará;-3,5667;-41,0916;;23;1583;88;America/Sao_Paulo
;Victor Graeff;-28,5632;-52,7495;;43;8969;54;America/Sao_Paulo
;Vidal Ramos;-27,3886;-49,3593;;42;8377;47;America/Sao_Paulo
;Videira;-27,0086;-51,1543;;42;8379;49;America/Sao_Paulo
;Vieiras;-20,867;-42,2401;;31;5429;32;America/Sao_Paulo
;Vieirópolis;-6,50684;-38,2567;;25;540;83;America/Sao_Paulo
;Vigia;-0,861194;-48,1386;;15;563;91;America/Sao_Paulo
;Vila Bela da Santíssima Trindade;-15,0068;-59,9504;;51;9109;65;America/Porto_Velho
;Vila Boa;-15,0387;-47,052;;52;67;61;America/Sao_Paulo
;Vila Flor;-6,31287;-35,067;;24;1899;84;America/Sao_Paulo
;Vila Flores;-28,8598;-51,5504;;43;7311;54;America/Sao_Paulo
;Vila Lângaro;-28,1062;-52,1438;;43;1030;54;America/Sao_Paulo
;Vila Maria;-28,5359;-52,1486;;43;7309;54;America/Sao_Paulo
;Vila Nova do Piauí;-7,13272;-40,9345;;22;408;89;America/Sao_Paulo
;Vila Nova do Sul;-30,3461;-53,876;;43;5795;55;America/Sao_Paulo
;Vila Nova dos Martírios;-5,18889;-48,1336;;21;264;99;America/Sao_Paulo
;Vila Pavão;-18,6091;-40,609;;32;2935;27;America/Sao_Paulo
;Vila Propício;-15,4542;-48,8819;;52;1068;62;America/Sao_Paulo
;Vila Rica;-10,0137;-51,1186;;51;9897;66;America/Porto_Velho
;Vila Valério;-18,9958;-40,3849;;32;768;27;America/Sao_Paulo
;Vila Velha;-20,3417;-40,2875;;32;5703;27;America/Sao_Paulo
;Vilhena;-12,7502;-60,1488;;11;13;69;America/Porto_Velho
VINHEDO;Vinhedo;-23,0302;-46,9833;;35;7237;19;America/Sao_Paulo
VIRADOURO;Viradouro;-20,8734;-48,293;;35;7239;17;America/Sao_Paulo
;Virgem da Lapa;-16,807;-42,3431;;31;5433;33;America/Sao_Paulo
;Virgínia;-22,3264;-45,0965;;31;5435;35;America/Sao_Paulo
;Virginópolis;-18,8154;-42,7015;;31;5437;33;America/Sao_Paulo
;Virgolândia;-18,4738;-42,3067;;31;5439;33;America/Sao_Paulo
;Virmond;-25,3829;-52,1987;;41;5483;42;America/Sao_Paulo
;Visconde do Rio Branco;-21,0127;-42,8361;;31;5441;32;America/Sao_Paulo
;Viseu;-1,19124;-46,1399;;15;565;91;America/Sao_Paulo
;Vista Alegre;-27,3686;-53,4919;;43;7307;55;America/Sao_Paulo
VISTA ALEGRE DO ALTO;Vista Alegre do Alto;-21,1692;-48,6284;;35;7241;16;America/Sao_Paulo
;Vista Alegre do Prata;-28,8052;-51,7947;;43;7305;54;America/Sao_Paulo
;Vista Gaúcha;-27,2902;-53,6974;;43;7303;55;America/Sao_Paulo
;Vista Serrana;-6,7303;-37,5704;;25;2011;83;America/Sao_Paulo
;Vitor Meireles;-26,8782;-49,8328;;42;9977;47;America/Sao_Paulo
;Vitória;-20,3155;-40,3128;1.0;32;5705;27;America/Sao_Paulo
VITORIA BRASIL;Vitória Brasil;-20,1956;-50,4875;;35;828;17;America/Sao_Paulo
;Vitória da Conquista;-14,8615;-40,8442;;29;3965;77;America/Sao_Paulo
;Vitória das Missões;-28,3516;-54,504;;43;6053;55;America/Sao_Paulo
;Vitória de Santo Antão;-8,12819;-35,2976;;26;2627;81;America/Sao_Paulo
;Vitória do Jari;-0,938;-52,424;;16;70;96;America/Sao_Paulo
;Vitória do Mearim;-3,45125;-44,8643;;21;951;98;America/Sao_Paulo
;Vitória do Xingu;-2,87922;-52,0088;;15;641;93;America/Sao_Paulo
;Vitorino;-26,2683;-52,7843;;41;7947;46;America/Sao_Paulo
;Vitorino Freire;-4,28184;-45,2505;;21;953;98;America/Sao_Paulo
;Volta Grande;-21,7671;-42,5375;;31;5443;32;America/Sao_Paulo
;Volta Redonda;-22,5202;-44,0996;;33;5925;24;America/Sao_Paulo
VOTORANTIM;Votorantim;-23,5446;-47,4388;;35;7243;15;America/Sao_Paulo
VOTUPORANGA;Votuporanga;-20,4237;-49,9781;;35;7245;17;America/Sao_Paulo
;Wagner;-12,2819;-41,1715;;29;3967;75;America/Sao_Paulo
;Wall Ferraz;-7,23151;-41,905;;22;410;89;America/Sao_Paulo
;Wanderlândia;-6,85274;-47,9601;;17;9665;63;America/Sao_Paulo
;Wanderley;-12,1144;-43,8958;;29;3999;77;America/Sao_Paulo
;Wenceslau Braz;-22,5368;-45,3626;;31;5421;35;America/Sao_Paulo
;Wenceslau Braz;-23,8742;-49,8032;;41;7943;43;America/Sao_Paulo
;Wenceslau Guimarães;-13,6908;-39,4762;;29;3969;73;America/Sao_Paulo
;Westfália;-29,4263;-51,7645;;43;1176;51;America/Sao_Paulo
;Witmarsum;-26,9275;-49,7947;;42;8381;47;America/Sao_Paulo
;Xambioá;-6,4141;-48,532;;17;9643;63;America/Sao_Paulo
;Xambrê;-23,7364;-53,4884;;41;7949;44;America/Sao_Paulo
;Xangri-lá;-29,8065;-50,0519;;43;5785;51;America/Sao_Paulo
;Xanxerê;-26,8747;-52,4036;;42;8383;49;America/Sao_Paulo
;Xapuri;-10,6516;-68,4969;;12;149;68;America/Rio_Branco
;Xavantina;-27,0667;-52,343;;42;8385;49;America/Sao_Paulo
;Xaxim;-26,9596;-52,5374;;42;8387;49;America/Sao_Paulo
;Xexéu;-8,8046;-35,6212;;26;2293;81;America/Sao_Paulo
;Xinguara;-7,0983;-49,9437;;15;571;94;America/Sao_Paulo
;Xique-Xique;-10,823;-42,7245;;29;3971;74;America/Sao_Paulo
;Zabelê;-8,07901;-37,1057;;25;542;83;America/Sao_Paulo
ZACARIAS;Zacarias;-21,0506;-50,0552;;35;2973;18;America/Sao_Paulo
;Zé Doca;-3,27014;-45,6553;;21;1287;98;America/Sao_Paulo
;Zortéa;-27,4521;-51,552;;42;950;49;America/Sao_Paulo
;Boa Esperança do Norte;-13,5067;-55,1486;;51;1182;66;America/Porto_Velho
