Instituicao;cod_ibge;UF;Populacao;Coluna;Conta;Identificador da Conta;Valor
Prefeitura Municipal de Bento de Abreu - SP;3506201;SP;3028;Receitas Brutas Realizadas;TOTAL DAS RECEITAS (III) = (I + II);siconfi-cor_TotalReceitas;36204909,29
Prefeitura Municipal de Quatï¿½ - SP;3541703;SP;14309;Receitas Brutas Realizadas;TOTAL DAS RECEITAS (III) = (I + II);siconfi-cor_TotalReceitas;99514074,37
Prefeitura Municipal de Saltinho - SP;3545159;SP;8498;Receitas Brutas Realizadas;TOTAL DAS RECEITAS (III) = (I + II);siconfi-cor_TotalReceitas;53997548,55
Prefeitura Municipal de Vista Alegre do Alto - SP;3556909;SP;9163;Receitas Brutas Realizadas;TOTAL DAS RECEITAS (III) = (I + II);siconfi-cor_TotalReceitas;60038985,2
Prefeitura Municipal de Santa Mercedes - SP;3547106;SP;2947;Receitas Brutas Realizadas;TOTAL DAS RECEITAS (III) = (I + II);siconfi-cor_TotalReceitas;28230399,55
Prefeitura Municipal de Gaviï¿½o Peixoto - SP;3516853;SP;4841;Receitas Brutas Realizadas;TOTAL DAS RECEITAS (III) = (I + II);siconfi-cor_TotalReceitas;92188654,58
Prefeitura Municipal de Santa Fï¿½ do Sul - SP;3546603;SP;32796;Receitas Brutas Realizadas;TOTAL DAS RECEITAS (III) = (I + II);siconfi-cor_TotalReceitas;294887269,31
Prefeitura Municipal de Ibitinga - SP;3519600;SP;61150;Receitas Brutas Realizadas;TOTAL DAS RECEITAS (III) = (I + II);siconfi-cor_TotalReceitas;271812624,47
Prefeitura Municipal de Balbinos - SP;3504701;SP;6127;Receitas Brutas Realizadas;TOTAL DAS RECEITAS (III) = (I + II);siconfi-cor_TotalReceitas;25763162,54
Prefeitura Municipal de Ribeirï¿½o Corrente - SP;3543105;SP;4786;Receitas Brutas Realizadas;TOTAL DAS RECEITAS (III) = (I + II);siconfi-cor_TotalReceitas;44828948,12
Prefeitura Municipal de Holambra - SP;3519055;SP;15605;Receitas Brutas Realizadas;TOTAL DAS RECEITAS (III) = (I + II);siconfi-cor_TotalReceitas;141468595,12
Prefeitura Municipal de Rifaina - SP;3543600;SP;3651;Receitas Brutas Realizadas;TOTAL DAS RECEITAS (III) = (I + II);siconfi-cor_TotalReceitas;52416217,35
Prefeitura Municipal de Marinï¿½polis - SP;3529104;SP;2101;Receitas Brutas Realizadas;TOTAL DAS RECEITAS (III) = (I + II);siconfi-cor_TotalReceitas;27558777,02
Prefeitura Municipal de Tupï¿½ - SP;3555000;SP;65615;Receitas Brutas Realizadas;TOTAL DAS RECEITAS (III) = (I + II);siconfi-cor_TotalReceitas;284961127,09
Prefeitura Municipal de Cï¿½ssia dos Coqueiros - SP;3510906;SP;2488;Receitas Brutas Realizadas;TOTAL DAS RECEITAS (III) = (I + II);siconfi-cor_TotalReceitas;31262251,57
Prefeitura Municipal de Barra do Chapï¿½u - SP;3505351;SP;5794;Receitas Brutas Realizadas;TOTAL DAS RECEITAS (III) = (I + II);siconfi-cor_TotalReceitas;40993678,54
Prefeitura Municipal de Laranjal Paulista - SP;3526407;SP;29047;Receitas Brutas Realizadas;TOTAL DAS RECEITAS (III) = (I + II);siconfi-cor_TotalReceitas;161122522,89
Prefeitura Municipal de Inï¿½bia Paulista - SP;3520806;SP;4045;Receitas Brutas Realizadas;TOTAL DAS RECEITAS (III) = (I + II);siconfi-cor_TotalReceitas;28897317,36
Prefeitura Municipal de Santa Ernestina - SP;3546504;SP;5577;Receitas Brutas Realizadas;TOTAL DAS RECEITAS (III) = (I + II);siconfi-cor_TotalReceitas;33952558,97
Prefeitura Municipal de Borï¿½ - SP;3507209;SP;839;Receitas Brutas Realizadas;TOTAL DAS RECEITAS (III) = (I + II);siconfi-cor_TotalReceitas;22960849,95
Prefeitura Municipal de Teodoro Sampaio - SP;3554300;SP;23395;Receitas Brutas Realizadas;TOTAL DAS RECEITAS (III) = (I + II);siconfi-cor_TotalReceitas;124451758,9
Prefeitura Municipal de Sandovalina - SP;3545506;SP;4405;Receitas Brutas Realizadas;TOTAL DAS RECEITAS (III) = (I + II);siconfi-cor_TotalReceitas;58706557,54
Prefeitura Municipal de Anhumas - SP;3502408;SP;4172;Receitas Brutas Realizadas;TOTAL DAS RECEITAS (III) = (I + II);siconfi-cor_TotalReceitas;37103371,19
Prefeitura Municipal de Guareï¿½ - SP;3518503;SP;19244;Receitas Brutas Realizadas;TOTAL DAS RECEITAS (III) = (I + II);siconfi-cor_TotalReceitas;80368851,94
Prefeitura Municipal de Tanabi - SP;3553401;SP;26231;Receitas Brutas Realizadas;TOTAL DAS RECEITAS (III) = (I + II);siconfi-cor_TotalReceitas;133324643,88
Prefeitura Municipal de Palmital - SP;3535309;SP;22322;Receitas Brutas Realizadas;TOTAL DAS RECEITAS (III) = (I + II);siconfi-cor_TotalReceitas;139338443,27
Prefeitura Municipal de Promissï¿½o - SP;3541604;SP;41211;Receitas Brutas Realizadas;TOTAL DAS RECEITAS (III) = (I + II);siconfi-cor_TotalReceitas;184266104,79
Prefeitura Municipal de ï¿½guas de Lindï¿½ia - SP;3500501;SP;18908;Receitas Brutas Realizadas;TOTAL DAS RECEITAS (III) = (I + II);siconfi-cor_TotalReceitas;132786516,59
Prefeitura Municipal de Itaju - SP;3522000;SP;3937;Receitas Brutas Realizadas;TOTAL DAS RECEITAS (III) = (I + II);siconfi-cor_TotalReceitas;35780706,34
Prefeitura Municipal de Itapirapuï¿½ Paulista - SP;3522653;SP;4294;Receitas Brutas Realizadas;TOTAL DAS RECEITAS (III) = (I + II);siconfi-cor_TotalReceitas;34848198,39
Prefeitura Municipal de Iracemï¿½polis - SP;3521408;SP;24982;Receitas Brutas Realizadas;TOTAL DAS RECEITAS (III) = (I + II);siconfi-cor_TotalReceitas;141433360,31
Prefeitura Municipal de ï¿½guas de Santa Bï¿½rbara - SP;3500550;SP;6142;Receitas Brutas Realizadas;TOTAL DAS RECEITAS (III) = (I + II);siconfi-cor_TotalReceitas;58294833,6
Prefeitura Municipal de Pederneiras - SP;3536703;SP;47523;Receitas Brutas Realizadas;TOTAL DAS RECEITAS (III) = (I + II);siconfi-cor_TotalReceitas;246392985,42
Prefeitura Municipal de Santa Clara d'Oeste - SP;3546108;SP;2111;Receitas Brutas Realizadas;TOTAL DAS RECEITAS (III) = (I + II);siconfi-cor_TotalReceitas;37252806,32
Prefeitura Municipal de Lutï¿½cia - SP;3527900;SP;2623;Receitas Brutas Realizadas;TOTAL DAS RECEITAS (III) = (I + II);siconfi-cor_TotalReceitas;35011807,46
Prefeitura Municipal de Sï¿½o Joaquim da Barra - SP;3549409;SP;52737;Receitas Brutas Realizadas;TOTAL DAS RECEITAS (III) = (I + II);siconfi-cor_TotalReceitas;254293043,96
Prefeitura Municipal de Vera Cruz - SP;3556602;SP;10804;Receitas Brutas Realizadas;TOTAL DAS RECEITAS (III) = (I + II);siconfi-cor_TotalReceitas;54832430,89
Prefeitura Municipal de Ipaussu - SP;3520905;SP;15165;Receitas Brutas Realizadas;TOTAL DAS RECEITAS (III) = (I + II);siconfi-cor_TotalReceitas;95283179,1
Prefeitura Municipal de Jaci - SP;3524501;SP;7322;Receitas Brutas Realizadas;TOTAL DAS RECEITAS (III) = (I + II);siconfi-cor_TotalReceitas;51758652,37
Prefeitura Municipal de Ribeirï¿½o Preto - SP;3543402;SP;720116;Receitas Brutas Realizadas;TOTAL DAS RECEITAS (III) = (I + II);siconfi-cor_TotalReceitas;4111828964,42
Prefeitura Municipal de Lavï¿½nia - SP;3526506;SP;12581;Receitas Brutas Realizadas;TOTAL DAS RECEITAS (III) = (I + II);siconfi-cor_TotalReceitas;60322095,42
Prefeitura Municipal de Sï¿½o Francisco - SP;3549003;SP;2813;Receitas Brutas Realizadas;TOTAL DAS RECEITAS (III) = (I + II);siconfi-cor_TotalReceitas;29219970,77
Prefeitura Municipal de Coronel Macedo - SP;3512605;SP;4591;Receitas Brutas Realizadas;TOTAL DAS RECEITAS (III) = (I + II);siconfi-cor_TotalReceitas;44903792,73
Prefeitura Municipal de Bofete - SP;3506904;SP;12107;Receitas Brutas Realizadas;TOTAL DAS RECEITAS (III) = (I + II);siconfi-cor_TotalReceitas;71544204,06
Prefeitura Municipal de Espï¿½rito Santo do Turvo - SP;3515194;SP;4926;Receitas Brutas Realizadas;TOTAL DAS RECEITAS (III) = (I + II);siconfi-cor_TotalReceitas;37229170,69
Prefeitura Municipal de Rubinï¿½ia - SP;3544509;SP;3191;Receitas Brutas Realizadas;TOTAL DAS RECEITAS (III) = (I + II);siconfi-cor_TotalReceitas;45677551,16
Prefeitura Municipal de Santa Albertina - SP;3545704;SP;6036;Receitas Brutas Realizadas;TOTAL DAS RECEITAS (III) = (I + II);siconfi-cor_TotalReceitas;58879812,79
Prefeitura Municipal de Alto Alegre - SP;3501103;SP;4078;Receitas Brutas Realizadas;TOTAL DAS RECEITAS (III) = (I + II);siconfi-cor_TotalReceitas;38234150,79
Prefeitura Municipal de Barra Bonita - SP;3505302;SP;36125;Receitas Brutas Realizadas;TOTAL DAS RECEITAS (III) = (I + II);siconfi-cor_TotalReceitas;215774920,36
Prefeitura Municipal de Arandu - SP;3503109;SP;6373;Receitas Brutas Realizadas;TOTAL DAS RECEITAS (III) = (I + II);siconfi-cor_TotalReceitas;64342929,79
Prefeitura Municipal de Uchoa - SP;3555604;SP;10191;Receitas Brutas Realizadas;TOTAL DAS RECEITAS (III) = (I + II);siconfi-cor_TotalReceitas;69491436,4
Prefeitura Municipal de Piquerobi - SP;3538303;SP;3706;Receitas Brutas Realizadas;TOTAL DAS RECEITAS (III) = (I + II);siconfi-cor_TotalReceitas;36575376,19
Prefeitura Municipal de Valentim Gentil - SP;3556107;SP;13732;Receitas Brutas Realizadas;TOTAL DAS RECEITAS (III) = (I + II);siconfi-cor_TotalReceitas;82125982,11
Prefeitura Municipal de Taboï¿½o da Serra - SP;3552809;SP;297528;Receitas Brutas Realizadas;TOTAL DAS RECEITAS (III) = (I + II);siconfi-cor_TotalReceitas;1170744322,54
Prefeitura Municipal de Iacri - SP;3519204;SP;6269;Receitas Brutas Realizadas;TOTAL DAS RECEITAS (III) = (I + II);siconfi-cor_TotalReceitas;40986258,2
Prefeitura Municipal de Presidente Prudente - SP;3541406;SP;231953;Receitas Brutas Realizadas;TOTAL DAS RECEITAS (III) = (I + II);siconfi-cor_TotalReceitas;1065516919,35
Prefeitura Municipal de Itapeva - SP;3522406;SP;95241;Receitas Brutas Realizadas;TOTAL DAS RECEITAS (III) = (I + II);siconfi-cor_TotalReceitas;536284840,44
Prefeitura Municipal de Sagres - SP;3544707;SP;2427;Receitas Brutas Realizadas;TOTAL DAS RECEITAS (III) = (I + II);siconfi-cor_TotalReceitas;27073452,76
Prefeitura Municipal de Alfredo Marcondes - SP;3500808;SP;4201;Receitas Brutas Realizadas;TOTAL DAS RECEITAS (III) = (I + II);siconfi-cor_TotalReceitas;34058191,48
Prefeitura Municipal de Viradouro - SP;3556800;SP;19133;Receitas Brutas Realizadas;TOTAL DAS RECEITAS (III) = (I + II);siconfi-cor_TotalReceitas;110360757,31
Prefeitura Municipal de Pompï¿½ia - SP;3540002;SP;22326;Receitas Brutas Realizadas;TOTAL DAS RECEITAS (III) = (I + II);siconfi-cor_TotalReceitas;163176082,11
Prefeitura Municipal de Flï¿½rida Paulista - SP;3516002;SP;14936;Receitas Brutas Realizadas;TOTAL DAS RECEITAS (III) = (I + II);siconfi-cor_TotalReceitas;61562231,85
Prefeitura Municipal de Poloni - SP;3539905;SP;6166;Receitas Brutas Realizadas;TOTAL DAS RECEITAS (III) = (I + II);siconfi-cor_TotalReceitas;39333638,65
Prefeitura Municipal de Parapuï¿½ - SP;3536000;SP;10934;Receitas Brutas Realizadas;TOTAL DAS RECEITAS (III) = (I + II);siconfi-cor_TotalReceitas;64131641,59
Prefeitura Municipal de Santï¿½polis do Aguapeï¿½ - SP;3548401;SP;4856;Receitas Brutas Realizadas;TOTAL DAS RECEITAS (III) = (I + II);siconfi-cor_TotalReceitas;40427582,19
Prefeitura Municipal de Ourinhos - SP;3534708;SP;115139;Receitas Brutas Realizadas;TOTAL DAS RECEITAS (III) = (I + II);siconfi-cor_TotalReceitas;675049538,4
Prefeitura Municipal de Dirce Reis - SP;3513850;SP;1805;Receitas Brutas Realizadas;TOTAL DAS RECEITAS (III) = (I + II);siconfi-cor_TotalReceitas;28156638,48
Prefeitura Municipal de Bebedouro - SP;3506102;SP;77612;Receitas Brutas Realizadas;TOTAL DAS RECEITAS (III) = (I + II);siconfi-cor_TotalReceitas;431640887,55
Prefeitura Municipal de Mariï¿½polis - SP;3528908;SP;4098;Receitas Brutas Realizadas;TOTAL DAS RECEITAS (III) = (I + II);siconfi-cor_TotalReceitas;28575337,48
Prefeitura Municipal de Praia Grande - SP;3541000;SP;336454;Receitas Brutas Realizadas;TOTAL DAS RECEITAS (III) = (I + II);siconfi-cor_TotalReceitas;2315923274,89
Prefeitura Municipal de Floreal - SP;3515905;SP;2884;Receitas Brutas Realizadas;TOTAL DAS RECEITAS (III) = (I + II);siconfi-cor_TotalReceitas;35229454,68
Prefeitura Municipal de Rinï¿½polis - SP;3543808;SP;9940;Receitas Brutas Realizadas;TOTAL DAS RECEITAS (III) = (I + II);siconfi-cor_TotalReceitas;55748895,91
Prefeitura Municipal de Braï¿½na - SP;3507704;SP;5795;Receitas Brutas Realizadas;TOTAL DAS RECEITAS (III) = (I + II);siconfi-cor_TotalReceitas;38226530,43
Prefeitura Municipal de ï¿½lvares Machado - SP;3501301;SP;25078;Receitas Brutas Realizadas;TOTAL DAS RECEITAS (III) = (I + II);siconfi-cor_TotalReceitas;117339917,67
Prefeitura Municipal de Bernardino de Campos - SP;3506300;SP;11168;Receitas Brutas Realizadas;TOTAL DAS RECEITAS (III) = (I + II);siconfi-cor_TotalReceitas;67332336,41
Prefeitura Municipal de Itaquaquecetuba - SP;3523107;SP;379082;Receitas Brutas Realizadas;TOTAL DAS RECEITAS (III) = (I + II);siconfi-cor_TotalReceitas;1207081838,37
Prefeitura Municipal de Andradina - SP;3502101;SP;57245;Receitas Brutas Realizadas;TOTAL DAS RECEITAS (III) = (I + II);siconfi-cor_TotalReceitas;282771653,95
Prefeitura Municipal de Guaratinguetï¿½ - SP;3518404;SP;123192;Receitas Brutas Realizadas;TOTAL DAS RECEITAS (III) = (I + II);siconfi-cor_TotalReceitas;517877631,25
Prefeitura Municipal de Juquiï¿½ - SP;3526100;SP;18627;Receitas Brutas Realizadas;TOTAL DAS RECEITAS (III) = (I + II);siconfi-cor_TotalReceitas;96305786,11
Prefeitura Municipal de Pitangueiras - SP;3539509;SP;40430;Receitas Brutas Realizadas;TOTAL DAS RECEITAS (III) = (I + II);siconfi-cor_TotalReceitas;211419819,28
Prefeitura Municipal de Riolï¿½ndia - SP;3544202;SP;12856;Receitas Brutas Realizadas;TOTAL DAS RECEITAS (III) = (I + II);siconfi-cor_TotalReceitas;74543699,92
Prefeitura Municipal de Barra do Turvo - SP;3505401;SP;7606;Receitas Brutas Realizadas;TOTAL DAS RECEITAS (III) = (I + II);siconfi-cor_TotalReceitas;57293332,18
Prefeitura Municipal de Jundiaï¿½ - SP;3525904;SP;426935;Receitas Brutas Realizadas;TOTAL DAS RECEITAS (III) = (I + II);siconfi-cor_TotalReceitas;3664002453,68
Prefeitura Municipal de Igaratï¿½ - SP;3520202;SP;9631;Receitas Brutas Realizadas;TOTAL DAS RECEITAS (III) = (I + II);siconfi-cor_TotalReceitas;78608138,44
Prefeitura Municipal de Ribeirï¿½o do Sul - SP;3543204;SP;4537;Receitas Brutas Realizadas;TOTAL DAS RECEITAS (III) = (I + II);siconfi-cor_TotalReceitas;38763114,44
Prefeitura Municipal de Sales Oliveira - SP;3544905;SP;12103;Receitas Brutas Realizadas;TOTAL DAS RECEITAS (III) = (I + II);siconfi-cor_TotalReceitas;78220351,61
Prefeitura Municipal de Macedï¿½nia - SP;3528205;SP;3686;Receitas Brutas Realizadas;TOTAL DAS RECEITAS (III) = (I + II);siconfi-cor_TotalReceitas;35180699,04
Prefeitura Municipal de Sï¿½o Luï¿½s do Paraitinga - SP;3550001;SP;10693;Receitas Brutas Realizadas;TOTAL DAS RECEITAS (III) = (I + II);siconfi-cor_TotalReceitas;65140609,34
Prefeitura Municipal de Caraguatatuba - SP;3510500;SP;125194;Receitas Brutas Realizadas;TOTAL DAS RECEITAS (III) = (I + II);siconfi-cor_TotalReceitas;1273022737,00
Prefeitura Municipal de Jumirim - SP;3525854;SP;3467;Receitas Brutas Realizadas;TOTAL DAS RECEITAS (III) = (I + II);siconfi-cor_TotalReceitas;40554333,39
Prefeitura Municipal de Platina - SP;3539707;SP;3606;Receitas Brutas Realizadas;TOTAL DAS RECEITAS (III) = (I + II);siconfi-cor_TotalReceitas;38685426,28
Prefeitura Municipal de Salmourï¿½o - SP;3545100;SP;5372;Receitas Brutas Realizadas;TOTAL DAS RECEITAS (III) = (I + II);siconfi-cor_TotalReceitas;30392264,45
Prefeitura Municipal de Caieiras - SP;3509007;SP;104044;Receitas Brutas Realizadas;TOTAL DAS RECEITAS (III) = (I + II);siconfi-cor_TotalReceitas;503213777,57
Prefeitura Municipal de Riversul - SP;3543501;SP;5364;Receitas Brutas Realizadas;TOTAL DAS RECEITAS (III) = (I + II);siconfi-cor_TotalReceitas;37322619,3
Prefeitura Municipal de Salto - SP;3545209;SP;120779;Receitas Brutas Realizadas;TOTAL DAS RECEITAS (III) = (I + II);siconfi-cor_TotalReceitas;615165606,53
Prefeitura Municipal de Iaras - SP;3519253;SP;9786;Receitas Brutas Realizadas;TOTAL DAS RECEITAS (III) = (I + II);siconfi-cor_TotalReceitas;49029807,2
Prefeitura Municipal de Avaï¿½ - SP;3504305;SP;5467;Receitas Brutas Realizadas;TOTAL DAS RECEITAS (III) = (I + II);siconfi-cor_TotalReceitas;45749943,24
Prefeitura Municipal de Atibaia - SP;3504107;SP;145378;Receitas Brutas Realizadas;TOTAL DAS RECEITAS (III) = (I + II);siconfi-cor_TotalReceitas;1020275552,15
Prefeitura Municipal de Sï¿½o Vicente - SP;3551009;SP;370839;Receitas Brutas Realizadas;TOTAL DAS RECEITAS (III) = (I + II);siconfi-cor_TotalReceitas;1607109368,48
Prefeitura Municipal de Tietï¿½ - SP;3554508;SP;42946;Receitas Brutas Realizadas;TOTAL DAS RECEITAS (III) = (I + II);siconfi-cor_TotalReceitas;237535629,23
Prefeitura Municipal de Areiï¿½polis - SP;3503604;SP;11186;Receitas Brutas Realizadas;TOTAL DAS RECEITAS (III) = (I + II);siconfi-cor_TotalReceitas;52486238,59
Prefeitura Municipal de Itaï¿½ - SP;3521804;SP;27632;Receitas Brutas Realizadas;TOTAL DAS RECEITAS (III) = (I + II);siconfi-cor_TotalReceitas;191169562,85
Prefeitura Municipal de Quadra - SP;3541653;SP;3902;Receitas Brutas Realizadas;TOTAL DAS RECEITAS (III) = (I + II);siconfi-cor_TotalReceitas;37724877,32
Prefeitura Municipal de Cerqueira Cï¿½sar - SP;3511409;SP;20391;Receitas Brutas Realizadas;TOTAL DAS RECEITAS (III) = (I + II);siconfi-cor_TotalReceitas;128994944,43
Prefeitura Municipal de Timburi - SP;3554607;SP;2647;Receitas Brutas Realizadas;TOTAL DAS RECEITAS (III) = (I + II);siconfi-cor_TotalReceitas;33750208,89
Prefeitura Municipal de Presidente Bernardes - SP;3541208;SP;12943;Receitas Brutas Realizadas;TOTAL DAS RECEITAS (III) = (I + II);siconfi-cor_TotalReceitas;77273589,95
Prefeitura Municipal de Sï¿½o Bernardo do Campo - SP;3548708;SP;849874;Receitas Brutas Realizadas;TOTAL DAS RECEITAS (III) = (I + II);siconfi-cor_TotalReceitas;5829729944,43
Prefeitura Municipal de Eldorado - SP;3514809;SP;15592;Receitas Brutas Realizadas;TOTAL DAS RECEITAS (III) = (I + II);siconfi-cor_TotalReceitas;83890657,4
Prefeitura Municipal de Tupi Paulista - SP;3555109;SP;15670;Receitas Brutas Realizadas;TOTAL DAS RECEITAS (III) = (I + II);siconfi-cor_TotalReceitas;78982092,57
Prefeitura Municipal de Ribeirï¿½o Pires - SP;3543303;SP;125238;Receitas Brutas Realizadas;TOTAL DAS RECEITAS (III) = (I + II);siconfi-cor_TotalReceitas;530684339,47
Prefeitura Municipal de Sï¿½o Lourenï¿½o da Serra - SP;3549953;SP;16127;Receitas Brutas Realizadas;TOTAL DAS RECEITAS (III) = (I + II);siconfi-cor_TotalReceitas;76624513,65
Prefeitura Municipal de Guataparï¿½ - SP;3518859;SP;7760;Receitas Brutas Realizadas;TOTAL DAS RECEITAS (III) = (I + II);siconfi-cor_TotalReceitas;55090888,3
Prefeitura Municipal de Sï¿½o Sebastiï¿½o - SP;3550704;SP;91637;Receitas Brutas Realizadas;TOTAL DAS RECEITAS (III) = (I + II);siconfi-cor_TotalReceitas;1288562664,03
Prefeitura Municipal de Dois Cï¿½rregos - SP;3514106;SP;27704;Receitas Brutas Realizadas;TOTAL DAS RECEITAS (III) = (I + II);siconfi-cor_TotalReceitas;141117485,72
Prefeitura Municipal de Fartura - SP;3515400;SP;16102;Receitas Brutas Realizadas;TOTAL DAS RECEITAS (III) = (I + II);siconfi-cor_TotalReceitas;93826150,93
Prefeitura Municipal de Bilac - SP;3506409;SP;8197;Receitas Brutas Realizadas;TOTAL DAS RECEITAS (III) = (I + II);siconfi-cor_TotalReceitas;57049211,67
Prefeitura Municipal de Itapevi - SP;3522505;SP;244131;Receitas Brutas Realizadas;TOTAL DAS RECEITAS (III) = (I + II);siconfi-cor_TotalReceitas;1208954426,81
Prefeitura Municipal de Carapicuï¿½ba - SP;3510609;SP;405375;Receitas Brutas Realizadas;TOTAL DAS RECEITAS (III) = (I + II);siconfi-cor_TotalReceitas;933328581,05
Prefeitura Municipal de Votuporanga - SP;3557105;SP;96106;Receitas Brutas Realizadas;TOTAL DAS RECEITAS (III) = (I + II);siconfi-cor_TotalReceitas;526447025,25
Prefeitura Municipal de Tejupï¿½ - SP;3554201;SP;4452;Receitas Brutas Realizadas;TOTAL DAS RECEITAS (III) = (I + II);siconfi-cor_TotalReceitas;41638965,72
Prefeitura Municipal de Campos Novos Paulista - SP;3509809;SP;5028;Receitas Brutas Realizadas;TOTAL DAS RECEITAS (III) = (I + II);siconfi-cor_TotalReceitas;45418109,52
Prefeitura Municipal de Jacareï¿½ - SP;3524402;SP;237119;Receitas Brutas Realizadas;TOTAL DAS RECEITAS (III) = (I + II);siconfi-cor_TotalReceitas;1442704827,86
Prefeitura Municipal de Paraguaï¿½u Paulista - SP;3535507;SP;46180;Receitas Brutas Realizadas;TOTAL DAS RECEITAS (III) = (I + II);siconfi-cor_TotalReceitas;275636281,83
Prefeitura Municipal de Sï¿½o Pedro do Turvo - SP;3550506;SP;7724;Receitas Brutas Realizadas;TOTAL DAS RECEITAS (III) = (I + II);siconfi-cor_TotalReceitas;61642789,25
Prefeitura Municipal de Penï¿½polis - SP;3537305;SP;64098;Receitas Brutas Realizadas;TOTAL DAS RECEITAS (III) = (I + II);siconfi-cor_TotalReceitas;329017423,32
Prefeitura Municipal de Ibirarema - SP;3519501;SP;7926;Receitas Brutas Realizadas;TOTAL DAS RECEITAS (III) = (I + II);siconfi-cor_TotalReceitas;49138465,09
Prefeitura Municipal de Nova Campina - SP;3532827;SP;9962;Receitas Brutas Realizadas;TOTAL DAS RECEITAS (III) = (I + II);siconfi-cor_TotalReceitas;56171751,32
Prefeitura Municipal de Vï¿½rzea Paulista - SP;3556503;SP;124269;Receitas Brutas Realizadas;TOTAL DAS RECEITAS (III) = (I + II);siconfi-cor_TotalReceitas;443760708,76
Prefeitura Municipal de Coroados - SP;3512506;SP;6197;Receitas Brutas Realizadas;TOTAL DAS RECEITAS (III) = (I + II);siconfi-cor_TotalReceitas;42936757,01
Prefeitura Municipal de Vitï¿½ria Brasil - SP;3556958;SP;1852;Receitas Brutas Realizadas;TOTAL DAS RECEITAS (III) = (I + II);siconfi-cor_TotalReceitas;25283194,26
Prefeitura Municipal de Dumont - SP;3514601;SP;10174;Receitas Brutas Realizadas;TOTAL DAS RECEITAS (III) = (I + II);siconfi-cor_TotalReceitas;56368459,63
Prefeitura Municipal de Analï¿½ndia - SP;3502002;SP;5115;Receitas Brutas Realizadas;TOTAL DAS RECEITAS (III) = (I + II);siconfi-cor_TotalReceitas;48193368,16
Prefeitura Municipal de Monte Mor - SP;3531803;SP;61707;Receitas Brutas Realizadas;TOTAL DAS RECEITAS (III) = (I + II);siconfi-cor_TotalReceitas;407361777,96
Prefeitura Municipal de Borborema - SP;3507407;SP;16278;Receitas Brutas Realizadas;TOTAL DAS RECEITAS (III) = (I + II);siconfi-cor_TotalReceitas;90664851,58
Prefeitura Municipal de Pacaembu - SP;3534906;SP;14326;Receitas Brutas Realizadas;TOTAL DAS RECEITAS (III) = (I + II);siconfi-cor_TotalReceitas;66168547,84
Prefeitura Municipal de Ouro Verde - SP;3534807;SP;8676;Receitas Brutas Realizadas;TOTAL DAS RECEITAS (III) = (I + II);siconfi-cor_TotalReceitas;45339427,81
Prefeitura Municipal de Monte Alegre do Sul - SP;3531209;SP;8181;Receitas Brutas Realizadas;TOTAL DAS RECEITAS (III) = (I + II);siconfi-cor_TotalReceitas;50452985,1
Prefeitura Municipal de Santo Antï¿½nio de Posse - SP;3548005;SP;23742;Receitas Brutas Realizadas;TOTAL DAS RECEITAS (III) = (I + II);siconfi-cor_TotalReceitas;167838023,75
Prefeitura Municipal de Itariri - SP;3523305;SP;17754;Receitas Brutas Realizadas;TOTAL DAS RECEITAS (III) = (I + II);siconfi-cor_TotalReceitas;79133687,38
Prefeitura Municipal de Macatuba - SP;3528007;SP;17263;Receitas Brutas Realizadas;TOTAL DAS RECEITAS (III) = (I + II);siconfi-cor_TotalReceitas;127275511,45
Prefeitura Municipal de Iguape - SP;3520301;SP;31117;Receitas Brutas Realizadas;TOTAL DAS RECEITAS (III) = (I + II);siconfi-cor_TotalReceitas;190427652,34
Prefeitura Municipal de Hortolï¿½ndia - SP;3519071;SP;237570;Receitas Brutas Realizadas;TOTAL DAS RECEITAS (III) = (I + II);siconfi-cor_TotalReceitas;1473980308,95
Prefeitura Municipal de Piratininga - SP;3539400;SP;13890;Receitas Brutas Realizadas;TOTAL DAS RECEITAS (III) = (I + II);siconfi-cor_TotalReceitas;85786313,67
Prefeitura Municipal de Aspï¿½sia - SP;3503950;SP;1815;Receitas Brutas Realizadas;TOTAL DAS RECEITAS (III) = (I + II);siconfi-cor_TotalReceitas;24259866,39
Prefeitura Municipal de Boa Esperanï¿½a do Sul - SP;3506706;SP;15111;Receitas Brutas Realizadas;TOTAL DAS RECEITAS (III) = (I + II);siconfi-cor_TotalReceitas;93554127,29
Prefeitura Municipal de Pongaï¿½ - SP;3540101;SP;3385;Receitas Brutas Realizadas;TOTAL DAS RECEITAS (III) = (I + II);siconfi-cor_TotalReceitas;32193479,69
Prefeitura Municipal de Cardoso - SP;3510708;SP;12371;Receitas Brutas Realizadas;TOTAL DAS RECEITAS (III) = (I + II);siconfi-cor_TotalReceitas;84399653,32
Prefeitura Municipal de Itatiba - SP;3523404;SP;124254;Receitas Brutas Realizadas;TOTAL DAS RECEITAS (III) = (I + II);siconfi-cor_TotalReceitas;677626910,44
Prefeitura Municipal de Piraju - SP;3538808;SP;29930;Receitas Brutas Realizadas;TOTAL DAS RECEITAS (III) = (I + II);siconfi-cor_TotalReceitas;147379126,98
Prefeitura Municipal de Santa Cruz do Rio Pardo - SP;3546405;SP;48207;Receitas Brutas Realizadas;TOTAL DAS RECEITAS (III) = (I + II);siconfi-cor_TotalReceitas;278627898,27
Prefeitura Municipal de Osvaldo Cruz - SP;3534609;SP;33118;Receitas Brutas Realizadas;TOTAL DAS RECEITAS (III) = (I + II);siconfi-cor_TotalReceitas;132736372,06
Prefeitura Municipal de Mongaguï¿½ - SP;3531100;SP;58567;Receitas Brutas Realizadas;TOTAL DAS RECEITAS (III) = (I + II);siconfi-cor_TotalReceitas;373633147,9
Prefeitura Municipal de Sï¿½o Bento do Sapucaï¿½ - SP;3548609;SP;10907;Receitas Brutas Realizadas;TOTAL DAS RECEITAS (III) = (I + II);siconfi-cor_TotalReceitas;66595791,58
Prefeitura Municipal de Itararï¿½ - SP;3523206;SP;50778;Receitas Brutas Realizadas;TOTAL DAS RECEITAS (III) = (I + II);siconfi-cor_TotalReceitas;205152935,89
Prefeitura Municipal de Queluz - SP;3541901;SP;13788;Receitas Brutas Realizadas;TOTAL DAS RECEITAS (III) = (I + II);siconfi-cor_TotalReceitas;76116659,42
Prefeitura Municipal de Jaguariï¿½na - SP;3524709;SP;59921;Receitas Brutas Realizadas;TOTAL DAS RECEITAS (III) = (I + II);siconfi-cor_TotalReceitas;709396458,11
Prefeitura Municipal de ï¿½leo - SP;3533809;SP;2447;Receitas Brutas Realizadas;TOTAL DAS RECEITAS (III) = (I + II);siconfi-cor_TotalReceitas;28030905,32
Prefeitura Municipal de Guararema - SP;3518305;SP;30465;Receitas Brutas Realizadas;TOTAL DAS RECEITAS (III) = (I + II);siconfi-cor_TotalReceitas;342635309,24
Prefeitura Municipal de Cabrï¿½lia Paulista - SP;3508306;SP;4222;Receitas Brutas Realizadas;TOTAL DAS RECEITAS (III) = (I + II);siconfi-cor_TotalReceitas;37512066,92
Prefeitura Municipal de Mococa - SP;3530508;SP;69072;Receitas Brutas Realizadas;TOTAL DAS RECEITAS (III) = (I + II);siconfi-cor_TotalReceitas;289502043,38
Prefeitura Municipal de Buritizal - SP;3508207;SP;4547;Receitas Brutas Realizadas;TOTAL DAS RECEITAS (III) = (I + II);siconfi-cor_TotalReceitas;48343345,7
Prefeitura Municipal de Buri - SP;3508009;SP;20050;Receitas Brutas Realizadas;TOTAL DAS RECEITAS (III) = (I + II);siconfi-cor_TotalReceitas;133849464,61
Prefeitura Municipal de Barueri - SP;3505708;SP;279704;Receitas Brutas Realizadas;TOTAL DAS RECEITAS (III) = (I + II);siconfi-cor_TotalReceitas;4995284576,35
Prefeitura Municipal de Mairinque - SP;3528403;SP;47723;Receitas Brutas Realizadas;TOTAL DAS RECEITAS (III) = (I + II);siconfi-cor_TotalReceitas;236805225,56
Prefeitura Municipal de Lucianï¿½polis - SP;3527504;SP;2412;Receitas Brutas Realizadas;TOTAL DAS RECEITAS (III) = (I + II);siconfi-cor_TotalReceitas;27759902,3
Prefeitura Municipal de Florï¿½nia - SP;3516101;SP;2631;Receitas Brutas Realizadas;TOTAL DAS RECEITAS (III) = (I + II);siconfi-cor_TotalReceitas;41017952,74
Prefeitura Municipal de Sud Mennucci - SP;3552304;SP;7738;Receitas Brutas Realizadas;TOTAL DAS RECEITAS (III) = (I + II);siconfi-cor_TotalReceitas;62948725,51
Prefeitura Municipal de Barbosa - SP;3505104;SP;7532;Receitas Brutas Realizadas;TOTAL DAS RECEITAS (III) = (I + II);siconfi-cor_TotalReceitas;42129253,6
Prefeitura Municipal de Ipiguï¿½ - SP;3521150;SP;5557;Receitas Brutas Realizadas;TOTAL DAS RECEITAS (III) = (I + II);siconfi-cor_TotalReceitas;39686427,5
Prefeitura Municipal de Bady Bassitt - SP;3504602;SP;18013;Receitas Brutas Realizadas;TOTAL DAS RECEITAS (III) = (I + II);siconfi-cor_TotalReceitas;131320423,74
Prefeitura Municipal de Silveiras - SP;3552007;SP;6375;Receitas Brutas Realizadas;TOTAL DAS RECEITAS (III) = (I + II);siconfi-cor_TotalReceitas;50739788,31
Prefeitura Municipal de Sarutaiï¿½ - SP;3551207;SP;3623;Receitas Brutas Realizadas;TOTAL DAS RECEITAS (III) = (I + II);siconfi-cor_TotalReceitas;31033946,52
Prefeitura Municipal de Charqueada - SP;3511706;SP;17539;Receitas Brutas Realizadas;TOTAL DAS RECEITAS (III) = (I + II);siconfi-cor_TotalReceitas;94926581,4
Prefeitura Municipal de Parisi - SP;3536257;SP;2177;Receitas Brutas Realizadas;TOTAL DAS RECEITAS (III) = (I + II);siconfi-cor_TotalReceitas;30777538,3
Prefeitura Municipal de Pontes Gestal - SP;3540309;SP;2576;Receitas Brutas Realizadas;TOTAL DAS RECEITAS (III) = (I + II);siconfi-cor_TotalReceitas;45206528,81
Prefeitura Municipal de Jarinu - SP;3525201;SP;31173;Receitas Brutas Realizadas;TOTAL DAS RECEITAS (III) = (I + II);siconfi-cor_TotalReceitas;211176622,82
Prefeitura Municipal de Lins - SP;3527108;SP;78978;Receitas Brutas Realizadas;TOTAL DAS RECEITAS (III) = (I + II);siconfi-cor_TotalReceitas;356636120,39
Prefeitura Municipal de Santa Rita d'Oeste - SP;3547403;SP;2476;Receitas Brutas Realizadas;TOTAL DAS RECEITAS (III) = (I + II);siconfi-cor_TotalReceitas;30880139,93
Prefeitura Municipal de Arapeï¿½ - SP;3503158;SP;2452;Receitas Brutas Realizadas;TOTAL DAS RECEITAS (III) = (I + II);siconfi-cor_TotalReceitas;41153493,43
Prefeitura Municipal de Jeriquara - SP;3525409;SP;3143;Receitas Brutas Realizadas;TOTAL DAS RECEITAS (III) = (I + II);siconfi-cor_TotalReceitas;35647611,31
Prefeitura Municipal de Divinolï¿½ndia - SP;3513900;SP;11027;Receitas Brutas Realizadas;TOTAL DAS RECEITAS (III) = (I + II);siconfi-cor_TotalReceitas;73054337,77
Prefeitura Municipal de Santa Cruz das Palmeiras - SP;3546306;SP;35102;Receitas Brutas Realizadas;TOTAL DAS RECEITAS (III) = (I + II);siconfi-cor_TotalReceitas;133367034,65
Prefeitura Municipal de Josï¿½ Bonifï¿½cio - SP;3525706;SP;37707;Receitas Brutas Realizadas;TOTAL DAS RECEITAS (III) = (I + II);siconfi-cor_TotalReceitas;203840572,22
Prefeitura Municipal de Francisco Morato - SP;3516309;SP;179372;Receitas Brutas Realizadas;TOTAL DAS RECEITAS (III) = (I + II);siconfi-cor_TotalReceitas;585008620,92
Prefeitura Municipal de Sï¿½o Paulo - SP;3550308;SP;12396372;Receitas Brutas Realizadas;TOTAL DAS RECEITAS (III) = (I + II);siconfi-cor_TotalReceitas;95789912728,43
Prefeitura Municipal de Araï¿½oiaba da Serra - SP;3502903;SP;35389;Receitas Brutas Realizadas;TOTAL DAS RECEITAS (III) = (I + II);siconfi-cor_TotalReceitas;181891652,14
Prefeitura Municipal de Indiaporï¿½ - SP;3520707;SP;3876;Receitas Brutas Realizadas;TOTAL DAS RECEITAS (III) = (I + II);siconfi-cor_TotalReceitas;39699413,85
Prefeitura Municipal de Santo Expedito - SP;3548302;SP;3159;Receitas Brutas Realizadas;TOTAL DAS RECEITAS (III) = (I + II);siconfi-cor_TotalReceitas;25325387,8
Prefeitura Municipal de Piracicaba - SP;3538709;SP;410275;Receitas Brutas Realizadas;TOTAL DAS RECEITAS (III) = (I + II);siconfi-cor_TotalReceitas;2578711769,36
Prefeitura Municipal de Cï¿½ndido Rodrigues - SP;3510104;SP;2805;Receitas Brutas Realizadas;TOTAL DAS RECEITAS (III) = (I + II);siconfi-cor_TotalReceitas;33885142,01
Prefeitura Municipal de Redenï¿½ï¿½o da Serra - SP;3542305;SP;3827;Receitas Brutas Realizadas;TOTAL DAS RECEITAS (III) = (I + II);siconfi-cor_TotalReceitas;36642683,12
Prefeitura Municipal de Aramina - SP;3503000;SP;5689;Receitas Brutas Realizadas;TOTAL DAS RECEITAS (III) = (I + II);siconfi-cor_TotalReceitas;40446647,02
Prefeitura Municipal de Uniï¿½o Paulista - SP;3555703;SP;1886;Receitas Brutas Realizadas;TOTAL DAS RECEITAS (III) = (I + II);siconfi-cor_TotalReceitas;23294787,53
Prefeitura Municipal de Pilar do Sul - SP;3537909;SP;29612;Receitas Brutas Realizadas;TOTAL DAS RECEITAS (III) = (I + II);siconfi-cor_TotalReceitas;134531619,99
Prefeitura Municipal de Nova Independï¿½ncia - SP;3533205;SP;4135;Receitas Brutas Realizadas;TOTAL DAS RECEITAS (III) = (I + II);siconfi-cor_TotalReceitas;51550159,55
Prefeitura Municipal de Vinhedo - SP;3556701;SP;81516;Receitas Brutas Realizadas;TOTAL DAS RECEITAS (III) = (I + II);siconfi-cor_TotalReceitas;812336897,82
Prefeitura Municipal de Cananï¿½ia - SP;3509908;SP;12542;Receitas Brutas Realizadas;TOTAL DAS RECEITAS (III) = (I + II);siconfi-cor_TotalReceitas;96109218,42
Prefeitura Municipal de Conchal - SP;3512209;SP;28491;Receitas Brutas Realizadas;TOTAL DAS RECEITAS (III) = (I + II);siconfi-cor_TotalReceitas;179451758,01
Prefeitura Municipal de Cabreï¿½va - SP;3508405;SP;51130;Receitas Brutas Realizadas;TOTAL DAS RECEITAS (III) = (I + II);siconfi-cor_TotalReceitas;396769332,71
Prefeitura Municipal de Cotia - SP;3513009;SP;257882;Receitas Brutas Realizadas;TOTAL DAS RECEITAS (III) = (I + II);siconfi-cor_TotalReceitas;1519537125,24
Prefeitura Municipal de Elisiï¿½rio - SP;3514924;SP;3742;Receitas Brutas Realizadas;TOTAL DAS RECEITAS (III) = (I + II);siconfi-cor_TotalReceitas;28137417,15
Prefeitura Municipal de Adolfo - SP;3500204;SP;3545;Receitas Brutas Realizadas;TOTAL DAS RECEITAS (III) = (I + II);siconfi-cor_TotalReceitas;44259588,55
Prefeitura Municipal de Sete Barras - SP;3551801;SP;12731;Receitas Brutas Realizadas;TOTAL DAS RECEITAS (III) = (I + II);siconfi-cor_TotalReceitas;75451311,14
Prefeitura Municipal de Martinï¿½polis - SP;3529203;SP;26791;Receitas Brutas Realizadas;TOTAL DAS RECEITAS (III) = (I + II);siconfi-cor_TotalReceitas;131106923,81
Prefeitura Municipal de Jï¿½lio Mesquita - SP;3525805;SP;4824;Receitas Brutas Realizadas;TOTAL DAS RECEITAS (III) = (I + II);siconfi-cor_TotalReceitas;39292610,42
Prefeitura Municipal de Presidente Venceslau - SP;3541505;SP;39648;Receitas Brutas Realizadas;TOTAL DAS RECEITAS (III) = (I + II);siconfi-cor_TotalReceitas;206064550,41
Prefeitura Municipal de Ipeï¿½na - SP;3521101;SP;7824;Receitas Brutas Realizadas;TOTAL DAS RECEITAS (III) = (I + II);siconfi-cor_TotalReceitas;53642413,15
Prefeitura Municipal de Mauï¿½ - SP;3529401;SP;481725;Receitas Brutas Realizadas;TOTAL DAS RECEITAS (III) = (I + II);siconfi-cor_TotalReceitas;1549076671,25
Prefeitura Municipal de Barrinha - SP;3505609;SP;33537;Receitas Brutas Realizadas;TOTAL DAS RECEITAS (III) = (I + II);siconfi-cor_TotalReceitas;141876465,5
Prefeitura Municipal de Jardinï¿½polis - SP;3525102;SP;45544;Receitas Brutas Realizadas;TOTAL DAS RECEITAS (III) = (I + II);siconfi-cor_TotalReceitas;240210808,17
Prefeitura Municipal de Santo Antï¿½nio do Jardim - SP;3548104;SP;5926;Receitas Brutas Realizadas;TOTAL DAS RECEITAS (III) = (I + II);siconfi-cor_TotalReceitas;35917577,25
Prefeitura Municipal de ï¿½lvares Florence - SP;3501202;SP;3616;Receitas Brutas Realizadas;TOTAL DAS RECEITAS (III) = (I + II);siconfi-cor_TotalReceitas;36436673,99
Prefeitura Municipal de Sï¿½o Simï¿½o - SP;3550902;SP;15446;Receitas Brutas Realizadas;TOTAL DAS RECEITAS (III) = (I + II);siconfi-cor_TotalReceitas;92355293,94
Prefeitura Municipal de Presidente Alves - SP;3541109;SP;4067;Receitas Brutas Realizadas;TOTAL DAS RECEITAS (III) = (I + II);siconfi-cor_TotalReceitas;31712602,29
Prefeitura Municipal de Pindamonhangaba - SP;3538006;SP;171885;Receitas Brutas Realizadas;TOTAL DAS RECEITAS (III) = (I + II);siconfi-cor_TotalReceitas;891321707,05
Prefeitura Municipal de Itatinga - SP;3523503;SP;21139;Receitas Brutas Realizadas;TOTAL DAS RECEITAS (III) = (I + II);siconfi-cor_TotalReceitas;112308675,94
Prefeitura Municipal de Alvinlï¿½ndia - SP;3501509;SP;3251;Receitas Brutas Realizadas;TOTAL DAS RECEITAS (III) = (I + II);siconfi-cor_TotalReceitas;27864581,03
Prefeitura Municipal de Cruzï¿½lia - SP;3513306;SP;2021;Receitas Brutas Realizadas;TOTAL DAS RECEITAS (III) = (I + II);siconfi-cor_TotalReceitas;31594867,66
Prefeitura Municipal de Arealva - SP;3503406;SP;8665;Receitas Brutas Realizadas;TOTAL DAS RECEITAS (III) = (I + II);siconfi-cor_TotalReceitas;52969754,3
Prefeitura Municipal de Duartina - SP;3514502;SP;12421;Receitas Brutas Realizadas;TOTAL DAS RECEITAS (III) = (I + II);siconfi-cor_TotalReceitas;72959769,66
Prefeitura Municipal de Mirante do Paranapanema - SP;3530201;SP;18415;Receitas Brutas Realizadas;TOTAL DAS RECEITAS (III) = (I + II);siconfi-cor_TotalReceitas;120199516,04
Prefeitura Municipal de Sï¿½o Sebastiï¿½o da Grama - SP;3550803;SP;12137;Receitas Brutas Realizadas;TOTAL DAS RECEITAS (III) = (I + II);siconfi-cor_TotalReceitas;58419346,13
Prefeitura Municipal de Campinas - SP;3509502;SP;1223237;Receitas Brutas Realizadas;TOTAL DAS RECEITAS (III) = (I + II);siconfi-cor_TotalReceitas;8143599534,7
Prefeitura Municipal de Valinhos - SP;3556206;SP;133169;Receitas Brutas Realizadas;TOTAL DAS RECEITAS (III) = (I + II);siconfi-cor_TotalReceitas;972273114,67
Prefeitura Municipal de Sï¿½o Caetano do Sul - SP;3548807;SP;162763;Receitas Brutas Realizadas;TOTAL DAS RECEITAS (III) = (I + II);siconfi-cor_TotalReceitas;2042467800,2
Prefeitura Municipal de Itu - SP;3523909;SP;177150;Receitas Brutas Realizadas;TOTAL DAS RECEITAS (III) = (I + II);siconfi-cor_TotalReceitas;1209104445,11
Prefeitura Municipal de Capï¿½o Bonito - SP;3510203;SP;47098;Receitas Brutas Realizadas;TOTAL DAS RECEITAS (III) = (I + II);siconfi-cor_TotalReceitas;237788073,91
Prefeitura Municipal de Pinhalzinho - SP;3538204;SP;15564;Receitas Brutas Realizadas;TOTAL DAS RECEITAS (III) = (I + II);siconfi-cor_TotalReceitas;66087253,56
Prefeitura Municipal de Jambeiro - SP;3524907;SP;6828;Receitas Brutas Realizadas;TOTAL DAS RECEITAS (III) = (I + II);siconfi-cor_TotalReceitas;57112868,24
Prefeitura Municipal de Areias - SP;3503505;SP;3906;Receitas Brutas Realizadas;TOTAL DAS RECEITAS (III) = (I + II);siconfi-cor_TotalReceitas;48300831,74
Prefeitura Municipal de Sï¿½o Josï¿½ do Barreiro - SP;3549607;SP;4141;Receitas Brutas Realizadas;TOTAL DAS RECEITAS (III) = (I + II);siconfi-cor_TotalReceitas;48070309,1
Prefeitura Municipal de Mogi das Cruzes - SP;3530607;SP;455587;Receitas Brutas Realizadas;TOTAL DAS RECEITAS (III) = (I + II);siconfi-cor_TotalReceitas;2379475027,98
Prefeitura Municipal de ï¿½guas de Sï¿½o Pedro - SP;3500600;SP;3588;Receitas Brutas Realizadas;TOTAL DAS RECEITAS (III) = (I + II);siconfi-cor_TotalReceitas;44629425,44
Prefeitura Municipal de Guapiara - SP;3517604;SP;16896;Receitas Brutas Realizadas;TOTAL DAS RECEITAS (III) = (I + II);siconfi-cor_TotalReceitas;89109601,00
Prefeitura Municipal de Ipuï¿½ - SP;3521309;SP;16794;Receitas Brutas Realizadas;TOTAL DAS RECEITAS (III) = (I + II);siconfi-cor_TotalReceitas;101936054,09
Prefeitura Municipal de Ubatuba - SP;3555406;SP;92819;Receitas Brutas Realizadas;TOTAL DAS RECEITAS (III) = (I + II);siconfi-cor_TotalReceitas;646781246,82
Prefeitura Municipal de Itapetininga - SP;3522307;SP;167106;Receitas Brutas Realizadas;TOTAL DAS RECEITAS (III) = (I + II);siconfi-cor_TotalReceitas;759251314,59
Prefeitura Municipal de Trï¿½s Fronteiras - SP;3554904;SP;5856;Receitas Brutas Realizadas;TOTAL DAS RECEITAS (III) = (I + II);siconfi-cor_TotalReceitas;37651130,55
Prefeitura Municipal de Torrinha - SP;3554706;SP;10100;Receitas Brutas Realizadas;TOTAL DAS RECEITAS (III) = (I + II);siconfi-cor_TotalReceitas;57442873,53
Prefeitura Municipal de Regente Feijï¿½ - SP;3542404;SP;20523;Receitas Brutas Realizadas;TOTAL DAS RECEITAS (III) = (I + II);siconfi-cor_TotalReceitas;122873773,66
Prefeitura Municipal de Nova Guataporanga - SP;3533106;SP;2333;Receitas Brutas Realizadas;TOTAL DAS RECEITAS (III) = (I + II);siconfi-cor_TotalReceitas;26656521,19
Prefeitura Municipal de Cordeirï¿½polis - SP;3512407;SP;25116;Receitas Brutas Realizadas;TOTAL DAS RECEITAS (III) = (I + II);siconfi-cor_TotalReceitas;262278746,25
Prefeitura Municipal de Nova Europa - SP;3532900;SP;11519;Receitas Brutas Realizadas;TOTAL DAS RECEITAS (III) = (I + II);siconfi-cor_TotalReceitas;74543368,13
Prefeitura Municipal de Mairiporï¿½ - SP;3528502;SP;103645;Receitas Brutas Realizadas;TOTAL DAS RECEITAS (III) = (I + II);siconfi-cor_TotalReceitas;519617024,61
Prefeitura Municipal de Porangaba - SP;3540507;SP;10205;Receitas Brutas Realizadas;TOTAL DAS RECEITAS (III) = (I + II);siconfi-cor_TotalReceitas;57947987,36
Prefeitura Municipal de Sorocaba - SP;3552205;SP;695328;Receitas Brutas Realizadas;TOTAL DAS RECEITAS (III) = (I + II);siconfi-cor_TotalReceitas;4433107532,63
Prefeitura Municipal de Tuiuti - SP;3554953;SP;7058;Receitas Brutas Realizadas;TOTAL DAS RECEITAS (III) = (I + II);siconfi-cor_TotalReceitas;34354829,41
Prefeitura Municipal de Bom Sucesso de Itararï¿½ - SP;3507159;SP;4013;Receitas Brutas Realizadas;TOTAL DAS RECEITAS (III) = (I + II);siconfi-cor_TotalReceitas;30698098,66
Prefeitura Municipal de Santa Bï¿½rbara d'Oeste - SP;3545803;SP;195278;Receitas Brutas Realizadas;TOTAL DAS RECEITAS (III) = (I + II);siconfi-cor_TotalReceitas;841403957,56
Prefeitura Municipal de Tambaï¿½ - SP;3553302;SP;23255;Receitas Brutas Realizadas;TOTAL DAS RECEITAS (III) = (I + II);siconfi-cor_TotalReceitas;135231825,87
Prefeitura Municipal de Birigui - SP;3506508;SP;126094;Receitas Brutas Realizadas;TOTAL DAS RECEITAS (III) = (I + II);siconfi-cor_TotalReceitas;595359314,4
Prefeitura Municipal de Diadema - SP;3513801;SP;429550;Receitas Brutas Realizadas;TOTAL DAS RECEITAS (III) = (I + II);siconfi-cor_TotalReceitas;1792355229,07
Prefeitura Municipal de Lavrinhas - SP;3526605;SP;7361;Receitas Brutas Realizadas;TOTAL DAS RECEITAS (III) = (I + II);siconfi-cor_TotalReceitas;44122973,4
Prefeitura Municipal de Potim - SP;3540754;SP;25603;Receitas Brutas Realizadas;TOTAL DAS RECEITAS (III) = (I + II);siconfi-cor_TotalReceitas;92852706,59
Prefeitura Municipal de Narandiba - SP;3532207;SP;4950;Receitas Brutas Realizadas;TOTAL DAS RECEITAS (III) = (I + II);siconfi-cor_TotalReceitas;61003715,68
Prefeitura Municipal de Mombuca - SP;3530904;SP;3523;Receitas Brutas Realizadas;TOTAL DAS RECEITAS (III) = (I + II);siconfi-cor_TotalReceitas;33499795,54
Prefeitura Municipal de Santa Gertrudes - SP;3546702;SP;27850;Receitas Brutas Realizadas;TOTAL DAS RECEITAS (III) = (I + II);siconfi-cor_TotalReceitas;213108049,94
Prefeitura Municipal de Lagoinha - SP;3526308;SP;4882;Receitas Brutas Realizadas;TOTAL DAS RECEITAS (III) = (I + II);siconfi-cor_TotalReceitas;39059483,4
Prefeitura Municipal de Araï¿½ariguama - SP;3502754;SP;23343;Receitas Brutas Realizadas;TOTAL DAS RECEITAS (III) = (I + II);siconfi-cor_TotalReceitas;205066287,8
Prefeitura Municipal de Mineiros do Tietï¿½ - SP;3529807;SP;13023;Receitas Brutas Realizadas;TOTAL DAS RECEITAS (III) = (I + II);siconfi-cor_TotalReceitas;55741552,42
Prefeitura Municipal de Santo Antï¿½nio da Alegria - SP;3547908;SP;7024;Receitas Brutas Realizadas;TOTAL DAS RECEITAS (III) = (I + II);siconfi-cor_TotalReceitas;46765320,08
Prefeitura Municipal de Nova Odessa - SP;3533403;SP;61716;Receitas Brutas Realizadas;TOTAL DAS RECEITAS (III) = (I + II);siconfi-cor_TotalReceitas;327265501,36
Prefeitura Municipal de Catanduva - SP;3511102;SP;123114;Receitas Brutas Realizadas;TOTAL DAS RECEITAS (III) = (I + II);siconfi-cor_TotalReceitas;736040803,25
Prefeitura Municipal de Cesï¿½rio Lange - SP;3511607;SP;18595;Receitas Brutas Realizadas;TOTAL DAS RECEITAS (III) = (I + II);siconfi-cor_TotalReceitas;103030496,67
Prefeitura Municipal de Bauru - SP;3506003;SP;381706;Receitas Brutas Realizadas;TOTAL DAS RECEITAS (III) = (I + II);siconfi-cor_TotalReceitas;1921513738,00
Prefeitura Municipal de Alumï¿½nio - SP;3501152;SP;18903;Receitas Brutas Realizadas;TOTAL DAS RECEITAS (III) = (I + II);siconfi-cor_TotalReceitas;140303772,35
Prefeitura Municipal de Casa Branca - SP;3510807;SP;30655;Receitas Brutas Realizadas;TOTAL DAS RECEITAS (III) = (I + II);siconfi-cor_TotalReceitas;174654224,69
Prefeitura Municipal de Clementina - SP;3511904;SP;8894;Receitas Brutas Realizadas;TOTAL DAS RECEITAS (III) = (I + II);siconfi-cor_TotalReceitas;42965744,86
Prefeitura Municipal de Rincï¿½o - SP;3543709;SP;10824;Receitas Brutas Realizadas;TOTAL DAS RECEITAS (III) = (I + II);siconfi-cor_TotalReceitas;58478886,75
Prefeitura Municipal de Pirajuï¿½ - SP;3538907;SP;25939;Receitas Brutas Realizadas;TOTAL DAS RECEITAS (III) = (I + II);siconfi-cor_TotalReceitas;114381456,65
Prefeitura Municipal de Urï¿½nia - SP;3555802;SP;9125;Receitas Brutas Realizadas;TOTAL DAS RECEITAS (III) = (I + II);siconfi-cor_TotalReceitas;45315908,43
Prefeitura Municipal de Marabï¿½ Paulista - SP;3528700;SP;6039;Receitas Brutas Realizadas;TOTAL DAS RECEITAS (III) = (I + II);siconfi-cor_TotalReceitas;40658912,45
Prefeitura Municipal de Santana de Parnaï¿½ba - SP;3547304;SP;145073;Receitas Brutas Realizadas;TOTAL DAS RECEITAS (III) = (I + II);siconfi-cor_TotalReceitas;1697184988,89
Prefeitura Municipal de Getulina - SP;3517000;SP;11485;Receitas Brutas Realizadas;TOTAL DAS RECEITAS (III) = (I + II);siconfi-cor_TotalReceitas;64527662,73
Prefeitura Municipal de Iepï¿½ - SP;3519907;SP;8228;Receitas Brutas Realizadas;TOTAL DAS RECEITAS (III) = (I + II);siconfi-cor_TotalReceitas;65333681,35
Prefeitura Municipal de Glicï¿½rio - SP;3517109;SP;4842;Receitas Brutas Realizadas;TOTAL DAS RECEITAS (III) = (I + II);siconfi-cor_TotalReceitas;42870251,26
Prefeitura Municipal de Altair - SP;3500907;SP;4211;Receitas Brutas Realizadas;TOTAL DAS RECEITAS (III) = (I + II);siconfi-cor_TotalReceitas;37448931,16
Prefeitura Municipal de Anhembi - SP;3502309;SP;6911;Receitas Brutas Realizadas;TOTAL DAS RECEITAS (III) = (I + II);siconfi-cor_TotalReceitas;58027521,76
Prefeitura Municipal de Bariri - SP;3505203;SP;35844;Receitas Brutas Realizadas;TOTAL DAS RECEITAS (III) = (I + II);siconfi-cor_TotalReceitas;167483775,31
Prefeitura Municipal de Borebi - SP;3507456;SP;2713;Receitas Brutas Realizadas;TOTAL DAS RECEITAS (III) = (I + II);siconfi-cor_TotalReceitas;40460809,85
Prefeitura Municipal de Campo Limpo Paulista - SP;3509601;SP;86407;Receitas Brutas Realizadas;TOTAL DAS RECEITAS (III) = (I + II);siconfi-cor_TotalReceitas;355791075,03
Prefeitura Municipal de Guaraci - SP;3517901;SP;11382;Receitas Brutas Realizadas;TOTAL DAS RECEITAS (III) = (I + II);siconfi-cor_TotalReceitas;105227554,45
Prefeitura Municipal de Itupeva - SP;3524006;SP;64330;Receitas Brutas Realizadas;TOTAL DAS RECEITAS (III) = (I + II);siconfi-cor_TotalReceitas;570427639,54
Prefeitura Municipal de Urupï¿½s - SP;3556008;SP;13965;Receitas Brutas Realizadas;TOTAL DAS RECEITAS (III) = (I + II);siconfi-cor_TotalReceitas;85197511,27
Prefeitura Municipal de Planalto - SP;3539608;SP;5370;Receitas Brutas Realizadas;TOTAL DAS RECEITAS (III) = (I + II);siconfi-cor_TotalReceitas;50383687,37
Prefeitura Municipal de Avarï¿½ - SP;3504503;SP;91792;Receitas Brutas Realizadas;TOTAL DAS RECEITAS (III) = (I + II);siconfi-cor_TotalReceitas;493529160,09
Prefeitura Municipal de Taquaritinga - SP;3553708;SP;57547;Receitas Brutas Realizadas;TOTAL DAS RECEITAS (III) = (I + II);siconfi-cor_TotalReceitas;291715044,39
Prefeitura Municipal de Apiaï¿½ - SP;3502705;SP;24081;Receitas Brutas Realizadas;TOTAL DAS RECEITAS (III) = (I + II);siconfi-cor_TotalReceitas;125819289,35
Prefeitura Municipal de Limeira - SP;3526902;SP;310783;Receitas Brutas Realizadas;TOTAL DAS RECEITAS (III) = (I + II);siconfi-cor_TotalReceitas;1600219728,68
Prefeitura Municipal de Descalvado - SP;3513702;SP;34097;Receitas Brutas Realizadas;TOTAL DAS RECEITAS (III) = (I + II);siconfi-cor_TotalReceitas;192378008,27
Prefeitura Municipal de Sales - SP;3544806;SP;6481;Receitas Brutas Realizadas;TOTAL DAS RECEITAS (III) = (I + II);siconfi-cor_TotalReceitas;55341493,01
Prefeitura Municipal de Santa Branca - SP;3546009;SP;14925;Receitas Brutas Realizadas;TOTAL DAS RECEITAS (III) = (I + II);siconfi-cor_TotalReceitas;80624682,21
Prefeitura Municipal de Junqueirï¿½polis - SP;3526001;SP;20978;Receitas Brutas Realizadas;TOTAL DAS RECEITAS (III) = (I + II);siconfi-cor_TotalReceitas;115147216,56
Prefeitura Municipal de Amparo - SP;3501905;SP;73145;Receitas Brutas Realizadas;TOTAL DAS RECEITAS (III) = (I + II);siconfi-cor_TotalReceitas;484412905,75
Prefeitura Municipal de Miracatu - SP;3529906;SP;19511;Receitas Brutas Realizadas;TOTAL DAS RECEITAS (III) = (I + II);siconfi-cor_TotalReceitas;116488485,65
Prefeitura Municipal de Pratï¿½nia - SP;3541059;SP;5371;Receitas Brutas Realizadas;TOTAL DAS RECEITAS (III) = (I + II);siconfi-cor_TotalReceitas;40505264,57
Prefeitura Municipal de Meridiano - SP;3529609;SP;3813;Receitas Brutas Realizadas;TOTAL DAS RECEITAS (III) = (I + II);siconfi-cor_TotalReceitas;51081600,13
Prefeitura Municipal de Santo Andrï¿½ - SP;3547809;SP;723889;Receitas Brutas Realizadas;TOTAL DAS RECEITAS (III) = (I + II);siconfi-cor_TotalReceitas;3861690241,28
Prefeitura Municipal de Guarujï¿½ - SP;3518701;SP;324977;Receitas Brutas Realizadas;TOTAL DAS RECEITAS (III) = (I + II);siconfi-cor_TotalReceitas;2181142690,8
Prefeitura Municipal de Guaraï¿½aï¿½ - SP;3517802;SP;8258;Receitas Brutas Realizadas;TOTAL DAS RECEITAS (III) = (I + II);siconfi-cor_TotalReceitas;53315384,26
Prefeitura Municipal de Guariba - SP;3518602;SP;40857;Receitas Brutas Realizadas;TOTAL DAS RECEITAS (III) = (I + II);siconfi-cor_TotalReceitas;186905094,36
Prefeitura Municipal de Dolcinï¿½polis - SP;3514205;SP;2108;Receitas Brutas Realizadas;TOTAL DAS RECEITAS (III) = (I + II);siconfi-cor_TotalReceitas;25779353,06
Prefeitura Municipal de Ilhabela - SP;3520400;SP;36194;Receitas Brutas Realizadas;TOTAL DAS RECEITAS (III) = (I + II);siconfi-cor_TotalReceitas;1226191375,82
Prefeitura Municipal de Rafard - SP;3542107;SP;9126;Receitas Brutas Realizadas;TOTAL DAS RECEITAS (III) = (I + II);siconfi-cor_TotalReceitas;62245547,24
Prefeitura Municipal de Pirapozinho - SP;3539202;SP;27974;Receitas Brutas Realizadas;TOTAL DAS RECEITAS (III) = (I + II);siconfi-cor_TotalReceitas;124385717,13
Prefeitura Municipal de Lindï¿½ia - SP;3527009;SP;8201;Receitas Brutas Realizadas;TOTAL DAS RECEITAS (III) = (I + II);siconfi-cor_TotalReceitas;57691678,84
Prefeitura Municipal de Piedade - SP;3537800;SP;55731;Receitas Brutas Realizadas;TOTAL DAS RECEITAS (III) = (I + II);siconfi-cor_TotalReceitas;215069771,63
Prefeitura Municipal de Itaberï¿½ - SP;3521705;SP;17405;Receitas Brutas Realizadas;TOTAL DAS RECEITAS (III) = (I + II);siconfi-cor_TotalReceitas;113425831,63
Prefeitura Municipal de Sï¿½o Joï¿½o do Pau d'Alho - SP;3549300;SP;2095;Receitas Brutas Realizadas;TOTAL DAS RECEITAS (III) = (I + II);siconfi-cor_TotalReceitas;25913743,36
Prefeitura Municipal de Capivari - SP;3510401;SP;56973;Receitas Brutas Realizadas;TOTAL DAS RECEITAS (III) = (I + II);siconfi-cor_TotalReceitas;350874073,27
Prefeitura Municipal de Sertï¿½ozinho - SP;3551702;SP;128432;Receitas Brutas Realizadas;TOTAL DAS RECEITAS (III) = (I + II);siconfi-cor_TotalReceitas;837670932,21
Prefeitura Municipal de Corumbataï¿½ - SP;3512704;SP;4072;Receitas Brutas Realizadas;TOTAL DAS RECEITAS (III) = (I + II);siconfi-cor_TotalReceitas;44617830,54
Prefeitura Municipal de Espï¿½rito Santo do Pinhal - SP;3515186;SP;44607;Receitas Brutas Realizadas;TOTAL DAS RECEITAS (III) = (I + II);siconfi-cor_TotalReceitas;189433446,8
Prefeitura Municipal de Irapuru - SP;3521606;SP;8356;Receitas Brutas Realizadas;TOTAL DAS RECEITAS (III) = (I + II);siconfi-cor_TotalReceitas;36928788,38
Prefeitura Municipal de Mirassol - SP;3530300;SP;60768;Receitas Brutas Realizadas;TOTAL DAS RECEITAS (III) = (I + II);siconfi-cor_TotalReceitas;285446724,00
Prefeitura Municipal de Ariranha - SP;3503703;SP;9851;Receitas Brutas Realizadas;TOTAL DAS RECEITAS (III) = (I + II);siconfi-cor_TotalReceitas;66940281,46
Prefeitura Municipal de Estrela d'Oeste - SP;3515202;SP;8420;Receitas Brutas Realizadas;TOTAL DAS RECEITAS (III) = (I + II);siconfi-cor_TotalReceitas;79988495,78
Prefeitura Municipal de Monte Aprazï¿½vel - SP;3531407;SP;25651;Receitas Brutas Realizadas;TOTAL DAS RECEITAS (III) = (I + II);siconfi-cor_TotalReceitas;116163498,95
Prefeitura Municipal de Motuca - SP;3532058;SP;4831;Receitas Brutas Realizadas;TOTAL DAS RECEITAS (III) = (I + II);siconfi-cor_TotalReceitas;35964262,78
Prefeitura Municipal de Barretos - SP;3505500;SP;123546;Receitas Brutas Realizadas;TOTAL DAS RECEITAS (III) = (I + II);siconfi-cor_TotalReceitas;1056811696,42
Prefeitura Municipal de Gabriel Monteiro - SP;3516507;SP;2776;Receitas Brutas Realizadas;TOTAL DAS RECEITAS (III) = (I + II);siconfi-cor_TotalReceitas;31514413,98
Prefeitura Municipal de Cosmorama - SP;3512902;SP;7289;Receitas Brutas Realizadas;TOTAL DAS RECEITAS (III) = (I + II);siconfi-cor_TotalReceitas;58163695,81
Prefeitura Municipal de Piacatu - SP;3537701;SP;6093;Receitas Brutas Realizadas;TOTAL DAS RECEITAS (III) = (I + II);siconfi-cor_TotalReceitas;40786555,15
Prefeitura Municipal de Rio Grande da Serra - SP;3544103;SP;52009;Receitas Brutas Realizadas;TOTAL DAS RECEITAS (III) = (I + II);siconfi-cor_TotalReceitas;144519395,57
Prefeitura Municipal de Cajobi - SP;3509304;SP;10649;Receitas Brutas Realizadas;TOTAL DAS RECEITAS (III) = (I + II);siconfi-cor_TotalReceitas;59080134,8
Prefeitura Municipal de Nuporanga - SP;3533601;SP;7522;Receitas Brutas Realizadas;TOTAL DAS RECEITAS (III) = (I + II);siconfi-cor_TotalReceitas;64365000,11
Prefeitura Municipal de Joï¿½o Ramalho - SP;3525607;SP;4577;Receitas Brutas Realizadas;TOTAL DAS RECEITAS (III) = (I + II);siconfi-cor_TotalReceitas;42430188,32
Prefeitura Municipal de Jales - SP;3524808;SP;49291;Receitas Brutas Realizadas;TOTAL DAS RECEITAS (III) = (I + II);siconfi-cor_TotalReceitas;257826660,14
Prefeitura Municipal de Cedral - SP;3511300;SP;9452;Receitas Brutas Realizadas;TOTAL DAS RECEITAS (III) = (I + II);siconfi-cor_TotalReceitas;75149599,16
Prefeitura Municipal de Osasco - SP;3534401;SP;701428;Receitas Brutas Realizadas;TOTAL DAS RECEITAS (III) = (I + II);siconfi-cor_TotalReceitas;4475273230,12
Prefeitura Municipal de Igaraï¿½u do Tietï¿½ - SP;3520004;SP;24821;Receitas Brutas Realizadas;TOTAL DAS RECEITAS (III) = (I + II);siconfi-cor_TotalReceitas;106571678,98
Prefeitura Municipal de Paulistï¿½nia - SP;3536570;SP;1835;Receitas Brutas Realizadas;TOTAL DAS RECEITAS (III) = (I + II);siconfi-cor_TotalReceitas;32362505,22
Prefeitura Municipal de Bananal - SP;3504909;SP;11039;Receitas Brutas Realizadas;TOTAL DAS RECEITAS (III) = (I + II);siconfi-cor_TotalReceitas;60460258,65
Prefeitura Municipal de Paranapanema - SP;3535804;SP;20588;Receitas Brutas Realizadas;TOTAL DAS RECEITAS (III) = (I + II);siconfi-cor_TotalReceitas;156132256,48
Prefeitura Municipal de Registro - SP;3542602;SP;56463;Receitas Brutas Realizadas;TOTAL DAS RECEITAS (III) = (I + II);siconfi-cor_TotalReceitas;307730919,97
Prefeitura Municipal de Santa Adï¿½lia - SP;3545605;SP;15639;Receitas Brutas Realizadas;TOTAL DAS RECEITAS (III) = (I + II);siconfi-cor_TotalReceitas;80851614,28
Prefeitura Municipal de Indaiatuba - SP;3520509;SP;260690;Receitas Brutas Realizadas;TOTAL DAS RECEITAS (III) = (I + II);siconfi-cor_TotalReceitas;2044078766,81
Prefeitura Municipal de Cravinhos - SP;3513108;SP;35858;Receitas Brutas Realizadas;TOTAL DAS RECEITAS (III) = (I + II);siconfi-cor_TotalReceitas;230497878,51
Prefeitura Municipal de Cerquilho - SP;3511508;SP;50631;Receitas Brutas Realizadas;TOTAL DAS RECEITAS (III) = (I + II);siconfi-cor_TotalReceitas;279996153,11
Prefeitura Municipal de Sarapuï¿½ - SP;3551108;SP;10493;Receitas Brutas Realizadas;TOTAL DAS RECEITAS (III) = (I + II);siconfi-cor_TotalReceitas;60473746,67
Prefeitura Municipal de Novais - SP;3533254;SP;6057;Receitas Brutas Realizadas;TOTAL DAS RECEITAS (III) = (I + II);siconfi-cor_TotalReceitas;35000463,18
Prefeitura Municipal de Potirendaba - SP;3540804;SP;17668;Receitas Brutas Realizadas;TOTAL DAS RECEITAS (III) = (I + II);siconfi-cor_TotalReceitas;117558328,12
Prefeitura Municipal de Americana - SP;3501608;SP;244370;Receitas Brutas Realizadas;TOTAL DAS RECEITAS (III) = (I + II);siconfi-cor_TotalReceitas;1250310717,77
Prefeitura Municipal de Iperï¿½ - SP;3521002;SP;38771;Receitas Brutas Realizadas;TOTAL DAS RECEITAS (III) = (I + II);siconfi-cor_TotalReceitas;161563227,31
Prefeitura Municipal de Fernandï¿½polis - SP;3515509;SP;69680;Receitas Brutas Realizadas;TOTAL DAS RECEITAS (III) = (I + II);siconfi-cor_TotalReceitas;381894416,77
Prefeitura Municipal de Pedranï¿½polis - SP;3536901;SP;2468;Receitas Brutas Realizadas;TOTAL DAS RECEITAS (III) = (I + II);siconfi-cor_TotalReceitas;33715296,05
Prefeitura Municipal de Taquarivaï¿½ - SP;3553856;SP;5968;Receitas Brutas Realizadas;TOTAL DAS RECEITAS (III) = (I + II);siconfi-cor_TotalReceitas;46557779,99
Prefeitura Municipal de Caï¿½apava - SP;3508504;SP;95752;Receitas Brutas Realizadas;TOTAL DAS RECEITAS (III) = (I + II);siconfi-cor_TotalReceitas;429975172,63
Prefeitura Municipal de Colï¿½mbia - SP;3512100;SP;6223;Receitas Brutas Realizadas;TOTAL DAS RECEITAS (III) = (I + II);siconfi-cor_TotalReceitas;79027745,45
Prefeitura Municipal de Echaporï¿½ - SP;3514700;SP;6026;Receitas Brutas Realizadas;TOTAL DAS RECEITAS (III) = (I + II);siconfi-cor_TotalReceitas;39482163,14
Prefeitura Municipal de Ituverava - SP;3524105;SP;42259;Receitas Brutas Realizadas;TOTAL DAS RECEITAS (III) = (I + II);siconfi-cor_TotalReceitas;252911599,23
Prefeitura Municipal de Agudos - SP;3500709;SP;37582;Receitas Brutas Realizadas;TOTAL DAS RECEITAS (III) = (I + II);siconfi-cor_TotalReceitas;224804259,92
Prefeitura Municipal de Ilha Solteira - SP;3520442;SP;26886;Receitas Brutas Realizadas;TOTAL DAS RECEITAS (III) = (I + II);siconfi-cor_TotalReceitas;234624967,18
Prefeitura Municipal de Nova Alianï¿½a - SP;3532801;SP;7161;Receitas Brutas Realizadas;TOTAL DAS RECEITAS (III) = (I + II);siconfi-cor_TotalReceitas;47980876,31
Prefeitura Municipal de Mendonï¿½a - SP;3529500;SP;5638;Receitas Brutas Realizadas;TOTAL DAS RECEITAS (III) = (I + II);siconfi-cor_TotalReceitas;55725342,57
Prefeitura Municipal de Neves Paulista - SP;3532504;SP;8917;Receitas Brutas Realizadas;TOTAL DAS RECEITAS (III) = (I + II);siconfi-cor_TotalReceitas;53786444,85
Prefeitura Municipal de Mira Estrela - SP;3530003;SP;3125;Receitas Brutas Realizadas;TOTAL DAS RECEITAS (III) = (I + II);siconfi-cor_TotalReceitas;39754053,73
Prefeitura Municipal de Capela do Alto - SP;3510302;SP;21257;Receitas Brutas Realizadas;TOTAL DAS RECEITAS (III) = (I + II);siconfi-cor_TotalReceitas;110803622,29
Prefeitura Municipal de Itirapina - SP;3523602;SP;18610;Receitas Brutas Realizadas;TOTAL DAS RECEITAS (III) = (I + II);siconfi-cor_TotalReceitas;134859655,96
Prefeitura Municipal de Guapiaï¿½u - SP;3517505;SP;22087;Receitas Brutas Realizadas;TOTAL DAS RECEITAS (III) = (I + II);siconfi-cor_TotalReceitas;131136945,26
Prefeitura Municipal de Monte Castelo - SP;3531605;SP;4166;Receitas Brutas Realizadas;TOTAL DAS RECEITAS (III) = (I + II);siconfi-cor_TotalReceitas;37777947,33
Prefeitura Municipal de Braganï¿½a Paulista - SP;3507605;SP;172346;Receitas Brutas Realizadas;TOTAL DAS RECEITAS (III) = (I + II);siconfi-cor_TotalReceitas;891398394,3
Prefeitura Municipal de Pedro de Toledo - SP;3537206;SP;11507;Receitas Brutas Realizadas;TOTAL DAS RECEITAS (III) = (I + II);siconfi-cor_TotalReceitas;65286160,87
Prefeitura Municipal de Iacanga - SP;3519105;SP;12002;Receitas Brutas Realizadas;TOTAL DAS RECEITAS (III) = (I + II);siconfi-cor_TotalReceitas;81485255,13
Prefeitura Municipal de Salto de Pirapora - SP;3545308;SP;46285;Receitas Brutas Realizadas;TOTAL DAS RECEITAS (III) = (I + II);siconfi-cor_TotalReceitas;239092440,87
Prefeitura Municipal de Jaborandi - SP;3524204;SP;6963;Receitas Brutas Realizadas;TOTAL DAS RECEITAS (III) = (I + II);siconfi-cor_TotalReceitas;54893398,89
Prefeitura Municipal de Magda - SP;3528304;SP;3086;Receitas Brutas Realizadas;TOTAL DAS RECEITAS (III) = (I + II);siconfi-cor_TotalReceitas;37758368,18
Prefeitura Municipal de Mirandï¿½polis - SP;3530102;SP;29844;Receitas Brutas Realizadas;TOTAL DAS RECEITAS (III) = (I + II);siconfi-cor_TotalReceitas;134787732,53
Prefeitura Municipal de Aguaï¿½ - SP;3500303;SP;36981;Receitas Brutas Realizadas;TOTAL DAS RECEITAS (III) = (I + II);siconfi-cor_TotalReceitas;163002453,98
Prefeitura Municipal de Sï¿½o Miguel Arcanjo - SP;3550209;SP;33071;Receitas Brutas Realizadas;TOTAL DAS RECEITAS (III) = (I + II);siconfi-cor_TotalReceitas;148260926,38
Prefeitura Municipal de Embaï¿½ba - SP;3514957;SP;2446;Receitas Brutas Realizadas;TOTAL DAS RECEITAS (III) = (I + II);siconfi-cor_TotalReceitas;27190092,95
Prefeitura Municipal de Ibiï¿½na - SP;3519709;SP;80062;Receitas Brutas Realizadas;TOTAL DAS RECEITAS (III) = (I + II);siconfi-cor_TotalReceitas;329202884,37
Prefeitura Municipal de Joanï¿½polis - SP;3525508;SP;13453;Receitas Brutas Realizadas;TOTAL DAS RECEITAS (III) = (I + II);siconfi-cor_TotalReceitas;73895504,79
Prefeitura Municipal de Ubarana - SP;3555356;SP;6488;Receitas Brutas Realizadas;TOTAL DAS RECEITAS (III) = (I + II);siconfi-cor_TotalReceitas;59098456,81
Prefeitura Municipal de Sumarï¿½ - SP;3552403;SP;289875;Receitas Brutas Realizadas;TOTAL DAS RECEITAS (III) = (I + II);siconfi-cor_TotalReceitas;1219498077,58
Prefeitura Municipal de Avanhandava - SP;3504404;SP;14063;Receitas Brutas Realizadas;TOTAL DAS RECEITAS (III) = (I + II);siconfi-cor_TotalReceitas;71836245,12
Prefeitura Municipal de Palmares Paulista - SP;3535101;SP;13691;Receitas Brutas Realizadas;TOTAL DAS RECEITAS (III) = (I + II);siconfi-cor_TotalReceitas;50422065,79
Prefeitura Municipal de Morungaba - SP;3532009;SP;13936;Receitas Brutas Realizadas;TOTAL DAS RECEITAS (III) = (I + II);siconfi-cor_TotalReceitas;88382999,22
Prefeitura Municipal de Pirapora do Bom Jesus - SP;3539103;SP;19453;Receitas Brutas Realizadas;TOTAL DAS RECEITAS (III) = (I + II);siconfi-cor_TotalReceitas;110190706,11
Prefeitura Municipal de Matï¿½o - SP;3529302;SP;84069;Receitas Brutas Realizadas;TOTAL DAS RECEITAS (III) = (I + II);siconfi-cor_TotalReceitas;377840786,5
Prefeitura Municipal de Miguelï¿½polis - SP;3529708;SP;22480;Receitas Brutas Realizadas;TOTAL DAS RECEITAS (III) = (I + II);siconfi-cor_TotalReceitas;141229506,57
Prefeitura Municipal de Peruï¿½be - SP;3537602;SP;69697;Receitas Brutas Realizadas;TOTAL DAS RECEITAS (III) = (I + II);siconfi-cor_TotalReceitas;442085868,22
Prefeitura Municipal de Votorantim - SP;3557006;SP;124468;Receitas Brutas Realizadas;TOTAL DAS RECEITAS (III) = (I + II);siconfi-cor_TotalReceitas;582265519,15
Prefeitura Municipal de Sï¿½o Pedro - SP;3550407;SP;36298;Receitas Brutas Realizadas;TOTAL DAS RECEITAS (III) = (I + II);siconfi-cor_TotalReceitas;218829176,4
Prefeitura Municipal de Sï¿½o Manuel - SP;3550100;SP;41287;Receitas Brutas Realizadas;TOTAL DAS RECEITAS (III) = (I + II);siconfi-cor_TotalReceitas;205086908,57
Prefeitura Municipal de Sabino - SP;3544608;SP;5638;Receitas Brutas Realizadas;TOTAL DAS RECEITAS (III) = (I + II);siconfi-cor_TotalReceitas;48655677,99
Prefeitura Municipal de Sï¿½o Josï¿½ dos Campos - SP;3549904;SP;737310;Receitas Brutas Realizadas;TOTAL DAS RECEITAS (III) = (I + II);siconfi-cor_TotalReceitas;4277758157,69
Prefeitura Municipal de Pariquera-Aï¿½u - SP;3536208;SP;19797;Receitas Brutas Realizadas;TOTAL DAS RECEITAS (III) = (I + II);siconfi-cor_TotalReceitas;107075126,83
Prefeitura Municipal de Itobi - SP;3523800;SP;7862;Receitas Brutas Realizadas;TOTAL DAS RECEITAS (III) = (I + II);siconfi-cor_TotalReceitas;34895786,92
Prefeitura Municipal de Ibirï¿½ - SP;3519402;SP;12639;Receitas Brutas Realizadas;TOTAL DAS RECEITAS (III) = (I + II);siconfi-cor_TotalReceitas;67876149,68
Prefeitura Municipal de Pindorama - SP;3538105;SP;17378;Receitas Brutas Realizadas;TOTAL DAS RECEITAS (III) = (I + II);siconfi-cor_TotalReceitas;89941365,8
Prefeitura Municipal de Colina - SP;3512001;SP;18601;Receitas Brutas Realizadas;TOTAL DAS RECEITAS (III) = (I + II);siconfi-cor_TotalReceitas;146898745,93
Prefeitura Municipal de Vargem - SP;3556354;SP;10842;Receitas Brutas Realizadas;TOTAL DAS RECEITAS (III) = (I + II);siconfi-cor_TotalReceitas;48535618,68
Prefeitura Municipal de Rio das Pedras - SP;3544004;SP;36233;Receitas Brutas Realizadas;TOTAL DAS RECEITAS (III) = (I + II);siconfi-cor_TotalReceitas;156135625,93
Prefeitura Municipal de Roseira - SP;3544301;SP;10888;Receitas Brutas Realizadas;TOTAL DAS RECEITAS (III) = (I + II);siconfi-cor_TotalReceitas;62921503,28
Prefeitura Municipal de Cubatï¿½o - SP;3513504;SP;132521;Receitas Brutas Realizadas;TOTAL DAS RECEITAS (III) = (I + II);siconfi-cor_TotalReceitas;1821345436,07
Prefeitura Municipal de Guarulhos - SP;3518800;SP;1404694;Receitas Brutas Realizadas;TOTAL DAS RECEITAS (III) = (I + II);siconfi-cor_TotalReceitas;6192621072,57
Prefeitura Municipal de Santos - SP;3548500;SP;433991;Receitas Brutas Realizadas;TOTAL DAS RECEITAS (III) = (I + II);siconfi-cor_TotalReceitas;4284191164,24
Prefeitura Municipal de Fernï¿½o - SP;3515657;SP;1739;Receitas Brutas Realizadas;TOTAL DAS RECEITAS (III) = (I + II);siconfi-cor_TotalReceitas;31349123,22
Prefeitura Municipal de Mogi Guaï¿½u - SP;3530706;SP;154146;Receitas Brutas Realizadas;TOTAL DAS RECEITAS (III) = (I + II);siconfi-cor_TotalReceitas;786711619,86
Prefeitura Municipal de Castilho - SP;3511003;SP;21521;Receitas Brutas Realizadas;TOTAL DAS RECEITAS (III) = (I + II);siconfi-cor_TotalReceitas;170771715,22
Prefeitura Municipal de Arco-ï¿½ris - SP;3503356;SP;1755;Receitas Brutas Realizadas;TOTAL DAS RECEITAS (III) = (I + II);siconfi-cor_TotalReceitas;27342465,06
Prefeitura Municipal de Garï¿½a - SP;3516705;SP;44429;Receitas Brutas Realizadas;TOTAL DAS RECEITAS (III) = (I + II);siconfi-cor_TotalReceitas;254215138,07
Prefeitura Municipal de Sï¿½o Josï¿½ do Rio Preto - SP;3549805;SP;469173;Receitas Brutas Realizadas;TOTAL DAS RECEITAS (III) = (I + II);siconfi-cor_TotalReceitas;2784507244,41
Prefeitura Municipal de Bastos - SP;3505807;SP;20952;Receitas Brutas Realizadas;TOTAL DAS RECEITAS (III) = (I + II);siconfi-cor_TotalReceitas;122271329,14
Prefeitura Municipal de Herculï¿½ndia - SP;3519006;SP;9649;Receitas Brutas Realizadas;TOTAL DAS RECEITAS (III) = (I + II);siconfi-cor_TotalReceitas;55988653,2
Prefeitura Municipal de Pirassununga - SP;3539301;SP;77330;Receitas Brutas Realizadas;TOTAL DAS RECEITAS (III) = (I + II);siconfi-cor_TotalReceitas;377180490,79
Prefeitura Municipal de Queiroz - SP;3541802;SP;3513;Receitas Brutas Realizadas;TOTAL DAS RECEITAS (III) = (I + II);siconfi-cor_TotalReceitas;49975874,33
Prefeitura Municipal de Quintana - SP;3542008;SP;6736;Receitas Brutas Realizadas;TOTAL DAS RECEITAS (III) = (I + II);siconfi-cor_TotalReceitas;51712244,88
Prefeitura Municipal de Taquarituba - SP;3553807;SP;23292;Receitas Brutas Realizadas;TOTAL DAS RECEITAS (III) = (I + II);siconfi-cor_TotalReceitas;139675991,72
Prefeitura Municipal de Fernando Prestes - SP;3515608;SP;5805;Receitas Brutas Realizadas;TOTAL DAS RECEITAS (III) = (I + II);siconfi-cor_TotalReceitas;46561133,42
Prefeitura Municipal de Itanhaï¿½m - SP;3522109;SP;104351;Receitas Brutas Realizadas;TOTAL DAS RECEITAS (III) = (I + II);siconfi-cor_TotalReceitas;639427019,89
Prefeitura Municipal de Natividade da Serra - SP;3532306;SP;6624;Receitas Brutas Realizadas;TOTAL DAS RECEITAS (III) = (I + II);siconfi-cor_TotalReceitas;46245440,67
Prefeitura Municipal de Pirangi - SP;3539004;SP;11524;Receitas Brutas Realizadas;TOTAL DAS RECEITAS (III) = (I + II);siconfi-cor_TotalReceitas;61799212,37
Prefeitura Municipal de Paulï¿½nia - SP;3536505;SP;114508;Receitas Brutas Realizadas;TOTAL DAS RECEITAS (III) = (I + II);siconfi-cor_TotalReceitas;2440620224,93
Prefeitura Municipal de Piracaia - SP;3538600;SP;27617;Receitas Brutas Realizadas;TOTAL DAS RECEITAS (III) = (I + II);siconfi-cor_TotalReceitas;142813516,98
Prefeitura Municipal de Rio Claro - SP;3543907;SP;209548;Receitas Brutas Realizadas;TOTAL DAS RECEITAS (III) = (I + II);siconfi-cor_TotalReceitas;1253696289,2
Prefeitura Municipal de Araras - SP;3503307;SP;136739;Receitas Brutas Realizadas;TOTAL DAS RECEITAS (III) = (I + II);siconfi-cor_TotalReceitas;892991479,22
Prefeitura Municipal de Severï¿½nia - SP;3551900;SP;17820;Receitas Brutas Realizadas;TOTAL DAS RECEITAS (III) = (I + II);siconfi-cor_TotalReceitas;96456398,52
Prefeitura Municipal de Santa Cruz da Conceiï¿½ï¿½o - SP;3546207;SP;4584;Receitas Brutas Realizadas;TOTAL DAS RECEITAS (III) = (I + II);siconfi-cor_TotalReceitas;39386674,54
Prefeitura Municipal de Euclides da Cunha Paulista - SP;3515350;SP;9280;Receitas Brutas Realizadas;TOTAL DAS RECEITAS (III) = (I + II);siconfi-cor_TotalReceitas;52993916,69
Prefeitura Municipal de Reginï¿½polis - SP;3542503;SP;10047;Receitas Brutas Realizadas;TOTAL DAS RECEITAS (III) = (I + II);siconfi-cor_TotalReceitas;48857011,54
Prefeitura Municipal de Ibatï¿½ - SP;3519303;SP;35830;Receitas Brutas Realizadas;TOTAL DAS RECEITAS (III) = (I + II);siconfi-cor_TotalReceitas;158908121,27
Prefeitura Municipal de Mogi Mirim - SP;3530805;SP;94098;Receitas Brutas Realizadas;TOTAL DAS RECEITAS (III) = (I + II);siconfi-cor_TotalReceitas;641627679,25
Prefeitura Municipal de Botucatu - SP;3507506;SP;149718;Receitas Brutas Realizadas;TOTAL DAS RECEITAS (III) = (I + II);siconfi-cor_TotalReceitas;724770160,1
Prefeitura Municipal de Artur Nogueira - SP;3503802;SP;56247;Receitas Brutas Realizadas;TOTAL DAS RECEITAS (III) = (I + II);siconfi-cor_TotalReceitas;273728602,6
Prefeitura Municipal de Porto Ferreira - SP;3540705;SP;56848;Receitas Brutas Realizadas;TOTAL DAS RECEITAS (III) = (I + II);siconfi-cor_TotalReceitas;330485858,57
Prefeitura Municipal de Tatuï¿½ - SP;3554003;SP;124134;Receitas Brutas Realizadas;TOTAL DAS RECEITAS (III) = (I + II);siconfi-cor_TotalReceitas;577441658,9
Prefeitura Municipal de Cruzeiro - SP;3513405;SP;82895;Receitas Brutas Realizadas;TOTAL DAS RECEITAS (III) = (I + II);siconfi-cor_TotalReceitas;348234809,27
Prefeitura Municipal de Murutinga do Sul - SP;3532108;SP;4525;Receitas Brutas Realizadas;TOTAL DAS RECEITAS (III) = (I + II);siconfi-cor_TotalReceitas;35405253,54
Prefeitura Municipal de Poï¿½ - SP;3539806;SP;119221;Receitas Brutas Realizadas;TOTAL DAS RECEITAS (III) = (I + II);siconfi-cor_TotalReceitas;441832744,98
Prefeitura Municipal de Itajobi - SP;3521903;SP;15331;Receitas Brutas Realizadas;TOTAL DAS RECEITAS (III) = (I + II);siconfi-cor_TotalReceitas;119584249,37
Prefeitura Municipal de Lenï¿½ï¿½is Paulista - SP;3526803;SP;69533;Receitas Brutas Realizadas;TOTAL DAS RECEITAS (III) = (I + II);siconfi-cor_TotalReceitas;479806570,68
Prefeitura Municipal de Biritiba-Mirim - SP;3506607;SP;33265;Receitas Brutas Realizadas;TOTAL DAS RECEITAS (III) = (I + II);siconfi-cor_TotalReceitas;151853748,8
Prefeitura Municipal de Guararapes - SP;3518206;SP;33257;Receitas Brutas Realizadas;TOTAL DAS RECEITAS (III) = (I + II);siconfi-cor_TotalReceitas;171178224,25
Prefeitura Municipal de Caiuï¿½ - SP;3509106;SP;6017;Receitas Brutas Realizadas;TOTAL DAS RECEITAS (III) = (I + II);siconfi-cor_TotalReceitas;50933695,65
Prefeitura Municipal de Ilha Comprida - SP;3520426;SP;11552;Receitas Brutas Realizadas;TOTAL DAS RECEITAS (III) = (I + II);siconfi-cor_TotalReceitas;145104590,03
Prefeitura Municipal de Itï¿½polis - SP;3522703;SP;43536;Receitas Brutas Realizadas;TOTAL DAS RECEITAS (III) = (I + II);siconfi-cor_TotalReceitas;214951404,86
Prefeitura Municipal de Cajamar - SP;3509205;SP;79034;Receitas Brutas Realizadas;TOTAL DAS RECEITAS (III) = (I + II);siconfi-cor_TotalReceitas;1037751955,71
Prefeitura Municipal de Araï¿½atuba - SP;3502804;SP;199210;Receitas Brutas Realizadas;TOTAL DAS RECEITAS (III) = (I + II);siconfi-cor_TotalReceitas;904958913,44
Prefeitura Municipal de Jaboticabal - SP;3524303;SP;78029;Receitas Brutas Realizadas;TOTAL DAS RECEITAS (III) = (I + II);siconfi-cor_TotalReceitas;479743095,57
Prefeitura Municipal de Monte Azul Paulista - SP;3531506;SP;18928;Receitas Brutas Realizadas;TOTAL DAS RECEITAS (III) = (I + II);siconfi-cor_TotalReceitas;131357156,11
Prefeitura Municipal de Orlï¿½ndia - SP;3534302;SP;44682;Receitas Brutas Realizadas;TOTAL DAS RECEITAS (III) = (I + II);siconfi-cor_TotalReceitas;288246930,19
Prefeitura Municipal de Cosmï¿½polis - SP;3512803;SP;74662;Receitas Brutas Realizadas;TOTAL DAS RECEITAS (III) = (I + II);siconfi-cor_TotalReceitas;300638673,02
Prefeitura Municipal de Canitar - SP;3510153;SP;5365;Receitas Brutas Realizadas;TOTAL DAS RECEITAS (III) = (I + II);siconfi-cor_TotalReceitas;37553465,39
Prefeitura Municipal de Tarumï¿½ - SP;3553955;SP;15361;Receitas Brutas Realizadas;TOTAL DAS RECEITAS (III) = (I + II);siconfi-cor_TotalReceitas;116889411,73
Prefeitura Municipal de Emilianï¿½polis - SP;3515129;SP;3238;Receitas Brutas Realizadas;TOTAL DAS RECEITAS (III) = (I + II);siconfi-cor_TotalReceitas;29529843,13
Prefeitura Municipal de Pedrinhas Paulista - SP;3537156;SP;3109;Receitas Brutas Realizadas;TOTAL DAS RECEITAS (III) = (I + II);siconfi-cor_TotalReceitas;37675942,66
Prefeitura Municipal de Ferraz de Vasconcelos - SP;3515707;SP;198661;Receitas Brutas Realizadas;TOTAL DAS RECEITAS (III) = (I + II);siconfi-cor_TotalReceitas;627961167,01
Prefeitura Municipal de Bertioga - SP;3506359;SP;66154;Receitas Brutas Realizadas;TOTAL DAS RECEITAS (III) = (I + II);siconfi-cor_TotalReceitas;898939140,12
Prefeitura Municipal de Nova Granada - SP;3533007;SP;21871;Receitas Brutas Realizadas;TOTAL DAS RECEITAS (III) = (I + II);siconfi-cor_TotalReceitas;91011675,76
Prefeitura Municipal de Bocaina - SP;3506805;SP;12571;Receitas Brutas Realizadas;TOTAL DAS RECEITAS (III) = (I + II);siconfi-cor_TotalReceitas;71591081,16
Prefeitura Municipal de Pedreira - SP;3537107;SP;48992;Receitas Brutas Realizadas;TOTAL DAS RECEITAS (III) = (I + II);siconfi-cor_TotalReceitas;248272599,52
Prefeitura Municipal de Estiva Gerbi - SP;3557303;SP;11507;Receitas Brutas Realizadas;TOTAL DAS RECEITAS (III) = (I + II);siconfi-cor_TotalReceitas;72284247,28
Prefeitura Municipal de Oriente - SP;3534104;SP;6569;Receitas Brutas Realizadas;TOTAL DAS RECEITAS (III) = (I + II);siconfi-cor_TotalReceitas;38852678,97
Prefeitura Municipal de Porto Feliz - SP;3540606;SP;53698;Receitas Brutas Realizadas;TOTAL DAS RECEITAS (III) = (I + II);siconfi-cor_TotalReceitas;459466976,55
Prefeitura Municipal de Tapiraï¿½ - SP;3553500;SP;7725;Receitas Brutas Realizadas;TOTAL DAS RECEITAS (III) = (I + II);siconfi-cor_TotalReceitas;50941699,05
Prefeitura Municipal de Santana da Ponte Pensa - SP;3547205;SP;1448;Receitas Brutas Realizadas;TOTAL DAS RECEITAS (III) = (I + II);siconfi-cor_TotalReceitas;26231032,11
Prefeitura Municipal de Adamantina - SP;3500105;SP;35153;Receitas Brutas Realizadas;TOTAL DAS RECEITAS (III) = (I + II);siconfi-cor_TotalReceitas;268875962,04
Prefeitura Municipal de Sebastianï¿½polis do Sul - SP;3551306;SP;3595;Receitas Brutas Realizadas;TOTAL DAS RECEITAS (III) = (I + II);siconfi-cor_TotalReceitas;53935882,26
Prefeitura Municipal de Bï¿½lsamo - SP;3504800;SP;9209;Receitas Brutas Realizadas;TOTAL DAS RECEITAS (III) = (I + II);siconfi-cor_TotalReceitas;52666268,07
Prefeitura Municipal de Nantes - SP;3532157;SP;3215;Receitas Brutas Realizadas;TOTAL DAS RECEITAS (III) = (I + II);siconfi-cor_TotalReceitas;36274256,41
Prefeitura Municipal de Itapecerica da Serra - SP;3522208;SP;179574;Receitas Brutas Realizadas;TOTAL DAS RECEITAS (III) = (I + II);siconfi-cor_TotalReceitas;688092231,32
Prefeitura Municipal de Sï¿½o Joï¿½o de Iracema - SP;3549250;SP;1942;Receitas Brutas Realizadas;TOTAL DAS RECEITAS (III) = (I + II);siconfi-cor_TotalReceitas;29092596,43
Prefeitura Municipal de Vargem Grande Paulista - SP;3556453;SP;54315;Receitas Brutas Realizadas;TOTAL DAS RECEITAS (III) = (I + II);siconfi-cor_TotalReceitas;273776416,49
Prefeitura Municipal de Jandira - SP;3525003;SP;127734;Receitas Brutas Realizadas;TOTAL DAS RECEITAS (III) = (I + II);siconfi-cor_TotalReceitas;519594344,79
Prefeitura Municipal de Caiabu - SP;3508900;SP;4195;Receitas Brutas Realizadas;TOTAL DAS RECEITAS (III) = (I + II);siconfi-cor_TotalReceitas;36114581,67
Prefeitura Municipal de ï¿½guas da Prata - SP;3500402;SP;8262;Receitas Brutas Realizadas;TOTAL DAS RECEITAS (III) = (I + II);siconfi-cor_TotalReceitas;49185192,57
Prefeitura Municipal de Suzanï¿½polis - SP;3552551;SP;4063;Receitas Brutas Realizadas;TOTAL DAS RECEITAS (III) = (I + II);siconfi-cor_TotalReceitas;47087668,87
Prefeitura Municipal de Engenheiro Coelho - SP;3515152;SP;21712;Receitas Brutas Realizadas;TOTAL DAS RECEITAS (III) = (I + II);siconfi-cor_TotalReceitas;107959192,68
Prefeitura Municipal de Iporanga - SP;3521200;SP;4180;Receitas Brutas Realizadas;TOTAL DAS RECEITAS (III) = (I + II);siconfi-cor_TotalReceitas;40050682,68
Prefeitura Municipal de Ribeirï¿½o Bonito - SP;3542909;SP;13376;Receitas Brutas Realizadas;TOTAL DAS RECEITAS (III) = (I + II);siconfi-cor_TotalReceitas;61914414,83
Prefeitura Municipal de Embu das Artes - SP;3515004;SP;279264;Receitas Brutas Realizadas;TOTAL DAS RECEITAS (III) = (I + II);siconfi-cor_TotalReceitas;1181330078,02
Prefeitura Municipal de Itapira - SP;3522604;SP;75683;Receitas Brutas Realizadas;TOTAL DAS RECEITAS (III) = (I + II);siconfi-cor_TotalReceitas;487708229,45
Prefeitura Municipal de Elias Fausto - SP;3514908;SP;18095;Receitas Brutas Realizadas;TOTAL DAS RECEITAS (III) = (I + II);siconfi-cor_TotalReceitas;111739224,36
Prefeitura Municipal de Dracena - SP;3514403;SP;47287;Receitas Brutas Realizadas;TOTAL DAS RECEITAS (III) = (I + II);siconfi-cor_TotalReceitas;217963417,7
Prefeitura Municipal de Tabapuï¿½ - SP;3552601;SP;12561;Receitas Brutas Realizadas;TOTAL DAS RECEITAS (III) = (I + II);siconfi-cor_TotalReceitas;69922734,77
Prefeitura Municipal de Alambari - SP;3500758;SP;6231;Receitas Brutas Realizadas;TOTAL DAS RECEITAS (III) = (I + II);siconfi-cor_TotalReceitas;41409300,99
Prefeitura Municipal de Tabatinga - SP;3552700;SP;16787;Receitas Brutas Realizadas;TOTAL DAS RECEITAS (III) = (I + II);siconfi-cor_TotalReceitas;82921609,46
Prefeitura Municipal de Lucï¿½lia - SP;3527405;SP;22022;Receitas Brutas Realizadas;TOTAL DAS RECEITAS (III) = (I + II);siconfi-cor_TotalReceitas;90926780,52
Prefeitura Municipal de Ribeirï¿½o Grande - SP;3543253;SP;7686;Receitas Brutas Realizadas;TOTAL DAS RECEITAS (III) = (I + II);siconfi-cor_TotalReceitas;50504230,99
Prefeitura Municipal de Boituva - SP;3507001;SP;63310;Receitas Brutas Realizadas;TOTAL DAS RECEITAS (III) = (I + II);siconfi-cor_TotalReceitas;370077019,38
Prefeitura Municipal de Santa Isabel - SP;3546801;SP;58529;Receitas Brutas Realizadas;TOTAL DAS RECEITAS (III) = (I + II);siconfi-cor_TotalReceitas;245862947,04
Prefeitura Municipal de Luiziï¿½nia - SP;3527702;SP;5918;Receitas Brutas Realizadas;TOTAL DAS RECEITAS (III) = (I + II);siconfi-cor_TotalReceitas;36921096,74
Prefeitura Municipal de Novo Horizonte - SP;3533502;SP;41765;Receitas Brutas Realizadas;TOTAL DAS RECEITAS (III) = (I + II);siconfi-cor_TotalReceitas;221346748,58
Prefeitura Municipal de Embu-Guaï¿½u - SP;3515103;SP;70402;Receitas Brutas Realizadas;TOTAL DAS RECEITAS (III) = (I + II);siconfi-cor_TotalReceitas;239596086,37
Prefeitura Municipal de Tapiratiba - SP;3553609;SP;12940;Receitas Brutas Realizadas;TOTAL DAS RECEITAS (III) = (I + II);siconfi-cor_TotalReceitas;70279986,49
Prefeitura Municipal de Nhandeara - SP;3532603;SP;11575;Receitas Brutas Realizadas;TOTAL DAS RECEITAS (III) = (I + II);siconfi-cor_TotalReceitas;68063013,46
Prefeitura Municipal de Cï¿½ndido Mota - SP;3510005;SP;31410;Receitas Brutas Realizadas;TOTAL DAS RECEITAS (III) = (I + II);siconfi-cor_TotalReceitas;200088163,74
Prefeitura Municipal de Pradï¿½polis - SP;3540903;SP;22239;Receitas Brutas Realizadas;TOTAL DAS RECEITAS (III) = (I + II);siconfi-cor_TotalReceitas;140811739,28
Prefeitura Municipal de Nova Canaï¿½ Paulista - SP;3532843;SP;1824;Receitas Brutas Realizadas;TOTAL DAS RECEITAS (III) = (I + II);siconfi-cor_TotalReceitas;28838620,5
Prefeitura Municipal de Aparecida d'Oeste - SP;3502606;SP;4122;Receitas Brutas Realizadas;TOTAL DAS RECEITAS (III) = (I + II);siconfi-cor_TotalReceitas;38318237,91
Prefeitura Municipal de Amï¿½rico de Campos - SP;3501806;SP;5993;Receitas Brutas Realizadas;TOTAL DAS RECEITAS (III) = (I + II);siconfi-cor_TotalReceitas;43060157,29
Prefeitura Municipal de Marï¿½lia - SP;3529005;SP;242249;Receitas Brutas Realizadas;TOTAL DAS RECEITAS (III) = (I + II);siconfi-cor_TotalReceitas;1347852849,78
Prefeitura Municipal de Itapuï¿½ - SP;3522901;SP;14297;Receitas Brutas Realizadas;TOTAL DAS RECEITAS (III) = (I + II);siconfi-cor_TotalReceitas;88466295,58
Prefeitura Municipal de Santa Rosa de Viterbo - SP;3547601;SP;26960;Receitas Brutas Realizadas;TOTAL DAS RECEITAS (III) = (I + II);siconfi-cor_TotalReceitas;119558152,23
Prefeitura Municipal de Vargem Grande do Sul - SP;3556404;SP;43368;Receitas Brutas Realizadas;TOTAL DAS RECEITAS (III) = (I + II);siconfi-cor_TotalReceitas;209608429,4
Prefeitura Municipal de Cunha - SP;3513603;SP;21373;Receitas Brutas Realizadas;TOTAL DAS RECEITAS (III) = (I + II);siconfi-cor_TotalReceitas;110053177,56
Prefeitura Municipal de Pracinha - SP;3540853;SP;4327;Receitas Brutas Realizadas;TOTAL DAS RECEITAS (III) = (I + II);siconfi-cor_TotalReceitas;24499004,38
Prefeitura Municipal de Guaiï¿½ara - SP;3517208;SP;12416;Receitas Brutas Realizadas;TOTAL DAS RECEITAS (III) = (I + II);siconfi-cor_TotalReceitas;62987061,56
Prefeitura Municipal de Taiï¿½va - SP;3553203;SP;5562;Receitas Brutas Realizadas;TOTAL DAS RECEITAS (III) = (I + II);siconfi-cor_TotalReceitas;36410860,52
Prefeitura Municipal de Sï¿½o Carlos - SP;3548906;SP;256915;Receitas Brutas Realizadas;TOTAL DAS RECEITAS (III) = (I + II);siconfi-cor_TotalReceitas;1266421165,1
Prefeitura Municipal de Angatuba - SP;3502200;SP;25724;Receitas Brutas Realizadas;TOTAL DAS RECEITAS (III) = (I + II);siconfi-cor_TotalReceitas;142864479,21
Prefeitura Municipal de Ubirajara - SP;3555505;SP;4828;Receitas Brutas Realizadas;TOTAL DAS RECEITAS (III) = (I + II);siconfi-cor_TotalReceitas;39467997,94
Prefeitura Municipal de Pereiras - SP;3537503;SP;8875;Receitas Brutas Realizadas;TOTAL DAS RECEITAS (III) = (I + II);siconfi-cor_TotalReceitas;46527317,99
Prefeitura Municipal de Jacupiranga - SP;3524600;SP;17911;Receitas Brutas Realizadas;TOTAL DAS RECEITAS (III) = (I + II);siconfi-cor_TotalReceitas;92114638,34
Prefeitura Municipal de General Salgado - SP;3516903;SP;10855;Receitas Brutas Realizadas;TOTAL DAS RECEITAS (III) = (I + II);siconfi-cor_TotalReceitas;73628950,64
Prefeitura Municipal de Nipoï¿½ - SP;3532702;SP;5381;Receitas Brutas Realizadas;TOTAL DAS RECEITAS (III) = (I + II);siconfi-cor_TotalReceitas;31421856,78
Prefeitura Municipal de Mirassolï¿½ndia - SP;3530409;SP;4966;Receitas Brutas Realizadas;TOTAL DAS RECEITAS (III) = (I + II);siconfi-cor_TotalReceitas;36386683,95
Prefeitura Municipal de Guaï¿½ra - SP;3517406;SP;41283;Receitas Brutas Realizadas;TOTAL DAS RECEITAS (III) = (I + II);siconfi-cor_TotalReceitas;321541945,29
Prefeitura Municipal de Taciba - SP;3552908;SP;6371;Receitas Brutas Realizadas;TOTAL DAS RECEITAS (III) = (I + II);siconfi-cor_TotalReceitas;61611037,42
Prefeitura Municipal de Panorama - SP;3535408;SP;15944;Receitas Brutas Realizadas;TOTAL DAS RECEITAS (III) = (I + II);siconfi-cor_TotalReceitas;76467459,14
Prefeitura Municipal de Assis - SP;3504008;SP;105768;Receitas Brutas Realizadas;TOTAL DAS RECEITAS (III) = (I + II);siconfi-cor_TotalReceitas;583846663,32
Prefeitura Municipal de Serra Azul - SP;3551405;SP;15292;Receitas Brutas Realizadas;TOTAL DAS RECEITAS (III) = (I + II);siconfi-cor_TotalReceitas;58333033,76
Prefeitura Municipal de Marapoama - SP;3528858;SP;3097;Receitas Brutas Realizadas;TOTAL DAS RECEITAS (III) = (I + II);siconfi-cor_TotalReceitas;36774558,75
Prefeitura Municipal de Onda Verde - SP;3534005;SP;4462;Receitas Brutas Realizadas;TOTAL DAS RECEITAS (III) = (I + II);siconfi-cor_TotalReceitas;47924997,49
Prefeitura Municipal de Louveira - SP;3527306;SP;51007;Receitas Brutas Realizadas;TOTAL DAS RECEITAS (III) = (I + II);siconfi-cor_TotalReceitas;689155575,56
Prefeitura Municipal de Pedregulho - SP;3537008;SP;16876;Receitas Brutas Realizadas;TOTAL DAS RECEITAS (III) = (I + II);siconfi-cor_TotalReceitas;102426377,64
Prefeitura Municipal de Pedra Bela - SP;3536802;SP;6127;Receitas Brutas Realizadas;TOTAL DAS RECEITAS (III) = (I + II);siconfi-cor_TotalReceitas;40334265,07
Prefeitura Municipal de Paraï¿½so - SP;3535705;SP;6536;Receitas Brutas Realizadas;TOTAL DAS RECEITAS (III) = (I + II);siconfi-cor_TotalReceitas;53705013,69
Prefeitura Municipal de Piquete - SP;3538501;SP;13495;Receitas Brutas Realizadas;TOTAL DAS RECEITAS (III) = (I + II);siconfi-cor_TotalReceitas;68349217,8
Prefeitura Municipal de Leme - SP;3526704;SP;105273;Receitas Brutas Realizadas;TOTAL DAS RECEITAS (III) = (I + II);siconfi-cor_TotalReceitas;556675528,29
Prefeitura Municipal de Santa Lï¿½cia - SP;3546900;SP;8889;Receitas Brutas Realizadas;TOTAL DAS RECEITAS (III) = (I + II);siconfi-cor_TotalReceitas;38826386,67
Prefeitura Municipal de Manduri - SP;3528601;SP;9972;Receitas Brutas Realizadas;TOTAL DAS RECEITAS (III) = (I + II);siconfi-cor_TotalReceitas;57072407,46
Prefeitura Municipal de Pereira Barreto - SP;3537404;SP;25685;Receitas Brutas Realizadas;TOTAL DAS RECEITAS (III) = (I + II);siconfi-cor_TotalReceitas;158952096,5
Prefeitura Municipal de Zacarias - SP;3557154;SP;2784;Receitas Brutas Realizadas;TOTAL DAS RECEITAS (III) = (I + II);siconfi-cor_TotalReceitas;41751046,39
Prefeitura Municipal de Franco da Rocha - SP;3516408;SP;158438;Receitas Brutas Realizadas;TOTAL DAS RECEITAS (III) = (I + II);siconfi-cor_TotalReceitas;669251818,11
Prefeitura Municipal de Suzano - SP;3552502;SP;303397;Receitas Brutas Realizadas;TOTAL DAS RECEITAS (III) = (I + II);siconfi-cor_TotalReceitas;1381700998,72
Prefeitura Municipal de Flora Rica - SP;3515806;SP;1397;Receitas Brutas Realizadas;TOTAL DAS RECEITAS (III) = (I + II);siconfi-cor_TotalReceitas;25421633,06
Prefeitura Municipal de Arujï¿½ - SP;3503901;SP;92453;Receitas Brutas Realizadas;TOTAL DAS RECEITAS (III) = (I + II);siconfi-cor_TotalReceitas;528443048,9
Prefeitura Municipal de Trabiju - SP;3554755;SP;1752;Receitas Brutas Realizadas;TOTAL DAS RECEITAS (III) = (I + II);siconfi-cor_TotalReceitas;24274034,57
Prefeitura Municipal de Patrocï¿½nio Paulista - SP;3536307;SP;14941;Receitas Brutas Realizadas;TOTAL DAS RECEITAS (III) = (I + II);siconfi-cor_TotalReceitas;92313507,64
Prefeitura Municipal de Monteiro Lobato - SP;3531704;SP;4739;Receitas Brutas Realizadas;TOTAL DAS RECEITAS (III) = (I + II);siconfi-cor_TotalReceitas;36190298,69
Prefeitura Municipal de Amï¿½rico Brasiliense - SP;3501707;SP;41545;Receitas Brutas Realizadas;TOTAL DAS RECEITAS (III) = (I + II);siconfi-cor_TotalReceitas;170812707,64
Prefeitura Municipal de Turmalina - SP;3555307;SP;1667;Receitas Brutas Realizadas;TOTAL DAS RECEITAS (III) = (I + II);siconfi-cor_TotalReceitas;31256494,12
Prefeitura Municipal de Bom Jesus dos Perdï¿½es - SP;3507100;SP;26506;Receitas Brutas Realizadas;TOTAL DAS RECEITAS (III) = (I + II);siconfi-cor_TotalReceitas;152759369,65
Prefeitura Municipal de Itirapuï¿½ - SP;3523701;SP;6587;Receitas Brutas Realizadas;TOTAL DAS RECEITAS (III) = (I + II);siconfi-cor_TotalReceitas;32641764,02
Prefeitura Municipal de Taubatï¿½ - SP;3554102;SP;320820;Receitas Brutas Realizadas;TOTAL DAS RECEITAS (III) = (I + II);siconfi-cor_TotalReceitas;1642351807,58
Prefeitura Municipal de Socorro - SP;3552106;SP;41690;Receitas Brutas Realizadas;TOTAL DAS RECEITAS (III) = (I + II);siconfi-cor_TotalReceitas;180245470,00
Prefeitura Municipal de Rosana - SP;3544251;SP;15929;Receitas Brutas Realizadas;TOTAL DAS RECEITAS (III) = (I + II);siconfi-cor_TotalReceitas;147945626,36
Prefeitura Municipal de Irapuï¿½ - SP;3521507;SP;8101;Receitas Brutas Realizadas;TOTAL DAS RECEITAS (III) = (I + II);siconfi-cor_TotalReceitas;43164475,9
Prefeitura Municipal de Boracï¿½ia - SP;3507308;SP;4913;Receitas Brutas Realizadas;TOTAL DAS RECEITAS (III) = (I + II);siconfi-cor_TotalReceitas;41026111,62
Prefeitura Municipal de Tarabai - SP;3553906;SP;7609;Receitas Brutas Realizadas;TOTAL DAS RECEITAS (III) = (I + II);siconfi-cor_TotalReceitas;46477798,46
Prefeitura Municipal de Santo Antï¿½nio do Pinhal - SP;3548203;SP;6843;Receitas Brutas Realizadas;TOTAL DAS RECEITAS (III) = (I + II);siconfi-cor_TotalReceitas;51241534,11
Prefeitura Municipal de Serra Negra - SP;3551603;SP;29669;Receitas Brutas Realizadas;TOTAL DAS RECEITAS (III) = (I + II);siconfi-cor_TotalReceitas;170885680,57
Prefeitura Municipal de Rubiï¿½cea - SP;3544400;SP;3195;Receitas Brutas Realizadas;TOTAL DAS RECEITAS (III) = (I + II);siconfi-cor_TotalReceitas;33212147,25
Prefeitura Municipal de Pontalinda - SP;3540259;SP;4719;Receitas Brutas Realizadas;TOTAL DAS RECEITAS (III) = (I + II);siconfi-cor_TotalReceitas;32414645,48
Prefeitura Municipal de Auriflama - SP;3504206;SP;15316;Receitas Brutas Realizadas;TOTAL DAS RECEITAS (III) = (I + II);siconfi-cor_TotalReceitas;81465067,88
Prefeitura Municipal de Pontal - SP;3540200;SP;51717;Receitas Brutas Realizadas;TOTAL DAS RECEITAS (III) = (I + II);siconfi-cor_TotalReceitas;202393481,28
Prefeitura Municipal de Indiana - SP;3520608;SP;4873;Receitas Brutas Realizadas;TOTAL DAS RECEITAS (III) = (I + II);siconfi-cor_TotalReceitas;30201679,8
Prefeitura Municipal de Taiaï¿½u - SP;3553104;SP;6346;Receitas Brutas Realizadas;TOTAL DAS RECEITAS (III) = (I + II);siconfi-cor_TotalReceitas;38680582,48
Prefeitura Municipal de Ribeirï¿½o Branco - SP;3543006;SP;15984;Receitas Brutas Realizadas;TOTAL DAS RECEITAS (III) = (I + II);siconfi-cor_TotalReceitas;84643828,9
Prefeitura Municipal de Salto Grande - SP;3545407;SP;9396;Receitas Brutas Realizadas;TOTAL DAS RECEITAS (III) = (I + II);siconfi-cor_TotalReceitas;51955045,5
Prefeitura Municipal de Orindiï¿½va - SP;3534203;SP;7318;Receitas Brutas Realizadas;TOTAL DAS RECEITAS (III) = (I + II);siconfi-cor_TotalReceitas;64521670,67
Prefeitura Municipal de Santa Rita do Passa Quatro - SP;3547502;SP;27641;Receitas Brutas Realizadas;TOTAL DAS RECEITAS (III) = (I + II);siconfi-cor_TotalReceitas;150330901,17
Prefeitura Municipal de Araraquara - SP;3503208;SP;240542;Receitas Brutas Realizadas;TOTAL DAS RECEITAS (III) = (I + II);siconfi-cor_TotalReceitas;1347668243,75
Prefeitura Municipal de Valparaï¿½so - SP;3556305;SP;27154;Receitas Brutas Realizadas;TOTAL DAS RECEITAS (III) = (I + II);siconfi-cor_TotalReceitas;147962623,81
Prefeitura Municipal de Monï¿½ï¿½es - SP;3531001;SP;2274;Receitas Brutas Realizadas;TOTAL DAS RECEITAS (III) = (I + II);siconfi-cor_TotalReceitas;28653937,72
Prefeitura Municipal de Lorena - SP;3527207;SP;89532;Receitas Brutas Realizadas;TOTAL DAS RECEITAS (III) = (I + II);siconfi-cor_TotalReceitas;376917089,79
Prefeitura Municipal de Conchas - SP;3512308;SP;18138;Receitas Brutas Realizadas;TOTAL DAS RECEITAS (III) = (I + II);siconfi-cor_TotalReceitas;95312170,9
Prefeitura Municipal de Santa Cruz da Esperanï¿½a - SP;3546256;SP;2166;Receitas Brutas Realizadas;TOTAL DAS RECEITAS (III) = (I + II);siconfi-cor_TotalReceitas;28312432,53
Prefeitura Municipal de Paulo de Faria - SP;3536604;SP;8973;Receitas Brutas Realizadas;TOTAL DAS RECEITAS (III) = (I + II);siconfi-cor_TotalReceitas;66949175,63
Prefeitura Municipal de Populina - SP;3540408;SP;4136;Receitas Brutas Realizadas;TOTAL DAS RECEITAS (III) = (I + II);siconfi-cor_TotalReceitas;40790214,67
Prefeitura Municipal de Sï¿½o Joï¿½o da Boa Vista - SP;3549102;SP;92315;Receitas Brutas Realizadas;TOTAL DAS RECEITAS (III) = (I + II);siconfi-cor_TotalReceitas;596785649,54
Prefeitura Municipal de Cajati - SP;3509254;SP;28441;Receitas Brutas Realizadas;TOTAL DAS RECEITAS (III) = (I + II);siconfi-cor_TotalReceitas;186687754,53
Prefeitura Municipal de Palmeira d'Oeste - SP;3535200;SP;9173;Receitas Brutas Realizadas;TOTAL DAS RECEITAS (III) = (I + II);siconfi-cor_TotalReceitas;50694739,9
Prefeitura Municipal de Morro Agudo - SP;3531902;SP;33598;Receitas Brutas Realizadas;TOTAL DAS RECEITAS (III) = (I + II);siconfi-cor_TotalReceitas;214649528,48
Prefeitura Municipal de Guzolï¿½ndia - SP;3518909;SP;5346;Receitas Brutas Realizadas;TOTAL DAS RECEITAS (III) = (I + II);siconfi-cor_TotalReceitas;34744577,33
Prefeitura Municipal de Santo Antï¿½nio do Aracanguï¿½ - SP;3548054;SP;8541;Receitas Brutas Realizadas;TOTAL DAS RECEITAS (III) = (I + II);siconfi-cor_TotalReceitas;82718235,88
Prefeitura Municipal de Icï¿½m - SP;3519808;SP;8363;Receitas Brutas Realizadas;TOTAL DAS RECEITAS (III) = (I + II);siconfi-cor_TotalReceitas;75672044,05
Prefeitura Municipal de Paulicï¿½ia - SP;3536406;SP;7540;Receitas Brutas Realizadas;TOTAL DAS RECEITAS (III) = (I + II);siconfi-cor_TotalReceitas;56933868,58
Prefeitura Municipal de Palestina - SP;3535002;SP;13285;Receitas Brutas Realizadas;TOTAL DAS RECEITAS (III) = (I + II);siconfi-cor_TotalReceitas;79162086,21
Prefeitura Municipal de Altinï¿½polis - SP;3501004;SP;16221;Receitas Brutas Realizadas;TOTAL DAS RECEITAS (III) = (I + II);siconfi-cor_TotalReceitas;110758436,62
Prefeitura Municipal de ï¿½lvaro de Carvalho - SP;3501400;SP;5320;Receitas Brutas Realizadas;TOTAL DAS RECEITAS (III) = (I + II);siconfi-cor_TotalReceitas;34876537,62
Prefeitura Municipal de Campina do Monte Alegre - SP;3509452;SP;6088;Receitas Brutas Realizadas;TOTAL DAS RECEITAS (III) = (I + II);siconfi-cor_TotalReceitas;39264947,00
Prefeitura Municipal de Olï¿½mpia - SP;3533908;SP;55477;Receitas Brutas Realizadas;TOTAL DAS RECEITAS (III) = (I + II);siconfi-cor_TotalReceitas;393123405,89
Prefeitura Municipal de Serrana - SP;3551504;SP;46166;Receitas Brutas Realizadas;TOTAL DAS RECEITAS (III) = (I + II);siconfi-cor_TotalReceitas;237538075,38
Prefeitura Municipal de Lupï¿½rcio - SP;3527801;SP;4608;Receitas Brutas Realizadas;TOTAL DAS RECEITAS (III) = (I + II);siconfi-cor_TotalReceitas;31267186,21
Prefeitura Municipal de Mesï¿½polis - SP;3529658;SP;1903;Receitas Brutas Realizadas;TOTAL DAS RECEITAS (III) = (I + II);siconfi-cor_TotalReceitas;26571168,38
Prefeitura Municipal de Guarani d'Oeste - SP;3518008;SP;1996;Receitas Brutas Realizadas;TOTAL DAS RECEITAS (III) = (I + II);siconfi-cor_TotalReceitas;26517488,22
Prefeitura Municipal de Sï¿½o Josï¿½ do Rio Pardo - SP;3549706;SP;55298;Receitas Brutas Realizadas;TOTAL DAS RECEITAS (III) = (I + II);siconfi-cor_TotalReceitas;297102441,24
Prefeitura Municipal de Juquitiba - SP;3526209;SP;31844;Receitas Brutas Realizadas;TOTAL DAS RECEITAS (III) = (I + II);siconfi-cor_TotalReceitas;141324028,5
Prefeitura Municipal de Tremembï¿½ - SP;3554805;SP;48228;Receitas Brutas Realizadas;TOTAL DAS RECEITAS (III) = (I + II);siconfi-cor_TotalReceitas;222877054,93
Prefeitura Municipal de Maracaï¿½ - SP;3528809;SP;14069;Receitas Brutas Realizadas;TOTAL DAS RECEITAS (III) = (I + II);siconfi-cor_TotalReceitas;93236570,46
Prefeitura Municipal de Brotas - SP;3507902;SP;24862;Receitas Brutas Realizadas;TOTAL DAS RECEITAS (III) = (I + II);siconfi-cor_TotalReceitas;170597226,57
Prefeitura Municipal de Guarï¿½ - SP;3517703;SP;21394;Receitas Brutas Realizadas;TOTAL DAS RECEITAS (III) = (I + II);siconfi-cor_TotalReceitas;116371599,99
Prefeitura Municipal de Itaporanga - SP;3522802;SP;15197;Receitas Brutas Realizadas;TOTAL DAS RECEITAS (III) = (I + II);siconfi-cor_TotalReceitas;75887846,66
Prefeitura Municipal de Torre de Pedra - SP;3554656;SP;2432;Receitas Brutas Realizadas;TOTAL DAS RECEITAS (III) = (I + II);siconfi-cor_TotalReceitas;25634911,82
Prefeitura Municipal de Rancharia - SP;3542206;SP;29743;Receitas Brutas Realizadas;TOTAL DAS RECEITAS (III) = (I + II);siconfi-cor_TotalReceitas;169994509,33
Prefeitura Municipal de Nova Luzitï¿½nia - SP;3533304;SP;4217;Receitas Brutas Realizadas;TOTAL DAS RECEITAS (III) = (I + II);siconfi-cor_TotalReceitas;32755567,28
Prefeitura Municipal de Campos do Jordï¿½o - SP;3509700;SP;52713;Receitas Brutas Realizadas;TOTAL DAS RECEITAS (III) = (I + II);siconfi-cor_TotalReceitas;333121885,67
Prefeitura Municipal de Pardinho - SP;3536109;SP;6579;Receitas Brutas Realizadas;TOTAL DAS RECEITAS (III) = (I + II);siconfi-cor_TotalReceitas;57395003,17
Prefeitura Municipal de Macaubal - SP;3528106;SP;8174;Receitas Brutas Realizadas;TOTAL DAS RECEITAS (III) = (I + II);siconfi-cor_TotalReceitas;49090294,7
Prefeitura Municipal de Cristais Paulista - SP;3513207;SP;8803;Receitas Brutas Realizadas;TOTAL DAS RECEITAS (III) = (I + II);siconfi-cor_TotalReceitas;50613021,73
Prefeitura Municipal de Gastï¿½o Vidigal - SP;3516804;SP;4911;Receitas Brutas Realizadas;TOTAL DAS RECEITAS (III) = (I + II);siconfi-cor_TotalReceitas;34174558,3
Prefeitura Municipal de Itapura - SP;3523008;SP;4994;Receitas Brutas Realizadas;TOTAL DAS RECEITAS (III) = (I + II);siconfi-cor_TotalReceitas;46528402,54
Prefeitura Municipal de Cachoeira Paulista - SP;3508603;SP;33827;Receitas Brutas Realizadas;TOTAL DAS RECEITAS (III) = (I + II);siconfi-cor_TotalReceitas;128673823,13
Prefeitura Municipal de Brejo Alegre - SP;3507753;SP;2911;Receitas Brutas Realizadas;TOTAL DAS RECEITAS (III) = (I + II);siconfi-cor_TotalReceitas;32386700,66
Prefeitura Municipal de Taguaï¿½ - SP;3553005;SP;14415;Receitas Brutas Realizadas;TOTAL DAS RECEITAS (III) = (I + II);siconfi-cor_TotalReceitas;71895701,66
Prefeitura Municipal de Catiguï¿½ - SP;3511201;SP;7905;Receitas Brutas Realizadas;TOTAL DAS RECEITAS (III) = (I + II);siconfi-cor_TotalReceitas;39502050,36
Prefeitura Municipal de Nova Castilho - SP;3532868;SP;1290;Receitas Brutas Realizadas;TOTAL DAS RECEITAS (III) = (I + II);siconfi-cor_TotalReceitas;28908916,74
Prefeitura Municipal de Turiï¿½ba - SP;3555208;SP;2024;Receitas Brutas Realizadas;TOTAL DAS RECEITAS (III) = (I + II);siconfi-cor_TotalReceitas;31923748,38
Prefeitura Municipal de Santo Anastï¿½cio - SP;3547700;SP;20855;Receitas Brutas Realizadas;TOTAL DAS RECEITAS (III) = (I + II);siconfi-cor_TotalReceitas;86033070,33
Prefeitura Municipal de Jaï¿½ - SP;3525300;SP;153463;Receitas Brutas Realizadas;TOTAL DAS RECEITAS (III) = (I + II);siconfi-cor_TotalReceitas;624674947,45
Prefeitura Municipal de Ocauï¿½u - SP;3533700;SP;4294;Receitas Brutas Realizadas;TOTAL DAS RECEITAS (III) = (I + II);siconfi-cor_TotalReceitas;37256114,78
Prefeitura Municipal de Ribeira - SP;3542800;SP;3320;Receitas Brutas Realizadas;TOTAL DAS RECEITAS (III) = (I + II);siconfi-cor_TotalReceitas;32714646,19
Prefeitura Municipal de Barï¿½o de Antonina - SP;3505005;SP;3525;Receitas Brutas Realizadas;TOTAL DAS RECEITAS (III) = (I + II);siconfi-cor_TotalReceitas;34552852,07
Prefeitura Municipal de Gï¿½lia - SP;3516606;SP;6419;Receitas Brutas Realizadas;TOTAL DAS RECEITAS (III) = (I + II);siconfi-cor_TotalReceitas;42840056,8
Prefeitura Municipal de Cafelï¿½ndia - SP;3508801;SP;17917;Receitas Brutas Realizadas;TOTAL DAS RECEITAS (III) = (I + II);siconfi-cor_TotalReceitas;107562396,02
Prefeitura Municipal de Batatais - SP;3505906;SP;63438;Receitas Brutas Realizadas;TOTAL DAS RECEITAS (III) = (I + II);siconfi-cor_TotalReceitas;290644356,09
Prefeitura Municipal de Luï¿½s Antï¿½nio - SP;3527603;SP;15628;Receitas Brutas Realizadas;TOTAL DAS RECEITAS (III) = (I + II);siconfi-cor_TotalReceitas;126178670,04
Prefeitura Municipal de Guarantï¿½ - SP;3518107;SP;6685;Receitas Brutas Realizadas;TOTAL DAS RECEITAS (III) = (I + II);siconfi-cor_TotalReceitas;45554291,56
Prefeitura Municipal de Taquaral - SP;3553658;SP;2815;Receitas Brutas Realizadas;TOTAL DAS RECEITAS (III) = (I + II);siconfi-cor_TotalReceitas;30735733,83
Prefeitura Municipal de Ouroeste - SP;3534757;SP;10712;Receitas Brutas Realizadas;TOTAL DAS RECEITAS (III) = (I + II);siconfi-cor_TotalReceitas;119634216,47
Prefeitura Municipal de Guaimbï¿½ - SP;3517307;SP;5806;Receitas Brutas Realizadas;TOTAL DAS RECEITAS (III) = (I + II);siconfi-cor_TotalReceitas;45048919,46
Prefeitura Municipal de Terra Roxa - SP;3554409;SP;9502;Receitas Brutas Realizadas;TOTAL DAS RECEITAS (III) = (I + II);siconfi-cor_TotalReceitas;47613683,34
Prefeitura Municipal de Sï¿½o Josï¿½ da Bela Vista - SP;3549508;SP;8991;Receitas Brutas Realizadas;TOTAL DAS RECEITAS (III) = (I + II);siconfi-cor_TotalReceitas;42077193,04
Prefeitura Municipal de Igarapava - SP;3520103;SP;30791;Receitas Brutas Realizadas;TOTAL DAS RECEITAS (III) = (I + II);siconfi-cor_TotalReceitas;179784584,27
Prefeitura Municipal de Dobrada - SP;3514007;SP;9088;Receitas Brutas Realizadas;TOTAL DAS RECEITAS (III) = (I + II);siconfi-cor_TotalReceitas;39921959,38
Prefeitura Municipal de Salesï¿½polis - SP;3545001;SP;17363;Receitas Brutas Realizadas;TOTAL DAS RECEITAS (III) = (I + II);siconfi-cor_TotalReceitas;87839510,8
Prefeitura Municipal de Buritama - SP;3508108;SP;17414;Receitas Brutas Realizadas;TOTAL DAS RECEITAS (III) = (I + II);siconfi-cor_TotalReceitas;122228053,37
Prefeitura Municipal de Ribeirï¿½o dos ï¿½ndios - SP;3543238;SP;2222;Receitas Brutas Realizadas;TOTAL DAS RECEITAS (III) = (I + II);siconfi-cor_TotalReceitas;27138054,84
Prefeitura Municipal de Estrela do Norte - SP;3515301;SP;2774;Receitas Brutas Realizadas;TOTAL DAS RECEITAS (III) = (I + II);siconfi-cor_TotalReceitas;31298528,06
Prefeitura Municipal de Monte Alto - SP;3531308;SP;51039;Receitas Brutas Realizadas;TOTAL DAS RECEITAS (III) = (I + II);siconfi-cor_TotalReceitas;245794859,61
Prefeitura Municipal de Oscar Bressane - SP;3534500;SP;2603;Receitas Brutas Realizadas;TOTAL DAS RECEITAS (III) = (I + II);siconfi-cor_TotalReceitas;14432190,43
Prefeitura Municipal de Brodowski - SP;3507803;SP;25605;Receitas Brutas Realizadas;TOTAL DAS RECEITAS (III) = (I + II);siconfi-cor_TotalReceitas;155532101,21
Prefeitura Municipal de Santa Salete - SP;3547650;SP;1558;Receitas Brutas Realizadas;TOTAL DAS RECEITAS (III) = (I + II);siconfi-cor_TotalReceitas;24998079,11
Prefeitura Municipal de Canas - SP;3509957;SP;5268;Receitas Brutas Realizadas;TOTAL DAS RECEITAS (III) = (I + II);siconfi-cor_TotalReceitas;36612147,6
Prefeitura Municipal de Cajuru - SP;3509403;SP;26613;Receitas Brutas Realizadas;TOTAL DAS RECEITAS (III) = (I + II);siconfi-cor_TotalReceitas;118783518,18
Prefeitura Municipal de Itaï¿½ca - SP;3522158;SP;3332;Receitas Brutas Realizadas;TOTAL DAS RECEITAS (III) = (I + II);siconfi-cor_TotalReceitas;1361518,11
Prefeitura Municipal de Dourado - SP;3514304;SP;8883;Receitas Brutas Realizadas;TOTAL DAS RECEITAS (III) = (I + II);siconfi-cor_TotalReceitas;60903634,5
Prefeitura Municipal de Franca - SP;3516200;SP;358539;Receitas Brutas Realizadas;TOTAL DAS RECEITAS (III) = (I + II);siconfi-cor_TotalReceitas;1186686999,48
Prefeitura Municipal de Presidente Epitï¿½cio - SP;3541307;SP;44572;Receitas Brutas Realizadas;TOTAL DAS RECEITAS (III) = (I + II);siconfi-cor_TotalReceitas;177739260,44
Prefeitura Municipal de Restinga - SP;3542701;SP;7762;Receitas Brutas Realizadas;TOTAL DAS RECEITAS (III) = (I + II);siconfi-cor_TotalReceitas;47477925,37
Prefeitura Municipal de Uru - SP;3555901;SP;1142;Receitas Brutas Realizadas;TOTAL DAS RECEITAS (III) = (I + II);siconfi-cor_TotalReceitas;25639548,85
Prefeitura Municipal de Caconde - SP;3508702;SP;19031;Receitas Brutas Realizadas;TOTAL DAS RECEITAS (III) = (I + II);siconfi-cor_TotalReceitas;88990955,81
Prefeitura Municipal de Aparecida - SP;3502507;SP;36211;Receitas Brutas Realizadas;TOTAL DAS RECEITAS (III) = (I + II);siconfi-cor_TotalReceitas;192157021,86
Prefeitura Municipal de Sï¿½o Joï¿½o das Duas Pontes - SP;3549201;SP;2555;Receitas Brutas Realizadas;TOTAL DAS RECEITAS (III) = (I + II);siconfi-cor_TotalReceitas;29913692,19
Prefeitura Municipal de Lourdes - SP;3527256;SP;2311;Receitas Brutas Realizadas;TOTAL DAS RECEITAS (III) = (I + II);siconfi-cor_TotalReceitas;27744251,99
Prefeitura Municipal de Paranapuï¿½ - SP;3535903;SP;4112;Receitas Brutas Realizadas;TOTAL DAS RECEITAS (III) = (I + II);siconfi-cor_TotalReceitas;32574247,66
Prefeitura Municipal de Chavantes - SP;3557204;SP;12418;Receitas Brutas Realizadas;TOTAL DAS RECEITAS (III) = (I + II);siconfi-cor_TotalReceitas;60422585,6
Prefeitura Municipal de Nazarï¿½ Paulista - SP;3532405;SP;18866;Receitas Brutas Realizadas;TOTAL DAS RECEITAS (III) = (I + II);siconfi-cor_TotalReceitas;97298407,13
Prefeitura Municipal de Sï¿½o Roque - SP;3550605;SP;93076;Receitas Brutas Realizadas;TOTAL DAS RECEITAS (III) = (I + II);siconfi-cor_TotalReceitas;430499124,72
Prefeitura Municipal de Paraibuna - SP;3535606;SP;18302;Receitas Brutas Realizadas;TOTAL DAS RECEITAS (III) = (I + II);siconfi-cor_TotalReceitas;120493308,16
Prefeitura Municipal de Santa Maria da Serra - SP;3547007;SP;6298;Receitas Brutas Realizadas;TOTAL DAS RECEITAS (III) = (I + II);siconfi-cor_TotalReceitas;40180667,4
