"Municipio gestor";"0101 Acoes coletivas/individuais em saude";"0102 Vigilancia em saude";"0201 Coleta de material";"0202 Diagnostico em laboratorio clinico";"0203 Diagnostico por anatomia patologica e citopatologia";"0204 Diagnostico por radiologia";"0205 Diagnostico por ultrasonografia";"0206 Diagnostico por tomografia";"0207 Diagnostico por ressonancia magnetica";"0208 Diagnostico por medicina nuclear in vivo";"0209 Diagnostico por endoscopia";"0210 Diagnostico por radiologia intervencionista";"0211 Metodos diagnosticos em especialidades";"0212 Diagnostico e procedimentos especiais em hemoterapia";"0213 Diagnostico em vigilancia epidemiologica e ambiental";"0214 Diagnostico por teste rapido";"0301 Consultas / Atendimentos / Acompanhamentos";"0302 Fisioterapia";"0303 Tratamentos clinicos (outras especialidades)";"0304 Tratamento em oncologia";"0305 Tratamento em nefrologia";"0306 Hemoterapia";"0307 Tratamentos odontologicos";"0309 Terapias especializadas";"0310 Parto e nascimento";"0401 Pequenas cirurgias e cirurgias de pele, tecido subcutaneo e mucosa";"0403 Cirurgia do sistema nervoso central e periferico";"0404 Cirurgia das vias aereas superiores, da face, da cabeca e do pescoco";"0405 Cirurgia do aparelho da visao";"0406 Cirurgia do aparelho circulatorio";"0407 Cirurgia do aparelho digestivo, orgaos anexos e parede abdominal";"0408 Cirurgia do sistema osteomuscular";"0409 Cirurgia do aparelho geniturinario";"0410 Cirurgia de mama";"0411 Cirurgia obstetrica";"0412 Cirurgia toracica";"0413 Cirurgia reparadora";"0414 Bucomaxilofacial";"0415 Outras cirurgias";"0417 Anestesiologia";"0418 Cirurgia em nefrologia";"0501 Coleta e exames para fins de doacao de orgaos, tecidos e celulas e de transplante";"0503 Acoes relacionadas a doacao de orgaos e tecidos para transplante";"0504 Processamento de tecidos para transplante";"0505 Transplante de orgaos, tecidos e celulas";"0506 Acompanhamento e intercorrencias no pre e pos-transplante";"0604 Componente Especializado da Assitencia Farmaceutica";"0701 Orteses, proteses e materiais especiais nao relacionados ao ato cirurgico";"0702 Orteses, proteses e materiais especiais relacionados ao ato cirurgico";"0801 Acoes relacionadas ao estabelecimento";"0803 Autorizacao / Regulacao";"Total"
"350010 Adamantina";-;7;-;22707;-;1854;506;286;-;-;-;-;438;606;75;466;23844;2349;144;-;937;528;-;22;-;164;-;11;1;-;1;14;-;-;-;-;-;-;-;8;7;-;-;-;-;-;-;26;11;-;12859;67871
"350020 Adolfo";3348;36;713;-;-;7;-;-;-;-;-;-;72;-;-;557;8730;321;-;-;-;-;200;2;-;2;-;-;-;-;-;-;-;-;-;-;-;49;-;-;-;-;-;-;-;-;-;10;-;-;-;14047
"350030 Aguai";9278;115;195;13372;-;359;502;-;-;-;-;-;192;-;-;1026;25434;1176;-;-;-;-;768;-;-;249;-;3;-;-;-;-;-;-;-;-;-;149;-;-;-;-;-;-;-;-;-;-;-;-;-;52818
"350040 Aguas da Prata";1103;1129;29;2623;-;441;-;-;-;-;-;-;-;-;-;166;4131;-;-;-;-;-;-;-;-;-;-;-;-;-;-;-;-;-;-;-;-;-;-;-;-;-;-;-;-;-;-;-;-;-;-;9622
"350050 Aguas de Lindoia";-;-;-;-;-;983;-;-;-;-;-;-;151;-;-;-;3388;192;1;-;-;-;-;-;-;-;-;-;-;-;-;-;-;-;-;-;-;-;-;-;-;-;-;-;-;-;-;-;-;-;-;4715
"350055 Aguas de Santa Barbara";-;-;-;3639;-;-;-;-;-;-;-;-;-;-;-;382;2718;-;-;-;-;-;-;-;-;-;-;-;-;-;-;-;-;-;-;-;-;-;-;-;-;-;-;-;-;-;-;-;-;-;-;6739
"350060 Aguas de Sao Pedro";73;-;95;3390;-;293;31;-;-;-;-;-;-;-;-;122;3212;241;-;-;-;-;94;-;-;-;-;-;-;-;-;-;-;-;-;-;-;13;-;-;-;-;-;-;-;-;-;-;-;-;-;7564
"350070 Agudos";6220;193;213;4117;-;1754;150;-;-;-;-;-;325;-;-;1802;52595;622;16;-;-;-;722;228;-;72;-;1;-;-;-;1;-;-;-;-;-;89;-;-;-;-;-;-;-;-;-;-;-;-;-;69120
"350075 Alambari";3629;466;582;2624;-;12;-;-;-;-;-;-;29;-;-;443;8142;214;-;-;-;-;820;-;-;3;-;1;-;-;-;-;-;-;-;-;-;52;-;-;-;-;-;-;-;-;-;20;-;-;-;17037
"350080 Alfredo Marcondes";7600;81;189;-;-;-;-;-;-;-;-;-;23;-;-;134;4770;337;-;-;-;-;366;-;-;16;-;-;-;-;-;-;-;-;-;-;-;43;-;-;-;-;-;-;-;-;-;20;-;-;-;13579
"350090 Altair";314;-;212;-;-;10;-;-;-;-;-;-;-;-;-;580;4284;583;-;-;-;-;257;-;-;-;-;-;-;-;-;-;-;-;-;-;-;48;-;-;-;-;-;-;-;-;-;20;-;-;-;6308
"350100 Altinopolis";5369;151;905;9820;-;852;118;-;-;-;-;-;183;-;-;1176;25730;632;-;-;-;-;638;-;-;52;-;1;-;-;-;-;-;-;-;-;-;64;-;-;-;-;-;-;-;-;-;11;-;-;860;46562
"350110 Alto Alegre";297;131;-;3654;-;1126;-;-;-;-;-;-;-;-;-;-;1419;282;-;-;-;-;-;-;-;-;-;-;-;-;-;-;-;-;-;-;-;-;-;-;-;-;-;-;-;-;-;-;-;-;-;6909
"350115 Aluminio";-;865;-;6893;-;684;-;-;-;-;-;-;84;-;-;280;5402;-;35;-;-;-;-;-;-;21;-;-;-;-;-;-;-;-;-;-;-;-;-;-;-;-;-;-;-;-;-;-;-;-;-;14264
"350120 Alvares Florence";-;51;18;-;-;-;-;-;-;-;-;-;29;-;-;-;195;766;-;-;-;-;-;-;-;91;-;-;-;-;-;-;-;-;-;-;-;-;-;-;-;-;-;-;-;-;-;-;-;-;509;1659
"350130 Alvares Machado";3899;77;-;500;-;108;-;-;-;-;-;-;56;-;-;-;8715;1559;1;-;-;-;648;-;-;13;-;-;-;-;-;-;-;-;-;-;-;110;1;-;-;-;-;-;-;-;-;16;-;-;-;15703
"350140 Alvaro de Carvalho";-;-;183;-;-;-;-;-;-;-;-;-;-;-;-;90;1564;345;-;-;-;-;-;-;-;-;-;-;-;-;-;-;-;-;-;-;-;-;-;-;-;-;-;-;-;-;-;-;-;-;-;2182
"350150 Alvinlandia";544;11;78;-;-;-;-;-;-;-;-;-;17;-;-;22;923;24;-;-;-;-;53;-;-;-;-;-;-;-;-;-;-;-;-;-;-;40;-;-;-;-;-;-;-;-;-;6;-;-;-;1718
"350160 Americana";6144;632;6701;108651;387;6840;2378;414;171;37;319;-;2892;42;-;1948;75861;6996;215;-;953;23;2571;937;-;364;-;43;179;-;87;-;5;-;-;-;-;211;-;-;8;-;-;-;-;-;-;68;10;-;-;226087
"350170 Americo Brasiliense";118;108;4132;3700;-;350;392;-;-;-;-;-;200;-;-;2410;23103;316;-;-;-;-;465;-;-;15;-;8;-;-;-;-;-;-;-;-;-;103;-;-;-;-;-;-;-;-;-;25;-;-;-;35445
"350180 Americo de Campos";-;70;-;1813;-;-;-;-;-;-;-;-;58;-;-;14;238;28;-;-;-;-;1;-;-;-;-;-;-;-;-;-;-;-;-;-;-;2;-;-;-;-;-;-;-;-;-;7;-;-;-;2231
"350190 Amparo";160;8154;28;60972;-;1076;100;290;-;-;29;-;2107;-;-;71;19156;2718;5;-;1399;-;938;158;-;84;-;9;33;-;1;2;7;-;-;1;-;4;-;1;29;-;-;-;-;-;-;194;39;-;-;97765
"350200 Analandia";282;20;33;1819;-;253;-;-;-;-;-;-;-;-;-;844;5224;75;-;-;-;-;367;-;-;10;-;-;-;-;-;-;-;-;-;-;-;24;-;-;-;-;-;-;-;-;-;-;-;-;-;8951
"350210 Andradina";3496;223;1377;501;-;1035;10;-;-;-;-;-;330;-;-;2194;38821;1454;56;-;-;-;243;-;-;64;-;-;-;-;-;-;-;-;-;-;-;23;-;-;-;-;-;-;-;-;-;-;-;-;-;49827
"350220 Angatuba";557;46;2;14425;-;1066;95;-;-;-;35;-;146;-;-;307;15198;724;-;-;-;-;-;-;-;60;-;12;-;-;-;-;-;-;-;-;-;-;-;-;-;-;-;-;-;-;-;-;-;-;-;32673
"350230 Anhembi";2542;18;435;-;-;3;26;-;-;-;-;-;63;-;-;750;8472;793;-;-;-;-;275;-;1;62;-;-;-;-;-;-;-;-;-;-;-;38;-;-;-;-;-;-;-;-;-;-;-;-;-;13478
"350240 Anhumas";43;254;-;1556;-;-;-;-;-;-;-;-;-;-;-;-;9;746;-;-;-;-;-;-;-;-;-;-;-;-;-;-;-;-;-;-;-;-;-;-;-;-;-;-;-;-;-;-;-;-;439;3047
"350250 Aparecida";148;-;-;3621;-;1474;10;-;-;-;-;-;265;-;-;-;17123;271;17;-;-;-;320;-;-;127;-;2;-;-;-;-;14;-;-;-;-;36;-;10;-;-;-;-;-;-;-;28;-;-;-;23466
"350260 Aparecida d'Oeste";4437;33;169;-;-;23;-;-;-;-;-;-;35;-;-;212;4355;341;-;-;-;-;273;-;-;32;-;1;-;-;-;-;-;-;-;-;-;40;-;-;-;-;-;-;-;-;-;-;-;-;360;10311
"350270 Apiai";33;42;-;10250;-;1084;-;-;-;-;-;-;316;-;-;131;6228;385;30;-;-;-;257;-;-;58;-;-;-;-;-;-;-;-;-;-;-;31;-;-;-;-;-;-;-;-;-;-;-;-;-;18845
"350275 Aracariguama";2930;68;2830;20225;-;2788;74;-;-;-;-;-;740;-;4;2615;62464;1158;-;-;-;-;-;-;-;40;-;28;-;-;-;-;-;-;-;-;-;-;-;-;-;-;-;-;-;-;-;-;-;-;-;95964
"350280 Aracatuba";4761;1258;500;69012;2229;8304;49;117;117;171;3;-;3922;-;-;1975;72440;356;55;-;-;-;3099;-;-;209;-;216;96;2;-;-;-;-;-;-;-;694;3;-;-;-;-;-;-;-;-;3085;-;-;14361;187034
"350290 Aracoiaba da Serra";44;85;-;14059;-;995;286;-;-;-;-;-;65;-;-;723;21541;918;38;-;-;-;4;-;-;36;-;1;-;-;-;-;-;-;-;-;-;4;-;-;-;-;-;-;-;-;-;-;-;-;-;38799
"350300 Aramina";932;-;-;-;-;-;-;-;-;-;-;-;-;-;-;-;-;-;-;-;-;-;-;-;-;-;-;-;-;-;-;-;-;-;-;-;-;-;-;-;-;-;-;-;-;-;-;13;-;-;-;945
"350310 Arandu";570;35;114;-;-;-;-;-;-;-;-;-;-;-;-;84;1434;-;-;-;-;-;13;-;-;6;-;-;-;-;-;-;-;-;-;-;-;23;-;-;-;-;-;-;-;-;-;-;-;-;-;2279
"350315 Arapei";11;6;68;-;-;-;-;-;-;-;-;-;48;-;-;98;2991;218;-;-;-;-;187;-;-;-;-;-;-;-;-;-;-;-;-;-;-;5;-;-;-;-;-;-;-;-;-;22;-;-;2406;6060
"350320 Araraquara";14297;2135;2115;75566;3384;6430;1484;400;267;137;264;-;16121;-;-;3161;144218;9293;761;869;2965;61;2588;30;-;620;-;157;834;-;37;9;3;-;-;-;-;383;-;1;39;-;-;-;1;-;-;604;44;-;-;289278
"350330 Araras";18852;404;1971;44354;42;5442;600;703;-;1;80;-;1367;35;-;1958;76183;-;31;360;1238;45;2879;5;-;332;-;2;47;-;3;9;8;-;-;1;-;434;-;-;6;-;-;-;-;-;-;-;5;-;-;157397
"350335 Arco-Iris";477;6;71;-;-;-;-;-;-;-;-;-;-;-;-;30;874;-;-;-;-;-;-;-;-;-;-;-;-;-;-;-;-;-;-;-;-;-;-;-;-;-;-;-;-;-;-;-;-;-;-;1458
"350340 Arealva";416;40;181;40;-;104;352;-;-;-;-;-;3150;-;-;276;9711;312;103;-;-;-;340;-;-;-;-;-;498;-;-;-;-;-;-;-;-;29;-;-;-;-;-;-;-;-;-;14;-;-;-;15566
"350350 Areias";38;24;1138;-;-;-;67;-;-;-;-;-;16;-;-;97;3642;148;-;-;-;-;117;-;-;36;-;-;-;-;-;-;-;-;-;-;-;3;-;-;-;-;-;-;-;-;-;18;-;-;559;5903
"350360 Areiopolis";208;37;-;-;-;215;61;-;-;-;-;-;-;-;-;70;3880;-;-;-;-;-;-;-;-;2;-;3;-;-;-;-;-;-;-;-;-;-;-;-;-;-;-;-;-;-;-;43;-;-;40;4559
"350370 Ariranha";52;24;-;424;-;263;6;-;-;-;-;-;113;-;-;446;9454;283;1;-;-;-;260;-;-;-;-;-;-;-;-;-;-;-;-;-;-;7;-;-;-;-;-;-;-;-;-;36;-;-;-;11369
"350380 Artur Nogueira";9299;-;1614;10826;-;1405;-;-;-;-;-;-;270;-;-;1201;15811;472;-;-;-;-;783;-;-;-;-;-;-;-;-;-;-;-;-;-;-;131;-;-;-;-;-;-;-;-;-;-;-;-;-;41812
"350390 Aruja";7426;4003;54;38660;613;4074;987;137;-;-;-;-;1013;-;-;4757;58240;5540;-;-;-;5;97;1;-;74;-;31;-;-;-;-;-;-;-;-;-;43;-;-;-;-;-;-;-;-;-;-;-;-;-;125755
"350395 Aspasia";-;22;-;-;-;-;-;-;-;-;-;-;-;-;-;-;-;-;-;-;-;-;-;-;-;-;-;-;-;-;-;-;-;-;-;-;-;-;-;-;-;-;-;-;-;-;-;-;-;-;-;22
"350400 Assis";6953;224;3623;42965;267;4473;356;-;-;-;123;-;3053;3;-;705;54406;269;143;-;1578;3;396;-;-;144;-;11;52;-;-;7;-;-;-;-;-;34;-;2;13;-;-;-;-;-;-;19;16;-;-;119838
"350410 Atibaia";404;6716;76;52862;28;4373;704;92;-;-;63;-;782;-;-;541;42028;1470;8;-;-;15;307;1;-;47;-;-;-;-;-;1;12;-;-;-;-;208;-;-;-;-;-;-;-;-;-;51;-;-;10350;121139
"350420 Auriflama";4281;62;-;2914;-;508;207;-;-;-;-;-;146;-;-;598;22560;398;-;-;-;-;487;-;-;39;-;3;-;-;-;-;-;-;-;-;-;51;-;-;-;-;-;-;-;-;-;-;-;-;6953;39207
"350430 Avai";670;-;-;-;-;-;-;-;-;-;-;-;-;-;-;49;1624;-;-;-;-;-;-;-;-;-;-;-;-;-;-;-;-;-;-;-;-;-;-;-;-;-;-;-;-;-;-;-;-;-;-;2343
"350440 Avanhandava";101;-;242;3;-;-;168;-;-;-;-;-;83;-;-;414;5357;340;-;-;-;-;-;-;-;18;-;4;-;-;-;-;-;-;-;-;-;-;-;-;-;-;-;-;-;-;-;30;-;-;1506;8266
"350450 Avare";76;507;2608;37344;-;3196;245;186;28;-;-;-;608;21;-;177;34348;3025;13;54;1693;21;64;108;-;128;-;-;-;-;-;1;-;-;-;-;-;4;-;-;8;-;-;-;-;-;-;-;4;-;-;84467
"350460 Bady Bassitt";9170;281;-;15735;-;608;1;-;-;-;-;-;221;-;87;560;21581;642;-;-;-;-;16;96;-;15;-;-;-;-;-;-;-;-;-;-;-;8;-;-;-;-;-;-;-;-;-;32;-;-;-;49053
"350470 Balbinos";698;35;-;-;-;-;-;-;-;-;-;-;-;-;-;-;-;-;-;-;-;-;-;-;-;-;-;-;-;-;-;-;-;-;-;-;-;-;-;-;-;-;-;-;-;-;-;-;-;-;-;733
"350480 Balsamo";163;43;-;-;-;-;-;-;-;-;-;-;-;-;-;-;917;-;-;-;-;-;456;-;-;2;-;-;-;-;-;-;-;-;-;-;-;14;-;-;-;-;-;-;-;-;-;-;-;-;-;1595
"350490 Bananal";19;30;-;1834;-;450;71;-;-;-;-;-;68;-;-;266;4634;388;-;-;-;-;40;-;-;110;-;-;-;-;-;-;-;-;-;-;-;33;-;-;-;-;-;-;-;-;-;-;-;-;2377;10320
"350510 Barbosa";9109;38;297;-;-;-;-;-;-;-;-;-;40;-;-;387;8653;731;-;-;-;-;177;-;-;19;-;-;-;-;-;-;-;-;-;-;-;26;-;-;-;-;-;-;-;-;-;-;-;-;2008;21485
"350520 Bariri";13800;110;208;8317;-;1779;144;-;-;-;-;-;357;-;-;2414;24287;1090;46;-;-;-;1132;1;-;6;-;-;-;-;-;-;-;-;-;-;-;212;-;-;-;-;-;-;-;-;-;34;-;-;4000;57937
"350530 Barra Bonita";2562;-;112;1025;-;946;253;76;37;-;45;-;583;-;-;1152;17241;1279;-;-;-;-;1353;-;-;151;-;-;-;-;-;-;-;-;-;-;-;144;-;-;-;-;-;-;-;-;-;36;-;-;-;26995
"350535 Barra do Chapeu";-;76;-;-;-;-;-;-;-;-;-;-;-;-;-;-;-;136;-;-;-;-;-;-;-;-;-;-;-;-;-;-;-;-;-;-;-;-;-;-;-;-;-;-;-;-;-;-;-;-;-;212
"350540 Barra do Turvo";-;49;381;2687;-;344;-;-;-;-;-;-;49;-;-;330;4851;-;-;-;-;-;-;-;-;18;-;9;-;-;-;-;-;-;-;-;9;-;-;-;-;-;-;-;-;-;-;-;-;-;-;8727
"350550 Barretos";43705;-;1051;58404;40;4891;1497;765;1;-;42;-;686;23;2;6073;109685;1265;128;-;2238;1;2838;445;-;427;-;98;-;-;3;11;1;-;-;-;-;704;-;-;21;-;-;-;-;-;-;59;25;-;-;235129
"350560 Barrinha";1718;-;19;32;-;257;7;-;-;-;-;-;-;-;-;1013;10961;506;-;-;-;-;345;-;-;36;-;-;-;-;-;-;-;-;-;-;-;98;-;-;-;-;-;-;-;-;-;-;-;-;-;14992
"350570 Barueri";24322;952;35238;436033;3246;25317;29914;3455;1147;14;2666;-;22745;251;-;17115;466404;4560;568;-;2934;15;8148;922;-;912;-;169;207;5;5;3;-;-;-;-;-;886;1;120;10;-;-;-;-;-;-;55;10;-;34;1088383
"350580 Bastos";5615;97;-;4861;-;992;-;-;-;-;-;-;80;-;-;192;11514;1095;-;-;-;-;624;1;-;32;-;-;-;-;-;-;-;-;-;-;-;149;-;-;-;-;-;-;-;-;-;21;-;-;1065;26338
"350590 Batatais";17136;303;1809;42457;-;2757;970;100;-;-;-;-;2326;-;-;1836;52659;386;47;-;1491;-;490;-;-;115;-;24;-;-;-;7;-;-;-;-;-;126;1;-;10;-;-;-;-;-;-;-;3;-;-;125053
"350600 Bauru";26809;102783;2883;178305;-;6878;570;19;113;-;-;-;1411;-;-;7682;231829;1472;15;-;-;-;1642;6;-;179;-;12;-;-;-;-;-;-;-;-;-;536;-;-;-;-;-;-;-;-;-;811;-;1;2081;566037
"350610 Bebedouro";7885;-;980;42714;106;817;181;-;-;-;19;-;1156;-;-;608;27412;711;-;-;-;-;-;-;-;83;-;-;51;58;-;-;-;-;-;-;-;-;-;-;-;-;-;-;-;-;-;-;-;-;-;82781
"350630 Bernardino de Campos";-;30;-;992;-;622;-;-;-;-;-;-;127;-;-;2;5636;242;10;-;-;-;-;-;-;25;-;1;-;-;-;3;-;-;-;-;-;-;-;-;-;-;-;-;-;-;-;36;-;-;-;7726
"350635 Bertioga";31120;149;3368;45086;224;3616;1527;74;26;-;18;-;1206;-;3;3484;93979;1590;11;-;-;-;1442;84;-;419;-;25;-;-;6;-;7;-;-;-;-;288;-;-;-;-;-;-;-;-;-;-;-;-;-;187752
"350640 Bilac";4620;-;47;351;-;206;-;-;-;-;-;-;22;-;-;322;9342;160;-;-;-;-;560;-;-;1;-;1;-;-;-;-;-;-;-;-;-;42;-;-;-;-;-;-;-;-;-;18;-;-;3275;18967
"350650 Birigui";27103;136;681;25228;20;4578;1135;988;54;-;104;-;1553;-;-;8631;106402;805;67;-;-;-;2023;419;-;522;-;48;-;-;-;-;1;-;-;-;-;391;2;-;-;-;-;-;-;-;-;85;-;-;-;180976
"350660 Biritiba-Mirim";857;30;354;6031;-;909;43;-;-;-;-;-;196;-;-;702;14338;-;91;-;-;-;35;-;-;20;-;-;-;-;-;-;-;-;-;-;-;59;-;-;-;-;-;-;-;-;-;-;-;-;-;23665
"350670 Boa Esperanca do Sul";-;-;-;138;-;-;-;-;-;-;-;-;90;-;-;200;4041;-;-;-;-;-;-;-;-;12;-;-;-;-;-;-;-;-;-;-;-;-;-;-;-;-;-;-;-;-;-;-;-;-;-;4481
"350680 Bocaina";5260;-;374;-;-;153;63;-;-;-;-;-;50;-;-;95;9167;333;-;-;-;-;483;-;-;52;-;4;-;-;-;-;-;-;-;-;-;35;-;-;-;-;-;-;-;-;-;-;-;-;2887;18956
"350690 Bofete";28;21;29;-;-;-;350;-;-;-;-;-;88;-;-;176;6218;-;120;-;-;-;-;-;-;156;-;-;-;-;-;-;-;-;-;-;-;-;-;-;-;-;-;-;-;-;-;-;-;-;-;7186
"350700 Boituva";2935;289;998;23268;-;1497;882;220;36;-;59;-;645;-;-;2354;58022;3163;-;-;-;-;458;-;-;146;-;50;-;-;-;-;-;-;-;-;-;85;-;-;-;-;-;-;-;-;-;141;-;-;2500;97748
"350710 Bom Jesus dos Perdoes";-;-;316;2500;-;1157;1;-;-;-;-;-;131;-;-;231;13686;899;-;-;-;-;-;-;-;9;-;1;-;-;-;-;-;-;-;-;-;-;-;-;-;-;-;-;-;-;-;-;-;-;-;18931
"350715 Bom Sucesso de Itarare";27;20;-;-;-;-;-;-;-;-;-;-;-;-;-;-;154;-;-;-;-;-;-;-;-;-;-;-;-;-;-;-;-;-;-;-;-;-;-;-;-;-;-;-;-;-;-;16;-;-;-;217
"350730 Boraceia";2236;9;145;-;-;1;-;-;-;-;-;-;-;-;-;141;5529;119;-;-;-;-;169;-;-;-;-;-;-;-;-;-;-;-;-;-;-;21;-;-;-;-;-;-;-;-;-;4;-;-;1000;9374
"350740 Borborema";837;168;22;2574;-;487;239;-;-;-;-;-;104;-;-;355;10587;1055;-;-;-;-;47;-;-;39;-;2;4;-;-;-;-;-;-;-;1;20;-;-;-;-;-;-;-;-;-;23;-;-;-;16564
"350745 Borebi";746;-;108;-;-;9;-;-;-;-;-;-;11;-;-;84;1893;236;-;-;-;-;456;1;-;-;-;-;-;-;-;-;-;-;-;-;-;34;-;-;-;-;-;-;-;-;-;8;-;-;84;3670
"350750 Botucatu";43065;249;9656;54;-;1037;336;-;-;-;107;-;1271;-;-;8186;69447;2373;151;-;-;-;5002;506;-;89;-;146;-;-;30;-;1;-;-;-;-;646;-;-;-;-;-;-;-;-;-;2;-;-;-;142354
"350760 Braganca Paulista";242;456;2734;87524;-;6927;2407;804;-;-;372;-;2165;-;-;6163;112036;419;334;-;-;-;843;14;-;445;-;4;39;-;7;52;-;-;-;-;-;298;-;3;-;-;-;-;-;-;-;-;-;-;-;224288
"350770 Brauna";2573;14;151;-;-;-;-;-;-;-;-;-;-;-;-;182;5389;-;-;-;-;-;535;-;-;1;-;-;-;-;-;-;-;-;-;-;-;65;-;-;-;-;-;-;-;-;-;-;-;-;-;8910
"350775 Brejo Alegre";389;-;89;-;-;2;-;-;-;-;-;-;-;-;-;165;3453;396;-;-;-;-;156;1;-;1;-;-;-;-;-;-;-;-;-;-;-;17;-;-;-;-;-;-;-;-;-;-;-;-;-;4669
"350780 Brodowski";16448;-;1085;12658;-;430;-;-;-;-;-;-;83;-;-;1056;30547;699;-;-;-;-;541;1;-;9;-;37;-;-;-;-;-;-;-;-;-;100;-;-;-;-;-;-;-;-;-;-;-;-;-;63694
"350790 Brotas";2375;153;687;1438;-;636;-;-;-;-;-;-;384;-;-;1882;17806;129;12;-;-;-;641;-;-;45;-;2;-;-;-;-;-;-;-;-;-;76;-;-;-;-;-;-;-;-;-;-;-;-;-;26266
"350800 Buri";1281;9;155;6530;-;563;-;-;-;-;-;-;95;-;-;336;7891;523;-;-;-;-;-;-;-;113;-;-;-;-;-;-;-;-;-;-;-;-;-;-;-;-;-;-;-;-;-;-;-;-;2334;19830
"350810 Buritama";9032;960;221;3886;-;581;286;-;-;-;-;-;519;-;-;794;23316;544;2365;-;-;-;485;52;-;4;-;4;356;-;-;-;-;-;-;-;-;99;-;-;-;-;-;-;-;-;-;14;-;-;5597;49115
"350820 Buritizal";45;11;73;-;-;4;-;-;-;-;-;-;4;-;-;150;4684;269;-;-;-;-;210;-;-;-;-;-;-;-;-;-;-;-;-;-;-;12;-;-;-;-;-;-;-;-;-;15;-;-;-;5477
"350830 Cabralia Paulista";4363;13;251;-;-;-;-;-;-;-;-;-;-;-;-;597;8896;208;-;-;-;-;446;-;-;-;-;-;-;-;-;-;-;-;-;-;-;89;-;-;-;-;-;-;-;-;-;-;-;-;-;14863
"350840 Cabreuva";5658;38;1846;26929;-;3059;595;-;-;-;-;-;602;-;-;3106;61620;621;333;-;-;-;1256;80;-;144;-;4;-;-;-;-;-;-;-;-;-;187;-;-;-;-;-;-;-;-;-;-;-;-;-;106078
"350850 Cacapava";16283;228;41;62310;612;3124;565;109;7;-;34;-;810;22;47;985;32462;591;19;-;-;14;2558;2;-;2458;-;9;-;20;-;2;3;-;-;-;-;284;-;-;-;-;-;-;-;-;-;-;-;-;2538;126137
"350860 Cachoeira Paulista";73;-;-;11475;-;1126;-;-;-;-;-;-;297;-;-;510;12471;583;-;-;-;3;480;-;-;13;-;3;-;-;-;-;-;-;-;-;-;45;-;-;-;-;-;-;-;-;-;-;-;-;-;27079
"350870 Caconde";3692;99;188;4482;-;30;133;-;-;-;-;-;45;-;1;651;8037;467;7;-;-;-;644;-;-;24;-;-;-;-;-;-;-;-;-;-;-;122;-;-;-;-;-;-;-;-;-;42;-;-;371;19035
"350880 Cafelandia";9275;-;613;956;-;392;10;-;-;-;-;-;811;-;-;439;19902;330;520;-;-;-;300;-;-;31;-;2;21;-;-;-;3;-;-;-;1;78;-;-;-;-;-;-;-;-;-;-;-;-;-;33684
"350890 Caiabu";-;4;-;-;-;-;-;-;-;-;-;-;-;-;-;-;-;408;-;-;-;-;-;-;-;-;-;-;-;-;-;-;-;-;-;-;-;-;-;-;-;-;-;-;-;-;-;25;-;-;-;437
"350900 Caieiras";-;493;1048;56764;-;950;641;-;-;-;-;-;799;-;-;3310;76374;1216;34;-;-;-;-;-;-;29;-;14;-;-;-;-;-;-;-;-;-;-;-;-;-;-;-;-;-;-;-;-;-;-;-;141672
"350910 Caiua";2729;8;509;-;-;1;-;-;-;-;-;-;-;-;-;301;3490;162;-;-;-;-;96;-;-;6;-;-;-;-;-;-;-;-;-;-;-;31;-;-;-;-;-;-;-;-;-;-;-;-;-;7333
"350920 Cajamar";5707;202;-;57498;2;5167;2307;219;-;-;234;-;4216;-;-;1575;80385;5756;-;-;-;-;-;-;-;58;-;-;-;-;-;-;-;-;-;-;-;-;-;-;-;-;-;-;-;-;-;-;-;-;-;163326
"350925 Cajati";446;402;652;6909;-;740;341;-;-;-;-;-;179;-;-;2115;21228;922;-;-;-;-;110;-;-;47;-;2;-;-;-;-;-;-;-;1;-;-;-;-;-;-;-;-;-;-;-;20;-;-;-;34114
"350930 Cajobi";-;-;259;-;-;294;-;-;-;-;-;-;84;-;-;170;3971;350;-;-;-;-;-;-;-;32;-;5;-;-;-;-;-;-;-;-;-;-;-;-;-;-;-;-;-;-;-;-;-;-;-;5165
"350940 Cajuru";300;-;11;10675;-;831;135;41;-;-;25;-;808;-;8;562;11519;324;38;-;-;-;893;-;-;299;-;6;-;-;3;3;3;-;-;-;7;40;1;-;-;-;-;-;-;-;-;24;-;-;-;26556
"350945 Campina do Monte Alegre";-;17;-;-;-;49;-;-;-;-;-;-;90;-;-;-;2533;112;-;-;-;-;-;-;-;-;-;-;-;-;-;-;-;-;-;-;-;-;-;-;-;-;-;-;-;-;-;-;-;-;-;2801
"350950 Campinas";757;839;17096;611016;2123;31727;10640;3636;860;369;1179;8;27498;-;110;13947;321999;4178;727;2141;3377;111;601;351;-;1990;-;189;805;26;133;42;35;2;2;8;2;195;4;53;38;-;-;-;-;17;-;565;74;-;-;1059470
"350960 Campo Limpo Paulista";2289;97;20493;31827;6;3382;464;464;-;-;61;-;705;-;819;2151;86063;4810;183;-;2237;-;21;-;-;841;-;10;5;-;-;5;2;-;-;2;-;141;-;109;15;-;-;-;-;-;-;-;19;-;-;157221
"350970 Campos do Jordao";5389;164;1695;17363;-;1811;360;-;-;-;-;-;315;-;-;2478;35326;251;58;-;-;-;1118;-;-;15;-;1;-;-;-;-;-;-;-;-;-;115;-;-;-;-;-;-;-;-;-;-;-;-;-;66459
"350980 Campos Novos Paulista";2923;3;349;-;-;-;-;-;-;-;-;-;-;-;-;445;9700;407;-;-;-;-;220;-;-;1;-;9;-;-;-;-;-;-;-;-;-;25;-;-;-;-;-;-;-;-;-;42;-;-;1039;15163
"350990 Cananeia";-;-;76;-;-;514;-;-;-;-;-;-;83;-;-;165;5125;190;-;-;-;-;-;-;-;1;-;-;-;-;-;-;-;-;-;-;-;-;-;-;-;-;-;-;-;-;-;-;-;-;-;6154
"350995 Canas";36;-;-;-;-;-;-;-;-;-;-;-;-;-;-;-;288;2;-;-;-;-;70;-;-;-;-;-;-;-;-;-;-;-;-;-;-;46;-;-;-;-;-;-;-;-;-;-;-;-;-;442
"351000 Candido Mota";4370;142;-;19533;9;926;120;-;-;-;95;-;1049;-;-;777;23003;2456;41;-;-;-;-;11;-;105;-;-;-;-;-;-;-;-;-;-;-;-;-;-;-;-;-;-;-;-;-;62;-;-;-;52699
"351010 Candido Rodrigues";-;4;-;-;-;-;27;-;-;-;-;-;-;-;-;-;120;-;-;-;-;-;55;-;-;-;-;-;-;-;-;-;-;-;-;-;-;-;-;-;-;-;-;-;-;-;-;-;-;-;-;206
"351015 Canitar";81;76;-;559;-;8;-;-;-;-;-;-;-;-;-;-;147;310;-;-;-;-;63;-;-;-;-;-;-;-;-;-;-;-;-;-;-;8;-;-;-;-;-;-;-;-;-;1;-;-;-;1253
"351020 Capao Bonito";7100;-;97;18001;-;1886;223;-;-;-;33;-;594;-;-;443;18144;602;19;-;-;-;367;68;-;115;-;5;-;-;-;22;2;1;-;-;-;147;-;-;-;-;-;-;-;-;-;-;-;-;-;47869
"351030 Capela do Alto";198;43;1449;-;-;1184;-;-;-;-;-;-;68;-;-;585;19508;165;-;-;-;-;241;-;-;11;-;-;-;-;-;-;-;-;-;-;-;42;-;-;-;-;-;-;-;-;-;4;-;-;-;23498
"351040 Capivari";7391;229;1825;19235;49;1127;390;130;-;-;48;-;853;-;-;1423;29688;717;34;-;-;11;2142;-;-;59;-;4;-;-;1;-;-;-;-;-;-;361;-;-;-;-;-;-;-;-;-;53;-;-;-;65770
"351050 Caraguatatuba";7786;667;501;131218;947;8580;3222;1344;209;-;1;-;7730;224;44;5513;93479;3341;235;-;2817;130;883;204;-;2374;-;25;73;-;1;11;1;-;-;3;-;151;280;41;11;-;-;-;-;-;-;137;5;69;-;272257
"351060 Carapicuiba";7361;535;3401;66;-;13900;-;-;-;-;-;-;696;-;-;4662;99327;-;-;-;-;-;710;-;-;176;-;1;-;-;-;-;-;-;-;-;-;381;-;-;-;-;-;-;-;-;-;-;-;-;-;131216
"351070 Cardoso";-;15;-;71;-;-;-;-;-;-;-;-;-;-;-;-;-;-;-;-;-;-;-;-;-;-;-;-;-;-;-;-;-;-;-;-;-;-;-;-;-;-;-;-;-;-;-;-;-;-;-;86
"351080 Casa Branca";20;96;37;9097;7;1254;-;-;-;-;-;-;265;-;-;272;11211;257;82;-;-;-;16;-;-;68;-;-;2;-;-;-;-;-;-;-;-;-;-;-;-;-;-;-;-;-;-;16;-;-;-;22700
"351090 Cassia dos Coqueiros";-;-;-;-;-;-;-;-;-;-;-;-;-;-;-;-;37;-;-;-;-;-;-;-;-;-;-;-;-;-;-;-;-;-;-;-;-;-;-;-;-;-;-;-;-;-;-;-;-;-;-;37
"351100 Castilho";6719;17;780;1558;-;436;-;-;-;-;-;-;82;-;-;1119;24544;867;11;-;-;-;308;-;-;50;-;18;-;-;3;-;-;-;-;-;-;186;-;-;-;-;-;-;-;-;-;-;-;-;-;36698
"351110 Catanduva";20381;887;5817;4794;-;1813;1;-;-;-;-;-;2009;-;-;5657;96231;1604;706;-;-;-;5511;1;-;123;-;119;174;-;-;-;-;-;-;-;-;439;3;-;-;-;-;-;-;-;-;260;-;-;7935;154465
"351120 Catigua";-;18;-;-;-;-;-;-;-;-;-;-;-;-;-;-;30;684;-;-;-;-;-;-;-;-;-;-;-;-;-;-;-;-;-;-;-;-;-;-;-;-;-;-;-;-;-;-;-;-;-;732
"351130 Cedral";480;56;587;3189;-;338;-;-;-;-;-;-;-;-;-;185;10538;461;-;-;-;-;-;-;-;-;-;-;-;-;-;-;-;-;-;-;-;-;-;-;-;-;-;-;-;-;-;-;-;-;-;15834
"351140 Cerqueira Cesar";9;30;-;-;-;-;-;-;-;-;-;-;-;-;-;244;532;-;-;-;-;-;17;-;-;-;-;-;-;-;-;-;-;-;-;-;-;2;-;-;-;-;-;-;-;-;-;-;-;-;-;834
"351150 Cerquilho";3680;410;1163;19839;-;1916;146;-;-;-;-;-;382;-;-;1489;53402;650;50;-;-;6;1326;-;-;80;-;49;-;-;2;1;-;-;-;-;-;84;-;-;-;-;-;-;-;-;-;35;-;-;20;84730
"351160 Cesario Lange";-;110;-;3513;-;775;379;8;24;-;71;-;63;-;-;-;6098;-;6;-;-;-;-;-;-;16;-;-;-;-;-;-;-;-;-;-;-;-;-;-;-;-;-;-;-;-;-;-;-;-;-;11063
"351170 Charqueada";5508;-;346;135;-;295;-;-;-;-;-;-;78;-;20;529;15853;847;-;-;-;-;433;-;-;70;-;-;-;-;2;-;-;-;-;-;-;54;-;-;-;-;-;-;-;-;-;-;-;-;1166;25336
"355720 Chavantes";6222;31;45;1;-;-;-;-;-;-;-;-;11;-;-;231;8348;164;-;-;-;-;31;-;-;-;-;-;-;-;-;-;-;-;-;-;-;35;-;-;-;-;-;-;-;-;-;-;-;-;-;15119
"351190 Clementina";1672;141;-;-;-;-;-;-;-;-;-;-;-;-;-;-;-;-;-;-;-;-;-;-;-;-;-;-;-;-;-;-;-;-;-;-;-;-;-;-;-;-;-;-;-;-;-;-;-;-;-;1813
"351200 Colina";4745;104;161;10904;-;987;335;-;-;-;-;-;282;-;-;385;15381;-;10;-;-;-;464;-;-;18;-;-;-;-;-;-;-;-;-;-;-;102;-;-;-;-;-;-;-;-;-;-;-;-;-;33878
"351210 Colombia";3448;49;25;2781;-;79;31;-;-;-;-;-;36;-;-;151;4020;132;2;-;-;-;92;-;-;13;-;-;-;-;-;-;-;-;-;-;-;15;-;-;-;-;-;-;-;-;-;51;-;-;-;10925
"351220 Conchal";825;340;1;18222;-;1027;-;106;-;-;-;-;181;-;-;295;13925;109;14;-;-;-;-;-;-;219;-;-;-;-;-;6;-;-;-;-;-;-;-;4;-;-;-;-;-;-;-;-;-;-;2390;37664
"351230 Conchas";1318;14;-;6480;-;909;134;-;-;-;-;-;175;-;-;265;17901;-;-;-;-;-;101;-;-;71;-;-;-;-;-;-;-;-;-;-;-;76;-;-;-;-;-;-;-;-;-;-;-;-;-;27444
"351240 Cordeiropolis";204;28;2193;14142;-;1125;297;-;-;-;-;-;317;-;-;329;19375;1264;-;-;-;-;621;-;-;-;-;-;-;-;-;-;-;-;-;-;-;22;-;-;-;-;-;-;-;-;-;20;-;-;-;39937
"351250 Coroados";2394;7;55;-;-;-;-;-;-;-;-;-;-;-;-;414;8913;338;-;-;-;-;65;-;-;1;-;-;-;-;-;-;-;-;-;-;-;21;-;-;-;-;-;-;-;-;-;36;-;-;-;12244
"351260 Coronel Macedo";-;11;-;471;-;-;-;-;-;-;-;-;-;-;-;-;-;-;-;-;-;-;-;-;-;-;-;-;-;-;-;-;-;-;-;-;-;-;-;-;-;-;-;-;-;-;-;-;-;-;-;482
"351270 Corumbatai";883;18;55;-;-;15;54;-;2;-;-;-;7;-;-;209;4925;148;-;-;-;-;110;-;-;2;-;-;-;-;-;-;-;-;-;-;-;15;-;-;-;-;-;-;-;-;-;-;-;-;1302;7745
"351280 Cosmopolis";4765;75;84;32294;-;2086;763;106;-;-;85;-;1017;-;-;158;11183;893;165;-;-;-;95;78;-;1;-;-;-;-;-;-;-;-;-;-;-;31;-;-;-;-;-;-;-;-;-;-;-;-;4929;58808
"351290 Cosmorama";1;115;-;2911;-;-;-;-;-;-;-;-;-;-;-;-;-;3;-;-;-;-;-;-;-;-;-;-;-;-;-;-;-;-;-;-;-;-;-;-;-;-;-;-;-;-;-;-;-;-;-;3030
"351300 Cotia";9646;199;15224;21;-;8210;637;-;-;-;87;-;1195;-;-;9292;175131;3799;42;-;-;-;698;3;-;458;-;-;-;9;-;-;8;-;-;-;-;122;-;-;-;-;-;-;-;-;-;-;-;-;-;224781
"351310 Cravinhos";1183;-;4332;4323;-;3183;-;-;-;-;-;-;576;-;-;310;18505;288;-;-;-;-;649;-;-;35;-;12;-;-;-;-;-;-;-;-;-;132;-;-;-;-;-;-;-;-;-;-;-;-;-;33528
"351320 Cristais Paulista";40;57;6;2157;-;236;-;-;-;-;-;-;-;-;-;24;3568;270;-;-;-;-;-;-;-;-;-;-;-;-;-;-;-;-;-;-;-;-;-;-;-;-;-;-;-;-;-;24;-;-;-;6382
"351330 Cruzalia";2646;1273;3;-;-;-;-;-;-;-;-;-;1;-;-;157;5214;44;-;-;-;-;126;-;-;2;-;-;-;-;-;-;-;-;-;-;-;4;-;-;-;-;-;-;-;-;-;-;-;-;1164;10634
"351340 Cruzeiro";201;525;146;51967;2;2277;344;461;-;-;-;-;468;14;-;506;26223;793;42;-;808;7;226;-;-;176;-;2;-;-;-;4;-;-;-;-;-;52;-;4;6;-;-;-;-;-;-;12;11;-;18036;103313
"351350 Cubatao";2893;106;420;65069;545;5559;1862;571;-;-;104;-;1302;316;-;1972;89844;6288;-;-;-;244;964;-;-;54;-;7;-;-;47;-;1;-;-;-;4;289;-;107;-;-;-;-;-;-;-;-;-;-;-;178568
"351360 Cunha";7462;293;65;4567;4;769;67;-;-;-;-;-;173;-;116;853;11600;290;36;-;-;-;613;-;-;84;-;2;-;-;-;-;-;-;-;-;-;123;-;-;-;-;-;-;-;-;-;10;-;-;-;27127
"351370 Descalvado";2737;218;373;11998;-;1486;483;-;-;-;-;-;352;-;-;440;24155;506;7;-;-;-;2103;11;-;227;-;2;-;-;-;1;-;-;-;-;-;98;-;24;-;-;-;-;-;-;-;238;-;-;3565;49024
"351380 Diadema";3519;512;3610;195485;1795;10388;1133;218;-;-;166;-;9179;-;-;4788;137140;8236;197;-;-;-;122;76;-;249;-;95;75;4;-;7;7;-;-;-;-;11;5;1;-;-;-;-;-;-;-;19;-;-;-;377037
"351385 Dirce Reis";-;4;-;-;-;-;-;-;-;-;-;-;-;-;-;-;-;-;-;-;-;-;-;-;-;-;-;-;-;-;-;-;-;-;-;-;-;-;-;-;-;-;-;-;-;-;-;-;-;-;-;4
"351390 Divinolandia";-;-;-;-;-;-;-;-;-;-;-;-;-;-;-;-;47;-;-;-;-;-;-;-;-;-;-;-;-;-;-;-;-;-;-;-;-;-;-;-;-;-;-;-;-;-;-;37;-;-;-;84
"351400 Dobrada";-;-;-;-;-;-;-;-;-;-;-;-;35;-;-;14;1250;-;-;-;-;-;-;-;-;-;-;-;-;-;-;-;-;-;-;-;-;-;-;-;-;-;-;-;-;-;-;-;-;-;-;1299
"351410 Dois Corregos";16618;484;189;2153;-;703;-;-;-;-;-;-;63;-;-;1113;27720;392;2;-;-;-;602;52;-;86;-;-;-;-;-;-;-;-;-;-;-;78;-;-;-;-;-;-;-;-;-;20;-;-;-;50275
"351420 Dolcinopolis";63;4;-;-;-;-;-;-;-;-;-;-;-;-;-;-;219;160;-;-;-;-;117;-;-;-;-;-;-;-;-;-;-;-;-;-;-;55;-;-;-;-;-;-;-;-;-;-;-;-;-;618
"351430 Dourado";1803;39;45;-;-;-;-;-;-;-;-;-;-;-;-;616;6391;-;-;-;-;-;93;-;-;18;-;2;-;-;-;-;-;-;-;-;-;40;-;-;-;-;-;-;-;-;-;-;-;-;-;9047
"351440 Dracena";7789;299;769;27346;782;2163;898;205;12;-;-;-;253;511;-;884;32367;1571;171;-;1272;484;-;-;-;364;-;-;-;-;67;-;-;-;-;-;-;-;-;-;15;-;-;-;-;-;-;-;36;-;5379;83637
"351450 Duartina";11021;101;601;1372;-;355;89;-;-;-;-;-;76;-;74;740;25558;757;11;-;-;-;389;-;-;167;-;2;-;-;1;-;-;-;-;-;-;13;-;178;-;-;-;-;-;-;-;257;-;-;-;41762
"351460 Dumont";82;-;8;-;-;207;47;-;-;-;-;-;76;-;-;79;1177;524;-;-;-;-;255;-;-;18;-;-;-;-;-;-;-;-;-;-;-;26;-;-;-;-;-;-;-;-;-;18;-;-;-;2517
"351470 Echapora";314;-;-;-;-;1;43;-;-;-;-;-;-;-;-;216;3244;420;-;-;-;-;-;-;-;-;-;-;-;-;-;-;-;-;-;-;-;-;-;-;-;-;-;-;-;-;-;-;-;-;-;4238
"351480 Eldorado";10;-;-;6788;-;258;142;-;-;-;-;-;50;-;-;-;3689;-;64;-;-;-;-;-;-;-;-;-;-;-;-;-;-;-;-;-;-;-;5;-;-;-;-;-;-;-;-;-;-;-;-;11006
"351490 Elias Fausto";5840;-;147;10527;-;1043;171;-;-;-;-;-;19;-;4;800;15804;439;-;-;-;-;607;-;-;4;-;-;-;-;-;-;-;-;-;-;-;81;-;-;-;-;-;-;-;-;-;28;-;-;-;35514
"351492 Elisiario";1;150;-;-;-;-;-;-;-;-;-;-;-;-;-;-;24;-;-;-;-;-;-;-;-;-;-;-;-;-;-;-;-;-;-;-;-;-;-;-;-;-;-;-;-;-;-;20;-;-;527;722
"351495 Embauba";88;24;60;-;-;-;-;-;-;-;-;-;-;-;-;100;5321;84;-;-;-;-;218;-;-;6;-;-;-;-;-;-;-;-;-;-;-;16;-;-;-;-;-;-;-;-;-;12;-;-;-;5929
"351500 Embu das Artes";892;347;4529;983;-;8210;3979;34;-;-;-;-;706;-;-;3602;150210;45;151;-;1968;-;1368;-;-;116;-;56;-;9;-;-;-;-;-;-;-;348;-;-;19;-;-;-;-;-;-;-;19;-;-;177591
"351510 Embu-Guacu";2;305;5744;-;-;2231;150;-;-;-;-;-;949;-;-;2054;39533;200;-;-;-;-;6;-;-;49;-;-;-;-;-;-;-;-;-;-;-;6;-;-;-;-;-;-;-;-;-;-;-;-;-;51229
"351512 Emilianopolis";-;34;-;-;-;-;-;-;-;-;-;-;4;-;-;-;125;208;-;-;-;-;23;-;-;-;-;-;-;-;-;-;-;-;-;-;-;-;-;-;-;-;-;-;-;-;-;24;-;-;-;418
"351515 Engenheiro Coelho";694;-;165;-;-;673;179;-;-;-;16;-;154;-;-;259;14751;-;-;-;-;-;-;-;-;35;-;-;-;-;-;-;-;-;-;-;-;-;-;-;-;-;-;-;-;-;-;-;-;-;-;16926
"351518 Espirito Santo do Pinhal";11291;376;1232;13549;-;1620;150;145;1;-;-;-;639;-;-;3179;32726;1589;71;-;-;8;1182;90;-;222;-;8;-;-;-;6;-;-;-;-;1;189;-;-;-;-;-;-;-;-;-;33;-;-;-;68307
"351519 Espirito Santo do Turvo";1697;70;609;-;-;-;-;-;-;-;-;-;62;-;-;986;7925;183;-;-;-;-;53;-;-;-;-;-;-;-;-;-;-;-;-;-;-;29;-;-;-;-;-;-;-;-;-;25;-;-;-;11639
"355730 Estiva Gerbi";3786;-;143;4826;-;550;-;-;-;-;-;-;127;-;-;534;11871;-;3;-;-;-;-;-;-;3;-;1;-;-;-;-;-;-;-;-;-;-;-;-;-;-;-;-;-;-;-;-;-;-;-;21844
"351520 Estrela d'Oeste";67;53;2;2862;1;375;-;-;-;-;-;-;172;-;-;12;4580;305;-;-;-;-;-;-;-;35;-;4;-;-;-;-;-;-;-;-;-;-;-;-;-;-;-;-;-;-;-;-;-;-;-;8468
"351530 Estrela do Norte";-;23;-;-;-;-;-;-;-;-;-;-;-;-;-;-;-;192;-;-;-;-;-;-;-;-;-;-;-;-;-;-;-;-;-;-;-;-;-;-;-;-;-;-;-;-;-;-;-;-;-;215
"351535 Euclides da Cunha Paulista";2306;30;9;3666;-;-;18;-;-;-;-;-;83;-;-;-;12048;279;-;-;-;-;-;-;-;-;-;-;-;-;-;-;-;-;-;-;-;-;-;-;-;-;-;-;-;-;-;-;-;-;1038;19477
"351540 Fartura";32;174;23;344;-;681;-;-;-;-;-;-;104;-;-;75;4446;140;121;-;-;-;-;-;-;32;-;1;-;-;-;-;-;-;-;-;-;-;-;-;-;-;-;-;-;-;-;-;-;-;-;6173
"351560 Fernando Prestes";-;52;-;1826;-;-;-;-;-;-;-;-;28;-;-;11;310;-;-;-;-;-;-;-;-;-;-;-;-;-;-;-;-;-;-;-;-;-;-;-;-;-;-;-;-;-;-;15;-;-;1403;3645
"351550 Fernandopolis";8772;426;1377;25882;-;3728;905;-;-;-;-;-;727;-;1;563;27208;271;-;-;-;-;1920;-;-;258;-;8;-;-;-;-;10;3;-;-;-;579;-;-;-;-;-;-;-;-;-;557;-;-;3976;77171
"351565 Fernao";7;-;-;-;-;-;-;-;-;-;-;-;-;-;-;-;-;51;-;-;-;-;8;-;-;-;-;-;-;-;-;-;-;-;-;-;-;-;-;-;-;-;-;-;-;-;-;4;-;-;-;70
"351570 Ferraz de Vasconcelos";11891;1885;1583;72901;-;1215;757;-;-;-;-;-;572;-;-;1168;20400;2319;-;-;-;-;1139;440;-;21;-;8;-;-;-;-;-;-;-;-;-;744;-;-;-;-;-;-;-;-;-;26;-;-;-;117069
"351580 Flora Rica";293;36;132;-;-;-;-;-;-;-;-;-;-;-;-;121;1910;114;-;-;-;-;37;-;-;-;-;-;-;-;-;-;-;-;-;-;-;3;-;-;-;-;-;-;-;-;-;-;-;-;400;3046
"351590 Floreal";28;55;-;-;-;-;-;-;-;-;-;-;-;-;-;-;85;455;-;-;-;-;123;-;-;-;-;-;-;-;-;-;-;-;-;-;-;5;-;-;-;-;-;-;-;-;-;-;-;-;-;751
"351600 Florida Paulista";8974;-;238;-;-;-;-;-;-;-;-;-;17;-;-;267;7452;216;-;-;-;-;250;-;-;-;-;-;-;-;-;-;-;-;-;-;-;28;-;-;-;-;-;-;-;-;-;17;-;-;-;17459
"351620 Franca";18291;4;24102;125487;1434;14383;4596;-;94;43;161;-;15402;-;-;14341;338221;101;372;-;1614;-;2485;-;-;1253;-;397;140;28;2;-;-;-;-;-;2;556;-;25;19;-;-;-;-;-;-;148;17;-;12018;575736
"351630 Francisco Morato";1897;51;347;60281;11;5745;627;-;-;-;-;-;918;-;254;3866;91264;468;91;-;1813;-;1184;-;-;127;-;50;-;-;1;3;-;-;-;-;-;65;-;-;21;-;-;-;-;-;-;-;12;-;-;169096
"351640 Franco da Rocha";2233;777;48;76955;14;5816;1704;-;-;-;-;-;574;-;2;4598;94414;3038;-;-;2713;-;436;-;-;34;-;-;-;-;-;-;-;-;-;-;-;65;-;-;8;-;-;-;-;-;-;-;18;-;-;193447
"351650 Gabriel Monteiro";-;22;-;-;-;-;-;-;-;-;-;-;-;-;-;-;-;-;-;-;-;-;-;-;-;-;-;-;-;-;-;-;-;-;-;-;-;-;-;-;-;-;-;-;-;-;-;-;-;-;-;22
"351660 Galia";4109;-;31;2866;-;280;-;-;-;-;-;-;96;-;-;329;7925;202;-;-;-;-;400;-;-;34;-;5;-;-;-;-;-;-;-;-;-;47;-;-;-;-;-;-;-;-;-;21;-;-;2590;18935
"351670 Garca";10866;84;805;10522;24;2723;17;-;-;-;9;-;1545;-;-;3670;57890;1286;101;-;-;-;2368;1;-;145;-;11;24;6;3;1;-;-;-;-;-;526;-;-;-;-;-;-;-;-;-;94;-;-;-;92721
"351680 Gastao Vidigal";-;44;-;537;-;-;-;-;-;-;-;-;-;-;-;-;47;-;-;-;-;-;382;-;-;-;-;-;-;-;-;-;-;-;-;-;-;41;-;-;-;-;-;-;-;-;-;-;-;-;-;1051
"351685 Gaviao Peixoto";-;71;-;139;-;205;7;-;-;-;-;-;14;-;-;116;4866;200;-;-;-;-;-;-;-;7;-;-;-;-;-;-;-;-;-;-;-;-;-;-;-;-;-;-;-;-;-;-;-;-;-;5625
"351690 General Salgado";110;55;19;2321;-;284;57;-;-;-;-;-;89;-;-;-;3796;255;-;-;-;-;461;-;-;21;-;2;-;-;-;-;-;-;-;-;-;101;-;-;-;-;-;-;-;-;-;27;-;-;-;7598
"351700 Getulina";8915;33;316;103;-;231;-;-;-;-;-;-;65;-;-;1015;18395;100;-;-;-;-;368;-;-;22;-;-;-;-;-;-;-;-;-;-;-;59;-;-;-;-;-;-;-;-;-;18;-;-;-;29640
"351710 Glicerio";2586;613;414;-;-;-;-;-;-;-;-;-;14;-;-;490;5841;318;-;-;-;-;-;-;-;61;-;-;-;-;-;-;-;-;-;-;-;-;-;-;-;-;-;-;-;-;-;-;-;-;931;11268
"351720 Guaicara";6226;44;291;-;-;55;155;-;-;-;-;-;48;-;-;813;10014;253;-;-;-;-;302;-;-;10;-;-;-;-;-;-;-;-;-;-;-;53;-;-;-;-;-;-;-;-;-;23;-;-;-;18287
"351730 Guaimbe";2469;33;-;-;-;182;-;-;-;-;-;-;15;-;-;-;1656;476;-;-;-;-;-;-;-;-;-;-;-;-;-;-;-;-;-;-;-;-;-;-;-;-;-;-;-;-;-;20;-;-;-;4851
"351740 Guaira";24883;174;1388;19948;-;2029;898;359;-;-;20;-;705;-;-;2399;52446;853;22;-;-;-;1267;2;-;97;-;8;28;-;-;-;1;-;-;-;-;301;7;76;-;-;-;-;-;-;-;47;-;-;3744;111702
"351750 Guapiacu";19488;160;470;7759;-;649;338;-;-;-;-;-;208;-;-;1545;29977;1535;-;-;-;-;1919;-;-;69;-;110;-;-;-;-;-;-;-;-;-;194;-;-;-;-;-;-;-;-;-;35;-;-;173;64629
"351760 Guapiara";-;3886;-;4379;-;376;114;-;-;-;-;-;94;-;415;-;1728;248;-;-;-;-;-;39;-;27;-;-;-;-;-;-;-;-;-;-;-;-;-;-;-;-;-;-;-;-;-;-;-;-;-;11306
"351770 Guara";4806;39;298;2139;-;1608;75;-;-;-;-;-;284;-;-;693;15110;226;8;-;-;-;837;18;-;13;-;2;-;-;-;-;-;-;-;-;-;177;-;-;-;-;-;-;-;-;-;45;-;-;-;26378
"351780 Guaracai";1834;2435;45;-;-;-;-;-;-;-;-;-;-;-;-;477;8856;30;-;-;-;-;283;-;-;26;-;-;-;-;-;-;-;-;-;-;-;6;-;-;-;-;-;-;-;-;-;-;-;-;-;13992
"351790 Guaraci";16837;7;3413;3767;-;585;131;-;-;-;-;-;3040;-;-;1261;12048;290;-;-;-;-;244;31;-;48;-;24;-;-;-;-;-;-;-;-;1;24;-;-;-;-;-;-;-;-;-;-;-;-;-;41751
"351800 Guarani d'Oeste";-;18;-;-;-;-;-;-;-;-;-;-;17;-;-;-;587;628;-;-;-;-;-;1;-;47;-;-;-;-;-;-;-;-;-;-;-;-;-;-;-;-;-;-;-;-;-;-;-;-;3046;4344
"351810 Guaranta";2267;32;206;-;-;-;-;-;-;-;-;-;-;-;-;378;3289;35;-;-;-;-;83;-;-;8;-;-;-;-;-;-;-;-;-;-;-;-;-;-;-;-;-;-;-;-;-;-;-;-;-;6298
"351820 Guararapes";5345;113;175;3872;-;1280;72;-;-;-;111;-;517;-;-;1257;31324;792;-;-;-;-;1322;-;-;73;-;27;-;-;-;-;-;-;-;-;-;169;-;-;-;-;-;-;-;-;-;245;-;-;1861;48555
"351830 Guararema";1096;190;1077;14874;578;2211;502;-;-;-;12;-;1346;-;-;1906;23117;3008;30;-;-;-;762;-;-;57;-;-;1;-;-;2;-;-;-;-;-;130;-;-;-;-;-;-;-;-;-;-;-;-;-;50899
"351840 Guaratingueta";818;288;101;37468;327;238;742;177;60;12;35;-;806;-;-;517;18841;157;1;335;1352;-;1050;196;-;342;-;-;-;-;-;-;-;-;-;-;-;286;-;-;17;-;-;-;-;-;-;-;6;-;5994;70166
"351850 Guarei";10312;16;5427;6196;-;380;105;-;-;-;-;-;139;-;-;1038;16904;612;-;-;-;-;841;-;-;128;-;-;-;-;-;-;-;-;-;-;-;152;-;-;-;-;-;-;-;-;-;-;-;-;-;42250
"351860 Guariba";14533;353;53;12253;100;1973;467;51;3;-;56;-;608;3;-;635;27151;1148;7;-;-;3;2283;-;-;64;-;397;-;-;-;-;-;-;-;-;-;350;1;-;-;-;-;-;-;-;-;78;-;-;2488;65058
"351870 Guaruja";975;18;6199;157344;2531;12707;2127;1410;78;-;244;-;4032;804;-;9214;266005;3677;1843;548;1708;756;1698;38;-;771;-;174;92;25;7;34;20;-;-;1;-;155;-;21;14;-;-;-;-;-;-;93;8;-;-;475371
"351880 Guarulhos";2073;20512;13993;446266;4291;25884;6585;1797;510;-;378;-;6969;36;750;16081;467320;1949;438;-;8305;8;3422;381;-;1850;-;321;28;-;26;12;41;-;-;-;-;907;-;189;79;-;-;-;-;-;-;336;157;-;246;1032140
"351885 Guatapara";-;7;-;-;-;-;-;-;-;-;-;-;-;-;-;-;-;-;-;-;-;-;-;-;-;-;-;-;-;-;-;-;-;-;-;-;-;-;-;-;-;-;-;-;-;-;-;6;-;-;2;15
"351890 Guzolandia";1455;42;13;-;-;3;-;-;-;-;-;-;-;-;-;335;5798;-;-;-;-;-;153;-;-;-;-;-;-;-;-;-;-;-;-;-;-;29;-;-;-;-;-;-;-;-;-;-;-;-;-;7828
"351900 Herculandia";2099;-;-;-;-;-;-;-;-;-;-;-;-;-;-;-;-;-;-;-;-;-;-;-;-;-;-;-;-;-;-;-;-;-;-;-;-;-;-;-;-;-;-;-;-;-;-;40;-;-;-;2139
"351905 Holambra";1583;95;241;-;-;576;1;-;-;-;-;-;1;-;-;450;14302;-;-;-;-;-;91;-;-;-;-;-;-;-;-;-;-;-;-;-;-;15;-;-;-;-;-;-;-;-;-;-;-;-;-;17355
"351907 Hortolandia";5661;155;2841;90527;105;9821;2291;53;103;-;269;-;1757;-;1;5437;167669;1303;18;-;1990;8;1489;3;-;1433;-;13;20;-;-;24;-;-;-;-;-;93;1;205;23;-;-;-;-;-;-;-;13;-;-;293326
"351910 Iacanga";1153;103;-;492;-;111;-;-;-;-;-;-;-;-;-;-;3661;-;-;-;-;-;16;-;-;1;-;-;-;-;-;-;-;-;-;-;-;-;-;-;-;-;-;-;-;-;-;20;-;-;-;5557
"351920 Iacri";4212;-;377;-;-;18;-;-;-;-;-;-;5;-;-;479;8267;228;-;-;-;-;290;-;-;-;-;1;-;-;-;-;-;-;-;-;-;46;-;-;-;-;-;-;-;-;-;12;-;-;-;13935
"351925 Iaras";-;-;-;-;-;-;-;-;-;-;-;-;-;-;-;-;753;-;-;-;-;-;-;-;-;-;-;-;-;-;-;-;-;-;-;-;-;-;-;-;-;-;-;-;-;-;-;-;-;-;-;753
"351930 Ibate";3460;-;119;9346;-;419;341;-;-;-;-;-;253;-;-;1204;26038;751;17;-;-;-;493;39;-;18;-;1;-;-;-;-;-;-;-;-;-;62;-;-;-;-;-;-;-;-;-;-;-;-;-;42561
"351940 Ibira";1;69;-;4128;-;692;340;-;-;-;-;-;13;-;-;93;5599;-;-;-;-;-;-;-;-;1;-;-;-;-;-;-;-;-;-;-;-;-;-;-;-;-;-;-;-;-;-;24;-;-;-;10960
"351950 Ibirarema";6821;90;40;4399;-;437;108;-;-;-;-;-;44;-;-;959;18529;265;-;-;-;-;900;-;-;50;-;-;-;-;-;-;-;-;-;-;-;44;-;-;-;-;-;-;-;-;-;20;-;-;1022;33728
"351960 Ibitinga";12685;396;2809;8662;-;2635;168;91;22;-;-;-;869;-;-;4766;46137;1606;4;-;-;3;-;2;-;147;-;-;-;-;-;-;8;-;-;-;-;-;-;37;-;-;-;-;-;-;-;65;-;-;-;81112
"351970 Ibiuna";15;-;286;-;-;4304;-;-;-;-;-;-;1063;-;-;6004;164383;-;978;-;-;-;-;400;-;89;-;210;-;-;-;-;-;-;-;-;-;-;-;-;-;-;-;-;-;-;-;-;-;-;-;177732
"351980 Icem";6;19;1;704;-;6;-;-;-;-;-;-;49;-;-;242;6141;146;-;-;-;-;132;-;-;15;-;-;-;-;-;-;-;-;-;-;-;8;-;-;-;-;-;-;-;-;-;-;-;-;1041;8510
"351990 Iepe";3487;83;-;2517;-;463;100;-;-;-;-;-;126;-;-;147;6057;-;12;-;-;-;-;13;-;31;-;4;-;-;-;-;-;-;-;-;-;-;-;-;-;-;-;-;-;-;-;-;-;-;-;13040
"352000 Igaracu do Tiete";8918;47;73;8332;-;121;275;-;-;-;-;-;91;-;-;480;8942;1430;-;-;-;-;1290;-;-;-;-;14;-;-;-;-;-;-;-;-;-;113;-;-;-;-;-;-;-;-;-;42;-;-;2495;32663
"352010 Igarapava";9822;183;104;9998;-;780;204;378;61;-;9;-;100;1;-;624;25897;461;-;-;-;1;629;-;-;50;-;5;-;-;2;4;-;-;-;-;-;145;-;4;-;-;-;-;-;-;-;20;-;-;-;49482
"352020 Igarata";3;56;52;-;-;-;-;-;-;-;-;-;-;-;-;459;5516;-;-;-;-;-;-;-;-;-;-;-;-;-;-;-;-;-;-;-;-;-;-;-;-;-;-;-;-;-;-;-;-;-;2997;9083
"352030 Iguape";393;63;1256;-;-;1704;-;-;-;-;-;-;142;-;-;749;11298;-;-;-;-;-;-;-;-;52;-;1;-;-;-;-;-;-;-;-;-;-;-;-;-;-;-;-;-;-;-;-;-;-;-;15658
"352042 Ilha Comprida";491;229;-;12244;-;1386;-;-;-;-;-;-;135;-;450;719;13732;-;-;-;-;-;-;-;-;7;-;-;-;-;-;-;-;-;-;-;-;-;-;-;-;-;-;-;-;-;-;-;-;-;-;29393
"352044 Ilha Solteira";8695;56;238;-;-;6;-;-;-;-;-;-;-;-;-;999;21010;-;-;-;-;-;255;143;-;1;-;-;-;-;-;-;-;-;-;-;-;97;-;-;-;-;-;-;-;-;-;-;-;-;-;31500
"352040 Ilhabela";18696;388;123;39522;197;2406;908;581;-;-;3;-;597;-;-;165;39338;754;1;-;-;6;211;267;-;229;-;12;-;-;1;-;-;-;-;-;-;48;1;7;-;-;-;-;-;-;-;15;-;-;5783;110259
"352050 Indaiatuba";9325;4457;4466;208058;734;11092;4517;461;328;-;145;-;7213;86;-;4140;162243;1474;55;-;1435;52;1337;775;-;533;-;104;58;4;-;1;7;-;-;-;-;72;-;7;2;-;-;-;-;-;-;341;2;-;-;423524
"352060 Indiana";-;22;-;814;-;-;-;-;-;-;-;-;-;-;-;-;-;448;-;-;-;-;-;-;-;-;-;-;-;-;-;-;-;-;-;-;-;-;-;-;-;-;-;-;-;-;-;-;-;-;-;1284
"352070 Indiapora";27;20;-;2305;-;158;-;-;-;-;-;-;44;-;-;-;2061;549;2;-;-;-;-;-;-;4;-;2;-;-;-;-;-;-;-;-;-;-;-;-;-;-;-;-;-;-;-;52;-;-;1687;6911
"352080 Inubia Paulista";4553;-;234;-;-;7;28;-;-;-;-;-;15;-;-;238;3202;88;-;-;-;-;446;-;-;1;-;2;-;-;-;-;-;-;-;-;-;21;-;-;-;-;-;-;-;-;-;11;-;-;-;8846
"352090 Ipaussu";1694;-;154;484;-;524;-;-;-;-;-;-;68;-;-;113;8013;230;27;-;-;-;733;-;-;12;-;17;-;-;-;-;-;-;-;-;-;78;-;-;-;-;-;-;-;-;-;40;-;-;-;12187
"352100 Ipero";-;126;1368;3502;-;979;130;-;-;-;-;-;-;-;-;-;25241;-;-;-;-;-;-;-;-;-;-;-;-;-;-;-;-;-;-;-;-;-;-;-;-;-;-;-;-;-;-;-;-;-;-;31346
"352110 Ipeuna";1057;-;171;-;-;247;40;-;-;-;-;-;81;-;-;585;4475;-;-;-;-;-;-;-;-;-;-;-;-;-;-;-;-;-;-;-;-;-;-;-;-;-;-;-;-;-;-;-;-;-;-;6656
"352115 Ipigua";-;50;-;-;-;-;-;-;-;-;-;-;-;-;-;-;-;-;-;-;-;-;-;-;-;-;-;-;-;-;-;-;-;-;-;-;-;-;-;-;-;-;-;-;-;-;-;-;-;-;-;50
"352120 Iporanga";-;-;-;-;-;-;72;-;-;-;-;-;18;-;-;48;741;-;-;-;-;-;-;-;-;24;-;-;-;-;-;-;-;-;-;-;-;-;-;-;-;-;-;-;-;-;-;-;-;-;-;903
"352130 Ipua";122;-;20;1058;8;328;-;-;-;-;-;-;76;-;19;157;5706;-;4;-;-;-;81;-;-;52;-;2;-;-;-;-;-;-;-;-;-;35;-;-;-;-;-;-;-;-;-;-;-;-;-;7668
"352140 Iracemapolis";9416;-;211;-;-;55;-;-;-;-;-;-;88;-;-;1274;15267;-;20;-;-;-;791;-;-;2;-;15;-;-;-;-;-;-;-;-;-;126;-;-;-;-;-;-;-;-;-;-;-;-;400;27665
"352150 Irapua";6597;34;499;1;-;-;-;-;-;-;-;-;44;-;-;1017;17252;690;-;-;-;-;230;-;-;2;-;-;-;-;-;-;-;-;-;-;-;70;-;-;-;-;-;-;-;-;-;-;-;-;3781;30217
"352160 Irapuru";3981;31;1529;-;-;-;-;-;-;-;-;-;10;-;-;228;6101;-;1;-;-;-;143;-;-;1;-;1;-;-;-;-;-;-;-;-;-;17;-;-;-;-;-;-;-;-;-;-;-;-;-;12043
"352170 Itabera";2744;22;87;2277;-;416;235;-;-;-;-;-;216;-;-;711;19960;105;-;-;-;-;151;-;-;15;-;-;-;-;-;-;-;-;-;-;-;61;-;-;-;-;-;-;-;-;-;-;-;-;-;27000
"352180 Itai";-;-;47;430;-;672;-;-;-;-;-;-;71;-;-;114;9078;548;-;-;-;-;-;-;-;-;-;-;-;-;-;-;-;-;-;-;-;-;-;-;-;-;-;-;-;-;-;-;-;-;-;10960
"352190 Itajobi";9055;200;705;1450;-;832;97;-;-;-;-;-;180;-;-;889;28019;1799;3;-;-;-;949;200;-;56;-;-;-;-;-;-;-;-;-;-;-;107;-;-;-;-;-;-;-;-;-;24;-;-;-;44565
"352200 Itaju";4614;17;405;-;-;2;-;-;-;-;-;-;-;-;-;442;7301;-;-;-;-;-;228;-;-;-;-;-;-;-;-;-;-;-;-;-;-;32;-;-;-;-;-;-;-;-;-;53;-;-;-;13094
"352210 Itanhaem";7049;122;2879;48263;567;3147;915;7;-;-;38;-;923;-;-;4689;86829;470;112;-;-;-;369;-;-;68;-;3;-;-;1;12;-;-;-;-;6;13;-;-;-;-;-;-;-;-;-;-;-;-;8421;164903
"352215 Itaoca";-;7;-;-;-;-;9;-;-;-;-;-;18;-;-;23;98;122;-;-;-;-;24;-;-;-;-;-;-;-;-;-;-;-;-;-;-;-;-;-;-;-;-;-;-;-;-;-;-;-;-;301
"352220 Itapecerica da Serra";280;181;7164;9714;-;2436;26;-;-;-;30;-;1600;-;-;1284;116082;667;-;-;2567;-;525;-;-;202;-;90;-;-;-;-;22;-;-;-;-;146;-;-;16;-;-;-;-;-;-;-;6;-;-;143038
"352230 Itapetininga";62;806;11;59765;1518;6617;1314;1052;-;-;120;-;1496;154;-;14;46457;3;130;-;-;55;342;70;-;571;-;15;-;-;12;22;1;-;-;4;-;72;-;151;-;-;-;-;-;-;-;52;-;-;-;120886
"352240 Itapeva";19821;515;4626;39359;1724;4100;1069;370;57;-;205;-;1209;530;3;1868;73037;985;90;407;2462;941;1641;81;-;105;-;6;18;1;2;41;21;1;-;3;-;422;-;-;18;-;-;-;-;-;-;-;4;-;-;155742
"352250 Itapevi";1439;328;5818;84527;-;18081;1180;-;-;-;-;-;745;-;-;7496;127240;1016;688;-;-;-;79;25;-;500;-;37;-;-;-;20;18;-;-;1;-;126;-;40;-;-;-;-;-;-;-;-;-;-;-;249404
"352260 Itapira";6991;-;289;36934;2;2971;775;299;-;-;100;-;3398;28;13;1934;60164;2230;155;-;-;59;2864;-;-;1017;-;7;49;-;-;-;11;-;-;-;-;473;-;-;-;-;-;-;-;-;-;61;-;-;4329;125153
"352265 Itapirapua Paulista";-;44;-;-;-;-;15;-;-;-;-;-;21;-;-;140;1066;150;-;-;-;-;88;-;-;11;-;5;-;-;-;-;-;-;-;-;-;-;-;-;-;-;-;-;-;-;-;43;-;-;-;1583
"352270 Itapolis";5040;352;1054;5820;-;1545;611;120;-;-;-;-;544;-;-;1704;38214;1173;-;-;-;-;879;65;-;88;-;1;-;-;-;-;-;-;-;-;-;128;-;24;-;-;-;-;-;-;-;37;-;-;3501;60900
"352280 Itaporanga";225;55;169;-;-;-;-;-;-;-;-;-;-;-;-;247;5667;-;-;-;-;-;13;-;-;-;-;-;-;-;-;-;-;-;-;-;-;9;-;-;-;-;-;-;-;-;-;-;-;-;-;6385
"352290 Itapui";1214;539;726;4576;-;932;252;-;-;-;-;-;143;-;-;1697;324456;521;-;-;-;-;291;71;-;9;-;-;-;-;-;-;5;-;-;-;-;75;-;-;-;-;-;-;-;-;-;-;-;-;3134;338641
"352300 Itapura";132;77;-;-;-;40;50;-;-;-;-;-;-;-;-;1;198;48;-;-;-;-;-;-;-;-;-;-;-;-;-;-;-;-;-;-;-;-;-;-;-;-;-;-;-;-;-;58;-;-;5678;6282
"352310 Itaquaquecetuba";10067;279;3014;10565;-;3969;357;-;-;-;36;-;557;-;8;11705;267965;13720;28;-;-;-;25;1;-;328;-;1;-;-;-;-;88;-;-;-;-;2;-;-;-;-;-;-;-;-;-;-;-;-;-;322715
"352320 Itarare";-;-;82;8311;-;1416;246;21;-;-;32;-;422;-;-;72;12833;-;84;-;-;-;-;-;-;159;-;2;-;-;-;5;-;-;-;-;-;-;-;-;-;-;-;-;-;-;-;-;-;-;-;23685
"352340 Itatiba";30074;591;2124;43864;149;4983;2375;281;60;15;191;-;3014;-;-;6440;91814;2367;164;-;987;-;5876;3;-;255;-;56;-;-;14;19;4;-;-;-;-;478;-;17;2;-;-;-;-;-;-;43;1;-;1742;198003
"352350 Itatinga";-;62;-;3724;-;676;201;-;-;-;-;-;327;-;-;-;4053;-;-;-;-;-;1;-;-;58;-;-;-;-;-;-;-;-;-;-;-;-;-;-;-;-;-;-;-;-;-;2;-;-;2204;11308
"352360 Itirapina";10462;9;321;5;-;799;-;-;-;-;-;-;224;-;-;1428;26404;304;2;-;-;-;107;-;-;118;-;-;-;-;-;-;-;-;-;-;-;34;-;-;-;-;-;-;-;-;-;-;-;-;2366;42583
"352370 Itirapua";-;29;-;-;-;-;-;-;-;-;-;-;-;-;-;-;-;-;-;-;-;-;-;-;-;-;-;-;-;-;-;-;-;-;-;-;-;-;-;-;-;-;-;-;-;-;-;15;-;-;1041;1085
"352380 Itobi";705;-;-;-;-;-;25;-;-;-;-;-;-;-;-;193;8266;102;-;-;-;-;86;-;-;-;-;-;-;-;-;-;-;-;-;-;-;15;-;-;-;-;-;-;-;-;-;-;-;-;-;9392
"352390 Itu";16619;988;1583;74475;1032;6194;2565;1177;-;-;357;-;2146;-;-;3059;97563;2609;37;-;-;-;883;182;-;438;-;35;542;-;-;9;11;-;-;-;-;200;-;159;-;-;-;-;-;-;-;108;-;-;4370;217341
"352400 Itupeva";7262;377;4295;42953;-;2507;634;447;34;-;58;-;711;-;370;1056;75331;2325;124;-;-;-;2223;73;-;41;-;24;-;-;-;-;-;-;-;-;-;287;-;-;-;-;-;-;-;-;-;7;-;-;-;141139
"352410 Ituverava";1490;-;45;18631;-;2004;268;512;18;-;63;-;62;-;1;169;12920;1179;20;-;1296;-;1237;51;-;9;-;-;-;-;-;1;-;-;-;-;-;202;-;-;14;-;-;-;-;-;-;62;27;-;-;40281
"352420 Jaborandi";1264;248;229;2021;-;-;-;-;-;-;-;-;60;-;-;221;11752;435;-;-;-;-;-;-;-;60;-;1;-;-;-;-;-;-;-;-;-;-;-;-;-;-;-;-;-;-;-;-;-;-;-;16291
"352430 Jaboticabal";25564;297;1651;37796;303;671;868;157;-;-;35;-;1186;-;3;928;46076;777;938;-;1762;-;2656;-;-;664;-;42;4;-;-;6;-;-;-;-;-;206;-;1;5;-;-;-;-;-;-;-;4;-;-;122600
"352440 Jacarei";25139;1252;2025;135332;1383;7088;3064;567;268;29;396;-;4384;1091;-;4085;100696;8682;1118;703;1881;686;1208;2;-;271;-;7;424;9;5;32;-;-;-;-;-;159;-;177;22;-;-;-;-;-;-;15;34;-;-;302234
"352450 Jaci";1052;11;-;-;-;-;75;-;-;-;-;-;-;-;-;-;87;-;-;-;-;-;93;-;-;-;-;-;-;-;-;-;-;-;-;-;-;42;-;-;-;-;-;-;-;-;-;-;-;-;-;1360
"352460 Jacupiranga";642;-;-;8764;-;457;108;-;-;-;-;-;208;-;-;601;15146;1105;7;-;-;-;-;-;-;21;-;-;-;-;-;-;-;-;-;-;-;-;-;-;-;-;-;-;-;-;-;-;-;-;-;27059
"352470 Jaguariuna";284;157;1008;40667;151;4643;2058;660;117;-;178;-;2309;-;1;9347;41131;2759;205;-;-;4;351;-;-;210;-;20;-;-;-;-;-;-;-;-;8;19;-;-;-;-;-;-;-;-;-;24;-;-;-;106311
"352480 Jales";265;277;1;5504;-;1701;-;-;-;-;-;-;408;-;-;991;32388;484;-;-;-;-;220;-;-;179;-;7;-;-;-;-;-;-;-;-;-;48;-;-;-;-;-;-;-;-;-;21;-;-;-;42494
"352490 Jambeiro";-;30;-;-;-;-;-;-;-;-;-;-;-;-;-;-;1519;-;-;-;-;-;-;-;-;-;-;-;-;-;-;-;-;-;-;-;-;-;-;-;-;-;-;-;-;-;-;-;-;-;-;1549
"352500 Jandira";988;103;78;50941;-;2440;191;-;-;-;-;-;708;-;-;2347;63272;1380;-;-;-;-;688;-;-;273;-;44;-;-;-;1;-;-;-;-;-;48;-;-;-;-;-;-;-;-;-;7;-;-;-;123509
"352510 Jardinopolis";32179;235;521;-;-;16;-;-;-;-;-;-;233;-;-;2949;26715;451;-;-;-;-;1533;-;-;77;-;-;-;-;-;-;-;-;-;-;-;220;-;-;-;-;-;-;-;-;-;20;-;-;-;65149
"352520 Jarinu";-;-;-;16349;-;885;-;-;-;-;-;-;225;-;-;34;21388;954;-;-;-;-;-;-;-;1;-;-;-;-;-;-;-;-;-;-;-;-;-;-;-;-;-;-;-;-;-;-;-;-;-;39836
"352530 Jau";7078;159;369;36702;69;5719;740;1113;-;-;29;-;2385;34;-;1055;79753;2233;388;-;2052;-;619;156;-;17;-;2;142;-;-;14;22;-;-;-;-;210;-;-;41;-;-;-;-;-;-;993;40;-;-;142134
"352540 Jeriquara";-;-;224;-;-;-;-;-;-;-;-;-;-;-;-;100;2025;85;-;-;-;-;-;-;-;5;-;-;-;-;-;-;-;-;-;-;-;-;-;-;-;-;-;-;-;-;-;-;-;-;-;2439
"352550 Joanopolis";1351;78;152;-;-;363;106;-;-;-;-;-;96;-;-;366;13837;-;-;-;-;-;534;-;-;-;-;-;-;-;-;-;-;-;-;-;-;87;-;-;-;-;-;-;-;-;-;-;-;-;-;16970
"352560 Joao Ramalho";-;110;-;1496;-;-;-;-;-;-;-;-;-;-;-;-;276;181;-;-;-;-;-;-;-;-;-;-;-;-;-;-;-;-;-;-;-;-;-;-;-;-;-;-;-;-;-;-;-;-;-;2063
"352570 Jose Bonifacio";6739;161;150;3906;-;11;171;-;-;-;-;-;9;-;-;1273;28990;1361;-;-;-;-;1252;118;-;-;-;86;-;-;-;-;-;-;-;-;-;202;-;-;-;-;-;-;-;-;-;88;-;-;-;44517
"352580 Julio Mesquita";-;-;25;-;-;-;-;-;-;-;-;-;-;-;-;-;166;191;-;-;-;-;-;-;-;-;-;-;-;-;-;-;-;-;-;-;-;-;-;-;-;-;-;-;-;-;-;-;-;-;-;382
"352585 Jumirim";471;40;-;1799;-;-;-;-;-;-;-;-;14;-;-;-;319;-;-;-;-;-;-;-;-;-;-;-;-;-;-;-;-;-;-;-;-;-;-;-;-;-;-;-;-;-;-;-;-;-;1850;4493
"352590 Jundiai";7946;1545;18023;163768;2864;20357;7907;2156;529;169;662;-;26613;85;7;7066;283685;4875;1985;1879;-;130;7951;762;-;523;-;125;601;1;3;139;8;1;-;-;-;1630;-;16;2;-;-;-;-;1;-;1171;-;-;-;565185
"352600 Junqueiropolis";448;26;6081;4738;-;836;-;-;-;-;-;-;691;-;367;411;12285;1478;90;-;-;-;538;326;-;39;-;4;-;-;-;-;-;-;-;-;-;18;-;-;-;-;-;-;-;-;-;78;-;-;4532;32986
"352610 Juquia";-;194;2515;7740;-;692;171;-;-;-;-;-;273;-;-;632;11722;523;-;-;-;-;194;-;-;38;-;-;-;-;-;-;-;-;-;-;-;-;-;-;-;-;-;-;-;-;-;55;-;-;-;24749
"352620 Juquitiba";-;240;1047;-;-;1292;130;-;-;-;-;-;279;-;-;279;18084;309;-;-;-;-;-;-;-;5;-;-;-;-;-;-;-;-;-;-;-;-;-;-;-;-;-;-;-;-;-;-;-;-;-;21665
"352630 Lagoinha";-;11;20;-;-;-;-;-;-;-;-;-;10;-;-;5;1408;-;-;-;-;-;-;-;-;4;-;-;-;-;-;-;-;-;-;-;-;-;-;-;-;-;-;-;-;-;-;-;-;-;-;1458
"352640 Laranjal Paulista";770;-;332;8509;-;1170;198;-;-;-;10;-;297;-;8;1267;25631;754;8;-;-;28;430;54;-;200;-;1;-;-;-;-;-;-;-;-;-;126;-;-;-;-;-;-;-;-;-;-;-;-;176;39969
"352650 Lavinia";5378;-;77;10;-;-;-;-;-;-;-;-;-;-;-;1585;4552;-;-;-;-;-;96;-;-;-;-;-;-;-;-;-;-;-;-;-;-;21;-;-;-;-;-;-;-;-;-;-;-;-;1374;13093
"352660 Lavrinhas";-;8;-;-;-;115;40;-;-;-;-;-;17;-;-;-;59;73;-;-;-;-;-;-;-;53;-;-;-;-;-;-;-;-;-;-;-;-;-;-;-;-;-;-;-;-;-;-;-;-;790;1155
"352670 Leme";24414;499;3896;43430;105;6017;1344;231;-;-;-;-;1797;-;-;8259;97340;1877;3;-;1586;4;5633;160;-;1127;-;10;32;-;1;8;-;-;-;1;-;715;4;-;32;-;-;-;-;-;-;159;31;-;-;198715
"352680 Lencois Paulista";50666;453;5431;34244;40;1333;983;364;130;-;166;-;775;-;-;7547;80062;9352;878;-;-;-;1696;40;-;175;-;283;-;-;12;-;8;-;-;-;-;160;-;103;-;-;-;-;-;-;-;-;-;-;-;194901
"352690 Limeira";3735;-;1706;124077;1788;11236;3336;997;181;22;340;-;4176;1602;1539;1358;116966;6462;529;741;1820;1539;4100;-;-;136;-;6;153;3;-;25;2;-;-;1;121;819;-;2;16;-;-;-;-;-;-;229;21;-;-;289784
"352700 Lindoia";54;-;21;38462;-;391;1712;-;-;-;145;-;2323;-;-;-;1514;550;-;-;-;-;1406;-;-;129;-;41;-;-;6;-;-;-;-;-;-;139;3;-;-;-;-;-;-;-;-;72;-;-;-;46968
"352710 Lins";302;276;51;16544;-;2871;299;50;8;-;-;-;448;-;-;356;16508;-;-;-;-;-;199;-;-;160;-;-;-;-;-;-;-;-;-;-;-;93;-;-;-;-;-;-;-;-;-;20;-;-;-;38185
"352720 Lorena";706;61;417;29549;308;3412;1044;561;54;-;5;-;3575;-;-;3;26766;183;26;-;-;-;3004;-;-;268;-;41;-;-;-;-;-;-;-;-;-;457;-;-;-;-;-;-;-;-;-;37;-;-;-;70477
"352725 Lourdes";2908;-;258;20;-;-;-;-;-;-;-;-;-;-;-;57;8079;-;-;-;-;-;257;17;-;-;-;-;-;-;-;-;-;-;-;-;-;23;-;-;-;-;-;-;-;-;-;-;-;-;-;11619
"352730 Louveira";-;658;759;32857;54;2668;1662;370;54;22;93;-;2520;-;-;295;30575;2439;181;-;-;-;30;10;-;341;-;3;16;-;30;6;-;-;-;1;-;1;-;-;-;-;-;-;-;-;-;11;-;-;-;75656
"352740 Lucelia";10382;-;358;6294;-;580;-;-;-;-;-;-;93;-;-;964;15531;1554;2;-;-;-;479;-;-;37;-;15;-;1;-;-;-;-;-;-;-;88;-;-;-;-;-;-;-;-;-;22;-;-;-;36400
"352750 Lucianopolis";935;-;154;-;-;-;-;-;-;-;-;-;-;-;-;123;3699;-;-;-;-;-;243;-;-;1;-;2;-;-;-;-;-;-;-;-;-;22;-;-;-;-;-;-;-;-;-;76;-;-;-;5255
"352760 Luis Antonio";102;-;305;4893;-;570;-;-;-;-;-;-;-;-;-;1100;11849;-;-;-;-;-;221;-;-;88;-;24;-;-;-;-;-;-;-;-;-;70;10;-;-;-;-;-;-;-;-;-;-;-;-;19232
"352770 Luiziania";2520;3;53;-;-;-;-;-;-;-;-;-;21;-;-;250;5366;56;-;-;-;-;193;-;-;7;-;-;-;-;-;-;-;-;-;-;-;19;-;-;-;-;-;-;-;-;-;-;-;-;-;8488
"352780 Lupercio";-;2;-;1989;-;-;-;-;-;-;-;-;-;-;-;-;-;-;-;-;-;-;-;-;-;-;-;-;-;-;-;-;-;-;-;-;-;-;-;-;-;-;-;-;-;-;-;-;-;-;-;1991
"352790 Lutecia";-;-;-;3277;-;-;-;-;-;-;-;-;-;-;6;-;1090;-;-;-;-;-;-;-;-;-;-;-;-;-;-;-;-;-;-;-;-;-;-;-;-;-;-;-;-;-;-;-;-;-;-;4373
"352800 Macatuba";5586;105;454;5237;-;782;68;-;-;-;-;-;169;-;-;693;18287;958;-;-;-;-;943;-;-;15;-;6;-;-;-;-;-;-;-;-;-;216;-;-;-;-;-;-;-;-;-;17;-;-;-;33536
"352810 Macaubal";-;42;23;205;-;-;-;-;-;-;-;-;48;-;-;-;2420;350;-;-;-;-;-;-;-;4;-;-;-;-;-;-;-;-;-;-;-;-;-;-;-;-;-;-;-;-;-;-;-;-;-;3092
"352820 Macedonia";1818;6;231;-;-;-;-;-;-;-;-;-;49;-;-;1;912;68;-;-;-;-;43;-;-;16;-;2;-;-;-;-;-;-;-;-;-;-;-;-;-;-;-;-;-;-;-;-;-;-;-;3146
"352830 Magda";-;2;-;1277;-;-;-;-;-;-;-;-;-;-;-;-;383;357;-;-;-;-;-;-;-;-;-;-;-;-;-;-;-;-;-;-;-;-;-;-;-;-;-;-;-;-;-;20;-;-;-;2039
"352840 Mairinque";95;-;185;-;-;1130;249;-;-;-;-;-;220;-;-;365;12899;338;-;-;-;-;379;-;-;23;-;-;-;-;-;-;-;-;-;-;-;95;-;-;-;-;-;-;-;-;-;-;-;-;-;15978
"352850 Mairipora";3183;195;522;47511;6;7065;342;-;-;-;-;-;517;-;-;2134;51480;598;104;-;-;-;1033;-;-;259;-;277;-;-;-;1;1;-;-;-;-;249;-;-;-;-;-;-;-;-;-;30;-;-;-;115507
"352860 Manduri";-;263;-;4462;-;-;-;-;-;-;-;-;-;-;-;65;4767;189;-;-;-;-;-;-;-;-;-;-;-;-;-;-;-;-;-;-;-;-;-;-;-;-;-;-;-;-;-;-;-;-;-;9746
"352870 Maraba Paulista";1395;7;-;-;-;-;-;-;-;-;-;-;-;-;-;-;-;-;-;-;-;-;-;-;-;-;-;-;-;-;-;-;-;-;-;-;-;-;-;-;-;-;-;-;-;-;-;-;-;-;-;1402
"352880 Maracai";6106;9117;145;467;-;3;-;-;-;-;-;-;75;-;-;227;12939;580;4;-;-;1;667;-;-;7;-;-;-;-;-;-;5;-;-;-;-;82;-;-;-;-;-;-;-;-;-;25;-;-;-;30450
"352885 Marapoama";1009;14;204;-;-;2;-;-;-;-;-;-;5;-;-;173;5813;568;-;-;-;-;269;-;-;7;-;2;-;-;-;-;-;-;-;-;-;34;-;-;-;-;-;-;-;-;-;16;-;-;327;8443
"352890 Mariapolis";2843;-;87;-;-;2;-;-;-;-;-;-;8;-;-;330;2872;132;-;-;-;-;136;-;-;10;-;-;-;-;-;-;-;-;-;-;-;18;-;-;-;-;-;-;-;-;-;18;-;-;-;6456
"352900 Marilia";636;537;2616;68712;1831;7887;2361;398;119;42;263;28;7494;74;-;1238;61428;3779;281;801;2845;94;435;197;-;891;-;30;184;6;6;-;3;-;-;-;-;107;-;113;28;64;-;-;-;54;-;109;108;-;-;165799
"352910 Marinopolis";134;36;21;-;-;-;-;-;-;-;-;-;-;-;-;4;1444;54;-;-;-;-;166;-;-;23;-;-;-;-;-;-;-;-;-;-;-;4;-;-;-;-;-;-;-;-;-;-;-;-;27;1913
"352920 Martinopolis";54;1;1;3824;-;510;112;-;-;-;-;-;167;-;-;220;9766;1092;22;-;-;-;87;-;-;60;-;-;-;-;-;-;-;-;-;-;-;1;-;-;-;-;-;-;-;-;-;28;-;-;-;15945
"352930 Matao";8403;139;2004;11;-;4;-;-;-;-;-;-;21;-;-;4729;38433;-;-;-;-;-;2249;1;-;107;-;27;-;-;-;-;-;-;-;-;-;375;1;-;-;-;-;-;-;-;-;46;-;-;-;56550
"352940 Maua";603;16207;6502;122179;-;10971;1246;255;-;-;74;-;2130;101;-;12033;189631;575;627;-;-;55;2040;50;-;852;-;4;-;-;3;64;3;-;-;-;-;202;-;3;-;-;-;-;-;-;-;122;-;-;-;366532
"352950 Mendonca";4814;18;77;1215;-;3;-;-;-;-;-;-;21;-;-;845;4585;679;-;-;-;-;144;-;-;1;-;1;-;-;-;-;-;-;-;-;-;22;-;-;-;-;-;-;-;-;-;26;-;-;1005;13456
"352960 Meridiano";-;9;-;-;-;-;-;-;-;-;-;-;-;-;-;-;278;-;-;-;-;-;6;-;-;-;-;-;-;-;-;-;-;-;-;-;-;-;-;-;-;-;-;-;-;-;-;-;-;-;-;293
"352965 Mesopolis";-;2;-;-;-;-;-;-;-;-;-;-;-;-;-;-;-;-;-;-;-;-;-;-;-;-;-;-;-;-;-;-;-;-;-;-;-;-;-;-;-;-;-;-;-;-;-;-;-;-;-;2
"352970 Miguelopolis";91;33;-;1184;-;619;-;-;-;-;-;-;147;-;-;454;12032;-;2;-;-;-;-;-;-;7;-;-;-;-;-;-;-;-;-;-;-;-;-;-;-;-;-;-;-;-;-;-;-;-;-;14569
"352980 Mineiros do Tiete";5163;-;724;-;-;1;-;-;-;-;-;-;-;-;-;880;8564;-;-;-;-;-;160;-;-;-;-;-;-;-;-;-;-;-;-;-;-;49;-;-;-;-;-;-;-;-;-;-;-;-;-;15541
"353000 Mira Estrela";1691;22;1129;-;-;-;-;-;-;-;-;-;12;-;-;-;767;338;-;-;-;-;-;22;-;1;-;4;-;-;-;-;-;-;-;-;-;-;12;-;-;-;-;-;-;-;-;-;-;-;12;4010
"352990 Miracatu";794;134;-;12154;-;718;173;-;-;-;-;-;115;-;-;1109;22561;240;112;-;-;-;-;-;-;26;-;-;-;-;-;-;-;-;-;-;-;-;-;-;-;-;-;-;-;-;-;-;-;-;-;38136
"353010 Mirandopolis";5630;2;139;439;-;10;-;-;-;-;-;-;71;-;-;1656;32764;1184;-;-;-;-;561;-;-;12;-;-;-;-;-;-;-;-;-;-;-;102;-;-;-;-;-;-;-;-;-;43;-;-;-;42613
"353020 Mirante do Paranapanema";3719;46;38;4623;-;610;387;-;-;-;-;-;1051;-;-;827;10968;559;-;-;-;-;89;-;-;43;-;-;1;-;-;-;-;-;-;-;-;1;-;2;-;-;-;-;-;-;-;24;-;-;826;23814
"353030 Mirassol";1888;262;1061;13027;-;1918;274;-;-;-;-;-;990;-;-;1515;44057;1105;1;-;-;-;1918;-;-;236;-;3;17;-;-;2;-;-;-;-;-;307;-;-;-;-;-;-;-;-;-;55;-;-;-;68636
"353040 Mirassolandia";1961;43;426;-;-;-;-;-;-;-;-;-;-;-;-;620;5280;-;-;-;-;-;183;-;-;4;-;-;-;-;-;-;-;-;-;-;-;71;-;-;-;-;-;-;-;-;-;-;-;-;-;8588
"353050 Mococa";771;-;18;27206;59;2381;395;146;-;-;-;-;759;-;-;144;56215;3590;40;-;-;-;1549;1;-;200;-;1;2;-;-;-;1;-;-;-;-;177;-;-;-;-;-;-;-;-;-;71;-;-;-;93726
"353060 Mogi das Cruzes";5084;467;7151;155814;2186;10082;4937;992;145;57;405;-;9195;1173;-;9362;188498;12747;1902;-;-;580;1422;250;-;621;-;85;78;-;-;-;25;-;-;-;-;293;-;1;-;-;-;-;-;-;-;-;-;-;-;413552
"353070 Mogi Guacu";2748;-;2649;63202;1;2050;1447;245;-;-;83;-;1573;43;-;1526;70152;1105;135;592;-;69;228;-;-;271;-;13;176;4;-;5;-;-;-;-;-;179;1;73;-;-;-;-;-;-;-;-;-;-;-;148570
"353080 Mogi Mirim";10954;227;4629;25210;-;3085;540;260;-;-;28;-;1622;26;-;2253;63917;3704;96;-;2256;14;2640;1;-;202;-;32;3;14;2;3;-;-;-;-;-;270;-;14;14;-;-;-;-;-;-;-;14;-;-;122030
"353090 Mombuca";5891;32;873;1;-;78;-;-;-;-;-;-;29;-;-;94;3984;490;-;-;-;-;473;-;-;14;-;3;-;-;-;-;-;-;-;-;-;34;-;-;-;-;-;-;-;-;-;45;-;-;-;12041
"353100 Moncoes";107;17;-;373;-;-;-;-;-;-;-;-;-;-;-;-;-;204;-;-;-;-;10;-;-;-;-;-;-;-;-;-;-;-;-;-;-;-;-;-;-;-;-;-;-;-;-;-;-;-;-;711
"353110 Mongagua";15;120;1437;29641;177;3576;722;353;-;-;-;-;1092;10;-;4282;49069;385;138;-;-;-;187;-;-;42;-;96;-;-;-;-;1;-;-;-;-;26;-;-;-;-;-;-;-;-;-;-;-;-;7995;99364
"353120 Monte Alegre do Sul";4294;642;233;5558;-;21;77;-;-;-;-;-;59;-;-;582;9274;330;-;-;-;-;335;-;-;60;-;1;-;-;-;-;-;-;-;-;-;27;-;-;-;-;-;-;-;-;-;-;-;-;-;21493
"353130 Monte Alto";4701;429;148;18321;23;1533;521;183;32;-;15;-;616;-;-;30558;56711;1377;24;-;-;-;2532;4;-;590;-;1;-;-;-;-;-;-;-;-;-;471;3;-;-;-;-;-;-;-;-;63;-;-;-;118856
"353140 Monte Aprazivel";-;-;526;-;-;-;272;-;-;-;-;-;-;-;-;-;1953;811;-;-;-;-;29;-;-;-;-;-;-;-;-;-;-;-;-;-;-;2;-;-;-;-;-;-;-;-;-;25;-;-;-;3618
"353150 Monte Azul Paulista";-;2555;586;11116;-;829;799;-;-;-;-;-;890;-;-;212;22095;1973;12;-;-;-;-;-;-;31;-;1;-;-;-;-;-;-;-;-;-;-;-;-;-;-;-;-;-;-;-;-;-;-;-;41099
"353160 Monte Castelo";2340;9;1374;30;-;-;-;-;-;-;-;-;56;-;-;297;7320;145;-;-;-;-;107;-;-;3;-;-;-;-;-;-;-;-;-;-;-;22;-;-;-;-;-;-;-;-;-;-;-;-;-;11703
"353180 Monte Mor";1079;113;970;22751;-;1898;315;-;-;-;4;-;688;-;9;1899;42652;660;323;-;-;4;1500;-;-;152;-;-;-;-;-;-;-;-;-;-;-;484;-;-;-;-;-;-;-;-;-;60;-;-;-;75561
"353170 Monteiro Lobato";238;9;-;-;-;-;-;-;-;-;-;-;-;-;-;47;3008;-;-;-;-;-;84;-;-;-;-;-;-;-;-;-;-;-;-;-;-;5;-;-;-;-;-;-;-;-;-;-;-;-;-;3391
"353190 Morro Agudo";11533;8230;1;11634;12;1155;535;18;33;-;32;-;778;-;-;46;25279;278;16;-;-;-;1347;59;-;54;-;8;2;-;-;-;24;-;-;-;-;370;-;-;-;-;-;-;-;-;-;81;-;-;-;61525
"353200 Morungaba";780;-;65;332;-;9;-;-;-;-;-;-;-;-;-;403;16236;749;-;-;-;-;333;-;-;2;-;-;-;-;-;-;-;-;-;-;-;57;-;-;-;-;-;-;-;-;-;-;-;-;-;18966
"353205 Motuca";13;1073;158;-;-;-;-;-;-;-;-;-;29;-;-;194;3730;156;-;-;-;-;83;-;-;4;-;-;-;-;-;-;-;-;-;-;-;6;-;-;-;-;-;-;-;-;-;20;-;-;-;5466
"353210 Murutinga do Sul";465;18;-;2014;-;-;-;-;-;-;-;-;-;-;2;-;24;-;-;-;-;-;-;-;-;-;-;-;-;-;-;-;-;-;-;-;-;-;-;-;-;-;-;-;-;-;-;-;-;-;1247;3770
"353215 Nantes";-;10;-;-;-;-;-;-;-;-;-;-;-;-;-;-;-;124;-;-;-;-;-;-;-;-;-;-;-;-;-;-;-;-;-;-;-;-;-;-;-;-;-;-;-;-;-;-;-;-;-;134
"353220 Narandiba";-;9;-;2367;-;-;-;-;-;-;-;-;-;-;-;-;2049;413;-;-;-;-;-;-;-;-;-;-;-;-;-;-;-;-;-;-;-;-;-;-;-;-;-;-;-;-;-;-;-;-;308;5146
"353230 Natividade da Serra";-;8;-;-;-;-;-;-;-;-;-;-;-;-;-;24;708;-;-;-;-;-;-;-;-;-;-;1;-;-;-;-;-;-;-;-;-;-;-;-;-;-;-;-;-;-;-;-;-;-;-;741
"353240 Nazare Paulista";-;884;-;726;-;381;-;-;-;-;-;-;107;-;-;44;6129;-;1;-;-;-;-;-;-;20;-;1;-;-;-;-;-;-;-;-;-;-;-;19;-;-;-;-;-;-;-;-;-;-;-;8312
"353250 Neves Paulista";1309;41;53;1183;-;9;-;-;-;-;-;-;36;-;-;46;4696;365;-;-;-;-;430;-;-;1;-;-;-;-;-;-;-;-;-;-;-;39;-;-;-;-;-;-;-;-;-;10;-;-;1360;9578
"353260 Nhandeara";149;38;1263;-;-;3;86;-;-;-;-;-;21;-;-;17;631;242;-;-;-;-;219;-;-;-;-;2;-;-;-;-;-;-;-;-;-;39;-;-;-;-;-;-;-;-;-;-;-;-;643;3353
"353270 Nipoa";-;1117;-;-;-;-;-;-;-;-;-;-;-;-;-;-;-;-;-;-;-;-;-;-;-;-;-;-;-;-;-;-;-;-;-;-;-;-;-;-;-;-;-;-;-;-;-;-;-;-;-;1117
"353280 Nova Alianca";757;53;730;26;-;6;100;-;-;-;-;-;125;-;-;122;4292;609;-;-;-;-;89;9;-;19;-;19;-;-;-;-;-;-;-;-;-;18;-;-;-;-;-;-;-;-;-;28;-;-;129;7131
"353282 Nova Campina";186651;45;368;1126;-;-;20;-;-;-;-;-;-;-;-;1253;5181;-;-;-;-;-;-;-;-;-;-;-;-;-;-;-;-;-;-;-;-;-;-;-;-;-;-;-;-;-;-;-;-;-;-;194644
"353284 Nova Canaa Paulista";-;12;-;-;-;-;-;-;-;-;-;-;-;-;-;72;-;129;-;-;-;-;-;-;-;-;-;-;-;-;-;-;-;-;-;-;-;-;-;-;-;-;-;-;-;-;-;-;-;-;1220;1433
"353286 Nova Castilho";-;-;-;692;-;-;-;-;-;-;-;-;-;-;-;-;6;39;-;-;-;-;-;-;-;-;-;-;-;-;-;-;-;-;-;-;-;-;-;-;-;-;-;-;-;-;-;-;-;-;1516;2253
"353290 Nova Europa";344;14;-;1586;-;265;125;-;-;-;-;-;79;-;204;218;4751;379;-;-;-;-;56;-;-;17;-;-;-;-;-;-;-;-;-;-;-;-;-;-;-;-;-;-;-;-;-;20;-;-;839;8897
"353300 Nova Granada";4389;-;3146;-;-;-;-;-;-;-;-;-;287;-;-;406;17111;93;-;-;-;-;-;-;-;42;-;-;-;-;-;-;-;-;-;-;-;-;-;-;-;-;-;-;-;-;-;-;-;-;-;25474
"353310 Nova Guataporanga";395;4;55;-;-;-;-;-;-;-;-;-;-;-;-;138;2129;-;-;-;-;-;-;-;-;-;-;-;-;-;-;-;-;-;-;-;-;-;-;-;-;-;-;-;-;-;-;-;-;-;-;2721
"353320 Nova Independencia";6;24;-;-;-;-;-;-;-;-;-;-;-;-;-;-;-;-;-;-;-;-;-;-;-;-;-;-;-;-;-;-;-;-;-;-;-;-;-;-;-;-;-;-;-;-;-;-;-;-;-;30
"353330 Nova Luzitania";1726;7;9;-;-;-;-;-;-;-;-;-;-;-;-;218;2575;-;-;-;-;-;144;-;-;4;-;-;-;-;-;-;-;-;-;-;-;29;-;-;-;-;-;-;-;-;-;-;-;-;-;4712
"353340 Nova Odessa";2034;-;194;-;-;240;-;-;-;-;-;-;507;-;-;2672;43213;830;6;-;-;-;777;-;-;91;-;-;300;-;-;-;2;-;-;1;-;183;-;-;-;-;-;-;-;-;-;9;-;-;-;51059
"353325 Novais";1698;10;18;-;-;-;-;-;-;-;-;-;4;-;-;115;4899;210;-;-;-;-;148;-;-;2;-;-;-;-;-;-;-;-;-;-;-;14;-;-;-;-;-;-;-;-;-;7;-;-;-;7125
"353350 Novo Horizonte";2863;779;1862;12054;15;1522;413;242;-;-;36;-;492;-;-;1412;45432;624;11;-;-;-;1398;1;-;83;-;14;-;1;2;5;1;-;-;-;-;262;-;34;-;-;-;-;-;-;-;22;-;-;1849;71429
"353360 Nuporanga";1;93;-;2214;-;-;-;-;-;-;-;-;11;-;-;181;7111;1108;-;-;-;-;-;-;-;6;-;-;-;-;-;-;-;-;-;-;-;-;-;-;-;-;-;-;-;-;-;-;-;-;-;10725
"353370 Ocaucu";-;122;-;-;-;-;-;-;-;-;-;-;-;-;-;-;-;188;-;-;-;-;-;-;-;-;-;-;-;-;-;-;-;-;-;-;-;-;-;-;-;-;-;-;-;-;-;-;-;-;-;310
"353380 Oleo";-;64;-;578;-;-;35;-;-;-;-;-;5;-;-;-;122;177;6;-;-;-;-;-;-;-;-;-;-;-;-;-;-;-;-;-;-;-;-;-;-;-;-;-;-;-;-;-;-;-;-;987
"353390 Olimpia";161521;771;3746;25647;91;2784;789;126;26;-;-;-;991;-;-;4026;41146;1030;113;-;-;-;1477;333;-;101;-;3;-;-;-;-;-;-;-;-;-;257;-;-;-;-;-;-;-;-;-;22;-;-;3755;248755
"353400 Onda Verde";45;34;1852;-;-;-;-;-;-;-;-;-;30;-;-;222;6772;215;-;-;-;-;231;-;-;-;-;-;-;-;-;-;-;-;-;-;-;43;-;-;-;-;-;-;-;-;-;9;-;-;-;9453
"353410 Oriente";140;1020;-;-;-;-;-;-;-;-;-;-;-;-;-;63;806;246;-;-;-;-;2;-;-;1;-;-;-;-;-;-;-;-;-;-;-;2;-;-;-;-;-;-;-;-;-;-;-;-;-;2280
"353420 Orindiuva";-;131;-;3325;-;137;108;-;-;-;-;-;-;-;-;-;905;276;-;-;-;-;-;-;-;-;-;-;-;-;-;-;-;-;-;-;-;-;-;-;-;-;-;-;-;-;-;21;-;-;-;4903
"353430 Orlandia";161;-;246;16;137;1434;-;35;-;-;-;-;133;-;-;649;17065;795;4;-;-;-;407;-;-;55;-;5;3;-;-;-;22;-;-;-;-;175;-;-;-;-;-;-;-;-;-;-;-;-;-;21342
"353440 Osasco";40064;732;28872;590097;2235;23998;7754;1788;422;-;577;-;6046;11;-;25231;461787;1937;2;-;-;11;15915;66;-;1163;-;140;-;-;-;26;3;-;-;-;-;3052;-;391;-;-;-;-;-;-;-;246;-;-;-;1212566
"353450 Oscar Bressane";2164;-;211;-;-;-;-;-;-;-;-;-;2;-;-;569;4407;-;-;-;-;-;98;-;-;-;-;-;-;-;-;-;-;-;-;-;-;19;3;-;-;-;-;-;-;-;-;-;-;-;-;7473
"353460 Osvaldo Cruz";6955;141;100;5287;-;1209;118;19;-;-;18;-;490;-;-;734;13485;554;74;-;-;-;276;-;-;179;-;3;40;-;-;-;4;-;-;-;3;85;-;-;-;-;-;-;-;-;-;50;-;-;8532;38356
"353470 Ourinhos";10426;357;602;64381;1411;3850;549;295;7;-;43;7;669;1574;-;362;41299;866;106;349;1730;1086;271;-;-;438;-;9;5;-;1;19;2;-;-;3;-;73;1;41;10;-;-;-;-;-;-;-;5;-;-;130847
"353480 Ouro Verde";2637;-;-;-;-;-;-;-;-;-;-;-;-;-;-;-;-;820;-;-;-;-;-;-;-;-;-;-;-;-;-;-;-;-;-;-;-;-;-;-;-;-;-;-;-;-;-;-;-;-;164;3621
"353475 Ouroeste";8557;44;101;6081;-;559;-;-;-;-;-;-;169;-;-;525;12420;200;13;-;-;-;253;-;-;29;-;-;-;-;-;-;-;-;-;-;-;64;-;-;-;-;-;-;-;-;-;27;-;-;-;29042
"353490 Pacaembu";9537;103;534;1608;-;-;173;-;-;-;-;-;117;-;-;581;12514;452;-;-;-;-;353;-;-;1;-;1;-;-;-;-;-;-;-;-;-;15;-;-;-;-;-;-;-;-;-;-;-;-;-;25989
"353500 Palestina";5777;32;373;1;-;425;129;-;-;-;-;-;240;-;-;1183;15652;850;-;-;-;-;532;2;-;30;-;-;-;-;-;-;-;-;-;-;-;208;-;-;-;-;-;-;-;-;-;41;-;-;4413;29888
"353510 Palmares Paulista";5442;56;379;-;-;-;110;-;-;-;-;-;39;-;-;644;15635;579;-;-;-;-;87;-;-;-;-;-;-;-;-;-;-;-;-;-;-;24;-;-;-;-;-;-;-;-;-;31;-;-;571;23597
"353520 Palmeira d'Oeste";-;90;-;1749;-;69;53;-;-;-;-;-;659;-;-;147;4361;216;373;-;-;-;-;-;-;23;-;-;37;-;-;-;-;-;-;-;-;-;-;-;-;-;-;-;-;-;-;-;-;-;-;7777
"353530 Palmital";17431;258;351;9916;59;741;196;5;-;-;11;-;1271;-;-;858;21972;651;-;-;-;-;2388;329;-;193;-;1;123;1;-;1;-;-;-;-;-;208;1;1;-;-;-;-;-;-;-;50;-;-;3315;60331
"353540 Panorama";5266;41;-;-;-;92;-;-;-;-;-;-;-;-;-;3;1081;215;-;-;-;-;174;-;-;-;-;-;-;-;-;-;-;-;-;-;-;38;-;-;-;-;-;-;-;-;-;-;-;-;5990;12900
"353550 Paraguacu Paulista";7160;1;20;10066;14;1664;161;2;-;-;25;-;300;-;-;114;11171;526;95;-;-;-;234;97;-;93;-;6;11;-;-;2;-;-;-;-;-;62;-;3;-;-;-;-;-;-;-;-;-;-;334;32161
"353560 Paraibuna";-;32;203;4;-;825;-;-;-;-;-;-;171;-;-;316;7439;207;3;-;-;-;-;-;-;32;-;1;-;-;-;-;-;-;-;-;-;-;-;-;-;-;-;-;-;-;-;-;-;-;-;9233
"353570 Paraiso";-;45;1;-;-;-;-;-;-;-;-;-;-;-;-;167;3423;-;-;-;-;-;106;-;-;-;-;-;-;-;-;-;-;-;-;-;-;-;-;-;-;-;-;-;-;-;-;12;-;-;-;3754
"353580 Paranapanema";2233;38;8;2037;-;166;31;-;-;-;-;-;53;-;-;650;11675;272;-;-;-;-;150;-;-;-;-;-;-;-;-;-;-;-;-;-;-;16;-;-;-;-;-;-;-;-;-;-;-;-;-;17329
"353590 Paranapua";-;-;-;-;-;-;-;-;-;-;-;-;-;-;-;-;-;-;-;-;-;-;-;-;-;-;-;-;-;-;-;-;-;-;-;-;-;-;-;-;-;-;-;-;-;-;-;-;-;-;600;600
"353610 Pardinho";1199;30;131;1591;-;-;78;-;-;-;-;-;61;-;-;477;7340;255;-;-;-;-;466;-;-;41;-;42;-;-;-;-;-;-;-;-;-;51;-;-;-;-;-;-;-;-;-;81;-;-;-;11843
"353620 Pariquera-Acu";17;233;-;8723;-;-;-;-;-;-;-;-;5;-;-;36;848;527;-;-;-;-;78;-;-;-;-;-;-;-;-;-;-;-;-;-;-;17;-;-;-;-;-;-;-;-;-;-;-;-;-;10484
"353625 Parisi";2803;47;2057;10;-;-;-;-;-;-;-;-;83;-;-;157;10647;-;5;-;-;-;-;-;-;5;-;-;-;-;-;-;-;-;-;-;-;-;-;-;-;-;-;-;-;-;-;-;-;-;500;16314
"353630 Patrocinio Paulista";4085;-;61;-;-;51;-;-;-;-;-;-;-;-;-;1025;16100;202;-;-;-;-;488;1;-;17;-;-;-;-;-;-;-;-;-;-;-;113;-;-;-;-;-;-;-;-;-;-;-;-;-;22143
"353640 Pauliceia";-;150;-;-;-;-;-;-;-;-;-;-;-;-;-;-;-;105;-;-;-;-;60;-;-;-;-;-;-;-;-;-;-;-;-;-;-;-;-;-;-;-;-;-;-;-;-;14;-;-;2646;2975
"353650 Paulinia";293;-;-;103020;-;6149;916;412;-;-;-;-;294;63;253;242;1674;-;-;-;-;2;-;-;-;-;-;-;85;-;-;-;12;-;-;-;-;-;-;-;-;-;-;-;-;-;-;-;-;-;-;113415
"353657 Paulistania";-;7;-;-;-;-;36;-;-;-;-;-;22;-;-;-;94;235;-;-;-;-;-;-;-;-;-;-;-;-;-;-;-;-;-;-;-;-;-;-;-;-;-;-;-;-;-;10;-;-;-;404
"353660 Paulo de Faria";4663;10;150;3305;-;269;-;-;-;-;-;-;31;-;-;670;11090;468;-;-;-;-;315;-;-;3;-;1;-;-;-;-;-;-;-;-;-;74;-;-;-;-;-;-;-;-;-;22;-;-;-;21071
"353670 Pederneiras";27393;134;469;2075;-;2378;532;126;-;-;5;-;592;-;-;2431;42214;1126;42;-;-;-;3866;-;-;65;-;7;-;-;-;-;-;-;-;-;-;280;-;-;-;-;-;-;-;-;-;114;-;-;-;83849
"353680 Pedra Bela";13;21;90;-;-;137;-;-;-;-;-;-;27;-;-;164;2873;231;-;-;-;-;274;-;-;-;-;-;-;-;-;-;-;-;-;-;-;21;-;-;-;-;-;-;-;-;-;-;-;-;-;3851
"353690 Pedranopolis";-;43;-;-;-;-;-;-;-;-;-;-;-;-;-;-;-;-;-;-;-;-;-;-;-;-;-;-;-;-;-;-;-;-;-;-;-;-;-;-;-;-;-;-;-;-;-;-;-;-;-;43
"353700 Pedregulho";-;83;-;-;-;-;-;-;-;-;-;-;-;-;-;-;-;-;-;-;-;-;-;-;-;-;-;-;-;-;-;-;-;-;-;-;-;-;-;-;-;-;-;-;-;-;-;-;-;-;-;83
"353710 Pedreira";11921;103;72;38187;-;4101;940;2;-;-;95;-;291;-;-;1043;36131;1069;43;-;-;-;721;-;-;109;-;6;-;-;-;1;1;1;-;-;-;86;-;-;-;-;-;-;-;-;-;-;-;-;-;94923
"353715 Pedrinhas Paulista";2768;95;60;2286;-;127;-;-;-;-;-;-;1;-;-;308;6899;84;-;-;-;-;264;-;-;1;-;-;-;-;-;-;-;-;-;-;-;27;-;-;-;-;-;-;-;-;-;-;-;-;-;12920
"353720 Pedro de Toledo";-;491;-;2936;-;497;162;-;-;-;-;-;28;-;-;230;4641;-;-;-;-;-;-;-;-;5;-;-;-;-;-;-;-;-;-;-;-;-;-;-;-;-;-;-;-;-;-;-;-;-;-;8990
"353730 Penapolis";13964;3110;475;18265;606;3404;644;527;-;-;150;-;633;15;-;3064;77766;2908;-;-;-;45;2956;-;-;449;-;32;29;3;15;-;-;-;-;-;-;513;-;-;-;-;-;-;-;-;-;22;-;-;10118;139713
"353740 Pereira Barreto";29;15;7;6306;-;708;-;-;-;-;-;-;101;-;-;54;8715;630;54;-;-;-;324;-;-;21;-;-;-;-;-;3;-;-;-;-;-;110;-;-;-;-;-;-;-;-;-;-;-;-;-;17077
"353750 Pereiras";169;14;7;-;-;-;26;-;-;-;-;-;-;-;-;19;3404;753;-;-;-;-;-;-;-;-;-;-;-;-;-;-;-;-;-;-;-;-;-;-;-;-;-;-;-;-;-;-;-;-;-;4392
"353760 Peruibe";461;2132;263;54697;398;5166;817;-;-;-;16;-;3035;-;-;5937;51623;644;130;-;-;-;301;-;-;115;-;35;-;-;-;-;-;1;-;-;-;228;-;-;-;-;-;-;-;-;-;23;-;-;-;126022
"353770 Piacatu";3759;-;-;-;-;-;-;-;-;-;-;-;-;-;-;245;5019;113;-;-;-;-;147;-;-;-;-;-;-;-;-;-;-;-;-;-;-;41;-;-;-;-;-;-;-;-;-;-;-;-;-;9324
"353780 Piedade";666;1677;515;18270;-;1654;71;-;-;-;-;-;274;-;-;1260;16467;730;-;-;-;-;-;10;-;66;-;10;-;-;-;-;-;-;-;-;-;-;-;-;-;-;-;-;-;-;-;-;-;-;-;41670
"353790 Pilar do Sul";3711;242;98;7310;-;977;200;-;-;-;-;-;187;-;-;366;23908;1717;17;-;-;-;462;-;-;105;-;5;-;-;-;-;1;-;-;-;-;150;-;-;-;-;-;-;-;-;-;-;-;-;-;39456
"353800 Pindamonhangaba";333;252;3980;93006;1395;7839;1534;387;73;-;176;-;2196;316;-;1673;87915;472;107;-;1987;100;506;-;-;731;-;16;41;-;4;-;-;-;-;-;-;56;-;-;3;-;-;-;-;-;-;42;7;-;-;205147
"353810 Pindorama";-;54;104;-;-;-;-;-;-;-;-;-;-;-;-;382;8166;-;-;-;-;-;26;-;-;2;-;-;-;-;-;-;-;-;-;-;-;-;-;-;-;-;-;-;-;-;-;22;-;-;-;8756
"353820 Pinhalzinho";-;37;5;6169;-;1050;-;-;-;-;-;-;68;-;-;246;11369;1121;-;-;-;-;-;-;-;14;-;3;-;-;-;-;-;-;-;-;-;-;-;-;-;-;-;-;-;-;-;-;-;-;-;20082
"353830 Piquerobi";1235;22;88;-;-;-;50;-;-;-;-;-;-;-;-;40;2793;-;10;-;-;-;74;-;-;5;-;-;-;-;-;-;-;-;-;-;-;15;-;-;-;-;-;-;-;-;-;-;-;-;520;4852
"353850 Piquete";-;-;48;2551;-;459;89;-;-;-;-;-;55;-;-;396;4110;-;-;-;-;-;-;-;-;-;-;-;-;-;-;-;-;-;-;-;-;-;-;-;-;-;-;-;-;-;-;-;-;-;3438;11146
"353860 Piracaia";-;151;-;3596;-;819;-;-;-;-;-;-;142;-;-;271;9936;-;1;-;-;-;-;-;-;33;-;1;-;-;-;-;-;-;-;-;-;-;-;-;-;-;-;-;-;-;-;-;-;-;-;14950
"353870 Piracicaba";1489;511;24813;149128;1334;13810;3054;683;432;164;78;8;2320;166;510;13072;202436;8112;869;1398;3229;74;3131;97;-;525;-;45;-;-;31;39;4;-;-;-;-;743;1;74;35;1;-;-;-;14;-;258;87;-;-;432775
"353880 Piraju";722;50;33;13651;-;1633;120;-;-;-;-;-;222;129;-;136;11849;1374;69;-;-;-;770;3;-;61;-;293;-;-;-;-;-;-;-;-;-;679;41;-;-;-;-;-;-;-;-;120;-;-;-;31955
"353890 Pirajui";4532;110;149;1419;-;448;2;-;-;-;-;-;193;-;-;1208;12917;170;9;-;-;-;440;-;-;9;-;6;1;-;-;1;-;-;-;-;-;75;-;-;-;-;-;-;-;-;-;20;-;-;-;21709
"353900 Pirangi";38;48;-;-;-;241;156;-;-;-;-;-;1;-;-;151;7339;959;-;-;-;-;102;-;-;-;-;-;-;-;-;-;-;-;-;-;-;51;-;-;-;-;-;-;-;-;-;38;-;-;1002;10126
"353910 Pirapora do Bom Jesus";1726;182;239;4707;-;371;131;-;-;-;-;-;278;-;-;1000;8623;347;-;-;-;-;15;-;-;14;-;10;-;-;-;-;-;-;-;-;-;-;-;-;-;-;-;-;-;-;-;-;-;-;-;17643
"353920 Pirapozinho";460;167;-;5824;-;-;-;-;-;-;-;-;38;-;-;235;14346;974;-;-;-;-;143;-;-;1;-;-;-;-;-;-;-;-;-;-;-;-;-;-;-;-;-;-;-;-;-;23;-;-;1501;23712
"353930 Pirassununga";14372;-;239;6346;21;2586;425;498;50;-;57;-;1156;-;-;2880;54936;1338;15;-;551;-;1048;1431;-;169;-;7;-;-;-;-;-;-;-;-;-;94;-;-;-;-;-;-;-;-;-;-;-;-;5016;93235
"353940 Piratininga";1770;62;-;2909;-;330;-;-;-;-;-;-;-;-;-;325;9759;384;-;-;-;-;-;-;-;16;-;1;-;-;-;-;-;-;-;-;-;-;-;-;-;-;-;-;-;-;-;-;-;-;-;15556
"353950 Pitangueiras";16818;285;350;15378;65;1658;236;75;1;-;63;-;234;-;-;1618;28194;1033;-;-;-;-;1246;-;-;92;-;6;-;-;-;1;-;-;-;-;-;204;1;-;-;-;-;-;-;-;-;-;-;-;-;67558
"353960 Planalto";20;22;-;-;-;-;-;-;-;-;-;-;-;-;-;-;132;44;-;-;-;-;-;1;-;-;-;-;-;-;-;-;-;-;-;-;-;-;-;-;-;-;-;-;-;-;-;-;-;-;6000;6219
"353970 Platina";1953;1277;14;903;-;15;-;-;-;-;-;-;-;-;-;307;4203;187;-;-;-;-;322;-;-;25;-;-;-;-;-;-;-;-;-;-;-;37;-;-;-;-;-;-;-;-;-;-;-;-;40;9283
"353980 Poa";284;211;2239;34966;1570;1482;351;-;-;-;-;-;379;-;-;2372;77669;-;-;-;-;-;352;115;-;157;-;-;-;-;-;-;-;-;-;-;-;235;-;-;-;-;-;-;-;-;-;-;-;-;-;122382
"353990 Poloni";6001;2;58;1965;-;-;-;-;-;-;-;-;10;-;-;83;5755;-;-;-;-;-;98;-;-;-;-;-;-;-;-;-;-;-;-;-;-;1;-;-;-;-;-;-;-;-;-;23;-;-;3523;17519
"354000 Pompeia";136;213;-;561;-;431;-;-;-;-;-;-;54;-;-;-;9480;868;29;-;-;-;369;83;-;27;-;-;-;-;-;-;-;-;-;-;-;62;-;-;-;-;-;-;-;-;-;107;-;-;1139;13559
"354010 Pongai";435;8;-;-;-;-;-;-;-;-;-;-;-;-;-;-;-;-;-;-;-;-;-;-;-;-;-;-;-;-;-;-;-;-;-;-;-;-;-;-;-;-;-;-;-;-;-;-;-;-;-;443
"354020 Pontal";680;48;27;11882;-;1058;199;-;4;-;58;-;281;-;-;188;11735;1007;56;-;-;-;173;-;-;59;-;2;-;-;-;-;-;-;-;-;-;15;-;-;-;-;-;-;-;-;-;24;-;-;1879;29375
"354025 Pontalinda";-;3;-;-;-;-;-;-;-;-;-;-;-;-;-;-;-;-;-;-;-;-;-;-;-;-;-;-;-;-;-;-;-;-;-;-;-;-;-;-;-;-;-;-;-;-;-;-;-;-;-;3
"354030 Pontes Gestal";69;-;7;766;-;-;-;-;-;-;-;-;8;-;10;242;1233;-;-;-;-;-;26;-;-;2;-;-;-;-;-;-;-;-;-;-;-;13;-;-;-;-;-;-;-;-;-;-;-;-;-;2376
"354040 Populina";958;82;590;484;-;-;29;-;-;-;-;-;-;-;3;147;3167;-;-;-;-;-;-;-;-;12;-;-;-;-;-;-;-;-;-;-;-;-;-;-;-;-;-;-;-;-;-;-;-;-;-;5472
"354050 Porangaba";389;24;-;-;-;-;-;-;-;-;-;-;-;-;-;206;3159;-;-;-;-;-;-;-;-;6;-;-;-;-;-;-;-;-;-;-;-;-;-;-;-;-;-;-;-;-;-;-;-;-;-;3784
"354060 Porto Feliz";6106;141;6830;23584;40;1962;895;299;-;-;88;-;692;-;-;1825;66130;1095;55;-;-;-;1259;32;-;405;-;8;-;-;15;3;36;-;-;-;-;218;-;107;-;-;-;-;-;-;-;-;-;-;-;111825
"354070 Porto Ferreira";47077;394;725;4705;2;1889;245;2;44;-;9;-;586;-;-;4313;70838;3110;39;-;-;-;4465;-;-;291;-;16;-;24;-;5;1;-;-;-;-;473;-;-;-;-;-;-;-;-;-;30;-;-;5527;144810
"354075 Potim";89;20;-;-;-;-;165;-;-;-;-;-;88;-;-;131;5895;1500;-;-;-;-;465;-;-;3;-;-;-;-;-;-;-;-;-;-;-;125;-;-;-;-;-;-;-;-;-;4;-;-;1082;9567
"354080 Potirendaba";-;55;-;1790;-;575;107;-;-;-;-;-;204;-;-;-;9556;819;-;-;-;-;82;-;-;53;-;1;-;-;5;-;-;-;-;-;-;-;-;-;-;-;-;-;-;-;-;18;-;-;-;13265
"354085 Pracinha";-;6;-;-;-;-;-;-;-;-;-;-;-;-;-;80;714;-;-;-;-;-;-;-;-;42;-;-;-;-;-;-;-;-;-;-;-;-;-;-;-;-;-;-;-;-;-;-;-;-;421;1263
"354090 Pradopolis";-;36;-;-;-;-;-;-;-;-;-;-;-;-;-;-;-;-;-;-;-;-;-;-;-;-;-;-;-;-;-;-;-;-;-;-;-;-;-;-;-;-;-;-;-;-;-;-;-;-;607;643
"354100 Praia Grande";2392;20;8403;173808;2491;15224;6924;1845;196;137;667;-;5549;131;-;6141;156218;2468;1144;-;2285;73;376;256;-;210;-;22;112;-;4;22;-;-;-;4;1;109;-;-;18;-;-;-;-;-;-;-;19;-;5240;392509
"354105 Pratania";292;8;-;-;-;-;-;-;-;-;-;-;34;-;-;-;1795;-;-;-;-;-;-;1;-;-;-;-;-;-;-;-;-;-;-;-;-;-;-;-;-;-;-;-;-;-;-;-;-;-;-;2130
"354110 Presidente Alves";1666;43;186;-;-;-;-;-;-;-;-;-;-;-;-;515;4999;-;-;-;-;-;117;-;-;-;-;-;-;-;-;-;-;-;-;-;-;37;-;-;-;-;-;-;-;-;-;-;-;-;-;7563
"354120 Presidente Bernardes";4265;-;166;134;-;251;-;-;-;-;-;-;64;-;-;502;7706;-;8;-;-;-;273;-;-;63;-;7;-;10;-;-;-;-;-;-;-;32;-;-;-;-;-;-;-;-;-;35;-;-;-;13516
"354130 Presidente Epitacio";6954;-;1611;393;-;767;15;-;-;-;-;-;218;-;-;859;24967;-;56;-;-;-;1960;-;-;175;-;3;-;-;-;-;13;-;-;-;-;143;-;-;-;-;-;-;-;-;-;25;-;-;-;38159
"354140 Presidente Prudente";2425;1500;2805;93423;-;3084;169;-;-;-;-;-;1026;-;-;3359;92920;2185;-;-;-;-;1224;-;-;454;-;18;-;-;-;-;1;-;-;-;-;113;99;-;-;-;-;-;-;-;-;57;-;-;10396;215258
"354150 Presidente Venceslau";13299;161;94;9258;-;572;97;-;-;-;-;-;295;-;-;1652;26003;3522;2;-;-;-;2065;24;-;29;-;24;-;-;-;53;3;-;-;-;-;120;-;-;-;-;-;-;-;-;-;30;-;-;5519;62822
"354160 Promissao";-;824;-;4493;-;265;-;-;-;-;-;-;-;-;-;-;20;-;-;-;-;-;-;-;-;-;-;-;-;-;-;-;-;-;-;-;-;-;-;-;-;-;-;-;-;-;-;25;-;-;-;5627
"354165 Quadra";-;20;-;2289;-;-;-;-;-;-;-;-;-;-;-;9;110;-;-;-;-;-;-;-;-;-;-;-;-;-;-;-;-;-;-;-;-;-;-;-;-;-;-;-;-;-;-;-;-;-;-;2428
"354170 Quata";3124;-;9;3674;-;-;180;-;-;-;-;-;-;-;-;166;511;712;-;-;-;-;-;-;-;1;-;-;-;-;-;-;-;-;-;-;-;-;-;-;-;-;-;-;-;-;-;19;-;-;-;8396
"354180 Queiroz";3458;3;94;-;-;-;-;-;-;-;-;-;-;-;-;105;3347;162;-;-;-;-;251;-;-;-;-;-;-;-;-;-;-;-;-;-;-;43;-;-;-;-;-;-;-;-;-;-;-;-;-;7463
"354190 Queluz";37;117;197;3995;-;416;122;-;-;-;-;-;100;-;-;208;5768;271;33;-;-;-;149;-;-;4;-;-;-;-;-;-;-;-;-;-;-;77;-;-;-;-;-;-;-;-;-;-;-;-;-;11494
"354200 Quintana";1066;47;34;-;-;121;-;-;-;-;-;-;-;-;-;848;15561;625;-;-;-;-;679;-;-;10;-;2;-;-;-;-;-;-;-;-;-;291;-;-;-;-;-;-;-;-;-;21;-;-;424;19729
"354210 Rafard";8;-;28;3835;-;-;-;-;-;-;-;-;-;-;-;57;2949;77;-;-;-;-;66;-;-;-;-;-;-;-;-;-;-;-;-;-;-;21;-;-;-;-;-;-;-;-;-;-;-;-;151;7192
"354220 Rancharia";5024;92;-;9789;-;-;-;-;-;-;-;-;363;-;-;45;6744;-;-;-;-;-;174;-;-;200;-;-;-;-;-;-;-;-;-;-;-;-;-;-;-;-;-;-;-;-;-;-;-;-;-;22431
"354230 Redencao da Serra";1;5;28;2477;-;-;-;-;-;-;-;-;33;-;-;137;3163;158;-;-;-;-;16;-;-;4;-;2;-;-;-;-;-;-;-;-;-;13;-;-;-;-;-;-;-;-;-;-;-;-;-;6037
"354240 Regente Feijo";5;108;-;2841;-;-;-;-;-;-;-;-;75;-;-;126;6274;1190;-;-;-;-;-;-;-;25;-;7;-;-;-;-;-;-;-;-;-;-;-;-;-;-;-;-;-;-;-;-;-;-;-;10651
"354250 Reginopolis";1544;15;-;-;-;8;39;-;-;-;-;-;-;-;-;-;2138;-;-;-;-;-;-;-;-;-;-;-;-;-;-;-;-;-;-;-;-;-;-;-;-;-;-;-;-;-;-;51;-;-;-;3795
"354260 Registro";424;170;2;412;-;1037;-;-;-;-;-;-;446;-;-;1168;22648;1362;-;-;-;-;560;95;-;10;-;1;-;-;-;-;1;-;-;-;-;118;-;-;-;-;-;-;-;-;-;23;-;-;-;28477
"354270 Restinga";429;23;-;483;-;-;9;-;-;-;-;-;1;-;-;107;4520;189;-;-;-;-;-;-;-;41;-;2;-;-;-;-;-;-;-;-;-;-;-;-;-;-;-;-;-;-;-;23;-;-;9;5836
"354280 Ribeira";-;20;-;-;-;-;5;-;-;-;-;-;-;-;-;187;1283;35;-;-;-;-;-;-;-;-;-;7;-;-;-;-;-;-;-;-;-;-;-;-;-;-;-;-;-;-;-;-;-;-;-;1537
"354290 Ribeirao Bonito";2484;5;51;3477;-;240;70;-;-;-;-;-;67;-;-;383;6822;299;-;-;-;-;97;-;-;23;-;-;-;-;-;-;-;-;-;-;-;33;-;-;-;-;-;-;-;-;-;-;-;-;480;14531
"354300 Ribeirao Branco";-;114;-;6171;-;-;-;-;-;-;-;-;4;-;-;135;2885;-;-;-;-;-;-;-;-;3;-;-;-;-;-;-;-;-;-;-;-;-;-;-;-;-;-;-;-;-;-;-;-;-;-;9312
"354310 Ribeirao Corrente";247;26;327;-;-;-;-;-;-;-;-;-;-;-;-;179;5276;136;-;-;-;-;144;-;-;-;-;-;-;-;-;-;-;-;-;-;-;8;-;-;-;-;-;-;-;-;-;-;-;-;-;6343
"354320 Ribeirao do Sul";2015;-;399;-;-;11;-;-;-;-;-;-;-;-;-;298;7650;670;-;-;-;-;515;-;-;10;-;-;-;-;-;-;-;-;-;-;-;32;-;-;-;-;-;-;-;-;-;-;-;-;-;11600
"354323 Ribeirao dos Indios";1958;5;-;-;-;-;-;-;-;-;-;-;74;-;-;-;-;-;-;-;-;-;14;-;-;-;-;-;-;-;-;-;-;-;-;-;-;-;-;-;-;-;-;-;-;-;-;22;-;-;-;2073
"354325 Ribeirao Grande";-;102;-;-;-;-;53;-;-;-;-;-;40;-;-;-;46;-;-;-;-;-;38;-;-;-;-;32;-;-;-;-;-;-;-;-;-;6;-;-;-;-;-;-;-;-;-;-;-;-;-;317
"354330 Ribeirao Pires";739;78;7547;43097;246;3674;1398;517;-;-;-;-;2157;-;-;3862;75881;3400;64;-;-;-;262;36;-;167;-;8;-;16;-;-;10;-;-;-;-;92;-;-;-;-;-;-;-;-;-;178;-;-;-;143429
"354340 Ribeirao Preto";83246;1145;56047;249575;1165;12740;3893;875;398;134;502;-;11968;4;19;15219;420512;3423;911;861;7409;-;17563;773;1;636;-;85;236;3;242;172;20;4;-;-;-;1472;5;119;56;97;-;-;-;79;-;169;105;-;-;891883
"354360 Rifaina";289;11;9;-;-;87;-;-;-;-;-;-;-;-;-;186;3154;176;-;-;-;-;501;-;-;-;-;-;-;-;-;-;-;-;-;-;-;68;-;-;-;-;-;-;-;-;-;22;-;-;-;4503
"354370 Rincao";1;-;68;3;-;-;13;-;-;-;-;-;67;-;-;198;5216;503;-;-;-;-;-;-;-;12;-;-;-;-;-;-;-;-;-;-;-;-;-;-;-;-;-;-;-;-;-;69;-;-;-;6150
"354380 Rinopolis";4067;40;45;641;-;289;-;-;-;-;-;-;-;-;-;959;9141;449;1;-;-;-;161;-;-;21;-;1;-;-;-;-;-;-;-;-;-;28;-;-;-;-;-;-;-;-;-;21;-;-;2286;18150
"354390 Rio Claro";2894;2019;13504;69332;4117;5805;1954;1378;474;69;249;-;3434;530;-;7564;219921;3074;164;469;1274;497;2030;12;-;712;-;20;1;-;74;17;1;-;-;-;-;280;-;30;24;-;-;-;-;-;-;130;63;-;-;342116
"354400 Rio das Pedras";8351;88;432;11949;-;897;-;-;-;-;-;-;453;-;-;929;32676;-;-;-;-;-;492;-;-;133;-;13;-;-;-;-;-;-;-;-;-;29;-;-;-;-;-;-;-;-;-;34;-;-;544;57020
"354410 Rio Grande da Serra";117;-;3124;-;-;-;-;-;-;-;-;-;6;-;-;4;20702;112;-;-;-;-;87;554;-;-;-;3;-;-;-;-;-;-;-;-;-;-;-;-;-;-;-;-;-;-;-;-;-;-;-;24709
"354420 Riolandia";-;-;-;6;-;-;141;-;-;-;-;-;-;-;-;-;215;1481;-;-;-;-;-;-;-;-;-;-;-;-;-;-;-;-;-;-;-;-;-;-;-;-;-;-;-;-;-;28;-;-;1338;3209
"354350 Riversul";-;27;-;-;-;-;-;-;-;-;-;-;-;-;-;-;-;-;-;-;-;-;-;-;-;-;-;-;-;-;-;-;-;-;-;-;-;-;-;-;-;-;-;-;-;-;-;-;-;-;-;27
"354425 Rosana";43;23;-;9337;-;-;-;-;-;-;-;-;-;-;-;-;1635;150;-;-;-;-;-;-;-;-;-;-;-;-;-;-;-;-;-;-;-;-;-;-;-;-;-;-;-;-;-;-;-;-;-;11188
"354430 Roseira";259;43;1;-;-;1;171;-;-;-;-;-;131;-;-;230;6938;814;-;-;-;-;19;-;-;5;-;-;-;-;-;-;-;-;-;-;-;7;-;-;-;-;-;-;-;-;-;-;-;-;260;8879
"354440 Rubiacea";912;6;52;-;-;-;-;-;-;-;-;-;-;-;-;51;2263;-;-;-;-;-;87;-;-;-;-;-;-;-;-;-;-;-;-;-;-;16;-;-;-;-;-;-;-;-;-;-;-;-;-;3387
"354450 Rubineia";-;23;-;-;-;-;-;-;-;-;-;-;-;-;-;-;-;322;-;-;-;-;-;-;-;-;-;-;-;-;-;-;-;-;-;-;-;-;-;-;-;-;-;-;-;-;-;16;-;-;-;361
"354460 Sabino";1437;14;203;-;-;9;-;-;-;-;-;-;-;-;-;146;6023;-;-;-;-;-;102;-;-;-;-;-;-;-;-;-;-;-;-;-;-;31;-;-;-;-;-;-;-;-;-;19;-;-;-;7984
"354470 Sagres";-;-;-;-;-;-;-;-;-;-;-;-;-;-;-;-;1445;-;-;-;-;-;-;-;-;-;-;-;-;-;-;-;-;-;-;-;-;-;-;-;-;-;-;-;-;-;-;-;-;-;-;1445
"354480 Sales";4763;25;32;502;-;2;-;-;-;-;-;-;-;-;-;613;11285;583;-;-;-;-;249;-;-;-;-;-;-;-;-;-;-;-;-;-;-;57;-;-;-;-;-;-;-;-;-;-;-;-;2401;20512
"354490 Sales Oliveira";-;496;-;7112;-;421;80;-;-;-;-;-;-;-;-;-;815;590;-;-;-;-;-;-;-;-;-;-;-;-;-;-;-;-;-;-;-;-;-;-;-;-;-;-;-;-;-;10;-;-;1416;10940
"354500 Salesopolis";1;57;544;3786;-;598;172;-;-;-;-;-;192;-;-;354;6837;303;2;-;-;-;-;-;-;43;-;1;-;-;-;-;-;-;-;-;-;-;-;-;-;-;-;-;-;-;-;-;-;-;-;12890
"354515 Saltinho";3239;1026;409;3665;-;299;96;-;1;-;-;-;292;-;-;1020;17552;281;2;-;-;-;429;-;-;196;-;10;-;2;-;-;-;-;-;-;-;27;-;15;-;-;-;-;-;-;-;-;-;-;556;29117
"354520 Salto";1517;393;2452;29383;261;5159;1811;435;33;-;187;-;697;34;-;705;55469;3431;65;-;-;18;367;60;-;239;-;1;-;-;19;-;3;-;-;-;-;103;-;42;-;-;-;-;-;-;-;-;-;-;9370;112254
"354530 Salto de Pirapora";626;80;126;19733;-;1565;178;-;-;-;79;-;308;-;-;760;26647;829;-;-;-;16;126;-;-;-;-;-;-;-;-;-;-;-;-;-;-;41;-;-;-;-;-;-;-;-;-;-;-;-;1484;52598
"354540 Salto Grande";3386;258;161;4113;39;731;88;-;-;-;-;-;2;4;-;158;6930;195;6;-;-;4;756;-;-;13;-;-;-;-;-;-;-;-;-;-;-;78;-;-;-;-;-;-;-;-;-;-;-;-;1461;18383
"354550 Sandovalina";196;21;1592;-;-;-;-;-;-;-;-;-;-;-;-;-;-;340;-;-;-;-;-;-;-;-;-;-;-;-;-;-;-;-;-;-;-;-;-;-;-;-;-;-;-;-;-;-;-;-;-;2149
"354560 Santa Adelia";2557;161;703;5052;-;369;258;-;-;-;-;-;120;-;-;1324;17215;131;-;-;-;-;246;54;-;19;-;1;-;-;-;-;-;-;-;-;-;56;-;-;-;-;-;-;-;-;-;25;-;-;2873;31164
"354570 Santa Albertina";-;31;-;3594;-;-;-;-;-;-;-;-;12;-;-;76;2799;-;-;-;-;-;-;-;-;-;-;-;-;-;-;-;-;-;-;-;-;-;-;-;-;-;-;-;-;-;-;-;-;-;-;6512
"354580 Santa Barbara d'Oeste";12016;416;10713;61019;12;11181;829;556;243;-;25;-;2689;-;-;8348;184141;1722;170;-;1365;-;3979;142;-;287;-;66;1;1;-;30;4;-;-;-;-;831;-;-;22;-;-;-;-;-;-;86;46;-;1051;301991
"354600 Santa Branca";8;-;-;-;-;285;-;-;-;-;-;-;177;-;-;199;10292;-;-;-;-;-;-;-;-;8;-;-;-;-;-;-;-;-;-;-;-;-;-;-;-;-;-;-;-;-;-;-;-;-;-;10969
"354610 Santa Clara d'Oeste";64;10;-;-;-;-;-;-;-;-;-;-;-;-;-;-;32;350;9;-;-;-;-;-;-;-;-;-;-;-;-;-;-;-;-;-;-;-;-;-;-;-;-;-;-;-;-;-;-;-;230;695
"354620 Santa Cruz da Conceicao";-;12;-;3588;-;2;200;39;25;3;-;-;89;-;-;2;87;167;-;-;-;-;-;-;-;5;-;2;-;-;-;-;-;-;-;-;-;-;-;-;-;-;-;-;-;-;-;-;-;-;1000;5221
"354625 Santa Cruz da Esperanca";-;6;-;-;-;-;-;-;-;-;-;-;-;-;-;-;654;-;-;-;-;-;-;-;-;-;-;-;-;-;-;-;-;-;-;-;-;-;-;-;-;-;-;-;-;-;-;-;-;-;-;660
"354630 Santa Cruz das Palmeiras";7769;-;110;5467;-;384;128;-;-;-;5;-;482;-;-;1155;14693;1100;1;-;-;-;628;1;-;34;-;-;-;-;-;-;-;-;-;-;-;99;-;-;-;-;-;-;-;-;-;51;-;-;-;32107
"354640 Santa Cruz do Rio Pardo";3934;858;506;22864;-;2782;625;177;-;-;64;-;322;-;-;1765;37648;4589;165;-;-;-;757;-;-;97;-;3;7;-;-;2;-;-;-;-;-;60;-;8;-;-;-;-;-;-;-;50;-;-;949;78232
"354650 Santa Ernestina";-;25;-;-;-;-;-;-;-;-;-;-;-;-;-;-;459;-;-;-;-;-;-;-;-;-;-;-;-;-;-;-;-;-;-;-;-;-;-;-;-;-;-;-;-;-;-;-;-;-;-;484
"354660 Santa Fe do Sul";6468;924;392;16736;32;1693;5;209;-;-;44;-;276;-;171;1851;32977;1393;18;-;-;-;1841;28;-;94;-;9;-;-;-;-;-;-;-;-;-;100;-;-;-;-;-;-;-;-;-;645;-;-;15658;81564
"354670 Santa Gertrudes";2079;63;285;4936;-;1224;75;-;-;-;41;-;30;-;-;824;19249;361;25;-;-;-;520;35;-;52;-;-;-;-;-;-;-;-;-;-;-;81;-;-;-;-;-;-;-;-;-;-;-;-;-;29880
"354680 Santa Isabel";522;485;1085;23464;261;1988;743;254;-;-;-;-;774;1;-;668;35970;2169;125;-;-;2;-;-;-;67;-;-;26;-;-;3;7;-;-;-;-;-;-;-;-;-;-;-;-;-;-;-;-;-;-;68614
"354690 Santa Lucia";478;46;16;-;-;-;-;-;-;-;-;-;98;-;-;31;6963;4;-;-;-;-;48;-;-;183;-;-;-;-;-;-;-;-;-;-;-;22;-;-;-;-;-;-;-;-;-;-;-;-;-;7889
"354700 Santa Maria da Serra";58;-;134;-;-;329;71;-;-;-;-;-;-;-;-;119;4372;430;-;-;-;-;118;-;-;3;-;-;-;-;-;-;-;-;-;-;-;74;-;-;-;-;-;-;-;-;-;-;-;-;-;5708
"354710 Santa Mercedes";2975;-;183;-;-;-;-;-;-;-;-;-;7;-;-;343;3598;73;-;-;-;-;105;-;-;26;-;-;-;-;-;-;-;-;-;-;-;15;-;-;-;-;-;-;-;-;-;-;-;-;1503;8828
"354740 Santa Rita d'Oeste";-;-;-;-;-;-;-;-;-;-;-;-;-;-;-;-;865;-;-;-;-;-;-;-;-;-;-;-;-;-;-;-;-;-;-;-;-;-;-;-;-;-;-;-;-;-;-;-;-;-;-;865
"354750 Santa Rita do Passa Quatro";7595;67;1529;-;-;579;400;-;-;-;-;-;202;-;-;268;13505;595;1;-;-;-;950;-;-;45;-;1;-;-;-;-;-;-;-;-;-;173;-;-;-;-;-;-;-;-;-;25;-;-;-;25935
"354760 Santa Rosa de Viterbo";1751;31;463;6740;-;687;24;-;-;-;-;-;289;-;-;412;13915;-;-;-;-;-;90;-;-;91;-;-;-;-;-;-;-;-;-;-;-;46;-;-;-;-;-;-;-;-;-;-;-;-;-;24539
"354765 Santa Salete";-;19;-;1626;-;-;-;-;-;-;-;-;-;-;-;-;93;194;-;-;-;-;-;-;-;-;-;-;-;-;-;-;-;-;-;-;-;-;-;-;-;-;-;-;-;-;-;-;-;-;-;1932
"354720 Santana da Ponte Pensa";-;16;-;-;-;-;-;-;-;-;-;-;-;-;-;-;-;-;-;-;-;-;-;-;-;-;-;-;-;-;-;-;-;-;-;-;-;-;-;-;-;-;-;-;-;-;-;-;-;-;-;16
"354730 Santana de Parnaiba";11708;-;12237;117833;229;8762;4548;461;-;-;515;-;3647;-;-;9194;179938;2442;5;-;2588;-;6787;654;-;148;-;63;-;-;-;-;-;-;-;-;-;788;-;-;15;-;-;-;-;-;-;37;13;-;-;362612
"354770 Santo Anastacio";-;-;6;5822;-;659;276;-;-;-;7;-;155;-;-;-;4147;1670;53;-;-;-;108;29;-;44;-;6;-;-;-;-;-;-;-;-;-;-;-;-;-;-;-;-;-;-;-;-;-;-;-;12982
"354780 Santo Andre";34645;47085;32801;322600;3140;9277;8030;3096;1063;72;210;-;14069;120;-;18212;394077;1094;686;10;2621;81;8366;310;-;1257;-;283;240;-;16;94;37;3;-;4;-;1026;63;117;27;-;-;-;-;-;-;279;39;-;-;905150
"354790 Santo Antonio da Alegria";2543;41;12;3657;-;186;75;-;-;-;-;-;54;-;-;348;3246;211;-;-;-;-;478;-;-;-;-;-;-;-;-;-;-;-;-;-;-;19;-;-;-;-;-;-;-;-;-;-;-;-;-;10870
"354800 Santo Antonio de Posse";5423;-;1688;17026;-;1280;196;-;-;-;-;-;451;-;-;1388;40939;1723;158;-;-;-;672;1260;-;500;-;24;-;-;-;-;-;-;-;-;-;52;-;1;-;-;-;-;-;-;-;-;-;-;4952;77733
"354805 Santo Antonio do Aracangua";435;-;51;-;-;20;136;-;-;-;-;-;3;-;-;513;10807;530;-;-;-;-;527;-;-;42;-;-;-;-;-;-;-;-;1;-;-;52;-;-;-;-;-;-;-;-;-;122;-;-;-;13239
"354810 Santo Antonio do Jardim";615;545;1192;443;-;153;68;-;-;-;-;-;77;-;-;168;4854;325;-;-;-;-;82;-;-;11;-;-;-;-;-;-;-;-;-;-;-;49;-;-;-;-;-;-;-;-;-;-;-;-;-;8582
"354820 Santo Antonio do Pinhal";56;7;83;1527;-;301;-;-;-;-;-;-;57;-;-;64;3399;-;-;-;-;-;153;-;-;-;-;-;-;-;-;-;-;-;-;-;-;57;-;-;-;-;-;-;-;-;-;13;-;-;-;5717
"354830 Santo Expedito";-;119;-;-;-;-;-;-;-;-;-;-;-;-;-;-;82;162;-;-;-;-;-;-;-;-;-;-;-;-;-;-;-;-;-;-;-;-;-;-;-;-;-;-;-;-;-;-;-;-;-;363
"354840 Santopolis do Aguapei";3674;-;39;-;-;-;-;-;-;-;-;-;-;-;-;720;5469;21;-;-;-;-;89;-;-;-;-;-;-;-;-;-;-;-;-;-;-;22;-;-;-;-;-;-;-;-;-;20;-;-;2783;12837
"354850 Santos";65947;1163;16547;205282;2574;16143;7074;1527;409;71;858;6;12741;2010;-;12999;351382;6140;481;1317;1660;2228;6397;381;-;2474;-;91;269;2;42;17;23;-;-;-;-;574;4;323;17;-;-;-;-;-;-;272;27;-;1050;720522
"354860 Sao Bento do Sapucai";-;79;-;1472;-;304;65;-;-;-;-;-;64;-;-;-;4559;290;3;-;-;-;45;-;-;11;-;1;-;-;-;1;-;-;-;-;-;-;-;-;-;-;-;-;-;-;-;20;-;-;-;6914
"354870 Sao Bernardo do Campo";88288;1712;22128;392092;5118;27646;14448;4710;804;182;687;9;20900;111;255;37741;653524;5261;1431;977;4403;193;37391;444;-;1886;-;891;475;-;73;93;11;4;-;15;9;5768;-;911;12;-;-;-;-;-;-;1221;18;-;416;1332258
"354880 Sao Caetano do Sul";27821;661;8222;150523;1222;9146;5931;2353;217;53;639;-;17057;-;-;3051;153334;8160;443;303;-;-;20126;345;-;246;-;100;351;-;-;-;1;-;-;-;-;993;-;520;-;-;-;-;-;-;-;200;-;-;-;412018
"354890 Sao Carlos";2029;299;9;12220;1445;2447;1377;606;153;97;89;-;2307;834;-;2229;31930;649;370;699;2333;640;787;141;-;358;-;23;51;-;-;6;-;-;-;-;-;38;-;5;22;-;-;-;-;-;-;10;21;-;-;64224
"354900 Sao Francisco";-;6;-;-;-;-;-;-;-;-;-;-;-;-;-;-;-;208;-;-;-;-;-;-;-;-;-;-;-;-;-;-;-;-;-;-;-;-;-;-;-;-;-;-;-;-;-;34;-;-;-;248
"354910 Sao Joao da Boa Vista";14150;7008;5272;43124;30;3372;1262;142;-;-;62;10;1126;403;1584;5659;115893;8702;26;565;459;296;5770;2;-;137;-;36;-;-;2;8;1;-;-;-;-;599;-;2;2;-;-;-;-;-;-;2;-;-;-;215706
"354920 Sao Joao das Duas Pontes";-;9;-;-;-;-;-;-;-;-;-;-;32;-;-;-;814;296;-;-;-;-;-;-;-;-;-;-;-;-;-;-;-;-;-;-;-;-;-;-;-;-;-;-;-;-;-;-;-;-;-;1151
"354925 Sao Joao de Iracema";246;5;227;505;-;-;-;-;-;-;-;-;-;-;-;-;995;2;-;-;-;-;610;-;-;-;-;-;-;-;-;-;-;-;-;-;-;46;-;-;-;-;-;-;-;-;-;-;-;-;-;2636
"354930 Sao Joao do Pau d'Alho";1343;-;-;-;-;-;-;-;-;-;-;-;-;-;-;25;2154;376;-;-;-;-;166;-;-;-;-;-;-;-;-;-;-;-;-;-;-;20;-;-;-;-;-;-;-;-;-;-;-;-;-;4084
"354940 Sao Joaquim da Barra";16544;210;1004;14573;-;920;-;-;-;-;-;-;151;-;-;1576;47431;280;-;-;975;-;1315;-;-;144;-;25;-;-;-;-;-;-;-;-;-;90;-;9;22;-;-;-;-;-;-;26;19;-;-;85314
"354950 Sao Jose da Bela Vista";-;-;-;-;-;-;-;-;-;-;-;-;-;-;-;480;4301;-;-;-;-;-;-;-;-;150;-;100;-;-;-;-;-;-;-;-;-;-;-;-;-;-;-;-;-;-;-;-;-;-;-;5031
"354960 Sao Jose do Barreiro";686;12;29;-;-;-;70;-;-;-;-;-;30;-;-;-;3722;193;-;-;-;-;-;-;-;20;-;-;-;-;-;-;-;-;-;-;56;-;-;-;-;-;-;-;-;-;-;-;-;-;219;5037
"354970 Sao Jose do Rio Pardo";281;255;998;24181;-;1987;253;113;-;-;-;-;606;-;-;1489;28473;1744;150;-;1565;-;308;-;-;10;-;3;-;-;-;-;-;-;-;-;-;74;-;-;14;-;-;-;-;-;-;18;18;-;-;62540
"354980 Sao Jose do Rio Preto";72432;215027;31822;195461;4769;15178;8476;1711;403;414;1764;-;21979;-;-;23779;402557;3881;693;840;-;-;32017;1260;-;2681;-;77;436;2;67;37;29;-;-;1;9;2258;159;803;-;-;-;-;-;-;-;5783;-;-;1513;1048318
"354990 Sao Jose dos Campos";34148;1123;36500;383418;8997;30099;29583;1686;280;139;2715;26;62393;6495;23;20511;504837;15752;84;1722;-;3518;11090;26;-;575;-;165;1691;11;1;-;62;3;-;2;-;992;-;82;-;8;-;-;-;19;-;4951;-;-;3785;1167512
"354995 Sao Lourenco da Serra";-;71;281;-;-;1276;187;-;-;-;-;-;59;-;-;763;12731;362;-;-;-;-;-;-;-;10;-;2;-;-;-;-;-;-;-;-;-;-;-;-;-;-;-;-;-;-;-;-;-;-;-;15742
"355000 Sao Luis do Paraitinga";1;17;-;536;-;184;-;-;-;-;-;-;26;-;-;-;2490;149;-;-;-;-;27;-;-;20;-;13;-;-;-;-;-;-;-;-;-;1;-;-;-;-;-;-;-;-;-;-;-;-;-;3464
"355010 Sao Manuel";3755;286;472;9851;-;1513;407;51;-;-;10;-;280;-;-;8;9501;639;52;-;-;1;375;5;-;28;-;-;-;-;-;-;-;-;-;-;-;35;-;-;-;-;-;-;-;-;-;-;-;-;-;27269
"355020 Sao Miguel Arcanjo";9283;248;229;18014;-;2068;399;-;-;-;-;-;461;-;-;2588;32204;564;-;-;-;-;26;93;-;46;-;-;-;-;1;-;-;-;-;-;-;6;-;-;-;-;-;-;-;-;-;-;-;-;-;66230
"355030 Sao Paulo";2339705;76308;441816;5299180;62898;287334;193009;28446;8260;1292;14158;372;356918;8875;994;294480;6666261;43005;15469;5145;83986;3089;296122;39742;13;25211;15;1968;6800;44;566;530;221;13;-;2;1311;28955;10;4430;593;18784;-;-;6;5502;-;13262;995;11122;-;16687217
"355040 Sao Pedro";1097;-;4963;24460;6;1486;787;101;-;-;114;-;434;-;-;2443;42741;1814;-;-;-;8;2057;56;-;20;-;10;1;-;-;-;-;-;-;-;-;118;-;-;-;-;-;-;-;-;-;-;-;-;54;82770
"355050 Sao Pedro do Turvo";1;13;-;-;-;56;62;4;3;-;-;-;-;-;-;-;350;646;-;-;-;-;-;-;-;-;-;-;-;-;-;-;-;-;-;-;-;-;-;-;-;-;-;-;-;-;-;18;-;-;-;1153
"355060 Sao Roque";252;596;1007;28026;-;936;703;-;-;-;-;-;945;18;-;681;17914;478;1;-;-;7;1679;-;-;183;-;46;-;-;1;-;-;-;-;-;-;208;-;-;-;-;-;-;-;-;-;60;-;-;-;53741
"355070 Sao Sebastiao";139;602;2433;60841;-;5022;996;91;-;-;-;-;430;-;-;7781;100588;6;-;-;-;-;363;-;-;154;-;-;-;-;-;-;-;-;-;-;-;222;-;-;-;-;-;-;-;-;-;18;-;-;-;179686
"355080 Sao Sebastiao da Grama";5891;-;143;6085;-;548;-;-;-;-;-;-;161;-;-;619;10518;875;-;-;-;-;423;-;-;26;-;10;-;-;-;-;-;-;-;-;-;71;-;-;-;-;-;-;-;-;-;3;-;-;-;25373
"355090 Sao Simao";3704;87;73;8919;-;440;81;-;-;-;-;-;196;-;-;629;14648;572;-;-;-;-;420;-;-;5;-;-;-;-;-;-;-;-;-;-;-;67;-;-;-;-;-;-;-;-;-;28;-;-;1850;31719
"355100 Sao Vicente";12245;462;22588;84623;998;8257;2018;432;-;-;3;-;4699;6;-;4514;136707;7570;1563;-;1574;3;2404;57;-;1347;-;129;36;-;2;30;12;-;-;-;4;369;7;294;25;-;-;-;-;-;-;50;51;-;4405;297484
"355110 Sarapui";1039;74;320;2057;-;323;82;-;-;-;-;-;52;-;-;1235;16991;227;-;-;-;-;393;-;-;2;-;1;-;-;-;-;-;-;-;-;-;100;-;-;-;-;-;-;-;-;-;-;-;-;-;22896
"355120 Sarutaia";-;-;-;-;-;-;-;-;-;-;-;-;-;-;-;-;-;1260;-;-;-;-;-;-;-;-;-;-;-;-;-;-;-;-;-;-;-;-;-;-;-;-;-;-;-;-;-;-;-;-;-;1260
"355130 Sebastianopolis do Sul";-;-;-;-;-;-;-;-;-;-;-;-;-;-;-;-;-;149;-;-;-;-;-;-;-;-;-;-;-;-;-;-;-;-;-;-;-;-;-;-;-;-;-;-;-;-;-;-;-;-;-;149
"355140 Serra Azul";3599;32;588;-;-;319;83;-;-;-;-;-;22;-;-;532;10144;249;-;-;-;-;172;-;-;4;-;-;-;-;-;-;-;-;-;-;-;63;-;-;-;-;-;-;-;-;-;2;-;-;-;15809
"355160 Serra Negra";6841;40;147;-;-;104;-;-;-;-;-;-;-;-;-;784;16319;-;-;-;-;-;1802;-;-;1;-;-;-;-;-;-;-;-;-;-;-;126;-;-;-;-;-;-;-;-;-;-;-;-;-;26164
"355150 Serrana";511;67;-;28831;7;934;131;-;-;-;-;-;377;-;-;777;21920;1508;47;-;-;-;240;902;-;23;-;6;-;-;-;-;-;-;-;-;-;96;-;-;-;-;-;-;-;-;-;21;-;-;-;56398
"355170 Sertaozinho";15879;1614;25464;19572;1093;6868;1537;457;156;-;173;2;6188;605;-;12921;190145;9234;142;-;2557;348;7240;23;-;911;-;287;71;68;-;34;1;-;-;-;-;1008;-;-;41;-;-;-;-;-;-;17;41;-;-;304697
"355180 Sete Barras";-;87;-;-;-;641;94;-;-;-;-;-;119;-;-;1028;1901;121;-;-;-;-;-;-;-;41;-;-;-;-;-;-;-;-;-;-;-;-;-;-;-;-;-;-;-;-;-;-;-;-;-;4032
"355190 Severinia";-;76;204;2796;-;-;118;-;-;-;-;-;-;-;-;364;7091;835;-;-;-;-;-;-;-;-;-;-;-;-;-;-;-;-;-;-;-;-;-;-;-;-;-;-;-;-;-;-;-;-;-;11484
"355200 Silveiras";-;21;66;1347;-;121;200;-;-;-;-;-;25;-;-;33;1600;239;-;-;-;-;-;-;-;-;-;-;-;-;-;-;-;-;-;-;-;-;-;-;-;-;-;-;-;-;-;-;-;-;-;3652
"355210 Socorro";12;187;39;5225;-;1500;134;-;-;-;-;-;438;-;-;77;8945;1360;-;-;-;-;58;-;-;4;-;-;-;-;-;-;-;-;-;-;-;2;-;-;-;-;-;-;-;-;-;-;-;-;-;17981
"355220 Sorocaba";104552;8156;44589;254240;3392;24558;4067;624;149;3;816;56;5618;3;3;34636;481781;13593;995;1127;-;42;8789;69;-;1672;-;152;-;-;200;68;46;1;-;-;-;1868;439;672;-;115;-;-;-;86;-;292;1;-;808;998278
"355230 Sud Mennucci";3069;1;412;4386;-;181;163;-;-;-;-;-;126;-;-;751;12501;365;-;-;-;-;874;10;-;-;-;4;-;-;-;-;-;-;-;-;-;73;-;-;-;-;-;-;-;-;-;-;-;-;4286;27202
"355240 Sumare";938;463;4478;14343;-;693;2339;-;18;-;230;-;883;-;-;4993;46285;13;285;-;-;-;432;-;-;250;-;9;-;-;-;-;-;-;-;-;-;189;-;-;-;-;-;-;-;-;-;-;-;-;-;76841
"355255 Suzanapolis";2785;20;9;-;-;3;-;-;-;-;-;-;-;-;-;152;4417;-;-;-;-;-;284;-;-;4;-;-;-;-;-;-;-;-;-;-;-;13;-;-;-;-;-;-;-;-;-;21;-;-;58;7766
"355250 Suzano";1321;332;5485;157465;1251;8321;2121;2020;-;-;229;-;2448;103;3;8225;161521;10498;312;-;-;96;550;198;-;1086;-;75;-;-;-;71;-;-;-;3;-;169;-;-;-;-;-;-;-;-;-;18;-;-;169;364090
"355260 Tabapua";21931;26;399;1344;-;109;70;-;-;-;-;-;107;-;-;806;15882;540;-;-;-;-;411;-;-;37;-;5;-;-;-;-;-;-;-;-;-;52;-;-;-;-;-;-;-;-;-;16;-;-;223;41958
"355270 Tabatinga";2;67;2;3749;-;402;125;-;-;-;-;-;50;-;-;179;7715;487;13;-;-;-;55;-;-;12;-;-;-;-;-;-;-;-;-;-;-;-;-;-;-;-;-;-;-;-;-;21;-;-;-;12879
"355280 Taboao da Serra";608;353;8664;-;-;11041;2844;-;-;-;72;-;1436;-;-;3653;134190;2303;382;-;-;-;561;1885;-;279;-;60;-;-;1;9;10;-;-;-;-;573;20;-;-;-;-;-;-;-;-;-;-;-;-;168944
"355290 Taciba";-;18;-;2051;-;-;-;-;-;-;-;-;-;-;-;-;60;365;-;-;-;-;-;312;-;-;-;-;-;-;-;-;-;-;-;-;-;-;-;-;-;-;-;-;-;-;-;-;-;-;-;2806
"355300 Taguai";9692;49;66;6314;-;320;160;-;-;-;-;-;121;-;-;662;20491;348;13;-;-;-;677;61;-;25;-;3;-;-;-;1;-;-;-;-;-;135;-;-;-;-;-;-;-;-;-;-;-;-;8318;47456
"355310 Taiacu";2485;-;-;-;-;-;-;-;-;-;-;-;-;-;-;132;5284;-;-;-;-;-;16;-;-;-;-;-;-;-;-;-;-;-;-;-;-;-;-;-;-;-;-;-;-;-;-;-;-;-;-;7917
"355320 Taiuva";-;24;4;1384;-;113;-;-;-;-;-;-;-;-;-;179;802;-;-;-;-;-;-;-;-;-;-;-;-;-;-;-;-;-;-;-;-;-;-;-;-;-;-;-;-;-;-;-;-;-;-;2506
"355330 Tambau";8829;-;128;8597;-;870;39;-;-;-;-;-;328;-;-;726;7676;1213;9;-;-;-;626;-;-;16;-;-;-;-;-;-;-;-;-;-;-;100;-;-;-;-;-;-;-;-;-;1;-;-;-;29158
"355340 Tanabi";-;246;114;-;-;-;-;-;-;-;-;-;6;-;-;99;2406;421;-;-;-;-;-;-;-;-;-;-;-;-;-;-;-;-;-;-;-;-;-;-;-;-;-;-;-;-;-;-;-;-;-;3292
"355350 Tapirai";1499;425;167;3715;-;307;16;-;-;-;-;-;116;-;16;1132;8966;84;-;-;-;-;513;-;-;19;-;1;-;-;-;-;-;-;-;-;-;101;-;-;-;-;-;-;-;-;-;-;-;-;-;17077
"355360 Tapiratiba";-;-;-;2586;-;449;-;-;-;-;-;-;57;-;-;62;3454;-;9;-;-;-;-;-;-;19;-;-;-;-;-;-;-;-;-;-;-;-;-;-;-;-;-;-;-;-;-;38;-;-;400;7074
"355365 Taquaral";146;-;203;1;-;-;-;-;-;-;-;-;-;-;-;119;5633;-;3;-;-;-;-;11;-;2;-;2;-;-;-;-;-;-;-;-;-;-;-;-;-;-;-;-;-;-;-;-;-;-;-;6120
"355370 Taquaritinga";121;353;3351;9080;-;1653;438;-;-;-;-;-;2677;-;-;682;17876;-;447;-;-;-;231;-;-;62;-;1;107;-;-;-;-;-;-;-;-;44;-;-;-;-;-;-;2;-;-;24;-;-;-;37149
"355380 Taquarituba";6522;151;217;457;-;819;-;-;-;-;-;-;107;-;-;1109;44294;426;3;-;-;-;1647;1;-;2;-;8;-;-;-;2;-;-;-;-;-;167;-;-;-;-;-;-;-;-;-;119;-;-;8035;64086
"355385 Taquarivai";1003;-;270;-;-;-;-;-;-;-;-;-;-;-;-;345;6620;-;-;-;-;-;29;-;-;-;-;-;-;-;-;-;-;-;-;-;-;27;-;-;-;-;-;-;-;-;-;-;-;-;-;8294
"355390 Tarabai";-;-;-;-;-;-;-;-;-;-;-;-;-;-;-;-;107;341;-;-;-;-;50;-;-;-;-;-;-;-;-;-;-;-;-;-;-;-;-;-;-;-;-;-;-;-;-;49;-;-;-;547
"355395 Taruma";10688;-;128;8345;-;1141;193;-;-;-;19;-;275;-;-;1096;21189;1155;-;-;-;-;796;-;-;18;-;7;-;-;-;-;-;-;-;-;-;54;-;-;-;-;-;-;-;-;-;32;-;-;-;45136
"355400 Tatui";17401;57553;3314;54665;137;3853;1961;542;228;-;163;-;1441;24;-;3266;105745;667;46;-;-;164;2494;-;-;343;-;20;-;7;24;23;2;1;-;1;-;316;1;-;-;-;-;-;-;-;-;1;-;-;4000;258403
"355410 Taubate";9766;904;8124;147079;2907;13333;5274;53;-;-;401;-;9303;3;-;9875;271725;2264;722;-;-;7;8978;20;-;2087;-;344;110;-;-;-;-;-;-;2;-;1618;-;1;-;-;-;-;-;-;-;125;-;-;-;495025
"355420 Tejupa";-;14;-;-;-;-;-;-;-;-;-;-;-;-;-;-;283;-;-;-;-;-;-;-;-;-;-;-;-;-;-;-;-;-;-;-;-;-;-;-;-;-;-;-;-;-;-;-;-;-;-;297
"355430 Teodoro Sampaio";9057;119;154;8825;-;336;423;-;-;-;32;-;169;-;-;1133;18574;1644;-;-;-;-;766;-;-;32;-;6;-;-;-;-;-;-;-;-;-;102;1;-;-;-;-;-;-;-;-;21;-;-;-;41394
"355440 Terra Roxa";294;28;35;-;-;346;17;-;-;-;-;-;-;-;-;336;2479;-;-;-;-;-;177;-;-;22;-;-;-;-;-;-;-;-;-;-;-;54;-;-;-;-;-;-;-;-;-;-;-;-;-;3788
"355450 Tiete";-;333;-;12889;5;981;212;-;-;-;4;-;369;-;1;21;9129;-;-;-;-;-;-;-;-;151;-;-;-;-;-;-;1;1;-;-;-;-;-;-;-;-;-;-;-;-;-;21;-;-;-;24118
"355460 Timburi";-;16;-;-;-;-;-;-;-;-;-;-;-;-;-;-;23;181;-;-;-;-;-;-;-;-;-;-;-;-;-;-;-;-;-;-;-;-;-;-;-;-;-;-;-;-;-;-;-;-;-;220
"355470 Torrinha";-;-;-;238;-;280;-;-;-;-;-;-;-;-;-;-;2829;-;-;-;-;-;46;-;-;93;-;1;-;-;-;-;-;-;-;-;-;-;-;-;-;-;-;-;-;-;-;21;-;-;946;4454
"355475 Trabiju";-;9;-;-;-;-;-;-;-;-;-;-;-;-;-;-;-;-;-;-;-;-;-;-;-;-;-;-;-;-;-;-;-;-;-;-;-;-;-;-;-;-;-;-;-;-;-;-;-;-;-;9
"355480 Tremembe";1521;120;660;10956;170;-;206;-;-;-;-;-;474;-;-;2039;24642;232;324;-;-;-;-;-;-;269;-;-;-;-;-;-;-;-;-;-;-;-;-;-;-;-;-;-;-;-;-;-;-;-;-;41613
"355490 Tres Fronteiras";-;42;-;-;-;-;-;-;-;-;-;-;-;-;-;-;96;374;-;-;-;-;-;-;-;-;-;-;-;-;-;-;-;-;-;-;-;-;-;-;-;-;-;-;-;-;-;-;-;-;-;512
"355495 Tuiuti";-;23;-;-;-;-;-;-;-;-;-;-;-;-;-;-;53;-;-;-;-;-;-;-;-;-;-;-;-;-;-;-;-;-;-;-;-;-;-;-;-;-;-;-;-;-;-;-;-;-;-;76
"355500 Tupa";2042;376;767;21786;-;943;-;-;-;-;-;-;558;-;7;762;43890;73;-;-;-;-;1050;-;-;38;-;8;-;-;-;-;-;-;-;-;-;110;-;-;-;-;-;-;-;-;-;35;-;-;-;72445
"355510 Tupi Paulista";8660;130;130;4948;-;785;37;-;-;-;-;-;352;-;-;1941;25899;993;-;-;-;-;485;-;-;30;-;2;-;-;-;-;-;-;-;-;-;50;-;-;-;-;-;-;-;-;-;-;-;-;475;44917
"355520 Turiuba";432;1;87;-;-;-;-;-;-;-;-;-;-;-;-;371;2612;-;-;-;-;-;55;-;-;-;-;1;-;-;-;-;-;-;-;-;-;7;-;-;-;-;-;-;-;-;-;-;-;-;1551;5117
"355530 Turmalina";-;8;-;-;-;-;-;-;-;-;-;-;-;-;-;-;-;-;-;-;-;-;-;-;-;-;-;-;-;-;-;-;-;-;-;-;-;-;-;-;-;-;-;-;-;-;-;-;-;-;-;8
"355535 Ubarana";3056;26;175;-;-;1;1;-;-;-;-;-;-;-;-;178;7106;-;-;-;-;-;380;-;-;9;-;-;-;-;-;-;-;-;-;-;-;32;-;-;-;-;-;-;-;-;-;16;-;-;-;10980
"355540 Ubatuba";350;306;539;53498;-;4618;782;409;-;-;-;-;1104;-;-;3028;72389;1029;46;-;-;-;819;-;-;158;-;4;-;-;-;-;-;-;-;-;-;290;-;-;-;-;-;-;-;-;-;21;-;-;10543;149933
"355550 Ubirajara";2750;21;2326;-;-;3;-;-;-;-;-;-;-;-;-;458;6603;281;-;-;-;-;504;-;-;-;-;-;-;-;-;-;-;-;-;-;-;113;-;-;-;-;-;-;-;-;-;10;-;-;493;13562
"355560 Uchoa";8;53;14;3289;-;-;-;-;-;-;-;-;35;-;-;68;3048;-;-;-;-;-;-;-;-;13;-;-;-;-;-;-;-;-;-;-;-;-;-;-;-;-;-;-;-;-;-;-;-;-;-;6528
"355570 Uniao Paulista";-;9;531;-;-;-;-;-;-;-;-;-;-;-;-;-;-;-;-;-;-;-;110;-;-;-;-;-;-;-;-;-;-;-;-;-;-;-;-;-;-;-;-;-;-;-;-;35;-;-;-;685
"355580 Urania";50;114;-;2938;-;461;82;-;-;-;-;-;-;-;-;128;2933;808;-;-;-;-;156;-;-;19;-;8;-;-;-;-;-;-;-;-;-;-;-;-;-;-;-;-;-;-;-;-;-;-;257;7954
"355590 Uru";1361;7;37;-;-;2;-;-;-;-;-;-;-;-;-;67;2680;-;-;-;-;-;45;-;-;5;-;-;-;-;-;-;-;-;-;-;-;19;-;-;-;-;-;-;-;-;-;-;-;-;-;4223
"355600 Urupes";5379;-;3;5149;-;48;-;-;-;-;-;-;107;-;-;-;7352;919;-;-;-;-;257;148;-;-;-;-;-;-;-;-;-;-;-;-;-;17;-;-;-;-;-;-;-;-;-;-;-;-;749;20128
"355610 Valentim Gentil";42;22;-;7203;-;-;-;-;-;-;-;-;460;-;-;852;27051;1102;-;-;-;-;170;-;-;234;-;-;-;-;-;-;-;-;-;-;-;8;-;-;-;-;-;-;-;-;-;19;-;-;-;37163
"355620 Valinhos";21562;216;5571;52731;-;7350;1219;46;73;14;178;-;1248;-;10;1961;52079;1344;-;-;-;-;2769;4;-;697;-;16;-;-;-;-;1;-;-;-;-;282;30;-;-;-;-;-;-;-;-;-;-;-;-;149401
"355630 Valparaiso";10343;61;83;50;-;643;69;-;-;-;-;-;139;-;-;1508;22526;1343;12;-;-;-;1434;-;-;76;-;16;-;-;19;1;-;-;-;-;-;160;-;-;-;-;-;-;-;-;-;34;-;-;-;38517
"355635 Vargem";295;-;94;-;-;-;-;-;-;-;-;-;34;-;-;752;14719;-;-;-;-;-;225;-;-;-;-;-;-;-;-;-;-;-;-;-;-;26;-;-;-;-;-;-;-;-;-;-;-;-;-;16145
"355640 Vargem Grande do Sul";2608;290;-;170;-;1619;2;217;-;-;-;-;10;-;-;124;2675;-;24;-;-;-;1232;-;-;8;-;-;-;-;-;2;-;-;-;-;-;212;-;-;-;-;-;-;-;-;-;32;-;-;-;9225
"355645 Vargem Grande Paulista";545;128;1378;3;-;3496;282;-;-;-;-;-;457;-;-;708;31306;372;1;-;-;-;-;1;-;17;-;13;-;-;-;-;2;-;-;-;-;-;-;-;-;-;-;-;-;-;-;-;-;-;-;38709
"355650 Varzea Paulista";1187;156;4490;29293;6;2899;714;-;-;-;-;-;266;-;-;869;32991;2492;-;-;-;-;366;-;-;15;-;4;-;-;-;-;-;-;-;-;-;159;-;-;-;-;-;-;-;-;-;-;-;-;-;75907
"355660 Vera Cruz";1549;-;699;-;-;-;-;-;-;-;-;-;28;-;-;255;14949;-;1;-;-;-;471;-;-;-;-;1;-;-;-;-;-;-;-;-;-;65;-;-;-;-;-;-;-;-;-;-;-;-;-;18018
"355670 Vinhedo";3876;293;2893;32991;40;3601;1599;225;54;-;52;-;1418;1;-;3894;53831;5588;124;-;-;-;1153;1850;-;484;-;-;86;-;-;-;-;-;-;-;-;151;-;-;-;-;-;-;-;-;-;7;-;-;-;114211
"355680 Viradouro";4737;-;-;8129;-;838;301;-;-;-;26;-;-;-;-;-;801;-;-;-;-;-;686;-;-;9;-;12;-;-;-;-;-;-;-;-;-;138;-;-;-;-;-;-;-;-;-;26;-;-;-;15703
"355690 Vista Alegre do Alto";-;-;-;-;-;313;-;-;-;-;-;-;-;-;-;-;-;-;-;-;-;-;-;13;-;-;-;-;-;-;-;-;-;-;-;-;-;-;-;-;-;-;-;-;-;-;-;-;-;-;-;326
"355695 Vitoria Brasil";43;11;-;-;-;1;-;-;-;-;-;-;1;-;-;-;72;68;-;-;-;-;264;162;-;-;-;-;-;-;-;-;-;-;-;-;-;30;-;-;-;-;-;-;-;-;-;-;-;-;-;652
"355700 Votorantim";5425;172;3941;40503;664;4845;1301;36;-;-;-;-;2847;-;-;2013;43295;3332;158;-;-;-;1553;-;-;320;-;27;13;-;-;-;-;-;-;-;-;285;-;-;-;-;-;-;-;-;-;59;-;-;33;110822
"355710 Votuporanga";25097;307;6386;28821;-;3004;73;-;-;-;-;-;1229;-;483;3554;132983;764;20;-;-;-;8206;-;-;117;-;49;-;-;-;-;-;-;-;-;-;863;-;-;-;-;-;-;-;-;-;110;-;-;4387;216453
"355715 Zacarias";936;18;64;947;-;20;-;-;-;-;-;-;-;-;-;94;7094;312;-;-;-;-;505;-;-;-;-;-;-;-;-;-;-;-;-;-;-;39;-;-;-;-;-;-;-;-;-;35;-;-;2738;12802
"350000 Sao Paulo - Gestao estadual";9939;3632;13547;4126611;138787;283286;183390;110025;20800;10377;41900;624;484410;311060;15417;4383;2231558;101420;29586;55415;124917;123779;4848;15105;-;40957;1627;3384;22652;666;2973;984;1218;30;-;125;830;1397;329;11176;1248;14547;1808;3158;173;6351;43862852;151765;3379;-;-;52578445
"Total";5480572;707206;1404148;21796214;302078;1620723;706860;208635;41709;14361;81726;1156;1416806;341598;25609;1229539;29671281;697665;86457;80627;321817;143263;799888;81170;15;141144;1642;15158;40834;1096;4979;3162;2325;70;3;191;2386;103338;1565;22363;2854;33616;1808;3158;182;12123;43862852;198170;5808;11192;463460;112196602
 Fonte: Ministerio da Saude - Sistema de Informacoes Ambulatoriais do SUS (SIA/SUS)
 Notas:
 
 Dados referentes aos ultimos seis meses, sujeitos a  atualizacao.
 A partir do processamento de junho de 2012, houve mudanca na classificacao da natureza e esfera dos estabelecimentos. Com isso, temos que:
      
      Ate maio de 2012 estas informacoes estao disponiveis como "Natureza" e "Esfera Administrativa".
      De junho de 2012 a outubro de 2015, estao disponiveis tanto como "Natureza" e "Esfera Administrativa", como "Natureza Juridica" e "Esfera Juridica".
      A partir de novembro de 2015, estao disponiveis como "Natureza Juridica" e "Esfera Juridica".
      
 
 Consulte o site da Secretaria Estadual de Saude para mais informacoes.
